Fri Oct  2 17:27:18 UTC 2026
Fri Oct  2 17:27:18 2026       
+-----------------------------------------------------------------------------------------+
| NVIDIA-SMI 595.71.05              Driver Version: 595.71.05      CUDA Version: 13.2     |
+-----------------------------------------+------------------------+----------------------+
| GPU  Name                 Persistence-M | Bus-Id          Disp.A | Volatile Uncorr. ECC |
| Fan  Temp   Perf          Pwr:Usage/Cap |           Memory-Usage | GPU-Util  Compute M. |
|                                         |                        |               MIG M. |
|=========================================+========================+======================|
|   0  NVIDIA GeForce RTX 3060        On  |   00000000:02:00.0 Off |                  N/A |
|  0%   33C    P8             21W /  170W |       1MiB /  12288MiB |      0%      Default |
|                                         |                        |                  N/A |
[lockstep-cloud 17:27:18] apt
[lockstep-cloud 17:27:27] clone
[lockstep-cloud 17:27:28] build
[lockstep-cloud 17:28:03] running matrix (slots 2000)
[lockstep 17:28:03] case cpu_alone (mode cpu, in-process load none, timeout 183s)
cpu  load=none   cpu_alone        start_err p50     6.40 p99    26.41 p99.9    40.77 max     98.12 us | launch_prec p50    6.49 | exec p50  128.0 | miss 0/2000 skipped 0 err 0
[lockstep 17:28:10] case gpu_alone (mode gpu, in-process load none, timeout 183s)
gpu  load=none   gpu_alone        start_err p50     3.62 p99     4.11 p99.9     4.12 max      4.12 us | launch_prec p50    3.58 | exec p50  122.9 | miss 0/2000 skipped 0 err 0
[lockstep 17:28:18] case cpu_inproc (mode cpu, in-process load stream, timeout 183s)
cpu  load=stream cpu_inproc       start_err p50    62.62 p99   165.01 p99.9   194.19 max    194.19 us | launch_prec p50   62.55 | exec p50  772.1 | miss 1584/2000 skipped 999 err 0
[lockstep 17:28:26] case gpu_inproc (mode gpu, in-process load stream, timeout 183s)
gpu  load=stream gpu_inproc       start_err p50    21.91 p99    56.55 p99.9   173.38 max    196.56 us | launch_prec p50   21.87 | exec p50  768.0 | miss 1699/2000 skipped 971 err 0
[lockstep 17:28:40] case cpu_proc_sgemm (mode cpu, in-process load none, timeout 183s)
cpu  load=none   cpu_proc_sgemm   start_err p50  2012.71 p99  3113.93 p99.9  4482.32 max   4482.32 us | launch_prec p50 2012.37 | exec p50  136.2 | miss 1993/2000 skipped 1568 err 0
[lockstep 17:28:55] case gpu_proc_sgemm (mode gpu, in-process load none, timeout 183s)
gpu  load=none   gpu_proc_sgemm   start_err p50     3.75 p99  2277.44 p99.9  2298.40 max   2311.38 us | launch_prec p50    3.73 | exec p50  123.9 | miss 1090/2000 skipped 869 err 0
[lockstep 17:29:12] case cpu_mps_sgemm (mode cpu, in-process load none, timeout 183s)
cpu  load=none   cpu_mps_sgemm    start_err p50     6.42 p99    21.77 p99.9    26.97 max     29.54 us | launch_prec p50    6.49 | exec p50  217.1 | miss 0/2000 skipped 0 err 0
[lockstep 17:29:26] case gpu_mps_sgemm (mode gpu, in-process load none, timeout 183s)
gpu  load=none   gpu_mps_sgemm    start_err p50     3.83 p99     5.16 p99.9     5.20 max      5.21 us | launch_prec p50    3.73 | exec p50  223.2 | miss 0/2000 skipped 0 err 0
[lockstep 17:29:34] summary
case                ok  start p50       p99        max  prec p50       p99  exec p50     miss      of   skip
cpu_alone         True        6.4      26.4       98.1       6.5      26.5     128.0        0    2000      0 
cpu_inproc        True       62.6     165.0      194.2      62.6     165.0     772.1     1584    2000    999 
cpu_mps_sgemm     True        6.4      21.8       29.5       6.5      21.8     217.1        0    2000      0 
cpu_proc_sgemm    True     2012.7    3113.9     4482.3    2012.4    3113.5     136.2     1993    2000   1568 
gpu_alone         True        3.6       4.1        4.1       3.6       4.1     122.9        0    2000      0 
gpu_inproc        True       21.9      56.5      196.6      21.9      56.5     768.0     1699    2000    971 
gpu_mps_sgemm     True        3.8       5.2        5.2       3.7       5.1     223.2        0    2000      0 
gpu_proc_sgemm    True        3.7    2277.4     2311.4       3.7    2277.4     123.9     1090    2000    869 
=====SLOTBENCH-BEGIN _logs/lockstep 71441b02af93ec580612a4c86e1b178638df11c243a1528277b60060f8ded561=====
H4sIAAAAAAAAA+0ca2/USJLPlvgP9WVFELjHb3tG4gMElovuAgjCshJajRy7Z2LFY1t+JGSF7rdf
dbdf47HnkQcsOtdqk3Z3V3VVdb26sRPGy2zy6GFBQbBNk/9G6P7mbdXUTNu2DMvQHymqYuIvMB+Y
Lw5FlrspwKM0jvNt83aN/6IQsv2/oK5PU5J/exgJ2QZbhjG0/7ql2PX+m5aF+6+ZhvUIlAfhpgP/
5/v/exrAey8H0EC1Z5o9Ux34fHYMmqJZUt8gGwAB0jP5oeCZ9B3e/XHy+uSl/On0BMypSWyVKCas
wes0uKIp/EHTLIijWXfa8efXL5tBVSca7/5+AN+DMwcGGN9vP3wGeOeuKHThA+Mly2nkUfkUvsOr
IpNP/JY8QZaQlzjwRxy6eRBS+Bx5cZoSeHN8jHx/h9/dCOCMrhJBbdGifZ3OPmfukk6O3QRJNHBK
V3F6I/NB4OzJn5E46ideJUVO4ZRw2vvC4MzuwOnJ25L2i33h2YEDgm8FSmOBt/T3OPUofDz7E3TF
UipW3keCvSrfzBRtpihEgfeLRZ9A7yYvhU6U3/BJ14+5ip21OZr6BSaAnqF8qUmop8Er3qlpjsPa
5QAng/CaLtwizB9G3zXfD2nfD+z0H9LYo1lGs9ne+tlPiUzh3DPh7Qn+OD5ZH/9w8hp/nt0kzGtL
JiDqc+ISGC3hWe3N5FT4j7uAcNWK772d51DgfL+LIS2iKIiWkFS6h0VcRP52HnfAIUZ4uJ04Ume5
PM7dsHooMlozv0hpqcnswk1Z/3mxWEw817tg/e6VG4TueUgl3MuOyelq68FqD7TaStPUtFbbkD5d
u0mHot2PCLb00/I/r/+8Ik1plBN8eIg1dtV/+F9T/+sGq/9szRjrvx8Bq0s/SEFO0C2C0JcmRZZO
wthzQzQK352cB9EkuvI8kN9rIC9BDoOIBtEiBjnL/Rfes2eqjf1Y0cQ+BTf1Ll54oqqYO9Zz1vki
W2Fzx5zmGeQTfFjFETaSixuQ/2RjWAohk1/cMAQZeYkFt4zRSyynkrnPC0ESg2hsDHjFryBZ6nsv
8rSg/TLSb9TrkZB3/xrytaTKwjifJ0FCGVcoFSJ0+n45kXDC/JKmEQ2zUqB2D4qzfPas5rzFryD0
hX7LU3djwbYh+Ik3ZwyW1JtnL0mkxo+D6FdQXGPrMWO567GDDt7vFP1G1bcvm7qUQ684D92MNxaL
HH8n+UVKXR9bfsi7fdenV2n+KyhWqNP1UV2Zi8Vp3Wr60Bh3Sf3zCpIRfijw+s9NHqz2Y7C9/tNU
Q1Wb+z/bZvWfottj/fcj4F9BPlPhIs+T2WTCgg/GWVKcF1FeEAwtE9GEKMYzEpxEH2lI3YxKDE2r
0DKKB4ggvxnCk6sJHQL6nuvKReK7OR5L19GNfdHPXe8yidO8S8DkBDKkgNGdhnGCGcaPr6Mwdn0S
XQV+4HJiZfgVIT+lSZyV9DVDMSbfHGtuGdCi/RGjKD9P47rsIB8GWZ4RQqQvs3tccVIvOIN/0xsI
MsjymB1xgwhCunS9G8AMi2nSJ8tkCZf0JmVcHU1o7jGXn7RGnz6HDA/KOR6KX7/58PHN8cuzk/fv
sM/LA0w2SBERZCRx5DyFRZyCT3M8OWdkWNhXLNOyEZ8mNPIxvzF+KGVjFRL6Xk6BJcx05bKV2CBP
0TK7iIjyAE/1KJgbssx0w/mL6DXNcrgS97pwpGpEVYR21Keb2BnNIY9h5UYF5kdUU4SLhiGKLXmu
7NE0DxaBx81rx0Ls5luxFPW/mkEUg7DFznDaIg7D+JpJ4/p+wITAVUttZHAdYFI+p82yMwlgGeQy
MoS6OkfHCPXcMuRlVORhxrpomsapjKYR8qdviZurrJXc5BdxpLPKAp+QTNNHVE1eBVGwcsNOr5gM
K4qmJec3CbIU0fycmSlARbFCbfCgh3D+N3qhK30qligY2k0tJBeJ5jmWsDKjzOXzXYplipwWEXxv
d2Q32RUSzEVf7PHfdIXGxFvLIhAKumQ/ruk57/WuMqE0JsZ1cBnwp+wqqkVglKp2ftmS7YpGV21p
us8MESumxQrpFQkLE2idrMZiNrsuY8juBLPsQvbCAK2rs/vv3nzZve3/jK2v5L+tCShQJMsUa2L/
Oagmc5S2Yz0HhXlcitt9hQVt5IOqqhiK8xqLSO8o6hYnodngKDHh9BXECygjOYaVl4sca9r8An2S
RUkeHJ6DqRK1mto4mx9kl5Ch7mmtd3YFSKS3dP/kViWZCZoiRruVjzG9X8tijHURXVYFDYVgof/V
0adw+eovvq52t3XLvRfPGrGIKmvVUhZ8nTqkWerQPNpe6iD5NF0361X3Tr/Dq/YvWQZzDOu4ok2M
ekVzzxXbK7Wtn52PVJSEKJxwI4p1C8KVKzGiFjL5VUX2a4r2HZQjnIwTZinHqxSikDLxIPeOUi/l
3JuBlwFjy/4rdiPi9F6sbstqltkspir3ImWviG17Y+bRLHqX2FGuuMW0ddJsonrHcNHNJWLAISZR
qrjBRDPhq65bzar7Ro5ucGrSFLNStl2KNpU1FMokLfJ3CRFVouROO9OIgeqq7MMmOm6VqrT0t29s
GFiqbPUupFult/n03IujxQwr2tC9aRe9rDtYFlWayoIIcxGrmIsci2RWWLL0V2dI6XcswS+oX6c+
ZEXNsJSdokmcvppkT6VPWNpj7c3/VY5eBXGRYYotoox3N3VJf4qacWnIY+moKrRZROHhCgtseNzf
bf42MKAqgyODONogjjaIow/i6IM4xiCOMYhjDuKYgzjWII41iGMP4tiDOM4gjjOIMx3EmW7Z0y2b
qqIrLIKQpUys3vwgRZuL0wCfy38pXDtHPX0sfcAzqstPl1jTFREzTkZq0mud881gPxcGiw7G0B5L
nzkJRm+LfcPRJqGnAv8A7xGFVu0xWyQRM+fdYmwr723qeILsoB7I7aYitjB8R7331IXb1J1z9ovk
1vvVJrCn0mqUA3k9SNktTY/BdAymtwimhqPfTzBV5I5Nzjeqyp3+vOEgDe6B/tE6WG2JQqrcmjcX
h685StrHYvuodiSmHshTeSbbwo8ml3PmeGYbYqQ62h3hnAM5EGe3LQzospgy7z/aDbFUngmP+rEO
z3obp76dCdCQ+9DukMvb695fvGZkhoUw5WbaLdPh/VQd6+fRncq35A2cQ5x/YMFtQaCbXO8vcFSq
HBPqmFBvk1Atw9TuJ6GWlniLNHp3L9i8s9nnCNJBmW9e8GwNAr0rwtEmlVsco+oroR2HqHrevL42
Gkp66zdNR/X8A7krb5K28FXOmKu/6e7GBdAQd9UF1VHPpdHhHG7nboizob1mN1pb+arD+7aiq30m
O9x0auy9apfH0rFwXvDLTyTyYEXh7ziiM3jyJvcmn8+OnzyW/sNevhJj/FbtunzFeuNTJc2sv2Pi
qgn4y08hnK2h7kD7WETwxE8ulzIGmfKOryrynkCwgJu4gOsgu2Bb5l24EW4m38uNI+1WO65n7mVT
9ezeOnXgJL53tdVzqt5v/v42dw/lyPDc8tsN7kZpsFzirvMXFpgNy+cB+3d8ok8rPKfm72e/iPOT
QLz/H6KbPdwbYDve/1///pf1q5qumeP7Xz8C+P7zd2Z+2v6vf//Bv//WdEMd9/9HwPj9xz9HsvH7
j/H7j/H7j/H7j/H7jxF+FPD6b+XiUenbgxWAO+o/S7Gsuv7D//nff7HH+u+HwNcqlPL7D2em6H+B
xy4VvKSYu+xcCEcrFpjw+TkEkVz+kQBgnyxAhOPP+W1MXOSgOnr2VMKJwEdfsFGAFqUSmMbzOU1T
SEzxGbxFDAWS6ZR/Oo8PKnsg/NFQiG3Dyv3GJ04ddh9RZPAdQreIvIt5klKvooOYUxxhSUF0qZpD
FOxZBcixMtHQ2iC7DJKE+qAA40CRuhpQlVIDy44GlvtqYNnVwHK3BnRiaZUGwCBqSwPsUas1IJ6G
NKAT0+loQCPTQzXgtGwgiJi824wgyzFtrIbNQIy3iQ0owdIaJaiWSZRGCeoUxZ5WSiifBpSAZExz
TQm2zd64LJWgmo6xrocprtivCc1q2cKaJnqNoV8Ty64mljs1oalkqlbmYFpMnloTtk50p9EEDlpD
mkAyjr2uCavlEKo1nXY0YasDmjCUlk0w1ufZkq5W9xIcWuQ2dKFhMiB2qQtdVXUy1StdGIajEb1y
jeqpVxecjL6uC1W3iFbrYjrV13WhmpYzoAzTbJnFhjLuFie2KYM7uG0KZWiabRPDqJShaRgbMYoK
ZWioKmYmw3HC1jtxQm/ihKpMO6HCsfpdZDpTtZZhrJLsHu2ioTaUNOqQiZaOWaIOmZhDpk3S0KbE
NPZPGppqN9Fir5A5XQ8UXS3czSB2aEEnjl4nDpOoVitxmERTmsSBT+r+BqFpeuMde2pBN/6CrFit
8IwhcW10IL4sJai5h5p1BM5pm6lquOGKzWIMCXLsz58xnqSNEgPO2NmyBPZ5BpRmUbZ4IVEPm/Ww
aImyoQQRkJn45aO0kcnaq7EkJoiwDCb6WL7SBodFduJ9mJraq7HEJG14woBsGOvLPmbvG7JVw8K6
t8q2FoKa1UQoZi0Rh3mniLr1sFEPl5rkMVboYKq3VuPRVdoojNZk00n1V5eMhuWmuTksip1B2Tby
bns1lnJFy6yVxrKrNTgscimfZ5VRqNo3TFjShu92ZKt2yyT1341qmjqx6z4hm/DHrbIN7FtDTqQM
QY4lCGNwWKQD3sJc0F6NZYLxdmCEEUYYYYQRRhhhhBFGGGGEEUYYYYQRRhhhhBFGGGGEEUYYYYQR
RhjhHwP/Azd3n9IAeAAA
=====SLOTBENCH-END _logs/lockstep=====
=====SLOTBENCH-BEGIN lockstep/results b4fd13eec882fc95370251612bb5bb422f63f78fefa5130e8c5f19e3afda88d6=====
H4sIAAAAAAAAA+zWd1TU95rH8a/GgoiKihEUdaKoGAGHMhR7wYKiQYIEYwGEQYjA4DAoRuyoRCwY
MWJvRI1iorHEGrEkYotYIUoUI8YSoiQqNtQdnufzvet39+y9f3nv2d3LOTkv9Zl3JHxmfieGJFMH
8Za/tOYvL52ONH/9V+nXrjo3nZeXp4f5H6F11Xq46oRG97a/scqvpERTuFGjEUaDwfT3XveP7v9L
vwzm/aP14ZF6o4sp+S39B1YO7Onh8T/u72F+b8j9PT3czfu7eWjdhUb7dr4d9ev/+f7x4XF6J02k
MWac3hhq/icxxhDvpImINUSMSXSJSDIa9fEml8Q4zbCB/T4d8d8Ocfo4g3HC346GuIQkkz40zhCp
txwU7Ofr10PTV9/HYIzQawKDQjTuWk+tk0bno3PxcnXR6pw0bq5ajTl10nhodfwLX31UeFKsydLT
xdtF62x+HziP1sfrjTERlt6WEQajvourJiomytDFW6tJMP+xITI0KbGLTqvVRJrfw7Ex8Xr5+8RY
gymxi5u28pcxn+oTuzg7JyaNigg3GmPM/5EaT1c3jbNzbGRChHPEKI1W/jrGVHl0pzp0XLgxJjze
1CXeEBqRNCo2PNHyXz3WW/iq/PxHJCSFhsca4vUusYbRb+Hv+EeffzfP/3z+e+rMf+7qrtW5/fvz
/8/4Mm+v0cQawiPNb/N4vUaj+dubQYOvyp+PKVRvNGoSdFr6E08XD/PHz8en8tdu5t+4Vv7GhX7r
oXXx8tLEhSfTC328Xcyfs6RETYomNjwpPiI6NMGoj5D/HnPpY77ok+UfubqZP/TmP4mLSUzUaDvw
h3dMTEKCPtL8Ea38DrT/Fz+C/9Iv9fM/Kib+Lfwdf/fz7+7l9ub//8nPv4fu35//f8bXoyrsJX/L
2U3Cqoi4xb/Umf3jFdvF0Gk9K3Lgmussvh6jf/xHfeqXe96i+1GY1osV/rD7baUvR99ogR31eQWl
dH8G826xogyW3Ff6J+h12veof5z8iO6OE9gGs1iRAVPLlf4p+iHnHKlv2aSC7n7QxZEVHtDhldI/
Q59k1FIfsP+dupX3SXBRHisuwmPV677ZP0e/uKE39ZOG16b7OhjwCStMMLqO0r9Av2tnN+o3v2xA
9xJ4yLIhv94GWjRS+gq5/5C+1BesakL3CrhxKyv2wBx7pX8p9y8fRH317i3p7grFQBgC/R2U/pXc
PyuYercb7eg+HHo8YMVTWNpe6V/L/X1GUh863ZXun8PkBazIghnuSi+qYv8reurntvKh+34Y6cqK
ztCpk9JXQZ80MY76vce60/1XeOYcK4pgfk+lr4p+sX0S9bf1/ehuE8XWNrEiBSb0V/p30O86mEK9
Tc0AuveFQTas0EDrQKWvhv7SyFTqe2z6iO5jYevdrMiFO4cqfXX0j1+nUx/vF0r3ZXBiMCvCYFC4
0tdA32jtIupX3Iui+3GY/JQV1UbjfRCt9DXR63oup/5Eejzdy2GNpazIhlkJSm8h97+5jvpyp3F0
b+PMHuzECl/onaz0teT+qZupb/XTJLp/BKOvsqIEFk5Reku5f+tvqR9smEn3KVA7iRVpMGW20teW
+/+4l/rJ1vPo/g1c2owVjtB+gdJbyf1HH6Z+y/ZMul+Anx5iRR7M/ULp68j9LU5QXxi4gu4WH8Kw
FXhuweGrlL6u3H9zPvU1Hq3nzz10rJrNr7eCYoPS15P7Dyik3n3xFrpHwd/XbcFzC67ZqvTWcv/S
69SHee6gexo0+rIiAHbfpfT15f7zblM/r2Af3ffCoyWsKIPFB5S+gdzf5QH1+5OP0P1nOHHWETy3
YOoxpW8o9z9bTv0du5N0t2zCNmnLCi10OK30NnL/hFfUN9p/ju694b0TrLgI8y4ofSO5f/0aaZV9
z+E/888N9ohhhQlGX1X6d+X+O+pQn/CymO7rYVLtG/x6G2h1U+kby/2DGlG/ctUdup+CFjl38NyC
m+4pva3c/7E99Se7ldH9EdwykBUhMOAvpbeT+3/hQP2T4id0b36DffnHEzy3YOkzpW8i9/dyor71
9Nd07wNbZLBiBZxbpd6bfVO5f6E79YGtatJ9IkzSsqIz1NZSenu5/4RO1E85Vpfua+Hw86wogvnW
St9M7t+kF/U5+nfpfhnWTGRFCkywVfrmcv8D/am/UqM5dzXZPo1YoYE2GqVvIfcfEUh9zU2t6d4B
2uxiRS7c2VbpNXL/V0Op9/BzpnsMbBPCikgY1EHp35P7rw6nPvyeB90XwA+eeOD1OvaRp9K3lPt3
j6F+QXpnuv8IU5ayIhtmdVX6VnL/GwnUH3DypXsxPOzDCl/o3UfpHeT+05Opv3tmAN2tf2KPXGVF
CSwcqPSt5f6tplL/ruFDuveAXimsSIXJQ5S+jdz/h9nU+1oPo7sRvtOcFY7QfoTSt5X7Ry2gfuz2
UXRfCeO/Z0UePBCp9I5y/5pLqF8V+Andj8O8MFbEwrBYpW8n99+0ivpTD8fSvRSeFEZ+vRWsSFT6
9+X+fhuof5Y5gd+3i9kD61iRA9dMVPr2cv97W6lv4zmN7j3htF6s8IfdZyi9k9w/fRf1Hxak0X0W
tPmNFWWwZI7SO8v9nQ5SPzU5g+45cOVMVmTA1M+V3kXu/9Mx6rfaZdG9BH7XNgvPLeiwTOk7yP0N
p6m/um813evuZz3zWHER5q1Veq3c3/oi9RbDN9LdDd6JYYUJxn6l9K5y/+1Xqde9/JruQ+Eoy2/w
3IIW25XeTe4feJP6Uat20/0zODGHFXvgpj1K7y73f3iP+oxu39N9J9zrz4oQ6J+r9B5y/8y/qD9Y
/APd78Pz91nxFJYeV3qd3F/3nPp7087Qvel01mbBGTy34NyzSu8p9y+o8lll37jVJbr7wPNaVnSG
TgVK7yX3T65Ffe9jRXQfD4edY0URPH1N6b3l/nb1qTfqS+g+D2pMrJgKTb8pvY/cf58t9atrlNI9
H/7ckBUaaH1f6TvK/YdpqD+98SHdn8Gtu1iRC3c+VvpOcv+KttQ/7/eCv28/tnbwCzy3YNBLpe8s
91/Zgfq296paV95HwGdPWFHtHfZpNes3+y5y/65e1AelW9J9EuyfxYpsmGml9F3l/sVdqZ/m1IDu
6+G5jqzwhd42St9N7j+tD/XfnLGj+wW44worSmBhU6XvLvdvOYj6ovj36F7dwIpJMA2mtFL6HnL/
o0Oor2Xdju5esGMzVjhC2/ZK31PuHzmCes/tWrpHwL6HWJEHD7gpfS+5f3U99ZGB3nSfA5eHsiIa
hnVUel+5/4ZY6hc+7Eb3g7B11e78eisoeip9b7l/XxP132f2pfsv8NhaVuTAFX5K30fuf3ci9b/r
PqB7c0+2ky8rAmD3wUrfV+4/Zwb1dgXBdPeBH5cH4/UfsY9ClL6f3L99OvV9kkfSfQw89ftIdPBO
mNL7yf1Pf059ol0U3ZfB0zOj8P6BKdFK31/uH7eM+jX74uheCGvZxfPrNdAmQekHyP3rrqP+p2FJ
dLcazq7bkISfP1wxXun95f7ffEX9i4oUuju9ZOd4T8LPHXpMUfqBcv+A7dQ7rkql+0C49BQrLsK8
WUo/SO7/1x7qh3SbS/fJMHgyK1Jh8nyl/0DuvyiX+hnFi+i+G26vn4nPHbT6QukD5P4eedRvm7ac
7iXwyRFWnIa5K5V+sNz/0lnqf2m5np+bsG7IenzuYMCXSh8o9x9XQL3lsc1094RrX7HCYgtbkaP0
H8r9G1+n3lv/Ld31MHrZt3j+wqydSh8k99/zG/X6GvvongUb++3D9w19Dyj9ELn/0PvUf77xMN0P
w2cPD+P7hmVHlT5Y7v/iMfWH+p2g+69wuukEPjcw4ZTSfyT3X/GS+tK7+XR3uMfavmBFtXPs0/NK
HyL371J9TmXfJL2Q7n7wwfJC/Pxg1hWlHyr3v2ZFfV+nYn5+wA87FePnBr1/VfqP5f5TbKg3nblN
9zVw8LXbeO7AortKP0zur7Gnfm38A7pfhA6TH+D5A1P+VPrhcv/Drag/W+8J3f+Eg5qzwhHaP1P6
EXL/Ue2pr9j2iu6ttrN3v3+Fzz08IOq/2Y+U+1dzp75dYA26D4YvwlkRC8MslD5U7v9lR+qDH9ah
+0w4qEpdfr0VrKin9GFy/z49qU/NbET3b2DV9azIgWsaK3243P+2H/Xbdc3ofg1m92KFP+zeQulH
yf3TBlN/7bID3asUsG63WFEGS9oofYTcv91Q6msnO3EH181iRQZMdVH6SLn/yTDqfew86B4GO7iw
whs6eSq9Xu4/Jpr6qH2d6D4fvmfTmV9vC626Kn2U3L9OAvWLhvWi+1GYMqEXvm+Y3FvpR8v9vx5P
fW5Ff7pfh+2sBuDvhxYDlT5a7v/BFOrvrwyku2YV653Dij1wU5DSx8j9y2ZR37Tbx3QPhHUGsiIE
+g9X+k/k/gvnU9+vOJzuCbDoASuewtIIpR8j93f7gvqkaTH8voMfZbBiBZw7Rulj5f4XVlK/vuVY
up+BL9xY0RlqE5U+Tu5v+pL6/KPJdC+HNc6zogjmf6r08XL/d7dS/zJyKt2b69ncRFakwITpSm+Q
+3+3k/r3a6TR/WM4tBErNNBmjtInyP1DDlAfsnEB3SdCwy5W5MKdC5V+rNz/2VHqZ/ZbQvfdsGLI
Ejy3YNBSpTfK/Zedov7bu6vofgueesqKaqvZR2uUPlHu3+kC9dfnbKB7vXR2wlJWZMOsTUpvkvsX
XaG+jtPXdO8I68xnRSZM26b0SXL/Sb9S3/HMLrqPhKNLd+H7hne+U/pxcv8W96gfHX+Q7ukwctpB
vG/h1ENKP17un/sn9Zn1fqD7YZjXghWO0P640ifL/cOfUX9k22m6l8Gzh1iRBw/8pPQT5P5Vq6RX
9g8GX6R740D2RhgrYuHwy0r/qdx/vQX19g+v0r0TvFqlCM9NKK4p/US5v6819X6ZN+k+Dg5ex4oc
uOaW0qfI/W81pn687ne6r4axvqwIgN3/UPpJcv9ZLajPvvwX3U/DSyWsKIMlj5R+stzfsS3158Y/
p3utZHZ62nO8/2BqhdJPkfufcKH+lW3VBpV3Fzu2nSMrPKBDtQZv9lPl/p94Uu+0rxbdh8IxZ1lR
CE/XVvppcv/aXakfOqw+3afAsTGsMMHohko/Xe6f05v6WRW2dN8Md9S249fbQKumSj9D7j9wIPU7
Vmrofg0OOMOKi7CopdKnyv3vB1Ff3NWR7lW7sTcXs2IFzHhf6WfK/RcMp75ucQe694Tjyjvg9Vr2
kavSz5L7u0ZS32maF93DYMRCL/z9MMNH6WfL/c+PoT66ZTe6r4F+rqzoDLU9lD5N7p+YSP3io33o
vg8eudAHPzeY30/pP5P720yk/mjkILrfg1uMrEiBpgClnyP33zWd+rLqwXR/rwZbrxErNNAmROnT
5f7Bc6hvtnEE3QfB93ezIhfuDFX6uXL/Jwup799PT3cj/DaYFWEwaLTSz5P7Zy2lPvluLL9/of2T
WLw+DvvHK/18uX/HtdR/OcdE93MweCkrsmHWOKVfIPe/uon68+1T6F7diR3vwwpf6D1Z6TPk/inb
qH99egbdO5xhf7nKihJYOFPpF8r9m+2h3jk+ne6BsOYkVqTBlHlK/7nc//tD1H9cbxHdZ8DSZqxw
hPaLlX6R3D/0OPWzty3j5wZcfIkVxTB/hdJnyv3FWep3Dl5H9zvw+QZWbIPZ2Uq/WO6/9jL1v/71
Fd0bPGTL623m19tC6xyl/0Lu3+sa9fUyt9PdB+5ex4ocuGaH0i+R+5fcor6zbi/do+Hc3qwIgL77
lT5L7j/zD+pjLufSfQk8WcKKMlhyROmXyv3bPKZ+yfg8uufC2bPz8NyCqSeVfpnc/3gF9cds8/n5
Ae3b5uO5BR3OK/1yuX90tbmV/Z97C+j+7j52QF4BdofHflb6FXL/WlbUNx92nd+/0CPmOp5bMPqG
0q+U+29uSL1/xW90T4HZtW/juQUt7ir9Krm/f1PqJ6y8T/eV8OscVuyBm8qUfrXc/4+W1G/oWk73
U/CRPytCYL+nSr9G7j//feovXH/JHdxynxVPYelrpV8r9+/gRn2VadUbVt51sHYGK7Lg3JoN3+zX
yf3zfah3aVmH7jHwmCsrOkNtPaVfL/cf24P6YUdt6L4HfvZOI369FRSNlT5b7t/Aj/q0SHu674CD
d7DiANzWXOm/lPvvCKB+d3UHuj+AEU1Y4QBt2yj9Brn/kBDqb25oT/eGG9mg3azIhTudlX6j3L88
lHrrfu507wjbBrMiDAbolH6T3H/JaOq73O34H1TXe1jO9x/H8Q/FsJyjnEUmYjKZRgghtORcNDMZ
IYRyzDTHMoeGWSY0QohCKJolp+aYETmHEHJKo8nh9/N+v97Xtfdfj6vr/X1e7t2v+76va3QPhBmv
2+L5dmyhq+q3yv4uE6gfu6gz3ZfDPVGsiYUr3VW/Tfa/MoX6KMeedD8JbV1Z4wFdPVW/Xfaf8QP1
x073oXs+3HqVNbkwu5/q42X/WguoLxjnS/cq49lRoawJh6FDVL9D9k9dQn39it/RvSNcUZs1DrC2
v+p3yv5Df6H+68QAus+G9w6xJgOmjlF9guz/IZr6GX2C6J4EH37LmgDoN0n1ibJ/TCz1Wwqm0j0H
HjDT8P2BZobqd8n+neKpv7hiNt0/wDIbWBMPY39U/W7Z/84e6ku2Xkh3R/hPZ9Z4QrcI1e+R/ece
pL7FpaV094Vr77PmOcyNVH2S7G9/hHq/qavovgDGrF6F1w2jolS/V/Y/dpL6CNt1dN8NK7RjjTt0
iVH9Ptl/1N/U70/ZRPf7sMJJ1lyEGVtUv1/2L3OV+tzBO+hebQgbEsCaYDgiQfXJsv/W29RXfptE
93Zwa7m9/Lw1tNqv+hTZv+dD6jusTaX7BFg1njXJMO6Q6g/I/o+fUx/Y4Sjdl8G5X7PGB3oeV/1B
2X9xEfWrb52i+59w7jPWFMH8M6pPlf2bmyUf++NhF+j+AHZfegG7w8VZqv9D9j/7CfUv7a7RvW4D
9mWLa9gdOt1Q/SHZP6gi9XZH7tC9K7Q7z5rrMDNX9X/K/pVtqPca8Yjuk+DGiY/wuwWD8lWfJvvv
rkv9zFIFdN8Ml1QtwO8WtC5U/WHZv99n1Mdt/pfu2XD+XtakwcRi1afL/oXNqb/UvYT1x/t7uG4Q
a4ZBHwvr//ZHZP9fWlNv8bAM3VvDp5XL8vO20OpT1R+V/b9sT73Tokp094UWj1nzHOZWUf0x2f+y
O/XfONrS/Sc42ssWrxt61lT9cdl/uif1P52uR/ftcF2p+njd0DRQ/QnZv2Z/6pPHNeb/bmixhDUr
YXgT1WfI/geHUH+vQgu6l67IVu7SAq8burVU/V+yv58/9VUSv6R7B7g2hzV58LqL6k/K/u/GUO/W
pwPdJ8Np/uz/fxjwOXBT/SnZf90k6scVdOX3DX5WshveP2g8VH9a9u84g/rfVnxN92SYs4E18TC2
t+rPyP45P1J/wnkA3e/BGl0G4P2DboNUf1b2nxNB/T9ZfnS3ucTeueuHzx/MHar6c7J/w5+pbzB1
BN3dYZt5rFkMw0aqPlP2PxpFfW/bQLrPgzM/Y40TtB+v+vOy//cx1IemTKb7JmiVwZpMeDRE9X/L
/qXjqN82eCbdr8CdY1gTDANmqf6C7L8lgfrLxXPoXgTrlJvLz1vDMvNVf1H299hPveXaRXR3glHx
rEmGcYtVnyX7PzxEfcsOy+k+AM7xWo7vP/RcqfpLsv9Px6n/9tZq7mCl8r/h9wuWiVb9Zdm/2Vnq
F4f9TvdU2DPnd3z/YPZG1WfL/meyqE+x20r327BFX9b4Qe/tqr8i+4+/Qf399ES6VzzCDnvBmrcw
f7fqr8r+Fe9RX3VEMt2bw/WrWBMDVx5Q/TXZPzGf+k6l0uj+HUxqk4bvHXROV/112b9PIfXjN5+g
exx8fP0Evncw+y/V35D9C4qpX9P9HN3Pwgk+rBkBfc6r/qbsv9Ji6cc+I+8S3Qth0hvWWF5mi7JV
f0v2b/0p9a8ibtL980Xs5NU38bsFo3JUnyP7X6pCfUPH+3T3gpFtWeMOXfJUf1v2n1qTeu/TT+g+
F469+gTvH8x+pvo7sr9tA+pnjfuH7glwzSzWhMPQ16q/K/unNKF+e4V3dL8KR9uzphms/0H1ubL/
4JbUZydYVvt4fwOjDrEmA6aWrvbf/p7sX+xCfak+VnT/HNoPZU0A9Kug+vuy/1o36r8oqEr3IXCK
sebnraCprvoHsn8HD+qHrahF9yUwNoY18TCmjurzZP9bvalf4tyQ7rugpwdrvKF7I9U/lP3DBlF/
IKsp3UtdYgucHPl5F9isueofyf5231L/YMoXdK8ylU3ZzJpEGOus+seyf/pI6qvZtqV7e7ioe1u8
fujuqvp82d9/PPWdUzrx7nDXU9YUwfwuqn8i+1tOoX7C4B503wiXJ7ImGcb3Uv1T2X/zLOqji73p
fgx2bNsHrxu69FP9M9m/+3zqT0b78PsO+yX44N+H8YNV/1z2z1tM/ev2w+jesAPb0os1PtBzuOpf
yP4RK6m3vzWK7t3g789G4f2D+aNVXyD7N42mvk/YBLqHwNvLWBMFF09U/UvZ/9RG6mfbTeX3Hxon
6CJ/T1d9oewfuJ36+PQf6H4Nrj7PmuswM0z1/8j+5fdQf8V/Ad2tRrCrJrImFAaFq/6V7J9wgPrS
pZbS3QUutWZNfWgdqfrXsr93OvXOm3+h+yD4Kok1aTDxV9UXyf4v/qL+u+5r6R4JgweyZhjsv171
/8r+y89TvzQvlu7x8OyrWDy/iS3crPo3sn+rK9QfjIin+304/bd4fO9h1E7VF8v+F3Oof9g0ie62
jmzwV0n4/kCXfap/K/uH5FFf/fRBureDHtdZkwuz/1D9O9m/+nPqu4w7QvepcNFs1oTD0GOqfy/7
J7+mPqjCKbqvg/9OYs00GHhG9R9kf98P1K9L+Jvuf8F7OazJgzkXVW8ssP+b0ss+9qe8r9L9LUyf
exXfOxh2XfUl0IesqUB90YvbdK9XwObWusPP20PbXNWXRP+La3XqG614SHcvePXpQ/x+wPzHqrdA
v/dGHer7Ob/g3w8YMeEF3j8Y+FL1luizfmhEfVhWEf/uwyN5Rfjcwtw3qi+F/p96zanfMcVUp98P
6LWANZFwXsnq/+1Lo6922Jn6qzZl+G7L9miMv52gQznVf4K+9XBX6j9JqUj3dnDPCdZkwqOVVV9G
9rdwp771YBu6j4QpAawJhgE1VF9W9o/tRf3w4rp0XwLvlqnHz1tDSzvVl5P9u/ajfln0Z3TfC6tv
Z00SjHNQ/aey//3B1Ke2/5zuD+GQXqzpDz2cVG8l+y8cTv2jm63pbnuLbfyENUUwr43qy8v+DmOo
twlrT3d3mL2ENVFwcUfVV5D9T06k3t2uK90nQMcvWOMKnbqrvqLsP3Y69RPTPekeBetksiYbnvZS
fSXZ3+pH6tf796f7Ebh/MmtCYfBA1VeW/XeEU3/a0o/ur+E2a9bUh5WGqr6K7O8VSf2/m/z5fd/M
jnztj+dHsIXfq76q7P/sV+o/6z6W7r3g1JCxeP0waJzqrWX/yPXU98+bRPeZcH3dyfjewdohqq8m
+7fcQv2PETPovgsu2suaNJgYqvrqsv+FndTvbDqH7mfh7dA5+N2A0+ap3kb2D95H/bVTEXS3Os2u
LbGIn7eCZrHqbWX/aoeoLzvuZ7o3glOiWBMDV65QfQ3Zf98x6r+ssJp3g3UdVuNzC+3XqL6m7D/o
DPX+CTF0XwhLH47B5xamblB9Ldm/6CL1kd5x/PshDo3D7xb026b62rL/6uvUH3qRQPe5donkBhfW
uEHn3aqvI/u3zaX+8fL9dK+xgi3/O2viYUyK6uvK/tcfU2/r/Cfd3WBhZ9Z4QrfDqq8n+896SX3X
rOP8uYfT77AmH+ZkqL6+7F+3mPrJU87SfQV0mseaSBiWqXo72f/PkpEf+xibS/z7Aa/YX8L+0D5b
9Q1k/2HlqD+TfIPuJVNY/xOsyYRHb6m+oexfogr1b3zv0b3BYDZ81D1872HAA9Xby/4balDvUJxP
96EwsOwTft4alnmm+kayfxc76gdEF9I9DKZsY00SjHul+s9k/3sO1M9p/5bu8fCpJ2t8oOd71TeW
/Rc4UZ9w08Lm4/0cHPKVpQ1/bqBTaZv/9g6yf2MX6m/M/pTu1mGs20HWHIXJ5VXfRPbP6Eh9Obuq
dG8OXYJZEwqDqqm+qew/ujv1bdJr0t0XdnrCmiKYV1v1jrJ/ud7Uj/BvQPdf4OSDrEmDifaqbyb7
bx9I/XLLpnQ/Cl3qscYB1m6m+uayv+dQ6v/c1JLuL+G7fS3x78OkVqr/XPZ/+j31+d2+ortdd/av
QawZBn3aqb6F7L9sHPU18tzo/jVcXMQay054Hzur3kn2dwqhvluEB93Hw3prWBMLo3qqvqXsfz6U
+uCm3nSPg+GurHGHLn1V/4XsP2ke9b+fGkT347DqrUHYHV73VX0r2b/qYurPBn7L7z/0nc2acBj6
neqdZf+kFdQXlx/F738Fdn5n1nhCt9Gqby37D1hDfZOE8XQfCLueYE0mPBqk+i9l/9cbqB/oPYXu
P8Afh7MmEA6bpvo2sn/UNurnvphF9y3Qq+QP/LwVNGGqd5H9v9pNfeLy+XT/G1psmo/vDYxZqPqv
ZP+rKdTfbLWE7pWd2WPurPGGbstU31b2n3mY+k+zVtLdGd6/z5rnMHeV6tvJ/rX/ot5lSjTdA+DP
C1gTCeetU72r7P9HJvXf28TSPRou6cma/tBjs+rby/5Ds6lfkbyd7idgwinWXIQZO1TfQfY3OdSn
+e6h+2N4ZSxrgmHgXtV3lP1/f0D9kzcH6F6tmM0pe5Cft4Zl/lC9m+zf+Rn1NaPT6d4O5m5Lx+8W
jDuq+k6y/91X1Hu0P0n3GdDO6yR+t6DnadV3lv3nvac+5OZ5fv9hjeeseQvzL6i+i+zfqPTPH/sN
s6/QPRM2XcGaaBh5TfXusv/x8tSfq3+bP/d27Oq+rPGD3ndV31X2H1WN+neH8+jukM6mZLEmB2Y+
Un032b9sHeqb+j+n+2BYEMKaMBhcoPrusv82e+oHWRbRPRhOqMqa2rDSG9V7yP69mlE/b9MHuh+E
j5NYkwaTStj+t+8h++e3on53t0/ofgGeHciaYbB/WdX3lP2XtKP+1oMKfM9j+73G36YiW1hJ9b1k
/8+7UG8VUZ3un8N9CaxJhvG2qveU/c/1pP6rpnXp7gsDvmaND/Sor/qvZf+gvtSPOtWI7tFw4F3W
5MOcxqr3kv2rDKZ+ZWBzuv8bxHZYxJqVMLyF6nvL/nu+o/5w+dZ0fwE32rGmGazfRvXesn//0dQ/
3elK97oJ7M/prDkN0zqovo/s/08Q9bW93eneBdr4syYQDuum+r6y/6pp1Pd40YvuITDDwpOft4LG
S/X9ZP82YdRPWd6P7ltg6mbWJMLYAarvL/tnL6R+Y6shdD8PW/Ucgs8t9PhG9QNk/+nLqD9/cTjd
S2SxLo+G43ML80aofqDsX+tX6t+HjKF7oynsyEVjsD8MD1T9INk/dR31jjaT6O4JKzuyxhk6BKve
R/b/ZjP1PsnT6b4QWp1izUWYMVP1vrL/+x3UL/D9ke7JsMU41kyDgXNVP1j2X7+X+j1vwul+DyaX
j+DnbaHVT6ofIvu7/UF9zppIft3R7NpdrEmFictV7yf73z5Kffn2Ubwb/GI0a4LgiN9U/43sP+c0
9W1vrqf7GOjTOoafd4VOG1Q/VPa3v0h9wOwtdP8NNt61Ba8fxm9V/bey/7Fr1P9SP4HuB2CtoAS8
/zBwl+qHyf4j71Kffngf3W/APgWseQufJ6v+O9n/k8fUPxt+iD93/qxfyiH8bsCkNNUPl/3jCqiv
Y3mc7v3hDtfj+N5B1wzV+8v+Pd5Q33PTGbqHwkXFrLE8yxadU/0I2f9RieUf+6ndsui+HsZOZ808
OO2y6r+X/X8qS33sg+t0vwqrtriB3aHDLdWPlP2bV6b+7/Bcur+Ev27NxfsG4+6rfpTsf9aW+g9N
8vlz05Qt7cUaH+j5VPUBsv+E+tQ3O/WS7kPhGotCfO+geaX60bJ/JQfqfQOL6T4ddtxSjO8djHun
+jGy/64W1C8sb1Hj430rHNeE/f//qLEOpWr8tx8r+/dtQ33SznJ0vwfXprHmNEy1Un2g7P+yA/W3
e1ehe0Vvdvq3rAmAftaqHyf7r+xGfYUXNejuCEubmvy8FXxbS/XjZf8vvah3XW5Hdz9YZwtrEmFs
Q9VPkP0vD6B+dKsmdI+A1bqwxhO6Oao+SPaf9g31qy460f0sbPSANYUw9wvVT5T9a3xP/ZEQF7rf
h5PnsSYShrVV/STZ/0Ag9S+qu9G9ug17oTFrnKBDZ9VPlv2HBFNfN7k73TtB/+OsyYRHe6g+WPZ/
O5P6Xr696R4CewewJhgG9FF9iOy/di71094MpPtGaMoMYitBS1/VT5H9/0dFnUflgH9xHP8i5Cdk
bCEKISOGxIQoI2TGEpoRsm+NNYORLSFqyDpZhpARskTIHkK2hBCyTraEELJkyvyOez/3HPev1x/3
eR/O83n6us+nftPqfnRPhZW3sSYexgxQ/STZP2Mp9VfdhvHvrhW7qDNrfGEnf9UHyv4zV1Fv7o2m
uwOMeD0av1uYPVb1k2X/mn9T32DGRLr3hT8sYs1KGD5J9VNk/5NbqO9jP53uoXBbY9a4QZcZqp8q
+w/ZRX3Y8RC6x8MuV1hzB6bOVf002b/oQer3Dgqn+224YBxrpsGAhaqfLvtvSqT+QZEIultasGPK
ssYWWi9XfZDs73WWeuuNq+nuCrfuWY13C8atUf0M2f/pJepbtd9A99/gmx4b8G5B742qD5b9592g
fsSTrXRfDw+934rPb2M/blf9TNm//j/UrwjbTfez8OBy1kTBiHjVz5L9UzKpP1XvEN2zYefmrPGE
rgmqny37j35J/Zvk4/x+nGezbx7HuwXTT6o+RPYv/Z56u1Hn+N+FnlNZEwKnnVf9HNl/ZwH1nUpd
pvtw2MT2Mt4taHNV9XNl/25F//zST9mRzu8HbHGENWfhgVuqD5X931hRv7lrBt3T4Uq/DLxb0O+B
6sNk/z/LU5+W84TuFq/ZhZ+f4B3LwjvwVPV/yP4uttQXWvqK7s4wYN0rvFsw8rXq58n+12pR37DJ
B3534W2PD3i3oFue6ufL/r/Xp94v7TPdZ8AV9z/j3YIZpsrXfbjsX6kJ9X9MLEb3WLhvNmvCYbCl
6hfI/gdaUL+vYmm6Z8ELtVjjBO2tVb9Q9u/9A/UP91ege4UDbL3TrEmFSZVUv0j2/7cj9WV7VaN7
Y1h2GGsC4BA71S+W/SO7Ud/6kwPdB8CHxWvz58tDi7qqXyL7t+pF/cjVTnRfC/ttYU08jGmo+qWy
/70B1K90c6F7Avz5R9b4QK9mqv9T9p/hT/3puy3p/gx+fMaaXJjVSvURsr99APVvg9rS3W4Guy6c
NSthWDvVL5P9j0+i3t7+J7p3hq4NWOMKnTqrfrnsP3gG9Z2Pd6f7aBhwiTXpMMVH9Stkf4tQ6qcO
6k33vXDtWNZMg6P8VL9S9t+4kPqYIoPongy/K8saG2g1RPV/yf7tl1N/LfpXulttZPN2sSYBxo1U
/SrZ/8ka6gu3H0f3WjCmB2v8oPd41a+W/cM2Ut/oSSDde0CH3EB8fjJ+B1NUHyn714ulvm9YMN3n
wIxlrImCEbNUv0b2T46nfl69MH43oHGFntBlnurXyv6jEqjfn7yI7rehRzprHsG0JapfJ/uXSqL+
8cgVdK80in0dyJoQOOEv1UfJ/jvOU/9NqXV0bwtXVGGNA7RZr/r1sn/Xq9S779hE93HQ/vAmvFvw
QIzq/5b9c25RP6rrDv7dwsJ9WeMP/eJUv0H2X/KA+lU5e+l+HoYVsMZyH5u/X/XRsr/zM+rPLDnC
7wbsuu4I3i0YeUz1G2X/q6+pz3U+xe92E7ajB2s6Qbczqt8k+0/Mo75GWgq/H/DUfdZkw4yLqt8s
+1csFPGl7zoxje6T4a+zWBMOg6+rPkb2329J/bSKd/jvDto6sKYRtL+n+i2yv6819Vv2P6T7RfjL
KdakwsTHqt8q++dVov6673O6F+rFjh/GmgA45IXqt8n+q+yot/j0hu6OsFXxt/x5a2jxTvXbZf+W
dalvvPoTf//wWAxr4mF0vupjZf87Danv51a46pf7XDikI2t8oJdF1a/7HbJ/UDPq598tQfdYGPCc
Nbkwq6Tqd8r+dq2pPxhUlu7PxPmsiYBh5VQfJ/sntqM+064y3UvYszkNWOMKnaqqfpfsP7Az9eWO
29P9e9jyImvSYUpN1e+W/Qv/TL3HIEe6D4X2AawJhAHfqn6P7L/Bj/rRRRrRPRI2KMsaW2jtrPp4
2d9zCPWro7+n+wn4v92sSYBxzVW/V/Z/PJL6s+3c+XuHa3qwxg/6tFH9Ptk/dDz17zLb073OE7bc
u/b4fAf8DrxUv1/2d5xKfc2wLnTvAJsuY00UjPBW/QHZ/9ws6r3r/UL3qfBeM9Z4QFdf1R+U/UfM
o356cl+6b4RpN1iTAdP7q/6Q7F9yKfVbRw6l+y343WTWhMDA4ao/LPtv/4v6G1aj6V68FJtamTUO
sPxY1SfI/p3XU190xwS614NZh1mTBBN+V/0R2f9lDPXOXafR3Rd292ONP/QLUv1R2X9xHPX9c2bT
PRQuKBaC3y20nKv6Y7J/4wPUhy+ZT/eT0DOKNdth1ALVJ8r+V45Rf8j5T7pnwqEerOkEPZap/rjs
P/4M9U+urqJ76TR2y33WZMNHkao/IfuXv0R9+Yl/070V/DCbNYthcLTqT8r+e69T36biVrr7w+G1
tuLdgvbbVZ8k+/9yj/qx+3fRfR2seYo1qTBxj+pPyf4fHlMf6XuQ7ufhu6EH8W7BIYdVf1r2/+sF
9efyEun+HG4pfhz7Q4uTqj8j+7d4R/37VWfpXmk1+3TzWbxbMDpZ9Wdl/9v51Du4pdL9J1j5x1S8
W9DriurPyf7TLJZ96bvdvUH36bD3sxt4t2DWTdUny/7VrKgPCvqH7rFwfjhrVsLw+6o/L/sfLUf9
Nrsn/HcPlzs9wbsFHZ+qPkX271+V+puJL+lucZwdf+kl3i2YkqP6C7K/qUV9sUHv6d4Ipox5j3cL
jvqo+ouy/9/fUt+kyGe6+8DhZVljC62N7df9Jdm/rTP1A6KL0n0GtNnFmgQYV1z1qbL/o+bUL2xX
iu5HYOEerPGD3mVUf1n2n9OG+sOZ5emeDc+/ZU0+zKmo+iuyf52O1GeF2tK9fBg7bRlromBEddVf
lf3PeFNfoZ4D3btAu2as8YAudVSfJvv7+1LfNrk+3QPg9ZuseQTTG6j+muxfYgD1ASOb0H0JnB3I
mhA4oanqr8v+24ZTv8aqJd1TYdsqrHGANq1Uf0P27zSW+uTYH+heAG8cYk0SjPdUfbrs/+J36j92
+ZHuVbuy3fuyxh/6dVL9Tdl/YRD1tXO60b0DLFTAGsvu+B30UP0t2f+7udR3X9KL7kFwwTrWxMDI
Pqq/LfunLqB+hvNAum+GYe6s8YIeg1V/R/Yft4z62Kv+/L1B70x//G7hoxGqvyv7f7OG+lsTAuhe
dCI7cxZrwmHwb6q/J/vHR1NfvGIg3b+H12qxxgk6TFH9P7L/z9upd9k/g+5+cEASa1Jh0kzVZ8j+
7/dQP9A3lO5zYZlhrAmAQ/5Q/X3Zf8Vh6hflLaT7CXi82CL+vDW0WKL6B7K/60nqE1Ytp/tbmByz
HL9bGL1S9Q9l/5vJ1D9tuZbuFd3Yz16s8YFeUap/JPtPuUJ9xbsb6e4OJz5nTS7M2qz6x7J/1VvU
ewbF0n0s/HV+LN4tGL5T9Zmy/5H71I+z20v3KFizAWtcodN+1T+R/fs9pX5tYgJ/73DLhQS8WzDl
qOqzZP//cqg/PzCJ7p9g1FjWBMJRp1X/VPaP+kh9XuEUutcuwrpYs8YWWl1U/TPZv41Z/qWvE32V
7l6wwR7WJMC4a6p/Lvs/KE59j3a36T4BDuh+G+8W9L6r+mzZf3YZ6oMzH9B9I3TMfYDPP8Q78Ej1
L2R/h0rU7wh9RvdMOC+CNVEwIlv1L2X/09Wpv+34hn+3sF+zN3i3oEuu6l/J/sPrUG+ZnEf3lrDG
DdZkwLR/VZ8j+1s2pL7pyELVvtz7wvuTWRMCA4tU+7p/LftvaUr9YKsSdA+FsyuzxgHalFT9G9n/
x1bUL461pvsBmHOINUnwwDeqfyv7P/ek/kgXG7q/gGf7sMYf+lVRfa7sH96J+mev7OheNoctWsAa
S3v2Yw3Vv5P9G/hQb7OkLt1d4f01rImBkfVU/172v9SH+nbO39F9KPzVnTVe0K2x6j/I/gGDqf/t
ajO6R8PhGazJhhmuqv8o+5cdSf26Ca3pfg36z2JNOAz2UH2e7L/7N+ovVGhP9/fwmnN7/L9hIy/V
f5L9e0yh/tO+znS3288uOMWaVJjUVfX/yv65M6mv6/sz3bvDYUNZEwCH9FR9vuy/7A/qffL86D4J
1ijelz9vDS36q75A9m+2hPpZq4bQfS/cuJk1cTB6mOo/y/7pK6nf2XIU3dPg+I6s8YFeY1T/n+w/
OYr6O3fG8+/2LtvyGWtyYdZE1RsL7F8lhvoSQVPp3hhunc+aCBg+XfWF0E88vJP67+1m090HjnZi
jSt0nKP6wuiX+e2nfkjiPLr/BUtdZE06TAlXfRH0ewuOUr9k4FK674NJY5bi3YKjIlRvgf7a2tPU
Hy28it8d2MmaNbbQKlL1RdG/c79IffaG9XQvE83W3MWaBBi3QfXF0Fe4f436yu220L0DXNF9C94t
6L1N9cXRN511l/r2mXF0/w32f8uafJi7W/WWsn+tx9SPDz1A9/Ww1HLWRMGIQ6ovIfsnZVMf5ZhI
9/PwclPWeMBGJ1T/P9l/aC71F8+dofsn2PvGGbxbMO2c6kvK/sXyqf93xCX+ux3J1g1kTQiccFn1
VrL/5iIrvvSOVjfo3hP+U5k1DtDmpupLyf5eJan/OfYe3YNgn0P38G7BAxmqLy37P/uG+tldMuke
B/v6scYf+mapvozsP78K9XGvXtD9ETySzxrLl/gdvFK9tezvVJP6u4vf0b3kEjZ48zv8bmH0B9WX
lf0v1KP+f84F/O7Ale4FeLegx3+q/0b2H9OYeterFtW/3P3hj/dZkw3vFKv+dV9O9i/TnPqhE6zo
vgJOnMmacDittOrLy/5xHtQvrVCe7kmway3WOEH7iqqvIPt386L+2L6qdM+CVZJYkwoTq6m+ouz/
tiv1L3rWontNX3bPUNYEwCG1VV9J9o/oSX2VvG/5e4ODitXnz1tDiwaqt5H9m/anvsMqZ7qPgbmb
WRMPo11UX1n2vz6M+gktW9A9Ck72Yo0P9HJTfRXZf9IY6v++04buF+Avz1iTC7Paqr6q7G/zO/WX
pnfk/zc8O481ETDsJ9Xbyv4Hp1OfX70b3RvZsVlOrHGFTj1UX0327z2H+nqJvnT3hk0usCYdpvRW
fXXZPz+c+p4DB9A9BD4cw5pAOGqQ6u1k/zUR1IcU9qf7NjipDGtsoPUI1dvL/q0jqd+1YSzdr0P3
XaxJgNvHqb6G7P/PBurveU6iu1U79nk31vjBTpNVX1P2D95GvVVmEN3bwvVvWZMPc4JVX0v2r7GH
+uahc+neF7pGsCYKLg5TvYPsf+IQ9cMcF9J9LbRsxhoP6LJY9bVl/8EnqP/z3DK6H4MbrrMmA6at
UH0d2b9oMvXHR6yh+2P4MpA1IXDCOtXXlf03Xab+ZcmNdC9nxRatzBoHaLNZ9Y6yf4eb1FeN3U73
zvDGIdYkwQM7VF9P9s/KoN6rSzzdx8LhfeLxbkHffar/Vvb/I4v6318d5u8fNi1gjWUCfgdHVF9f
9v82h/oNi0/S/RK8t4Y1MTDylOqdZP/zH6hPbXye7oWc2Snu5/FuQbcLqm8g+4/6j/qCK1foXucq
65vBmmyYkab6hrJ/6eIrv/T1J9yiuw88NpM14TD4juq/k/13lqbet8IDui+AS2s+wLsF7R+pvpHs
712R+jn7ntL9KGydxJpUmPRc9Y1l/9fVqN/d8zXd02HhoawJgAPeqt5Z9l9am/qMjx/pbpPHBhXL
w7sFLf5VfRPZv0kD6kutMnZf7u3hhM2siYfRhe2+7l1k/zQX6lu0tKT7r7B0R9b4QK//qb6p7D/R
jfrhd8rQfTWc85Q1uTCrrOqbyf6VPKmPmF6J7ikwYj5rImBYZdV/L/sf+In6E9Xt6P4ehjmxxhU6
1lC9q+zfqwf1r47VoXvFRLbKJdakwxRH1TeX/T/1pt52YEO6+8D8MawJhKMaqb6F7L96EPUdCzej
+xhYqCxrbKGVq+pbyv5uI6iftKEV3SPhxTjWJMDt7qp3k/3vjqM+2rMd3a/Avd1Z4we9O6i+lewf
NJn6y4870b1oJruogDWWnVnrrqpvLfvbz6T+81wfujuHss+jfPD/hlG/qN5d9j8eRr2Tox/dh8FT
nqzpBD36qd5D9h+0mPpe5wbTPQRGvWZNPsweqvo2sn+RldTPHTGS7jth5ciR+LuDkaNV/4PsH72O
+j0lx9M9HcZ5jsf/H3pMVH1b2b/dZur/T3WdR/Wcf3Ecf2dCsjVTZjLKhKgZW/Z1xpZthJBkD6Gs
ITRkzzJE2Yts2RVTlF22kH0rQvaYGMrYyjq/n3tf9xz3r8eZcz/Po/N9fb+f3/ndj5tA90Lb2c8P
J+B3BzNDVO8u+z/eQX2JDtPpXgOGhLImDE4NVX1L2X/2buob5f5J9+GwYoe5eH/ANmGqbyX7/5xM
vX/EQrqXiV9E3rRajO8NtFyq+tay/5kT1C+rEUX3Q/C3AVH43cFeK1XfRvYfep7641fW0v0ZfFdg
HX530KxXfVvZv1g69S/GbKH7T0Fsq3Vb8P2F0dtU/7vsvz2TesdS8XRvAkd1Yo0P9Nip+nayf4cs
6tvt3kP3cXDn7T3YH2bsU72H7J/7D/XB3Q7TfQ28OJo1ITDoqOrby/4Rr6jfmH+S7pdh8Len8P6C
zqdV30H2r/mB+itRF+j+HqYlXMD7C8ZdUn1H2f9qgagvvWl0je7lYGCXa9gdemao3lP2D7Kmvmrm
bbp3gt+9vI3fP3x9V/WdZP9S31HfY9Ijus+EHRY+wu4w4m/Vd5b9d5emfnbZ53RPhDdrsqYxdMtV
fRfZv1s56pMOv6b7I1j06mv87uGlt6r3kv3zXal/4PuR7iX6sSOCPuJ3D4M+q76r7B/lRn3JApZO
9P6Aj+3Y//8fLbZKIaeve2/Zv1F96huvL0r3njBzF2sOwvjiqu8m+2c2oX6Iuy3dV8PobqzxhV6l
VO8j+09qTf3yRz/SPRlWy2eNZRn2tYPqu8v+ZTtSnzKrPN2fQ+9I1myAkc6q7yH7H/am/l+XX+ju
6MpWcGeNJ2xaRfU9ZX/fPtT/dLoG3VvC/u9q4Pma+Ptrqb6X7G8xiHqPIQ3oHggfTGdNGJzaSPW9
Zf+Y4dT/UbQZ3TfBbWVZ4wqdWqi+j+zvPpb6TXFt6H4T2h9jzTl45HfV95X9H4VQn9bek+4FO7B/
9WGNP+zVWfW+sv+sUOotcrvR3QXW/MaHny8GLXuovp/s7xJGfbWIvnTvBhdt6IvvLdzQT/X9Zf/U
xdT3rDGY7nNgXMvB2B+6B6h+gOwfsJL6OVdG0H0rXJDFmhfwXqDq/WR/6/XU7x4zju5PYZdZrImA
ocGqHyj7x26j/qHdZLqXKMVWdWGNG3SeqvpBsn/7ndTb7J5J919hzknWXIIps1U/WPbP2Uf9r93m
090XDvZnTRD0D1e9v+wffpT6oflL6L4Kli26lJ+3g1bLVR8g+7udpj4yKprue+HKhGi8v2DcatUP
kf0vX6L+RMMNdH8LvxvMmkDot0n1Q2X/0RnUv7wVS/fvM9mg/Fg8H4ff/3bVD5P9be9R7zRpF907
wZpLWbMWLklS/XDZP/Fv6tuXPUD3GXBnLdb4QI9Dqh8h+3vnUj/h8DG6R8Hc9GP43sK0FNWPlP3z
3lK/2fcM3W9Av6AzeG/BoHOqD5T9Iz9Tn25xhT9/uMzuCt5b0CZN9aNk/waFVnzpC6y/Qfe6sHvi
Dby3YOIt1Y+W/W8Wp766+32694RZ3qzxhV4PVT9G9p9Yivpej7LpvhiuysvG80+w/1PVB8n+Do7U
z531gu4HoUvkC7y34JKXqh8r+x9ypn6PSz7/7wb0rJ+P9xas/V7142T/vlWoz0r9j+4lT7MXbrAm
C2ZYlPu6Hy/7m9rUfzukMN2rwOQJrAmFwUVUHyz7r2tEfZOiJek+HH5yZI0rdPpW9X/I/s1bUD8s
7nu6r4TLn7LmBcy2V/0E2f/h79RHtS9L90MweBRrQmCgk+onyv6hnak/mVOR7k9hrQKV+Pli0Liq
PkT2r9iD+tfhVenuGMGmrmNNHFxbXfWTZP+T/agvV6MO3TvAas1Y4wEb11P9ZNnfP4D6Dlca030y
7PiQNc/gvd9UP0X2LzKK+olj3Om+Ed4IZU0EDG2l+qmy/7Zg6rfaedD9KuxfiTVu0LWD6qfJ/u2m
Un8tqQvdC+5md55izSWY0lX102X/Z7Op/6ZbT7pXhFFDWBME/XurfobsPz+cerf8/nTvDfOtBvDz
dtBqoOpDZf9qy6nvEzWE7jNh3DbWJMItw1Q/U/a/uJr6eQ1H0z0WFm3HGi/YJkj1s2T/UZuo33vr
D7pnwQnPWZMPn01U/WzZ/7sd1D8KmUZ3+0msexhrlsA5M1Q/R/bflUS9bdk/6d4IetX8E99b6DZP
9X/K/l6HqG96OILu4+ClsgvxvYH2i1U/V/Z/k0L9cN9Iuq+BPaexJgxOXaH6ebL/snPUr7BYy/8u
/NGWNQ7QJkb1YbJ/vTTqT8VspvsT6L6bNUdg4lbVz5f9M25R/6bFX3R3cmc/dWWNL/RKUP0C2X/C
Q+rLP9pN95ZwUh5rLPewr/eqPlz2L/MP9R1nJfP7A65dloz3FlxyRPURsv/Bl9SHuJyk+2Z4tj5r
3GH9VNUvlP17v6d+W+p5ut+EbTNYkwXTLqp+kez/2WLll/56QDq/P4awsSHp+N7C4OuqXyz7rylC
vWXR2/z+gI8dbuP7Bx3uqn6J7N/0W+prxGXR3Q+GH2JNKjz4WPVLZf/79tT3bf+M7gthyd7P8N6C
PjmqXyb7z3CiPiznFd0T4MKCr/G9hZZvVb9c9nd2pX5f+Ae6P4D11nzAewtGf1J9pOx/ojr1j92+
KU/vrRpsXhPWeMCmBct/3UfJ/oPqUW93xZru7nBd6aL8vBO0K676FbJ/4SbUNxvzHd2Hw/0rWbMB
RtqpfqXsv6UV9SPsfqR7FLzszBo36Oyg+mjZv20H6lcmlaN7Cgw+wZpLMKWC6lfJ/k+7Un/a+2e+
d2NvDsR/B0K/yqpfLfuH9ab+bZ4b3V3y2aRCNfh5G2hZS/VrZP+qA6mvEFWf7u1hs62sSYRbGqp+
rex/YRj1ng2b0j0IurRljRd0b676dbL/yCDqJ99qTfe/oPMT1ryG2W1VHyP724RQHxvSke7noH9Y
R+wOwzqpfr3snzCD+gzHbnQvVpYtV5k1taFrd9VvkP07z6O+4OE+dHeF7mmsuQfTfFW/UfZ/tYj6
Wr6D6D4IZo5gTTAc5q/6TbL/0hXU+1qMoHsknGvDGgdYLFD1m2X/ujHUz48ZS/cDsHk8aw7C+PGq
3yL7X99K/f4Wk+j+AKZ3Yk0v6DlF9Vtl/+AE6rOzQulu/Yg99SoUz89kX8xS/TbZv/Q+6kvNCuO/
Gx49E4bfH0xZoPpY2X//Eeqbuyzh9wd0/Y01bWDjZaqPk/17plI/MnUl3VfCxhmsyYIZq1S/Xfb/
eJH6VQHr6X4EZo9nzVQYtFH1O2T/1depP2MdS/d8+NQ+Fu8taLdd9X/J/k3uUp8Xu5PulePYkH07
8bnBxETVx8v+9x5T79x+P91bQ++e+/Hegj4HVZ8g+0/Lob5zzlG6z4IeH1ljdYzNP676nbJ/+bfU
Twk/TfcEeGgta+Jg9FnV75L9j3+iPs7tMt3vw85NWeMBm15VfaLs71cw+kt/43IG3T/AyHuseQYz
b6o+SfYvWJz6wmPu0b0etJ52D+8tGPJA9btl/8121Ne2y6Z7f9jdmTVu0Pmp6vfI/m0cqO+XlEv3
CNglJRe/H3jkX9Xvlf2fVKB+gXcef3+h+0DWBELfd6rfJ/vPrUz9gbzP/L2HdRz+w98N7S0qfN3v
l/0r16L+SWQhupeKYmt/U5ift4KmiOoPyP7nGlL/fcMSdK8Hl/VijR/0sVH9Qdl/eHPqW9wqRfcA
OM3me37eAdrYq/6Q7F/id+oDQxz534XHd7JmL4z/SfXJsn98J+pXO1ak+wE4rStrekFPF9Uflv07
daf+bHIVuj+DIXlV8HxV9kU11R+R/V/6Up/ftzbdy/mytUexJgQG1lX9Udl/sT/1FS0a090THrVp
jM8P2vym+mOyf+1A6rvEtKD7FNg/gTUHYXxL1R+X/dPHUz+1RTu6x8K4zu3w+UHP9qpPkf3HTaF+
e1Znul+Gvq9Y8xG+8FL9Cdn/h9nU35zZg+4Ws9gei1kTDSN6qf6k7L9vAfVWLv3p3hiaOrAprO2n
+lOyf49l1NdJDeB/Fy5LZ809mDZU9amy/4dV1PcPGEX3ebDiH6wJhUFjVH9a9o/eSH249R90T4AB
pVnjDO0nqv6M7P/rduoPxU6l+1O45gBrUuDe6ao/K/vfSaT+qcccupdoz77oyRp/6DNX9edk/ykH
qf8hJ5zuLWDif+F4/0Tge7BQ9edlf6cU6t3Dl9N9PEx9zprXMDtK9Rdk/2NnqR/ttobuG2HdIWvw
u4N+61R/UfYfcJX6NZc30f08PFlgMz9fDJqtqr8k+1veov7c6B10/wRfxrAmDq6NV/1l2X/jA+rf
2e6mu6sd27jPbvzd0Gev6q/I/q2eUu+SdIjuPrDy00P4/GD2YdVflf3//pd6L+8TdA+FpwefwOcH
/U6pPk32n/OO+ml55+geD1cXOc/P20Gri6pPl/1/tlj1pd8RmUb3a/DkpjS8t+CGa6q/JvuftaI+
s0Em3Qs3ZLe0YY0XdL+j+uuy/zAb6ovcekj36tAn+yHeWzDrkeozZP/i9tTXDfmH7r3g4LmsWQLn
PFf9Ddl/x0/UD3B8RfflcGLlV3hvQdc3qr8p+3d0oX5h8nu674V7zrMmA577qPpbsv+LatQn9y3g
/OWeDUuMYE0wHGbp/HWfKfsvrEv9P8aa7iUt2HElWWMPixVT/W3Zv+Zv1NvHfEv3BvBJPGsOwnhb
1d+R/dNaUt+qRWm6B8L0LqzpBT3LqP6u7D+2PfVjspzoHgEDfyzHzztBuwqqvyf7f9+V+rUzXel+
Hc65xZosmPGL6u/L/nt6UX++khvdP0CPLm74+6FnTdU/kP19/Kh/f6oe3R1S2WF59fB8ffZ1A9U/
lP3fDaXeNaAJ3b3g51Ws2QKjm6k+S/ZfMYb6rtat6T4FzmjdGn83dG+r+keyf6OJ1E+P7UD3XdD3
A2ssO7L5nqp/LPvfnk79Xx7edL8BJ/VhjT/s5aP6v2X/yXOpv/28N90L57DFP7HGqg/7sa/qs2X/
nxZRbx0+kO4NYdHVA/H5wejBqn8i+x+Jor6e23C694EVf2NNG9h4pOqfyv791lHvdzmI7vOh5z3W
PIOZ41T/j+xfYCv1i0aH0P0gTJ7CmjkwZLLqn8n+6+OpP2wbSvdcOKk8a6pAp1mqfy77u++l/lni
PLrbJrFnjrHmHEyZr/oc2f/xYepLey+mexO4YsBivLeg71LV58r+s09R3zpvBd2DoG3Blfy8DXRY
pfoXsr/rReqDImPovhp23BSD9xbcsEH1/8r+p69Rv67BNrqfhDGtt+H3A93jVP9S9h9yh/oLNxPo
XvAW++hJAn73MHuX6l/J/kUfU/9x4j66u4awqWGsiYRzDqj+tewf95z6nx2P0r079Ol8FL876Hlc
9W9k//ZvqPdOTqX7ZNjA9jQ+d2hzVvVvZf/cj9TP6HuJ7jvhyIhL+Pth2BXV58n+EZarv/QJJoPu
12BOFdbUh643VZ8v+9coRv2ddXfpbhHDdrhzF587zLiv+ney/xVb6ou2+Jvu1WGFUawJhsOeqP69
7D+mDPX1s3L4vQlHOuby887Q/l/Vf5D97SpQP2jmW35vw71LWLMWRuSr/qPsn/QL9Ysrfab7Mbix
Lmuawtqm4tf9J9nfuyb1R04VpPsdGJzOmnswrbDqP8v++Q2of+5fnO6lAtj48ayZCoNKqv4/2T+q
GfVlrEvRvQnM/IE1TtDuB9Wbgti/YVvq28Q60D0IZu5jTQpMLKt6C/Rjb3lSP9bDme7b4bLurPGD
PpVUXwD90hAf6mOeV6b7KVjxM2usqrAfq6r+G/RJjr7UX1pQi+6vYVg0a7bA6Dqqt0SfnjyY+k/V
G9G9rBub/itr2sDGv6q+IPo3fUdS/8vl5nTvBFfeYU02zHRXfSH0pSzGU99t9O90nwybT2NNGJzq
ofrC6OvETKZ+pm1nuifCduVZUwU6eaneSvZvMYv6nYnd6Z4B16Z1x/cXpvVUfRHZP2s+9Xe79qO7
lTfrtIU18XDDANVby/4zl1JfLM+f7tVg2s8B/Hxt6DxU9UVl/0qrqG8YGUj3vnDYadZcgqmjVV9M
9j+1gfrBDYLpPgd6DgvG7w76T1B9cdnfP476JTen0H0/7FpqKj/vAG2mq76E7G+dSP3RibPp/hj2
3MGavTDuT9WXlP1jD1Cf4xBOd1tH9kJl1tSHVRaq3kb29zhOvUPyMrq7w/CLrMmA5yL/R6WdR+Wc
v38cfxsNRQbJMgoZSgjZMzK27NmLbAkhZMlkK7vsIkTZS1lKliHEWGKS7CFDxNiXr8xkZBtm+v1c
1+s6x/XX48y5Ps9zmvt1358zf4zqS8v+r85T32nwZrqPgk/GsmYqDIxRvY3sv/wa9ZPNdrpHw9+/
Y00FaL1T9WVk/3q3qY+L3U33NJi/Zzc+P5i0V/W2sn/mA+qvtjnI97bsiZ7454Gwx2HVl5X9g15Q
/9+jY3R3ecxefH0M7y2Yd0L15WT/Mq+prz0/jb+/sHAka2JgZLrqy8v+yR+o93G6SPelsG8j1rSC
rpdVX0H29zZbvvQLzl6n+x5Y5cZ1/P5h1g3Vfy/7vytK/YGAO3T/H7SafAfvLRh8V/UVZf+oktTf
t3pE9yLF2L/LP8J7C9o+Ub2d7O9WnvoSu/5H92Zw7q+sSYMpuaq3l/2zK1Pf3PNvugfAIgNY4w99
8lVfSfYPcaI+4NVHuq+F8VX+wXsL2n9WfWXZ374u9WuWF3L6cv8NNn7Bmjz4uLDT130V2f94Y+pP
17Oi+31YfCBr/KFPcdU7yP6+LajPyyxF9/JX2fqmND9vCT/YqL6q7F/gQX2liRXo3gzGr2bNRhhR
UfU/yP4xntR3LuNA90nwpAtr3KDLD6qvJvu39qJ+SnINuq+B/S+x5hbMqKn66rL/wwHUb/OuR/cM
WG4aa8Lg1Pqqd5T95w2j/tq7JnQv9p4NL9qUny8FLZqp3kn2dxxDfUHUT3R3jmaX7mRNMtzZSvU1
ZP/0idS7NGtP955wfEfWeMGOHVXvLPuPDKG+/+2udF8A+73qit1hbnfV15T9LedSvzDUm+4J8MBS
1kTCRX1VX0v2T1hMfbL9ILo/gwl1B2F/6DJY9bVl/84rqX9w3J/uFifYJZmsyYEXR6jeRfZ/GU19
ycGBdG8D7YJYMx1OGKf6OrL/shjq3U0w3QNhIVvWOEDbyaqvK/vX3Un9qNhQ3h2mXw3F3w8zZ6i+
nux/ZS/1a9vMo3sa9PJmjR/0mq96V9l/wmHq0x4t4c8fhr5bgueXsvnLVF9f9i99kvrXYavoXnk+
eyWSNTEwMlL1DWT//enUV3ZaT/cW8Fxj1rSCjTaqvqHs3/sy9V3OxtI9GH53kzX3YVac6hvJ/vk3
qJ8WkED3JNh9WgJ+/3DqLtU3lv3X3KV+u9UvdL8MB9uxpjq0P6D6JrJ/0yfUX09Mofu/MOVUCr63
MPWo6pvK/rdyqTeeqXSvBTsMZU0g9DutejfZf1o+9XVfnaW7L9xslYHvLbQ8r/pmsn/Fz9QPWH6F
7vPgtTjWJMH4q6r/Ufb/tXDMl35RvZt0Pw4d27LGE7bKVn1z2X9gceoPZt6j+23oc/8e3lvw/n3V
u8v+/9pQ/zDoKd2LTGQXzmXNMjj7uepbyP6bK1JfqsyfdG8IL1T7E+8t6JCn+p9k/1Y/UN8i+S1/
b6Bd2lv87mHqe9W3lP0f1KR+tPe/dI+AjUexJhj6F6i+lew/tz71Ue8satDfDZeX+Jb8//9QZK2L
1vi6by37V2tG/Zkoa7p/gCt3syYFJn2n+jayf1or6v92s6V77WasRXfW+EDPcqpvK/sP70h9ldt2
dO8FL+ay5gN8Xkn1HrJ/kR7Ue4ZWo/sEODycNdFwmaPq28n+O/pSH2Jfm+6xMKF7bfz90LOO6tvL
/p0GU7/jeAO6Z8B6V1mTAzMbqb6D7P+/EdRn+f5I9yKD2T0TWDMdTnBXfUfZf+k46r/8H3Rf7i6w
VxnW2MNSHqrvJPu7TKa+XmwnuveF25NZkwr3dVF9Z9n/0gzqB7bpSffp8JM3a/ygV2/Vd5H9x82n
fvEjH7rvhf0+ssaiH74H/VXvKfuXDKf+UJgf3W/C/etYEw8jh6q+q+y/L5L6x44BdC/pxLZvxhoP
6DZa9d1k/14bqS99djzdO8EPd8bjewtvBam+u+z/Jo76nwKm0H0UHBnKmjA4dZrqe8j+kbuoH2M1
i+6RcI0da5yh/RzV95T9Gx+gfl3iAv7dQYvjrMmAxxapvpfs//tR6tO7LKf7M9hkCGsCoV+E6nvL
/lNOU/8mdw3dK7xipxSwxnIt+zlK9V6yf4Xz1Dss30T3dnDL1k14b8GYLar3lv2PXKW+W71tdA+G
b/y34e+HfjtU30f2H5BNfWhmEt3j4OUnrMmDj/eovq/s//k+9TuDkul+De6Yz5oIGHZI9T6y/6bn
1N+wOUb3QmXYkTVY4wqrn1B9P9n/pzzqCyf/xrvB6PTf8N6CaWdU31/2/+M99a7eF+g+FM4axZpg
GHBJ9QNk/9kF1A96d43uEXB9sev8vC20vKH6gbJ/1aKxX/olUbfpvg+2SWBNMozPUf0g2f/0d9Sn
uD2k+3Po7fkQ73/Y8bHqfWV//3LUP8l+QXer22yhP1/gvQXzXqp+sOz/bWXqbUJf070ZPBXOmmi4
7I3q/WT/7Y7Ut7T/SPef4ZN6H/Hegi6fVD9E9u9Qh/qxx43zl/s2mH2VNTkw8xvnr/uhsv/zRtSv
97Wk+2n4ZjJrZsPgYqofJvsvdqf+bEFJun+EMyuV4uedob2N6v1l/1oe1OfHlKd7zVh23lXW3IIX
v1f9cNn/Qhfqq7apQvcesGYQa6bCwKqqHyH7j+1NffdHTnQPgYNL1ODnK0DrmqofKft/N4D66WF1
6b4dDk9kTTLc6ar6ANl/71DqExyb0P087NKKNZ7Q3U31o2T/HqOp/z29Bd2/OQsfsSYX3m+p+tGy
/+sg6i0C2tG9ETw9nzURMKyD6sfI/qumUV/fqivdveHijqzxgh7dVR8o+zecQ71vohfdw+D4dC98
b2FaH9WPlf2zFlG/tMtAuh+GB/0GYnfo56v6cbL/5Ajqj+QOo3suLF/AGkt/dCNUP172Lx9N/dPw
MXS3W85abmPNPhg/VvUTZP+ULdSXqfcz3X+EfTv/jM8Pek5SfZDs328H9a0yQ+g+Fv72LgTPh7L5
01U/Ufb/Zw/144Lm0n0VvB89F3833Bim+p9l/w2HqN9gs4Tup6Bv8yXYHbotU32w7O9+gvqMAyv5
vQMLXWBNFsxYrfpJsv/dM9S/9VpH94rebNNh67A/9N+g+smy/6xL1Fd7F0P39vCDRSw/XwpaxKl+
iuzvcIP6HlE7+f0BPeJ3Yn8Yn6j6qbL/qRzqZ7jto3si9OvAmh7QY7/qp8n+Qx9Tn5h9mO6XofVz
1uTBx0dUHyL7F86l/lbISboXDWXTl7AmEi46pfpQ2T/+DfXf2p+luyu85syaRtD5nOqny/7tPlHf
4PhluvvAk+cvY3+Ykan6GbL/02+2fukH+/5O99UwcQxrgmHALdXPlP0XFaM+vOAu3dPgvyXu4f0P
re+rfpbsX9OG+qMxT+h+D8buZk0KTHqm+tmy//nvqX/W+hXdS7Vhd3dnjQ/0/Ev1c2T/MVWpt32U
T/fOsHYeaz7D3Heqnyv7W9ekvk3YZ7qPgGY13Agj/lP9PNl/tyv14x0tan65r4BDGrDGHboWqfl1
Hyb7d3OjfmN6cbqnwzpZrLkPM0uofr7s/1dL6s+NLEP3N/BeMGtmw+Cyql8g+6/sQP17Szu6/2DF
zi7HGgdoW0n1C2X/Bt2pr574A927wpaHWZMKk6urfpHsf70P9T271KJ7MHzqwxp/6OWi+sWyf7Av
9TNz69M9CU7+yBqLBuyHhqpfIvuXHUF9Ungzut+EP25gTTyMbq76pbL/obHUZ9dtTfdP0MadNR7Q
ra3ql8n+fSdRXySzI93dYOZd1jyHtzqrPlz2/zCd+oZBPeg+BvafyZpFcHov1S+X/deHUT/Exofu
66ClA2tcoEN/1a+Q/Zsvo375gcF0PwqjU1lzEaYOUX2E7J+zmvpfvUby9xZuGcqaQOg3SvUrZf8Z
G6h//nYc3Su+Y+99M56ft4YmSPWrZP/KcdSXjZpM96ZwXzxr9sH4qapfLfufTKS+rdtMuvvD3u1Y
0wN6zFZ9pOzvt5/6Cdnz6b4BWj9jTR58vFD1a2T/Qkep3xQSTvfTMG4hayJg2ArVr5X9405Rf95u
Dd1fwCCXNfjeQuco1UfJ/h7nqP9wbCPdyx1ne55nTRbM2Kz6aNn/SSb1jr7xdO8IN42Jx3sLBmxX
/TrZf8Et6nsV7KJ7GBxlncTPV4DWe1S/XvavcZ/6WTEH6H4YjtzDmhSYdFD1G2T/jGfU7279K92z
4KlurPGBnsdVv1H2H/UX9bcfnqZ7AXyTx5rPMDdN9Ztk/2LvqS8adp7fW7DyStZshBEXVb9Z9k/6
j/pGjtf43xtmN2CNO3TNUv0W2b9rkbgv/dD0bLovhGHXWZMDs+6oPkb2/7ME9StGPqB7Ksyf9gDf
Wzj1kepjZf8VZak/ZvmC7g/hu7Iv8N6Cti9Vv1X2d61E/YuEPLqXT2QfHc7Dewum/K36ONn/anXq
y3f5QPcG8KwPa/yh1z+qj5f9J7pQ75FbQPcpMPcjayxMLfJDoVpf99tk/zKNqA8KL0r3WLh4PWvi
YbSV6rfL/gebU7+5bkm6X4Wt3VnTEbqVVv0O2b9PW+ovXilH9zyYm8Oa5/BWBdXvlP3fd6b+44TK
dLcLYhNmsmYRnO6g+gTZP7oX9U42TnTvB4tXYY0ztHdWfaLs36w/9b0P1KH7XFj6FGsuwtR6qt8l
+98eQv0cr8Z03w5XDmFNIPRrqvok2T90FPV73rrT/SacVbgFP28NTUvV75b97YOov7PWg+7WUewf
caxJgjHtVb9H9j8xlXpLN0+6u8Hd7VjTA3p0U/1e2X/wbOqbZPem+0Do+ZQ1efCxt+r3yf5mEfXD
Qgbw5w9LLWJNJFw0SPW/yP6xK6iPsBtG97Mw3pk1jWD14arfL/u3iaL++LHRdL8HbS+wJgtmBKr+
gOz/aDP1LwdNpLuDL1t4DGuCYWCw6pNl/7Dt1FcomEb3ZjDJOoSfrwAtp6v+oOzvuIf6djFz6D4R
jt/NmhSYNE/1h2T/swepn9h6Mb8/YO3urPGBnktVf1j2DzhOfczDCP78YdZfEXhvwbxVqk+R/a3O
UH9pXjTdX8PglazZCCPWq/6I7J94kfp/qsfQ3ckRNmCNO3Tdqvqjsn+XLOprpO+gex94+jprcmBm
gup/lf1z71DvNXIv3efAzlF78buDkb+o/pjsH/6I+rmWh3l3WKocaxyg7RHVH5f9676kfm/CCbrf
gQ8OncB7Cyanqv6E7J/5N/U5ndPpXqILG+fDGn/ok6H6k7J/0D/UW+VeonsLWOUjaywu43twRfWp
sr/NN/Ff+qbhN+g+Gr5Yz5p4GH1T9adk/wNW1PvXvUv35XBB87t4b0G3P1R/Wvb3Kk39yiuP6b4f
tr3Lmucw56nqf5P931ag/sSEXLo/hc9m5OK9Baf+qfo02X+tA/W5pfPpXsGGjarCGmfo8E71Z2T/
ps7Uf3/gE93doVMqay7C1H9Vny77Z9ejvr1X4dr0+cO/hrAmEPp9W/vr/qzsH9KU+p/fFqP7Gjj7
m+L8vDU0JVSfIfvbtaQ+dq0N3W/AFvGs2QfjbVV/TvY/1p76y00r0j0fZniwpgdsZa/687L/oG7U
f7pVle61s9kDT1mTBx9XU/0F2f8/b+qdQ2rSvQNsspA1ETCstuovyv5bBlHfx64+3afA286saQSr
N1T9Jdm/1XDq5x1zo/tROOsca7Jgxo+qvyz7Pwykft+gVnTPgi3HsCYYBrRR/RXZf14w9Xf/60D3
EgVsVvGO/LwttOys+kzZv/p06ovHdKd7Q3hwN2tSYFJP1V+V/c/Mo96tdV+6j4Te3VjjAz37qf6a
7D9iKfXDH/rSfQEskseazzDXT/XXZf+iq6lfNW8E3Q/BrRGs2QiXBag+S/bfuZ761Orj6P4MBjZg
jTt0naD6G7J/p63Uvzozie7F0tk311iTAzOnqP532f9lAvUVR86ge2u4IZg1s2HwLNXflP2X/UJ9
B8v5dA+FfmVZ4wBtF6r+luxf5wj1kxKW0X0tLHyYNakwebnqs2X/y6nUb+0cSfd0mNQ3Eu8t6LVW
9bdl//EZ1F95uYHuH+CCj6yx2Mjmb1L9Hdm/VCb1n5fF0b1xONt8fRzeWzB6m+pzZP9fblJfq+4u
uneDp5qzxgO671b9Xdm/1x/U972yn+4L4bgc1jyHt5JVf0/2z39Kfdj/UVnnUTnn7x/H39YaQgih
r33JEkWyE7In2TNiMrYoNISyJiGEGEvGkl3IWCY0ZGrIyBZDaGiGCCFkxGSJ3891va5zXH89/rg+
z6Nzv+77cwScoPt+2Gcua8Lh7ATV35X9176g/nDZ0/y7hxnVWGMP7ZJVf0/2d3lL/d0j5/n98Qt7
OIk1l2DSRdVnyv63Cqi3Gvgn3VvBoSNZ4w+9r6v+vuwfVGzXl771m3S6j4HFivzFz1tBc0f1D2T/
yqWoH7vuHt1XwN077uG9BbfeV32W7H/Chvo1LbPpngQ7d2WNJ3R7qvqHsv8wO+p/T39J9yz48CFr
cmHWK9U/kv0LalP/Ivg/upebyYYvZk0kDHun+sey/5ZG1Fet+pn/buhizxpnWKdQ46/7bNm/Y3Pq
eyQUp7sftLnAmjSYYqn6J7L/vTbUTx9emu7rYUc/1gRCX2vVP5X953emfsenCnS/CcdaVeTnbaGl
reqfyf61elF/Nfp/dP8MbQ6wJh7GVld9jux/ph/1Ba516d6gE+vpwRov6F5f9c9l/9FDqW90vzHd
PeC2l6zJhzlNVP9C9i8+knqvBc50D4WHIlmzCUa4qP6l7L/Hl/qFddrRPRYucWJNO+jYQfW5sn+P
AOqPnO1C90dw2XXWZMCrXVX/SvZ/MoP6e2N7073cOPbjVNbMhgF9VP+v7L90HvWlLAfQ3RlerMCa
GtBmkOpfy/6NFlPfZu+3dJ8Mvz3GmiQY5636PNn/0grqx/X6nu4R8MMQ1oyGA0er/o3sP3Ed9Wuf
jad7MvwjnzVFJ+B74Kf6t7J/mS3Un474ge45cOhPrNkJN01V/X+y/6Fd1L90CKZ7hSZs8bascYOt
Zqk+X/bvd4B6uyshdHeHC/9mTTbMCFX9O9n/3zjqewWE0z0IjpjDmnA4e6nq38v+PyZQP6NsJN03
wj7VWWMP7Var/oPs75xM/c4j6+l+Bd5KXI/3FkzYoPqPsv+Ni9T/OSCaP3+4dSRr/KHPNtUXyP7T
r1P/OW833au+YXML7eHnraDZq/pPsr/tHeobr/uZ7l7w9I6f8d6CWw+p/rPs/+t96oe2PEb3lXC6
G2s8oWu86k1x7P/tU+oXpZ+i+z5Y6xFrcmFWouoLoZ/24RX1ccFn6X4HxixiTSQMO6f6wujXbnpH
fWaVy3S3rMoutWeNM7S/ovoi6I+2L7T7S186IY3ubaH7edakwZSbqi+K/sY/ltS3HZ7B7w/43wTW
BELff1RfDP2bedbUj//0gL+/MKxkFt5b0PKR6oujr1DTlvp10c/ofgrWOcCaeBj7XPUW6Fucrk79
GdfXdH8AM/qwxgu6v1G9pew/qj71uZnv+ft7n9338j3eWzD3o+q/kf2LNqW+2oLCDl/u/aFjJGs2
wciiDl/3JWT/XS7U965Tgu4z4SMn1rSDjlaqLyn7d+tAfdDZsnSPhVHXWJMBr5ZXvZXs/7gr9bvG
Vqb7DegZyJoQGFBV9aVk//A+1F+3qEn3byzZkhVYUwNa11Z9adm/4SDqzV57urvAo8dYkwTjGqq+
jOx/0Zt6h16OdB8Bk4awxgcObKZ6a9nffzT13z5rSfcQ2Ogda4q2YvNbq76s7F/Kn/rwiI78+cNT
G1izE0Z1Un052f/nqdQfdehO9/uwb1vWuMFWPVVfXvbvO4v6+6kedLe4wnbPYE02zPBUvY3snxtK
fZmAwXRvBRPnsCYczvZSfQXZf9VS6tuVHUH3cXCwK2vcYTsf1VeU/Zuvpn7CkTF03wRfJ7ImBSaM
U30l2T9tA/XrB0yk+1l4zIc1/tB7suptZf9p26hPzgvk3x0MLDyNn7eCZobqK8v+FfdS/2rtbLrX
WsdW3sGaWLh1ruqryP7HD1FfvWUY3XvC026s8YRui1RfVfb3iqfePX0Z3SeJD1mTC7OWq95O9n+X
SH1w8I90PwxLLP4R7y0Ytlb1/5P9fzpH/e4qG+l+Db6tvxHvLWi/WfXVZP92V6hPO7md7i+h93nW
pMGUnaqvLvv/fZP6QsP30b05bD2BNYHQN1b1NWT/uf9Q3+TTYX5/wzslj/DzNtAyTvU1Zf/qj6gf
Fv0r3efCFamsSYeXTqq+luyf9Jz6Ja6/030X9PBgjRd0P6P62rL/yDfUH8tMoXsGvPAiBe8tmHNB
9XVk/8IF1D8IvUr3IgvYCZGs2QQjrqm+ruy/o+ieL711nXS6d4ZNnNLxu4eOt1VfT/bvakV9h7N3
6T4dXr12F+8teDVT9fVl/0flqfcb+5g/dzhy6mO8t2DAE9Xby/6Lq1IfZfGS7ufgoAqsqQFtXqm+
gexvX5v6szFv6V4Abx9lTRKMy1d9Q9n/fEPqX/f8RPdKvdi9Q1jjAweaJl/3jWT/Cc2or/GsGN37
QYd89v//o8fmWai+sexfsg31fSJK0X0OTNvAmp0wqozqHWT/2E7Uz3SoQPfdMKQNa9xgq0qqbyL7
e/SkPibVju434IYM1mTD9Gqqbyr7v/Sk/sbkOnT/AA/MYU04nF1P9Y6yf6QX9YXLNubPDZ6sxhp7
aNdE9U6yv5MP9U2PNKd7X9g4kTUpMKGF6pvJ/tfGUT98QFu6r4K2I1njD33aq7657D91MvVL8zrT
/Re4plAXft4Kmq6qd5b9bWZQf3xtL7o/gSE7WBMLd7qrvoXsf3Qu9Vku/elepiXr2Z01ntBtoOpd
ZP8hi6gvlz6U7r3h24esyYVZw1TfUvbPX059x+CRdPeDYxexJhKGjVJ9K9l/w1rq/auMp3uwH5s6
dzy+P3C2n+pby/5tNlO/4WQA3ZPhyfOsSYMpU1TfRva/s5P6c95BdM+FJyawJhD6zlR9W9l/diz1
eQXz6G73ibUsGcLP20CrUNW3k/3/F0d9zejFdO8AU2NZEw9jl6i+vez/20nqPVxX0n0iHNeHNV7Q
fZXqO8j+Pmeon5W5ju5bYNFc1uTDnCjVd5T9C12kfm/oFrrfhw9XbsF7C0ZuVb2r7L/9GvU3a++m
u0Ud1tuJNe2gY4zqO8n+XW5TX+TsAbrXg32vsSYDXj2o+s6yf1Ym9Y5jj9LdF24MZE0IDDyu+i6y
/8In1I+wOEX3SLjdhjU1oHWi6t1k/3qvqF8Wk0z3OBh1JRnvXXjpD9V3lf3P5VMf3/MS3bNhkVus
uQfTUlXfTfYfb2K+9A+fXqf7N89Yj35p+P5A95uq7y77l7CkvnzEHbp3hYXtMvj5vDt4f/yt+h6y
//4y1Ls6PKD7eJg67QF+9zDwoep7yv7ulaifmPqU399wmMUzfO6w6HPV95L9n1ej/qfJ/9L9HIw6
wJo4GJOn+t6y/4p61KdYv6f7c1i8y3t8btD1o+rdZf+mTah/c7hQ0y/3akfY8GesyYVZRZp+3feR
/a+2oL7WgG/oPhi+WsWaKBhRUvUesv+U9tT3zbOmexBc2awsP98OOpZXfV/Zv3xX6uestaX7Vnj+
AmvSYHIV1XvK/nHu1O9zqUH3FHhzEmuCoH8t1feT/QcNpP7Wrfp0fw0TK9jz8zWgTUPV95f93w6j
vmhwU7o7wbpnWJMCE5xUP0D2Xz+K+mZVWtJ9AizXgzWe0K216gfK/q38qP/uZAe6r4FBqaxJh5dc
VT9I9v9rCvUR3t3o/iu092dNIPTtofrBsv+smdT/WtCH7s9gTikPft4WWnmqfojsbxdK/eMtg+he
IZp9foA18TB2iOq9ZP9TS6i3cR1O995wW1/WeEH371Q/VPYfsYr6Tpmj+fOH816yJh/mjFX9t7L/
5yjqJ4X60z0a2qxizSYYOUn1w2T/rVup31Q7kO7nYD+nQPx+oON01XvL/p1iqD+fPIvuH2DsddZk
wLQ5qh8u+98/SP3bMQvoXmMsGzuVNbNhwELVj5D9w45TX9tiGd17wG4VluH3A22Wq/472b9uIvX9
YlbTfTEscow1STBujep9ZP8//qB+bs+f6H4QzvJizWg4cJPqR8r+41Kp3/90G91T4W7r7fj+Qqud
qv9e9re8SX36sr10t4pg/e+zJhtm7Ff9KNl/79/UF3c4THdnmNjlML630PUX1Y+W/Xs9pL55ajzd
R8E6mfH43sKME6ofI/s/y6HeZ3IS3RfA4XNYEw5nn1b9WNl/eR71y61T6H4Urq7GGntod0H142T/
Jh+pP3n4Ct0fwQOJV/D+hAl/qt5X9r9SZO+XPrv/LbpbDGDv+tzCex96/6X68bJ/QEnqK+T9Q3cP
OL/QXewOTabqJ8j+ZctT33ntI7r7wuTtj/DegluzVe8n+x+pQv1klxd03wCru73A/tA1V/X+sv+A
WtRvvvWG7mfh0oesyYVZ/6l+ouyf14D6C0EF/P6GbRcX4L0Fwz6rfpLsv86J+v8qF3P8cq9bha3f
kDXO0N7C8et+suzfsjX1dU5a0b0HDLnAmjSYUlr1AbJ/uiv1/b1t6B4K44NZEwaDKqr+B9k/uAf1
8wqq0v0IHDzIjp/3hp7VVD9F9q/iSX3sltp0vwwPn2BNMoyvq/qpsv/JIdT/1bER3Uu6shYerPGC
7g6qD5T9vb+j3iKzGd1bwStvmuH55myes+qnyf4FY6l3Dm1D96fRbOODbfB3w9h2qp8u+0dPon5k
7c50Xwldm7OmHXR0U/0M2d91OvUrknvy9+Yf9vkz1uTDnN6qD5L9M+dQnzCmH90fwjGBrAmBAQNU
Hyz7hy6k/knxoXT3rM/edmGNK3QepvqZsn/t5dRXjPGhextYPp41STDue9XPkv2T11Dfpacv3WuO
Z4sF++L7CwMnqH627D9mE/U/PJ1M92jY9h1rigZg/x9UP0f2L76T+i3LZtD9+i42LW4G/n4YF6z6
ubJ/zH7qLzaeR/c38FNb1rjBVvNVP0/27/kL9fmXF9G9UQ7rbrGYn7eGRZeoPkT2f3qC+nqTV9B9
CJxzcQXeHzAlUvXzZf9lp6kfYL2O7qcasM97smYg7BGl+lDZv/EF6kMOb6b7Prg4iTWXYFK06hfI
/pf/pP5A/110/xM6j2SNP/Teo/ow2X/SX9TfeR3L7488dkvhA/y8FSx6UPULZf8ymdRbro2jewto
vyMOv3u49ZjqF8n+h7Opb+GSQHdfOLFbAt6b0O031S+W/fvnUv/9rTN0z3nJJnxmjWUy+/Gs6sNl
/9f/UR8ZdJHuR2H0YtZEwrDLql8i+6/5TP2pytfp/gr62F/H7x7a31D9Utm/hcW+L/3TE7fpbnOS
7Xj+Nr5/MCVD9ctk/5ulqa/kfZ/uLjDE7z5+99A/S/URsv+MitR3LXhC95kw3OopP28LrXJUv1z2
t61G/ZQtr+i+EZ6IfYX3P4x5rfoVsv+JutRHd3xH93TY3YM1XtD9g+pXyv7DHKi/dM84fbnnwgbV
Cznx5w5tizh93UfK/h+dqX8/35Lu9UPZrkmsSYEJJVS/Svbf3I76+rWt6d4fdmvJGlfoXE71q2X/
Dm7UD0yuRPdZ8GEaa+7Bq5VV/6Psf7c39fPHVKf7L7BWIGtCYGBN1a+R/UMGUP9z8fp0vwqb2LKm
DrRtoPq1sn/NYdRn7GlCd5/f2Qf/suYjzHFU/TrZ/8z31H/T04Xu7aGHF2tGQ69Wql8v+4+eQL3L
0/Z0Hwxt8tvj+Q5sXkfVR8n+xaZQP2pZV7ovgNkbWLMTRnVX/QbZf3cw9asa96H7cVilLWvcYKu+
qv9J9u8+n/rfLg+k+z3YIoM12TB9sOo3yv7Z4dQ/m+RN9xqT2ezZrAmHQSNUv0n2XxJJva31aP7e
wwPVR+P3A+3Gqn6z7N8wivpuh/3o7g8TE/3w+4EJE1W/Rfa/FE391P5T6b4Gvl/KmkgYNk310bL/
xD3Ub309k+5nYZUes/h5T+g2R/VbZf/SB6m/vCaU7nlw/AHWxMPYMNVvk/0PHqP+Q4uldHdwYae5
LcW/D90iVL9d9vf8jXr7W6vo7g69H7MmF2b9qPodsv+rs9QPCtpA9zkwb9EGfH4wbKPqd8r+qy9T
H1p5G92PwAj7bXhvwTo7VL9L9m9+g/pDJ2LofhsWusCaNJiyT/W7Zf8bGdT/PewQ3Ut7s9l+h/De
gr5HVL9H9p+eRX2JguN0bw7flIjn522g5QnVx8j+lXKob7klke6T4IvYROwPY35X/V7ZP/419WM6
nqP7QljO4xzeW9D9vOr3yf5DP1C/+l4q3X+FZXNZkw9zrqp+v+z//v+oqvewnu//j+OvtWoOkREy
OaXRCI0iNIfJYY7lGIVMNiznqE3b8nVYDqOtTMhxLUYIhQghEzIhRKERipBDYsLv5/l8PK9rz79u
167n+34t70efTxZb3/WH51yi+2NYFMmaWBiZo/oE2X91JeqLHa/TvVpjdrcrazyha77qt8n+ntWp
/yj9Nt17QM/zrMmDWXdVv132v16H+p7jHtA9BFoFsyYcTn2k+h2y/4+NqA+2LqX7BujZrRTvHXYp
U32i7N/wE+o3bCqn+2n4KIU16XDfG9XvlP2PuFJ/tpdl63f3YrhgKGsC4GDr1v/td8n+X3pQX15U
me4t77G/vGCNpQ37oorqd8v+73eh/pPFNejuD9fFsCYOxtRUfZLsH9eT+qEudem+BE7qyBov6FFP
9cmyf/cB1M8740j3g3D+VdYUwBwn1e+R/e8OpX7n5GZ0Pw9XhbEmAoa6qH6v7B8xivrrtq3pXqka
m1OPNc7QwU31+2T/T76ivvLO9nRvAXscZk0GTO2o+hTZ/9Qk6tsP7Er3ifB1AGuCYEA31e+X/b+Z
Sf1XT3vRfSm0sPiCn7eBpo/qD8j+Nt9THxXtTfcjMOJ31iTA9QNVnyr7b5tHfZq7L91vw+c9WOMN
vUao/qDs338J9Q8vjeb3f5ltZQL4+QqwfIzqD8n+JVHU1w39mu5eMDqbNXkwa4LqD8v+v6ymvled
KXQPhfU7TcHPDT2mqT5N9m/9O/Uz98+iewJMeTALnztYHKr6I7L/hS3Ub/T7ge6X4chffsDnDi4J
V/1R2T94F/VZ5fPpXgofNlvAz7tB5wjVH5P9a+6n/vWan+nedi3b//zPeH8wa5nq02X/PUeob9Z5
OX9/wHJv1vhD7xWqPy77DztJ/bD8WLqfLmVHWq3h56tBy3Wq/0v2f5lF/fw5cfze4ZtI1sTCyHjV
n5D9V+VQv8sxge4FcP2nrPGErttVnyH7d8yn/sax3XSvks6eObcb7w9mJav+pOyfd5d6m3EH6N4B
Bk5nTRgMPqj6U7L/94+o72B9jO5jYLearGkI7Y6r/rTsX7+M+q83naL7ChiezJo0mJSp+kzZ//Ab
6qN7nef3D78Zdh7fW3BwturPyP4B1gnv+iNFV/j3F94uu4Ldr+JzlKv6v2V/i6rUP1r0D93tF7On
VrImDsbcUv1Z2f/3mtQ7uBTxe4PtOrKmF/S8r/os2d+rHvVfnCmhezB8r95jft4J2j1V/TnZ/7YT
9bMmv6D7WlhnA2s2w/X/qv687L/Ahfo4W9Pm3T0b/jOaNeOhv0Wb//YXZP+mbtSfS/yA7pY72eH5
rCmEeRVVny37Z3Sk/o2PLd1dB7IPY1izHkZ/qPqLsv+EbtQ3f1qL7vkVapN2XVjTC3rWUf0l2b9y
H+qHR9en+2yYeZQ1mTCtoeovy/4JA6lf4N6E7nFwf3fWeEMvZ9XnyP79RlC/+1ILup+D7oWseQYL
W6n+iuz/cAz1+SHudLcIZdtFuOO9wXntVH9V9l82gfqqdT6je1uY2pQ1rtCps+pzZX/XadR33O9F
9wA4JYM12TC9h+rzZP9zodSP9+tL98UwaSJrguH4/qq/JvtPD6d+efkgun9bbTDZqgFrnGHDoaq/
LvvbRVB/bI0f3Uvh1gTW7IMJI1V/Q/ZPXkZ9SaexdHfozA7rxxpf2Hec6vNl/6ErqK+XP5HuPeGG
R6x5AYuDVP+P7F+2lvrec6bTfRqsGMmaWBgZrPqbsn9MPPWhjt/R/U+Y4c+aQOgbpvpbsn/77dT/
cWwO3Q/A0r7/w3uHdvNUXyD7X02m/nzgQrq/hnNjFuLzD6MXq/627D/7IPVvrX7hn7sOO6znL/j8
Qa8o1d+R/esdp77Fphi694MHCmLw3uGLVaq/K/sfyqR+RK/1dA+Hu2ewJgxO3aj6Qtl/dDb1PxVt
ovseOKTpZnz+oNMW1RfJ/iaP+qRFO+h+EzZayZo4GLNT9fdk/w23qL/ZfC/dK7iwdzvsxXuDHimq
vy/7f36fetszh/hzByfksqYA5qSpvlj2v/WEes/Jf9HdD275njURMCxD9Q9k/3n/Uj/B9m+6v+/C
hnb4Gz8/9MhS/UPZv4nFtnf9b4kXeXdY5TBrMmDqZdU/kv1PVKQ+3eca3W/DC6Ou4XsL+t9QfYns
P/5D6h8/KaC741N2u7nNz9tAc1f1j2X/inWorx9dzN8fMHZDMb634PqHqn8i+29pSH0f92d0nwg/
9HqGzw/s8lz1T2X/Ps7Uf3vpFe8GnW6zpgQWvFb9M9m/uBX18SHvu72758L6P7EmEkZYuf23L5X9
f25H/QX7ynSvUodt7MwaN+hURfXPZf9Wnak3+6vT3RGWvWaNZQ32hZ3qy2T/rB7Ut/T7iO5+8FQU
a2JhpIPqX8j+0/pT71feiO4L4dmPHfl5V+jkpPqXsn/1odRHrPmE7ltgzdOsyYYZzVX/r+y/eyT1
yZ0+pXserPIja+bB0DaqfyX7Dx5H/a0bHnSvmM+2rdWen28I7Tqqvlz2Lw2ivtqcLnTvCJslsmYf
TPhc9a9l/9+Cqf/MsRfdJ8Jd7VjTBbr1Vv0b2d8jjPqJxwbQfTVccYE1eTDLR/VvZf8rc6mPCRxG
9+Ow/izWhMPg4ao3H2D/7xZTf9xqNN2LYKLdaLw/aDdG9e+hn1k3ivon8V/R3XkTeyiZNWkwabzq
LdAvT11FfYNek+k+GF4aypoAOHiq6t9HnzxyI/X9imbSPQSeL5uJ52exz0JUb4n+4ps/qf9u0fd0
Xwfvx7AmDsb8qHor9KXrdlK/qfl8ul+A09uzxgt6/KR6a/Q1u6ZQn525hO7WZ9iIPNYUwpylqv8A
vfvNNOotJkfT/VPY9ftofG/BsN9UX0H2n5tBfSvbWLoPgcfqs8YZOqxVfUXZ3ymLev/E3+m+DB5/
9Tuej8P7/0P1lWT/45epX+izle4psP3PrImGEdtUX1n2/+oG9Xuf7KL7DTim1m78/kK7ZNXbyP4f
3KW+IGo/f29Fs4tP7sfnDqanqr6K7L/5IfUfuh/l9w5tg4/ivcOp6aqvKvv3fk59p0sn6R4Em1Y/
xc/bQ5tM1dvK/vdfUx8Uco7uv8F661izGcZeUH012X+J1fZ3/Ur7K3RPhVbNruB7Czrnqv5D2b9F
Fer/Ssmn+1OYnZGP73+YcVP11WX/v+2ofzqikO4N/djciYX43oLj76m+huw/xYH6RuWP6D4UbqtU
gt1hhSeqt5P9qzlR339NGd2nwg5by/C9BRNeqr6m7L+zOfWzO73l7324sS9rfGHf99z/29eS/Qe1
oX7zDWu6Z8CmD9n//0PNFldQfW3Z/1kH6i+GV6X7a3h5KWti4JJqqreX/Zd/Tv37jrXo7gTLXFnj
CV3tVV9H9m/bm3rXY/XoPhyWZbEmD2Y1UP1Hsv9lH+pHBn5M958PsGH/ssayCd5DU9XXlf1Dh1O/
yKoF3Z3t2ZKmLfBzQ6dWqneQ/euMoX5fvBvdb8M2e1iTBpPaqr6e7L9/PPW3e3rSPcmPzT7EmnS4
r5Pq68v+/lOpr17Uje4ecKejFz/vAhv2UH0D2f91CPWdF/Xh9w9PpPTB/x/u66f6hrL/2h+pn9R8
EN03wll+rAmEvkNU30j27/wT9asyR9D9MNzk7cfPO0OHkap3lP3zl1J/YtKXdH8DSxawJhLOC1R9
Y9l/zm/UP6s6ke72tuyyhhPx/qBDkOqdZH/HtdQ7Jk6jux88ncaaTJg2Q/Ufy/7H/qB+gM+3dA+F
1l+yJggGzFZ9E9l/3Dbqw56E0309nGwxh5+3gWau6pvK/tbJ1P8ZFcE/N5wdz5pEGLdI9c6y/6ZU
6i+7RdLd0p0N7s4ab+j1q+o/kf17pVNveWkF3VvASXdZUwILVqq+mexfdJr6T0PW0X0ErL6bNakw
cYPqm8v+iy5QP8p+E90XwxOtWOMBXf5UvYvs3zyX+iUp2+m+DbbMZE0OzExUfQvZP/Mm9Skj9tA9
F1p/w5pgOH6f6lvK/pPvUX/n1UG6O5SzB20O8fP20CZN9a1kf9sn1NdYc5zu7eHbhOP43MPNJ1Tv
KvsnvqS+a6czdPeHZhD0h95nVf+p7O/z3o53/eQb2XTfAONLWFMOiy+pvrXs/6QC9avD8+ieDt9L
zcP3F0y9rvo2sn9UNeozGhXw3ZFt1Rb/3QW63VG9m+zvZk/986P3efdjbIsLrMmDWQ9U7y77X2xA
fePAp3T3hTNnsCYMTi1VfVvZP6Qp9d5Wr+j+LWxW6xW+96Hda9W3k/3tW1H/fbxF23f3rfBtMmvS
YJJl2//2HrJ/Slvqt/asRPdseNaXNYHQ10b17WX/EZ2ozyn8kO4WRazDK9ZYVmdf1FB9B9n/VXfq
rRbVoXtLWHCYNRkwta7qO8r+sf2ob928Ed0HwbFdWNMXdmmsek/Z/7Mh1AdkOtN9IdxyjTWFMK+Z
6j+T/a/7U//zJFe674TXwlgTAUNbq76T7B8eSP3+qh50vwTj6rHGGTp0UH1n2b9REPV3d3Sme41E
9sfDnfH+YGpX1XeR/Y/OoL6mT0+6e8EaY1kTBAO/UH1X2X/sbOo/f9Kf7rNhnYoD+Hk7WMFH9Z/L
/pZzqZ8SNZTu8bDNAdakw32+qu8m+/+xiPpYt1F0Pwq79RuF31vYN0D1XrJ/j1+pP3lxHN3vwe+K
WfMMFn6t+u6y/92V1JfNmsT/7hDWdglrouGSKarvIfsv3EC9k/1Mug+DdVuyxgO6hKi+p+zf7E/q
fVLC6D4T9j7LmhyY+YPqe8n+pxOp/2HEPP79haOmsiYMBi1Q/Reyf9A+6hNeLaZ7LjxVawk/3xDa
LVV9b9m/Shr1V2Kj6F4OM5Ki8P0FE5ervo/sv/0E9dadVtO9Cdw6iDX+0HuN6vvK/gPOUt/mxka6
B8DIp6wphyVxqu8n+5dcon5M+Ba6R8HNy1mzHkYnqL6/7P/rdeqXNtpF98NwZdtd+N6CbkmqHyD7
t7lD/YGjKXT/B1peZk0+zD6gem/ZP/sB9YVjj9C9USCbEcqaeTD0mOp9ZP+ZpdTXsjpJ9w7wcvOT
+Lmh82nVD5T9a72mvlt8Ft0nwNIHWfi7AQvPq36Q7L/XMvFdP7VnDt37jWIfLs/B+4fRV1U/WPb3
taF+TeENup+HLrXz8fsL7W6qfojs/7IG9acX3uX9Y9k9J1iTBdOLVD9U9l9dl/oXzR7x5745O8OP
NeOh/2PVD5P9PRtT/3Hmc/73w3VVy/h5e1jtpep9Zf9rzagfOOkN/92Antvf4HsXJph2/+2Hy/4/
tKY+vKo13dfCD/qwZjDsVUH1I2T/Bh2o37ajCt3vwOZFrHkGi21V7yf7p3Wl/qp3Tbrb+rBDl7Em
GkbUVr2/7D/mC+o/eOJA91ZwfuN6/LwLbNhA9SNlfwsf6t2jnOg+HB5MZk0aTGqi+lGyf5wv9V+6
udA9Eu4YxpoAOLil6kfL/t0DqF92sQ3dU+E3pW3wvBveo7vqA2T/O19TnzqrI93vw9AlrImBEZ+p
fozs/9MU6u/V7kb3+vbsqo9Z4wqduqv+S9nfOYT62im96d4RFp9gTRbM6Kv6sbL/yR+o9xoxkO4z
YEEQa0Jh0GDVB8r+ExdQP+3VcLovh5OrjuDn7aGNv+rHyf6Vl1K/LnYM3U/DXxNYsw8mjFX9V7L/
tuXUZ342ge4v4bL+rPGFfb9R/deyf/811L+8PpXuDW6wMx6w5gUsnq768bL/ozjqm4SH0n0YnL80
FPvDJd+pfoLsH5lA/eBG4XQPg1+4ssYTuvxP9RNl/0+TqJ9z9Ce6b4Xh51iTB7MWqv4b2f/8Aeq3
j11G90PBbNO5y/Bzw/BfVB8k+884Rn2u5Qq6V7Ri3euzxhk6rFT9JNnf7jT1FeLX0t0ZWievxecf
Jq1X/WTZf8956tv2jKf7aLh1SDw+/3DwZtVPkf2HXaV+bOE2/v6AFZ9vw/Pb2ZIdqp8q+7/4h/rI
hcl0T4EeMayJg9F7VT9N9l9ZRP3BZgf5cwdne7DGC3ocVv102b/DY+rvn06ne6VMNvoKawpgzl+q
nyH7576g3n5SJt17wPDvWDMPhv6t+mDZP8zsfNd3r5pN92/hvw7Z2B86XFL9TNm/XgXqp+/I5d1g
04O5+N6C+66pfpbsf9iW+vXet+h+HFqNZs146H9b9SGyf0Bt6s88vkf3V7D6W9ZUuM+WF6s+VPZ/
rwH1/0dFvYeFfL9/HH9bmZxzPoUQc0hCFEIMy2HKNKflTDKxGL4OIWQymZWWRiOEyFloNERoOeUQ
sRCiRgjlEMvv575f93W5/3r8cX+e19XVq95FYS/o3ngVu3LDC7xbMLpA9bNl/41NqP/CqYju7nBp
tyK8W9DtvernyP5fOlD/bXoJl4/3ZdDiPmvyYJaFy6f9XNk/ux31i2aWpvt2GLaYNSEwsKzqA2T/
JZ2p312jEt0vwvGNWeMI7aqofp7s36Qn9ZkJNele4k/2zSnWpMHk2qqfL/un9KO+zDBbureB2RNY
4w/HNVT9Atl/ohf1zu++oPsYOMCqKX9vDS2bqz5Q9i/jTf24qFZ0XwWrb2dNPIxtrfqFsn/cWOpD
OzvT/ShM7sMaL+jeQfWLZP9+k6g/drsL3bPgwCeseQPz3FS/WPZ/Mo36vAW96F4xkC23gjWRMNhd
9UGy/y9zqK/VoD/d3eAhB9a4QHtP1S+R/Vstor7XiW/pPhP2v8iaDHhusOp/kv0vLaN++tjhdF8N
+09lTQD0H6n6pbL/tFDqN1iOp/tZeKQSa2yg9QTVB8v+VX6n/sJmP7oXw137WZMI46eofpnsHx9N
/bte0+le9yu2hhdrRkGvmar/Wfb/Npb6Zrlz6T4COr+ai+8D2IJ5ql8u+7/aTf2gZYvpvhz+GMGa
aBi+RPUhsv/qQ9Qvbr6c7jthFxfW9IBOK1S/QvZ3OUb9nrNhdM+Em26wJhtmhKv+F9n/5mnqb/ut
obv1ZDZoDmuC4Kwo1a+U/edeoL5shY107whd62zEuwVrxqj+V9nf5hr1Lru30X0UfJTImhSYGKf6
UNn/r1vUj/fcS/elcM9w1vhC7/2qD5P9RzygftXzBLonQt8PrLH6k31/WPWrZP8PedQfDztO9zzY
Npo1O2D0CdWHy/7RBdQ/aZtC9/pObMXurOkHe6Sq/jfZv9t76munX6R7O9jh3kW8WzDrkuojZP/7
Fvs+9u4zr9N9NqwRxJoQGHRD9atl/6Cy1M+ocYfucXCXHWscoe1d1UfK/o2rUL8x4SHd0+E3p1mT
BpNzVf+77H+6NvUXhz6leyF0mvAU7xYcl6/6NbL/hIbUvy8qpHuTd+w5q1f8fVVo9Ub1a2V/q+bU
N4/6j+7fwQXb/sO7BWM/qD5K9t/WmvrBnUt2+HhfCJ/2ZY0XdC/V4dP+D9m/Twfqg26Xo/sBuOUx
awpgbgXVr5P989yo37ugKt1vwrErWBMJQ6qrfr3sv8Kd+ju2NnS3aMB+7sAaF2hfT/XRsr+DJ/Xl
TjSiuzO8fJE1GTCtseo3yP4XB1PfYWwLuo+CHv6sCYB+LVW/Ufb3H0m9j2Vbuq+EgZVZYwOt26l+
k+xfaQL14Zs70v0MDN3HmkS4x1X1MbL/vinUJ/XqTvdcuMqLNaOgVw/Vb5b9B86k/mlOb7o3yGWr
FPbG933wd9BX9Vtk/8J51NdZNoDuXeHrCNZEw/CBqt8q+0csob5386F0/xGOdmaNG3T6TvWxsr/z
Cupnnh1F9w2w/Q3WZMOMMarfJvtnhFO/yc+X7udg/GzWBMFZ36t+u+w/O4r6tPL+dLeswG6swxo7
aDNN9XGyf+0Y6ot3/Y/u9rvZKomsSYGJs1W/Q/Y/Ekd9C88FdP8a3hjOGl/ovVD1O2V/7/3UD3n+
E92XwMHFrLFayr4PVv0u2b/4MPVLwn6h+yY4Kpo1O2DUr6rfLfuvP0H9/rYRdB/uxj7tz5ohsF+k
6vfI/m6p1Gdd/YPu5dLZ/HusyYNZ61W/V/a/e4n68jM3070T7LB4M94tGLhV9ftk/0U3qO9YYyfd
R8IKTVjjCO12q36/7N/oLvW+CfF0/xUeOxWPdwsmH1R9vOyfnEv9b0MT6X4KzpnAmunQ96jqD8j+
4/OpP1F0ku4vYF6pZLxb0PK06g/K/qXeUP9s7Vm614piz25jTTyMPa/6Q7J/7Afq63a+QvdesHuf
K3i3oHu66hNk/96l9n/s+9y+SfeJ8OVj1ryBuZmq/1P2f1SB+v8tuEf3fiHsgDWsiYGR2ao/LPsv
r059jO0juqfCqQ6scYH2eao/Ivvb16P+ctJzur+DTS4+x7sFz71UfaLsf74x9R/GvKV7q7HspKms
CYB+71T/l+w/pSX19pYlOn68j4BxlVhjA60tOn7aH5X9rdtRP3SzFd3nwXX7WZMI95RR/THZf68r
9Ut7WdN9K8wdyBpv6FlZ9cdl/296UB+fU4Pu6XBDYQ18X5MtqKX6JNn/ZV/q7wbXp3vFZWyzCNZE
w/AGqj8h+4cPpL5C8y/o3ho6ubCmB3RqpvqTsn+776h3PetAdx+4OIM12fCqo+qTZf9rY6if6Nee
7hFw0BzWBMFZLqo/Jfv/73vqI8p3ofshOKU+a5pCFzfVn5b9a02j/uSunnR/Btf8xZoUmPiV6s/I
/odnU5/v8TXdrT3ZpsNZ4wu9PVSfIvt/t5D6es+96D4A5hSzxupbdINV/7fs/z6Y+r5h3nT3g2fW
syYWRo1Qfars/8ev1M9qO47/7mHHbqzpB918VH9W9u8SSf3mq5PofhUW3mVNHsycrPpzsv+d9dRf
mfEj3Qvg8sWsCYFBM1R/XvYP3Eq9qTGX7nawvR1rHKHtPNVfkP0b7qa+ZcIiug+GBadYkwaTg1R/
UfY/eZD6YUN/pvtS6OPDGn84LkT1abL/uKPUBxeF0v0I9LAK4++rQqtw1V+S/Uuepv7A2t/p/hDu
j2VNPIxdq/rLsv+W89Tfc91A92J4qw9rvKD7JtVfkf2/Sqe+4u1YujvAd49j8W7B3O2qvyr752ZS
33nBHrqPhi9DWBMJg/epPl32X5ZN/fe2Cfx/C7NaJuD/HtofVv012b9FHvWrk47RPRH6XGRNBjyX
pPrrsv+5l9QnjznDPzdM/+EM3i3o/7fqM2T/ye+of2Fxke4NLdmjlVhjA60vqf6G7F/BIv5jX3/z
Nbp3g5P2XcO7BfdkqP6m7L+7DPX9et3m9wNaerFmFPTKUv0/sr9nZepn5zzg9wP+XPAA3z9k83NU
nyn7P69F/dbgJ3S/AV9FsCYaRj5T/S3ZP6wB9VebFdL9LbzZvhDvFnR6rfrbsr9TM+pLnH1P90Yw
OYM12TCjWPV3ZP90R+od/Cw7fbwPgQNmsyYIzvq806d9luw/04V67/Ll6B4CB9ZhjR2sWUH1d2X/
Gm7UL9tVhe5xcNUR1iTDhGqqvyf7J3xF/UGPOnT/F/YYzhpf6F1X9fdl/6Ee1N/Pb0j30s/Zy/+x
xqoR+95O9dmyf9Eg6iuFNae7E5y1njWxMMpe9Q9k/7UjqO/Stg3dh8FRbqzpB12dVP9Q9u/sQ/2k
qx3o/hs8eZc1eTCrk+pzZP/bk6mPnNGN7ufhmUWsCYGBX6o+V/ZfMIP609V70/0pNI2hI7Trq/p/
ZX/bedS/PORJ95oJbNNTrEmDyd+o/pHsnxREve3QIXTvDu/6sMYfjhum+sey/5gQ6r8uGkn3OXBd
qVH8vTW0GqP6PNnfIpz6uWsncAddtrEmHsZOVP0T2T9mLfWxrj/QPQX+05s1XtB9quqfyv69NlGf
fmsm3T/AOY9ZUwBzZ6n+meyfs536zxbMp3sr6BbCmkgYHKj6fNk/eB/1rWx/4v972MyBNS7QPlj1
z2X/ZoepH560gu7LYdwF1mTAcytV/0L2T02i/ucxv9E9Hvb0Z00A9Fut+pey/6S/qT9k8QfdH0BT
CdpA6/WqL5D9y12iPjsmhu7Wm9lV+1iTCPdsUX2h7L8zg/rKvXbQvRMcPXAH3i3ouUv1r2R/jyzq
u+bsp/tY+FPJePzc0PKg6l/L/vk51PsFH6F7JLwWwZpoGPmX6t/I/qHPqP+92Um6J8IoZ9a4QadT
qn8r+7d5Tf2Z1FS658Pc66l4t2DGOdUXyf5XiqkvmHSZ7nX92FOzWRMEZ11V/TvZf/rnBz72Dcrf
pHsfaFv7Jt4taJOp+veyf7UK1PffdZfu06BLImtSYMJ91f8n+x+sRn2Ax7903wZDvFnjC4c8Vn2x
7D+kLvXb8vPpfgWOK87Hu/Wcff9C9R9k/7d21F8LfUP3MmHs03Vv8G7B6CLVGyvsv8aeeou2xvXj
3QHedGNNP+j2meunfQn0Mzo5Ud/6aim6j4at77L//9CyWaVV/xn63zI7UT9iRkW6r4Yei1kTAgMr
qd4C/YF5X1K/vHoNusfDvY1YYw/taqneEn16vb7UJxyqR/cHcOIp1qTBZFvVl0RfeOwb6h8OaUL3
UkPZ2+NZ4w/HNVX95+irjR5GfZWilnTvCRNKOfD31tDSUfWl0Lf7bAz1bmvb0d0HdoxlTTyMcVa9
ley/aSL1k1070z0SVu/DGi/o3lX1pWX/HlOpX3urB90vwPOPWFMAc3upvozs/2AW9Snz+9G9ENqs
YE0kDOmv+rKy/0+B1BfW96K7rS1boSVrXKD9INWXk/2/CKa+YdJ3dO8LvS6yJgOmDVd9edk/ZSX1
nmPG0n0anPEDa2ZBv/GqryD7f7+a+nkWk+i+AbavxBobaD1Z9RVl/7Lrqd8eM43u2TBpL2sS4Z7p
qreW/Xdsof56zzl0fwvnDmSNN/QMUH0l2f/rXdSXzFlI95bwq4KF+H4Rm79Y9ZVl/6cHqG8TvIx/
77BSBGuiYfhy1VeR/Vf+Rf3IZqF0D4Qx7UPxbkGnVaqvKvs7nqI+JDWS7ofhsgzWZMOMNaqvJvtf
Okf94UnRdN83ld22gDXBMGCj6qvL/j9epT6nXCzdy5Znw2rH4t2CNbervobsXzWT+qq7dtO9E2x4
ZDfeLZiwV/U1Zf8D96nv5nGI7lPgJW/W+MIhf6q+luw/6DH1P+QfpXsIDC5mjdUx9v1x1deW/V+/
oD4q9DTdE2Hf9ayJhVEpqq8j+0cWUf93mwt0fwLPdL2Adwu6paneRvbv8NnBj/2rK+l0r32VTb3L
mjyYdV31dWX/m6WpbzTjFt37wdGLbuHdgoF3VF9P9g+oRP2A6g/oPg+G2LHGEdrlqL6+7F+3FvXz
D+XRfUsyG3KZNZkw7anqbWX/o7bUxw0p4PcbjvdhjT8c90r1DWT/kU2pz3j7ju9FbKlS7/FuQcti
1TeU/Y0j9Z+vtej88e4Cj8SyJh7GlOz8ad9I9t/gTH1b17J0/xZO6c0aL+heXvV2sn/3rtSPulWZ
7qFwymPWFMDcqqpvLPvf70X9ivm16Z4EA5ezJhwG26i+iey/pD/1R+o3pPszWNiSNS7Q3k71X8j+
TQZRn3u8Gd0bJLGDLrAmA55rofqmsv+Z4dRXG9Oa7r2g3VTWBEC/tqpvJvv7jqe+u0UH/r3BJdas
sYHWnVTfXPYvPZl6/xg3uv8OM/axJhHu6a76FrL/9unU/9HTnX//sNpA1nhDzz6qt5f9+wZQn/rQ
g+4voXOhB773xN/BANW3lP3zFlP/eulgujcMZr0iWBMNw4eq3kH2/2U59Y2bjaT7AOjjzBo36DRa
9a1k/1arqP8m1Yfu02CX66zJgld9Ve8o+6etoX7BpCl03wtXz2ZNEJzlr/rWsv/UjdTvKDeT7tes
2X/rsaYptJml+jayf+Xt1N/cOY/ur2D9U6xJg8cXqL6t7L9/L/WlPJbQvRXMGc8afzhuqeqdZH+v
P6l3yg+h+3hYs/IK/Nyw3ErVt5P9C49TPzo0nN8PePkoa1JgYoTq28v+q1OoX9kmiu4p8P73rJkO
fdep3ln2d0mjPvHKJroXwBXlYvj7qtBqi+pdZP8b16n/d3oc3cvOYJ23x+H9hbE7Vd9B9p9zh/rq
1ffT/XAt9uyc/fi9wyEHVN9R9q+TQ32PQ4fpPhUGvmDNG5iXqPpOsn/iU+qnDjlB92h4YhVrouCv
yap3lf2Hv6J+3du/6X4aDmuXyt+7Qsdzqu8s+xf/R/3ZNZfoXgwfZrImG2ZcUX0X2T+65KGP/dtO
N/jv15WNW3oDPzcM+kf1XWX/buWpb3Iri99v2LvDXf7eDta8r3o32f9eVeoHzs+l+yJ4fGsu3l0Y
80j13WT/xTbUB9bPp/sG2Lwza9yh6wvVd5f97eyo33X8Nb8fcMYt1uTCzLeq/1L2P9WC+n9Gf6D7
Hh92UiBrgmFAiS6f9j1kf5+21P8fVfUe1vP9xnH8LY2oWSNbjDBMtkzMIeciFnL6iUKmCDlH2Rox
hyTEci5CU+YUi5FDUSbUnCOHyTkJUQzLhN/lvl/3de3+6/HH/Xleur6v7/fDqnxFureA0bVZ4whr
VVJ9V9m/YjvqWyZWoXsg/P4gazLhflvVd5P9t3amfnjXT+g+C3YbxJoA6GOv+m9l/x49qI8uqE33
dJj7L2ssHdjSOqr3kP0f9aP+0PyGdH8G18SxJhHGNFJ9d9k/ahD1Dx2b0N2uMevagTUesH1T1feQ
/Zv4U//pny3o3hfGX2dNIcxrpfqesv+ZQOq7jmtP9xnw5DTWhMPQjqr3lP0nBVE/xcad7gkwyMEd
+8O63VTfS/a3DaV+w46edM+CsemsyYJpvVTfW/bf/RP1p3r3p7tFH7a5H2vGQ98Bqu8j+/efT/2/
xYPp7lzCHrYZws/bQauhqu8r+z9fQn2jpcPp7ge3HR6Ovx+mBai+n+y/chX1Xs3H0n0RHNOTNV7Q
Y7zq/yf7t1pP/ewLk+m+CyYXsKYE5gervr/sf3kT9b+F/Ej329AykjXRMHK66r1k/9Ad1OdVn033
t9CvMWtaQMe5qh8g+9fYS32lfZF0bwfXZbPmIsxaqPqBsn9qGvWtfKLp7gOfjmNNCAxcpnpv2d83
k/qAV6v584f9bGL4eXtotUb1PrL/m5PUL12zge6pMHDnBry34JZfVD9I9l9/gfrD7TbTPR8W9NyM
/aHHVtUPlv07XaP+Ud5OuttcZx+WsKYMliSrfojsf+sO9TVmptC9J6y0JAXvLRi1X/W+sv/sh9R3
q3OY7hNgNefDeG9B5wzVD5X9P39GfXDGMbonwV9yjuG9Bc+dUP13sn/mK+rj/U/zews6TzuN9xcM
Oav6YbL/yHL73/dnLHLp/hLO/ioX31/oeFn1frJ/hUrUv07Io3uTRHbP4Tx8b2HaDdX7y/6bbal3
7JpP9x4wxjcf31voU6D64bK/hz31Awoe0T0CDih7hO9tEb4Hj1U/QvZ/UIf6ufP/pvtOmLWWNYkw
5oXqA2T/hY2oT3Z8TfdnrdmVXqzxg15vVD9S9v+qKfXXsy06vb+/g21usqYQ5ll2+m8/SvY/3Yr6
yuMq0709HDODNZEwzEb1o2X/iR2pd7GpSveR0Lc2axxhLTvVB8r+H3WjfuSOGnRfBWeksyYLpn2m
+jGyf3Iv6pf1rkf3TPiHH2vGQ7/6qh8r+/cbQH16sSPdH8J+5Rrz8zbQfKX6cbL/M1/qH0c70/2z
pezTeNYkwbjmqh8v+y8PoL5mcxe6t4bl3FnjCV3bqn6C7N9iPPXfXuhE9wB49SFrnsNCN9VPlP0v
BVMfEvIt3ZfDtbGsSYQx3VU/Sfb/YTr1G6v3oftx2NCZNS7QqZ/qg2R/+7nUn00ZSPfX8OBJ1lyE
p3xUP1n2P7CQ+jLv7+je0od9OY41ITDQT/VTZP/By6hv/Gok3QfCah+O4uftoU2g6oNl/9ex1A9c
M4HuM+GmHazZD5MmqT5E9o/7hfrwdlPpvgsO7s0aH9j3B9VPlf07bKV+V14Y3W/DicWsKYUlM1X/
vex/M5n6GzPC6V51JntqSTh2h1ERqv9B9p+1n3rrOlF0bwLPNGNNe+i8RPWhsn+9DOrbZCynuz/0
zlmO9xa8uFL1P8r+f5ygfpT/WrovhaMmr8V7CwatU/002X/EWeqXWyTQPR32s2NNXWi7SfXTZX/L
y9RnJGyj+2NY6fdteG/B5CTVh8n+m25Q/8R9N91rdGXbDNiN9xb02qP6GbJ/twLqPys4QPfO8K8y
1lgdZMtSVT9T9i98TL3H/CN0HwHHpR/B+xemHVX9T7L/ghfUT3XMpvtmmNMtG99b6H5S9bNk/y/f
UJ+QfY7uuXDDNdbkwys5qp8t+5+0PPC+Pzf2Cr934cUw1kTCsL9UP0f2H29D/RvrW/z+sGFzHVjj
CGvdUf1c2f9DO+q/3HGf7p5w3qH7+Pxg2gPVh8v+Oz+j3qd3MXew9LtivLeg71PVz5P9+9Snfl7x
S7r/A3PevsT+/2D/UtVHyP5Pv6R+d/Rb/n8Dno9/i/cWjDeu/+3ny/7LmlN/s1kFuts2Z4e7scYT
ulqpPlL2/6Yt9R9e+JDuTeHZfNaUwPyPVL9A9r/oRn3bkOp0nwhvhLMmGoZ/qvqFsv/U7tSPrl6b
7ovghS9Y4wwb1FH9Itn/k37Ur0hpQPd9MOIYa87BzC9UHyX77/Oh/g9vJ7o/h06BrAmBgV+rfrHs
7+NHfXHpN3Sv8op1b9qCn3eBTq1Uv0T2/3c09bXWtKO7K3TIZU0ePNdB9T/L/msnUd+9XRe6B8HW
fVjjA/t2VX207N/+B+p/yOtB963Qv5g1pbDEU/VLZf/rM6lPnPE/uufAL6JZEwOjvFS/TPafGUH9
eYfBdC+CA5sOxucHnXxVv1z2r7OE+rfp/nRvlMEuPe+Pzw+eG6H6FbJ/xkrqnfzH0H0ILJ7MmjAY
NE71K2V//3XUD7KYTPefYGU71tSFdsGqXyX7l99EfURCKN13wO57WJMB90xT/WrZPzGJ+t/dZ9G9
AI71Yo0f7DtH9TGyf9c91N++N5/unxawm/6Zj+cj2ecLVB8r+xekUl9l/s90bwM3rGZNPFyxVPVr
ZP/5R6lv57ia7sPgry6scYctYlW/VvZ3PEl9YPZ6ui+Gby+vx3sLXoxXfZzsn51D/aqxv9I9HXpP
/xXvLRi6RfXrZP+xf1F/1Hon3R/CGx1Y4wHbJ6t+vexvc4f6kqS9dK+xg32axposuH+f6jfI/jse
UF+79yH+3sDihEP43GFkuurjZf/eT6nvUZxJ93Gw0Bzj522gOaH6X2T/4lLqQ6NP8fcGHljPmi0w
7ozqN8r+0ebg+35Ts4t0vwitXFnjCV0vqT5B9m9mRX1OzjW6v4bdbrGmCOZdV32i7J/zEfXvgu/y
eyuEnTjnLt5bcNY91W+S/YM/pb5J9Uf83oSh9R/hvQXrPlb9r7J/9TrUD055RvdpsH/mM7y3YMZz
1W+W/VO+oH6+97/8ucNNI//Fewv6lal+i+zv/TX1e0rLub2/34YNrSzc+L0FrSzd/ttvlf1LW1J/
J7YS3WuuYbtsYc0euMVa9dtk/9gO1H/U7mO6e8By3VnjBT2qqX677N+2K/Xt8+zpHgxbPGLNc1hY
U/VJsv81T+rHzKhL99XQNoo1MTDyc9XvkP3DvKhf7eBI90PQuilrXKDTl6rfKfs7+FKfmd6U7i/g
tTrO/HwDaN9c9b/J/ukjqH/q15ruDfzZvlGsWQEj26g+Wfb3G0e9g0UnuveGFu1Z4w5d3FS/S/Yv
F0y9Z0I3uofBhD9Zcw5meqh+t+y/cRr1P7r3pvs2mLKeNYkwpq/qf5f9u8yh/td7A+h+AX43YiA/
Hwh9fVS/R/bPX0D9hYihdH8DF8cMxb8PY4apfq/sP28p9eUcR9K9HmzQmjWusMVo1afI/o1iqf86
ezzd/aH3VdbkwysTVb9P9s+Kp37I2BC6T4e9QlkTDkO+V/1+2X/MFuojrcPovhtWqxmG7x+0n6n6
A7J/5WTqU5Lm8vcWrj04F7vD/fNUf1D2376P+ru9FtHdsje7yHcR9oO+i1WfKvt7plNvW7yM7s4w
tWwZ3lvL2bIVqk+T/R8fp75D9Bq6B8D1G9bgvQXj41R/SPZfcob6cc020v1nWNJxI95bsH2i6g/L
/s6XqI/J2Ur3ozDjDmuK4K3tqk+X/c9fp/5Y8C5+f8OIcNZEw1m/qz5D9p9yj/pndgfoXqs6O+2b
A/i7oXOq6o/I/tUeU183JYPuI+CQhkfw3oO1jqr+D9l/z3Pqe3ln0X0JfLomC587XPGn6o/K/gPK
qJ9WepbucXB9w3P492HdHNVnyv4vy6e+7zfHXqZ7EXQ7wposmHZV9cdk/9XW1Oe2vcm/m3bs2Uk3
8buD42+r/rjs36Ya9RZ5BXRvB50q3OfnbaB5oPoTsv9fNalvOuMJ3b+HJ3Y/we8OJpWoPkv2n/45
9b4OL+m+Fdp1eon3P3QpVX227F/rS+oXpL+hezbcl/cG7y945Z3q/5T9DzWjfp/fB53f3x9At9ms
iYRhFTv/tz8p+3/Xhvr8ch/SvbYFG1mbNQ1grY9Uf0r2f+dK/ccJdnQfCDtlsCYLpn2i+tOyf7wH
9R3da9E9DFYYyZrx0M9B9Wdk/859qR9/rz7dd8G48g34eRtY1lD1Z2X/u97Ux0Z8RffTsHoia5Jg
fBPVn5P9w4dRf7zRN3S3cGTdPFjTF7q3VP152b/haOr/zmpL96bZbMF91pTAW+1VnyP7H59Ifb2x
nenuCc/PYU0UnOWu+guy/+jvqe9t3YPuQfBizR7YH9p7qv6i7G81k/rpSf3ovg5uPMmaizCrv+pz
Zf+t86jf0msQ3S9Au7mD8PfDWUNUf0n277mY+ktP/Oj+Bh6q5Y+/H9qPUP1l2b9oBfXlowPp3hyG
72NNBtwzVvVXZP/FcdQ7Nwuiux8snRqE3x0MmqL6q7L/14nUD835ge4r4dVKofy8HbSapvq/ZP+z
26lfFPwT3ffCw7/8hO8vjJut+muyf9Dv1O+3m8//LkypzxonWHeB6vNk/49Tqb+3dwndK6ewn2Yt
wf4wK1r112X/3X9QX9V7Fd1bwRsjV+FzgwExqr8h+3v9Sb1r6Tq6D4fdKq3H5wet4lV/U/Z/cZ76
CbGb6L4aJm9mTTJM3Kz6W7L/qqvUr2m7g+4n4KPurPGCHr+p/rbs3/o29Seu7aF7Efz+AWuew8IU
1d+R/a8UUv8iLI3uDWawHlGsiYFRh1V/V/b/sYT6zx0y+XODQU6scYFOx1WfL/vXLKW+T/pJuk+G
vjmsyYPnTqv+nuyf+o76ML8L/N6A9SayJhSOz1V9gew/tGLa+35buWv83oIvbK/hdw9tr6v+vuz/
tgr1lzfeoXvFBHZeMmvSYFK+6gtl/w2fUG/p/pDubeCp/qzxhX2LVP9A9nd1oL7Zvaf8/YXLhz7j
5/2g13PVP5T9bzekfljEK7rHQMujrDkF016r/pHsP6cJ9VGNynV5f0+F3/RnjS/0LN/lv32R7F+/
JfUHsqzo/gx6lLHGshJbWln1j2X/zPbUF4yxpbv1WPZyIWuKYH5V1T+R/Ue5U29nbU/3FvBaF3v8
3dC1puqLZf+KntS7JdWh+xToe4E1efBcPdWXyP5b+lM/sVcjuq+AEcNYEwh9G6v+qezffQj1a598
TfczsKyMNVZN2TJn1T+T/R8Opz7751Z0t4hm/eNZkwTjXFT/t+y/aCz1L5070v3TZmxlt474/KCr
q+qfy/5OU6ivn9OV7n3g3jtdsR+89a3qX8j+p3+kvm9wL7rPhatmsyYKzuqj+pey/6TZ1M+wG0D3
zbB8fdY4wbreqv9H9rddQP32vb50z4MTj7LmFMz8TvWlsv+uaOqvDAzgf9ebbTeSNUEwYJTqX8n+
/4uh/oPScfy7g/M+GM/P20LLiar/V/b/ewP1zWOD6R4A129hzR64ZarqX8v+KzZT79d2Ot2joXV3
1nhBjxmqL5P9W/5G/eJrc+ieDgMfseY5LAxX/RvZ/1IK9QfDFtK9BLrfX4jvD7wVpfq3sn/oYerv
117Gf7cDu77/MvzuYN8Vqn8n+9c4Tn319Fi6u8Epj2Lx98PCtao3lbD/wdPUd/b7he7jYORq1sTD
FQmqL4d+6pBc6ieV20r3ZfDvSawJgYHbVW+BfmVZHvVxG5PpfgzmPmBNCby1W/Xl0e9dl0/9n132
0/0lfDB6P76/MOCg6i3R53Ysov6f/HS6299jvyhNx/MZ+ByPqP4D9C9u/k19g4gTdPeGq1adwOcH
V2SrvgL66rNfU9+v0Vm6z4Y7XVjjDl3Oq74i+paflz/0vv8p6xLd42GHK6zJh1euqN5K9j9amfqk
MTfofhUGTGNNOAy9pfpKsn9AVeqvVi6gewVr9pU9axpA+0LVV5b9P6hJfYWkx3RvBu8eeIz3Ftxf
rHpr2f/XetS36PWC/9+Au4a8wO7Q9x/V28j+3zam3v9JGd1Xwo1lrLF6w5a+Vf2Hsn+hM/VLfrZ0
p93g2TjWbIFxFdz/21eR/Re6UJ/qbEP367CZK2s8Yfsqqv9I9v/KlfoH56vRvU4Ou/U2a4rgreqq
t5X9T31L/SfBn9HdA9rOYU0UnFVb9R/L/hP6UN/Frj7dJ8DPvmaNC3RqqPqqsn8Vb+r/T02Zx8d4
9nv4RtqSolpBtEGkxBZMVkkEsUVIVGikoWGyDRmZZCaTCUFU2lpijVpTYl+KBKkGoURsFZW2Qaii
1hRtLbHUVup98vt97/O6z/l8zvnn/efknyvPfJ9rZvJcTx7Ljva0zwcvNOrA5zuBDToqfkPZf9tI
8ldEeNB+DLTPZIosMMNL8R1k/7BR5B9/7Ef7A7CWnz+fHwh6BSh+I9n/XhL5T3J60u76JdNWzBSl
4N7eit9Y9l+QRn5r//60DwVPD2KKSDA0RPGbyP5ek8j/8HwY7dPAIw/DcP5gZtUQxXeU/U9PIT8z
I5L2tWDfRUyxClw4XPGbyv5jZ5O/pVk07RfBad7RuH6gLlbx35X9mywk/1zxaNrr72cuP8EUF8Ay
o+K/J/sXLSO/drSZdj/waYoZ3UFLiuI7yf7D1pLvXWMc37/gxsZM4Qw6jFf8ZrL/s83kx675hPal
YM9CpigBCzMVv7nsn7ud/Oze02jfBf40lCmiwfAsxW8h+3fbQ/7eyjm0/wU+eDQH589lPslWfGfZ
/+IB8v+Yuoj2utOYVxYvQn8wZ4nit5T9Jx8jv0mb5bR3BW/6MkUf0Hel4rvI/s4nyO9Tuo6vP5j5
N1PYrcf336D478v+B86Sn2LMp30BeGMCU0wB07cqfivZP/Yy+SvtC2k/CD5vxhRtQaedit9a9q91
k/yyvG9prwIN+77F/z9YtE/xXWX/9XfJfxp6iPbWA5kRI5giAYw6ovhtZP+gx+S73vme/2/BRi+Y
ovZx5vMyxW8r+9/4h/zw7JO0TwV/X8EUG8HcCsVvJ/tnvV5c7X+qO8f3L9g/8ByeW2DABcVvL/u3
q0/+1hNX+L4DT924gucWWHlN8TvI/t83Iv+89XfaX0tlxs/8Hc8tMOtPxXeT/RObkV/H4R7tXuBY
93v43qDugeJ3lP3rtibfZ8cT2qPA6UeZohw8/EzxO8n+W93Ij4sQfav3haBXElOkgwk1+77qd5b9
B3mRP+/xG7QfAPvUrs3nNwDt7BVfJ/tXdSW/OOct2q+C3fOYohDc+Lbiu8v+X/Qm/0+/JrQ39Gc6
DWCKcDC4qeJ7yP4eIeQ7nm/O3xvcc5spnoC3nBXfU/Y/NYT8vhmutCeCBXOYIgfMaqv4XrK/bTj5
qc060Z4LZrgzRQDoplN8b9m/USz5q4q9aT8N/lTOFGfBsi6K7yP77zKS/4O+G+0PwIA0psgELT0U
v4vsH5lC/jPRl/aWNZi1GjOFM+jQT/F9Zf+n6eS3XRNK+wBwy06mKAELP1B8P9l/aSb5Q3uH0/4Z
2D2CKaLB8AjF95f9u2aR/1nlx7TvAGs9/Rj3bRTz4QjF7yr7X8gmf9vUONpPgmOWMcU6MMeg+AGy
/6Ql5P/qmkh74zbM1r2YIhQMTFL8brJ/85Xk25daafcHz59nikrwrE3xu8v+JRvI72KcQHs0WDdj
Au5bMD1D8XvI/jFbyY+3/4z2meD4ZkzRFnScoviBsn/NneTPz5tBexEYUswUpeDeWYrfU/Zfu4/8
/aFf0H4XTNF/gecWGLVA8XvJ/n2OkH/rdg7t9e4wd7xkitpfMp8vVfzesv9vZeQ3zV5F+2Bw6Gqm
yAdXrVH8PrL/tAry++k20m4CvwvciP5gwGbF7yv7t7lAvu3ENtrzwNcrt+G5BV7+WvGDZP9j18hf
bd1F+yHQcSpTzAOn7Fb8frL/mD/J/7HhftprODDd2zCFDmx1QPGDZf83H5D/vPA72jvtYDb9nikq
wNJSxe8v++c/I79dxI+0DwTHG5nCBiaUK/4A2X9gzf3VfsTj0/zcBUPePIPnFlj7rOKHyP536pD/
ec6vtH8N9sr7Fc8tcOMlxQ+V/bPfJr/A7zfaT4EhA5kiEgy9ofgDZX9dU/IvnrvF9+955tzbTPEE
vHVH8T+Q/U86k/9mxkPa24G7sh/iuQXOfqT4g2T/1Lbk+zZ7Tns8GKp7jvsWdPtH8cNkfwcd+Ybi
WkHV+2wwqpwpLoDlrwW96g+W/Xd0IX+B/k3aC0HfVKbIAC31FH+I7B/Rg/wS0ZD2K+B1B6ZwBh0a
Kf6Hsv/jIPJvr36X9kZrmCcLmaIELHBS/HDZP+cD8t/t7UJ7N7DiI6aIBsNbKf5Q2d8vgvzgyna0
p4A+T9rh/PbMJx0UP0L2Pz+C/LSp7rSvAGusZYp8cJWn4n8k+2cYyF/j6kf7GXB5iB++NxjcVfEj
Zf9mSeT/dDSQ9lqlzPA/mOIheLOX4g+T/Ytt5L9ICKa9vZHZJJspcsDZAxR/uOyvzyC/vX0Y7WFg
YGem8AXdhij+x7K/mEL+R3kf0Z4F7j/GFBVg6TDFj5L9V88if0qonvYC8NZoPe5bMCFG8UfI/r0W
kL/99ijaL4Cn3xjN5zcA7YyKP1L2r1xK/qW5ybTbZTNDC5hiL5hvUXy97D91Dfl1dWNp7wqWBTJF
KBiQrvjRsr/rZvL9Tkyi3QiWXGWKW2DlZMWPkf2Pfk3+aOtU2nPBztlMkQvOm674sbJ/wm7yFzac
w58Lzuo2B/ctGJit+HGyf50D5B8oXEj7X+AvZ5jiMlixWPHjZf/NpeTfGZpL+9sRzB3JTJEOWlYo
vkH2Dykn3+nxWto/AGu9tY7PdwQbbFD8UbL/7Z/J75+TR/sEsKg4D/ctWLJF8UfL/nMvkT/W7xva
N4MNo5giHozcofgJsn/nG+SvPbeH71uw5t09eG6Bt/YqvlH2L79D/omJB2l/BF6axRQLwazDij9G
9k95RP4/Tt/T7tKMeaYDU3iBbcsUP1H2f+cf8jsUn6DdAF49fgLdwbJTim+S/b95raTaj9T/QvtE
MCr5F/QHTecVP0n2D69H/jRxha8/OLv+FfQH615T/GTZ/5ED+d+svkn7NbBJAVMUgfl/KL5Z9l/i
RP7lXlW0N+rNPBLGFFFg6H3Ft8j+vq3Ir1f5mPZuYI37TPEcrHqq+Cmy/y8dyO869SXtCeC5+S/x
/w/Oq9HvVd8q+0/wJD/B9Q3al4KDvZkiENTVUfxU2f+9ruQvOlqf9hIw6DRTXAYrGii+Tfbf24v8
gwmNaX8AThrHFJlguqPip8n+IwaQX1WnOe0N7JnBTZjCGXRwVvyxsv/LweQ3y2tNeyjYbzdTHAYL
2yj+ONl/1TDyB4R2pP0T8PxwpogHIzsrfrrs3zOG/HG3vWhfB075mynsvJlPfBR/vOx/NYH8dXMD
aD8BPl/GFOvAnO6KP0H2/9xC/snOfWh/Au7vxhTBoG+Q4k+U/Vulk/+yPIT2jieYGReZ4iZ4YaDi
Z8j+RyaT72b9kPZYsEUmU8wGM4Yq/iTZf9R08oc1/JivPxjSkincQOcRiv+J7F87m/zphbG054ED
DzFFGVgSr/iTZf9Ni8kvHDqG9l/Bd+OYwgRGmxQ/U/YfsIL8K49SaLd/zPzOzsrnNwDtbIr/qez/
53ry6+eMp70n6L+eKfLBVRMV/zPZf/YW8gP8PqV9DBjSjynCwD6fK/7nsn/HHeQbz2XRngPG3GCK
KrBypuJPkf1/3Ev+4onzaC8C82YwxUIwa77iT5X9zYfJP+SUQ/td8Fk7pvAC2y5V/Gmy/9tl5N/b
t5L2JsXMK8dX4rkFlq5W/Omy//ZT5DfXf0V7GJhm+grPLdC0SfGzZP8Pz5MfIrbRngRG12cKR7Du
14o/Q/Z/eJX89NU7ad8EttzGFEVgfpHiz5T9F/1B/oZexbSfA8vDmCIKDCtR/Fmyv8998k9dO0J7
zUpmp3tM8RysOqr4s2X/n5+SL6b+QLsO3L+AKXLBhT8p/hzZP73GgWq/o+tp2keBaZ5MEQDqflb8
ubL/u3XI//joBdrTwfDTTHEZrLio+Nmy/7cNyM9KqKR9Mzg9jSkyQdt1xZ8n+0c5kr+jzi3afwNX
NbmF5xbocEfxv5D9X7Qg/+rmB7Tb5TEdi5jiMFj0l+LPl/1XtCG/QejftLuDWcOZIh6MfKH4C2T/
Hp3J73a7ZjBdfzDjGVPY1WI+sQt+1V8o+1/2IX/MXHval4LDcpliI5hTV/EXyf6fdid/Sed3aD8G
vgxgimDQ10HxF8v+7weRf6S8Ke03wJRLTHETvPye4i+R/Q8PJP9+Skvam1uZuZOZIgvMeF/xc2R/
w1DyWzRsR3sQWLslU7iBzh0U/0vZ//UR5IcW6mg3gwkHmKIMLPFQ/KWy/1fx5E8Y6kv7FjAxjilM
YLS/4i+T/YNN5H/1qAftF0B7u0A+vy4oeil+ruz/eyr5FUv60f4UfGsDUxSA6/or/nLZf+ZE8mv4
DaLdFVwQxBRhYJ/Bir9C9nf7nPzO5yJojwUn3WSKh+DNSMVfKfv/MJP8qIkjaV8E/pbFFAvBrGjF
XyX7J88nf4bTKNoLwDHtmcILbJug+Ktl/7eWkr9zXxJ/Lmh/nCkqwFKz4q+R/QtWk39tZBrtTfTM
vSamSAdN4xR/rew/eBP5b4tJtHuDH9VjCkew7mTFXyf73y8gv/vqKXzfgve3MkURmD9N8dfL/guK
yE/sNZv2ZeD1QUwRCYbOVfwNsr93Cfk51xbQfgScdo8pnoNVixT/K9n/zFHyv5uyjPZnYMh8psgF
5y1X/I2y/7ifyH/Qei3trV2Z+z2ZIgDUrVf8TbK/48/kOx/dTHtfMKxiM55bYHm+4m+W/XdfJH9g
wnbaLeDtNKbIBG2Fip8n+w+/Tv7EOnto3wY+brwHzy3QYa/i58v+f98mf+PmA7RfAdvvZorDYNEh
xd8i++f+Rf7pkGO0vwD/jGSKeDD8uOJvlf27vyC/5u1y2j1A+7+Zwu4E88lJxd8m+1+yO1jt6+ae
pX0wGL7sLJ5bYM45xS+Q/TPrkj+i82XaPwX7d2OKYND3quJ/Lfu3dCB/ZvkN2reDN3+9gecWeOF3
xd8u+x98j/xdKXdpPw9OmnwXzy0w457ifyP7x71P/m/vPKa9UUOmp/NjPLdAp6eKXyj723Ug/53C
f/j6gyUHmKIMLBH9X/V3yP7rPcjvMfR12k1gaixTmMDo2oq/U/bv50++6VE92rPBQLv6fH4DUDRQ
/F2y/82e5C9d0oj2MvC19UxRAK5rovhFsv+M/uQf9W1G+x/g1CCmCAP7tFD83bJ/+8HkP/ylFe2N
zjH/us4UVWClq+Lvkf2PR5LfcqIb7cPBGjOYYiGY1Unxv5X9TdHkD3Lyon2cZDum8AJb+Sj+Xtm/
XgL5Gfu60r4CfP84U1SApd0Uf5/sv9VM/qaRvWk/A2YlMoUNTOir+MWyf9g48s+8HEB7LRFCXFyP
KRzBugMVf7/sf+8T8u1WD6HdFXxvK1MUgfnhil8i+8+fRr57r+G068G3wpgiEgyNUvwDsr/nXPJH
Xovh+wYsqGKK52BVnOIflP0rFpE/a4qR9i1g3/lMkQvOS1T8Q7J/2nLyd7dOof06uMCTKQJAXari
m9NsneMsafoYkznZ0GlMqjlZ/Md/dNqPj5cXUfv57/Tx8fEU7t4e3l26+Hj5eGuvu3tqB8JZ95//
Kv/zJy3VFmN1dhZWs9n2v533f+3/T38mupgTXfxt1jSDm4vBajVbXfxdXNxckszxBu037c7QDkzm
mHjtIFm7Q6qPYmINJt74rtFeG62d5+/yQUT/Pv17OvczBJmtcQbnIeGRzp46H522pya5+Hv4urnE
W41jDdpHuHvqPHRuLta0ZJsxSfsgdw/tPO1tTObYGFP1S1a9zRiXqE9O1Tadh5f2DiazTTvw0O4X
N5dxMdakNIuLv3f1gcVgNZrj9WmpOI43xMSbjMmGf7+SajEm05EHHdmshpgkvUWzrEbbeBf/jt5u
LsZk7TbQvkyMrdoz6JO1v/+VU/j6jLbGWBJo0t7L79VjvW28pfrFiS6JBmty9eXxm8TfWT82xmrU
3pmunz4uLdYUk6pdEEvC+OqzR43SBi+dn4928vikWLOp+u/V/lpNMCQna2f6e1Vf8PEGK/+amhYb
F2O1GunYx93DzSUlpvrSemtvYIq3xOnjYrUjDxwYbXSeJw6t5nHakS+OJmiDrxcOYkdrn6u9vXF0
UoyHi7+uk07nxz9dtPNTDYZ43hONFj39BXRFJlVfN4vVrH2sOcliMtgM8fr4NKsxebReK6u9zX/t
uLO0Fwzphrg0m3YX6C1ms0mfapxgoNfjzFYDfUZ1q3/fkqOMo8zad9bxbzSMijGlakuSyazdIK++
YEnVW4wWg96QPBY3sfZKnDnZZtU+yGI1pBqqM+Bs7Qvqq//zbfo0W5x2uofOw6eju66jziPcvYt2
r/rrvDt5+XgMd+FTDcn/YtdsA6Io1z+MuhUZFWYaFelqdKTCdXd2dnc218TCokKkosJCEV0UBIFk
SXxtLVJSKizylQprUyztUJnSPzrhiUqLypOknMKifInMjlRYalRn5nl+t+wN1Kf+51P04XK591pn
5pp5Zrby/u4bnRbNduqNs9NzcvDB4uR1ufW6ilVz6B/m0DSbSwl6n/Gp7F1O/ZMU1Wm36mFmZejH
xGsceXnSGwc/33hpNU6JwtypmfKwFojfGBeNvpbjRZ4vXd+K4EtmZlZBQYacGn9Mm6Wf6eKV3Fbx
SeIamTc0t9PR/+jQzwWbO+hHPyHyHVb99LOoViV4oJ+D+W6rcQJbNEfwwG0M3PqnGopLvEhzG+e9
xeWydflkY6TP3JrFZnNZO3/0AzIzvainwYJTh0NvPDWrICsv93d2xGbttlnYEbc1+Efp3BG36gja
eE3t+i7aEc3pDPpgF9sRhX24vXNHugz0HdFbTM/wGTvi/YMkw63GrmDr9RdWTWP7daqEMXM5+Yxi
iJm9B0/skpgqfOro3KvfGYsd63G2gJ+zPe6W7ik27lEifaR2+UgX9lEfOZTulrGV+qmrP07wkwj7
pygWu9K5Py67RX8nPxJiZ7oPOvdkqnEJ97QjdouisL/Xht2wW1zOUyeXol8MKp1cqsWpdt8FY0vt
Tou+JgRNgq4SfeZydznxxGZ3H3Ruti+PFr6er3YH2xBX50ViD77sjPOYLhKny0774bBobmeXPcd+
2PUj7uj6AdgPzaIq7Fyk/eg2WCBvIT1uvE2/Rt0uJ7bYpminDrWG7bMpbot4nMBG2eyqxaaq3bdX
zPQVw6mxmdio7gNxcPU79tQ5adNm5c1Mw2Xc4zbaFYsjyD11bhibYnfYu2yKOMCKRdO0LgNjAx12
i+ZydR2I/XJqXdbWzv1S9KNkszm7H+zugwXGbXdWgS8tb1ra9IzcDP2mYayuPd4yrPqbp4p78rQs
sYIZv++8kacbV6o4oewO/Xy2aW79sUc/BYz7UFp+vv4QM1yssC6XZizTVpdVsevn3hR5f1TcisWt
f09QHS6by7hR6g9fabMypgXdOhX9H4eqiWcpn5zZNZfNrmsup93mcuhOhv5AYHye5rAZ99eCLG/a
rJnyV4qm6WuM/v3DqamqqjjtdnqHfmzEOxwuVT93rE7N6bI5NFXfJpE0bXaW15cpN1N161f3zAyv
/sAX9GtFMa7z7Ix8X1q3mX4r0xWcIvo5kptmvE+85Mczr8D3uwfU6XLY9SvLrho3K35A7frThH49
Ox0O1aWpCh1Qt6LfRhVVt/Tf60fQYe9+QJ02zbjfOVUrO6Cq/uiu3zccDqcr6IA67d0OqFt/gHK4
9L9Jf6/qdKla1wPq0lc9/XRz6lN9BXG5VFcPB9TW8wF1/P4BVZzigDqU4OPpUIy76+w8/UBm5fqC
HjA7f9d54PTj5rC59c3TrwibZnMaZ0vnc6tcRsVzmfh20TkJfkLr/G3QQ1rnL+Vl1dNj8dTMwtzs
7m/PzSoQf6dtQd8/9fuf8f1/+qnv/zl50//UT5c/xqn9B9//9Qdqa+f3f6f4/m/96/v//+ZHb282
G1/wRxlf781m86mTwYyfU6u9Wb9Pid/oz0SKWb+diBf6NWwzXlhOvVTM+hVu7nxVWGCebw56RKfP
ses3Qn1inOXyV/p9Qf+U+WbjC4rZOsJYEs24psxWs7EF1j/35P/rp8v1PyXr/+Ff//3x9W93GZ27
X//KX9f//+KnvZfkEK1vQqTx/18tb/moRPz3BnAVWAn6vxQ0wT8Gf8y/+wl/kL1Vvk8FPWAsaD4s
iZ8f4afPvVD4NzUelfMmsAU8AO74jvk/wV908RDhFxX+JOdFoB8sBjNPMP84/HW10cJfP/A3OY8A
zWAUaOq1O9g/AX/7RKvwd287Xc5rwDqwHqwKZf5J+F/86hJ+yIRz5DwV9IKZYHw483+G36tytPCH
nxwg5x2gaaBkKNh6AfM7qP+Y64V/59pL5LwCDIBVYOlg5v9C/b9MFH6J5zI5jwXjwQQwZhjzf6X+
998u/Ff2xch5C9gKHgEbLMz/jfpHTRL+lwtVOfeDJWApmONkfkhv9H8rQ/jnmj1yHgXGgFYw/Grm
94K/fdpM4Xu2X4veYAO4C6wey/ze8L84o1D4M6bchO5gDpgPJo1jfh/4vTbOF/7KPreiOxgGhoNt
ycw3wR9yY7Hw6wN3ojdYDW4By1OZfxr8Md8sk+vH2CnoDiaByaDqZf7p8NNLH5Prx1dZ6A62ge1g
Yzbzz4C/aPha4SeU3I3eYDm4CiwqYH4o9f/gaeHPuXwOuoMqqIGR85h/JvXPe06uH+/60R1sBJvA
mvuY35f6h78k14/sEnQHfWARmLKU+WdR/5delevH2WXoDUaAkWDIo8wPo/63bhe+5YWV6A7WgLVg
xWrmn03923cI/67xT6E7mAKmgp51zD+H+j++S64fbevRG+wAQzZIHqhi/rnU39kk14/lL6A7WAFW
gv5q5odT/72fy/VD2YruoAeMBc01zO9H/Yu+En544+voDbaAB8D6N5h/HvW/8KjwRxW+hd6gHywG
ve8wvz/1f+1HuX4MfB/dQTMYBZo+ZP751D/1V7l+bGtEd7AOrAcDe5g/gPr/cto4sX6kNKM36AUz
wfjPmD+Q+j95tvC/P7Ef3UHTAclQsPUg8y+g/qMHCH/w2m/QHQyAVWDJt8yPoP4tkcJP8PyA3mA8
mABajzH/Quq/KEr4c/adRHewFTwCNnQw/yLqPzRG+OsX9m6U3cESsBTMMTUG+xdT/3q78BsH95Vz
MxgNxoDhYcyPpP4ZI4Xfa3s/Oa8HG8BdYHV/5l9C/U+/VviWKRfKuRfMAfPBpIuZP4j6b7hR+Hf1
GSLnJjAMDAfbhzJ/MPWPv0X4JYFoOa8Cq8Et4KormG+m/l9PEP4rY61yHg8mgcmgpjB/CPVfmi78
/Ydcct4KtoHtYJOb+UOp/5VZwg8vGY3eYDm4Ciwaw/xLqf/7+cIfdfn16A2qoAZG3sD8KOqfWyT8
Ge8mojvYCDaBNUnMv4z6n+sX/srs29Ed9IFFYEoK8/9G/auXCP+tsEnoDUaAkWBHGvOHUf+bH5Hr
x+YMdAdrwFqwYjrzo6n/9yvk+jF+JrqDKWAqGJvH/Mup/2NPyvWjzYfeYAcYUijZcg/zr6D+6nq5
fiyfj+5gBVgJ+hcy/0rqv2ez8DcoxegOesBY0LyY+THUf/Yrcv3YvQzdwWawBax7iPnDqX/E63L9
KHwMvUE/WAx6H2e+hfq/Wi/Xj4Fr0R00g1Gg6Qnmj6D+dzbI9WPb0+gO1oH1YCDAfCv1/3m38B9M
eQ69QS+YCcZvYr6N+ld8KvytJ15Ed9D0kmQo2Poy8xXqP2q/XD/WvIruYACsAkteY76d+n9+WK4f
nu3oDcaDCWDMm8xXqb//e7l+7NuB3mAreARseJf5Duo/5KTwsxfuQnewBCwF8z9ivpP6/7NXouGv
GtyE7mA0GAOGfcJ8F/Wfeqbw36r7HL3BBnAXWP0F8zXqb+on/O/Tv0J3MAfMB5O+Zr6b+j8bIfzB
fY6iOxgGhoNtbcy/ivpfZxb+uMCP6A1Wg1vA8uPMH0n9W4cJf+7YX9EdTAKTQTXk42DfQ/0fHCH8
DYdOk/NWsA1sBxvPYP4o6n+FS/iNS86W8xKwDCwHi85l/tXU/72rhd/r8gFyHgOqoAZGXMD80dQ/
5zrhj3g3Us4bwEawCawdxPxY6n92ovBTs6PkPAf0gUVgyt+YP4b6v3Cb8B8Mi5HzcDACjARDLMy/
hvqPnyj8rZvtcl4N1oC1YIWD+ddS/++8wt+fOFLOk8AUMBX0jGJ+HPV/NEf4/dquQW+wAwy5VrIl
jvljqb/dJ/yrl9+I3mAFWAn6E5h/HfVvnCf8bOUWdAc9YCwYlcz866l/4f1y/dg9Ad3BZrAFrL+L
+fHUf+AyuX740tEb9IPFoHcq82+g/tseFf4PA7LQHTSDUaApm/k3Uv+UNcI3b8tHd7AOrAcDs5h/
E/U/uU6uHylF6A16wUwwYS7zE6j/2o1y/ThxL7qDJr9kKNi6iPnjqL/nRbl+rFmC7mAArAJLH2R+
IvXfVyP8j0c+gu5gHBgPRi9n/njqv7BO+L33rUBvsBU8AjasYn4S9R+8Q64fC59Ed7AELAVzKpl/
M/Wv+1CuH4PXozsYDcaAYVXMv4X6p++V60fdZvQGG8BdYPXfmX8r9e/zufC3pb+C7mAOmA8mb2N+
MvUPHBL+gd6vozsYBoaDbf9g/m3Uf+x/5PoRqEdvsBrcApa/zfzbqf+hY3L9GNuA3mASmAyqHzD/
Duq/5Be5fhzaje5gG9gONn3M/BTqH33aeMNfveRTdAdLwXLQt0+Q/vvHBOq/M0z4b0fvR29QBTUw
4iD7+++k/jPOF/4POw+jO9gINoE1R5h/F/UPixS+Oft7dAd9YBGY0s78VOq/+VLhjws7id5gBBgJ
hnQwfyL1T7xS+PM299oju4M1YC1Y0WdPsD+J+h9VhF+VeKacJ4EpYCroOYv5adS/7Crhf3w0XM7b
wONgB9hyHvMnU3/bNcLvvTxCzsvBCrAS9F/E/HTq/9ENwh+hmOVcBT1gLBg1lPlTqH/BzcKfuHuY
nDeCzWALWHc586dS/wEThL/UN0LOi0A/WAx6bcz3Uv+tk4W/bYBLziNAMxgFmtzMz6D+d2QK/8DW
q9EdrAPrwUAs86dR/+N5wu+Xch16g14wE0yIZ/506r96tvBHnxiH3qApUTIUbB3P/Ezqf9W9ws9Z
cxu6gwGwCiy9g/lZ1P/TxXL9GDkR3cE4MB6MTmP+DOo//2G5fjR70RtsBY+ADdOYn039B62Q68eC
HHQHS8BSMD+X+TnU/40nhD9ksA/dwWgwBgy7h/kzqf/kZ4WfWDcPvcEGcBdYvYD5udS/12a5fqTf
j+5gDpgPJj3A/Dzq//QWuX70XobuYBgYDraVMj+f+l9bK9ePZx5Fd3ATWA2WlTP/bup/4E3h9xm7
Br3BJDAZVCuYP4v6P/Ce8K2H1qE72Aa2g43PML+A+g/bLdePJRvRHSwDy0Hf88z3Uf8dn8j1I/pF
9AZVUAMjXmZ+IfXP+lKuHztr0B1sBJvAmv9j/j3Uv+9h4R+cUYfuoA8sAlP/yfzZ1P/574R/XtgO
9AYjwEiwYyfzi6h/wgm5fmz+EL3BGrAWrPwX8+dQ/29DksT6kbgX3cEUMBWM/Tfz51L/h0OFv/ro
Z+gOHgc7wOYW5s+j/tZw4b9Tdgi9wQqwEvS3Mn8+9f/XBcJvt/0H3UEPGAua25i/gPrPGiz8IbuP
oTvYDLaAdT8xfyH17z9M+Im+X9Ab9IPFYOZvzL+X+m+xCH/egNP2yu6gGYwCTWfsDfb91P82p/A3
bg2T8xqwDqwHA+cwfxH1/3GU8Pfccb6cp4CTQS8YN5D591H/lWOF3+fExXLeAZoiJUPB1kuYfz/1
d48TvnXNpXJeAQbAKrDkMuYXU/9PkoU/ceSVcu4B48B4MGY48x+g/vNShb+sWZHzFrAVPAI2qMxf
TP0jvcKvWXCVnPvBErAUzPcwfwn1fz1b+AcHXYPuYDQYA4bHMb+E+k8qEP55dTegN9gA7gKrb2L+
g9T/t7nCH51+M3qDOWA+mHQr85dS/8r7hD+z9wR0B8PAcLDtTuYvo/7XLBX+mmcmozu4CawGy6Yw
v5T6718u14+4TPQGk8BkUJ3B/Ieof/FquX4czEN3sA1sBxvvZv7D1P+ydXL9WDIb3cEysBz0zWH+
I9T/7Srhj4++F71BFdTAiEXML6P+06uFP3/nYnQHG8EmsLaE+cupf2iNXD9mPIzuoA8sAlPKmP8o
9d/4hlw/zlqB7uD5YAR4fCXzH6P+N70j14/NT6A3WAPWghVPMb+c+h/5QPi2xGfRHUwBU0HPBuY/
Tv0f2iP8SUc3oTt4HOwAm19g/grqb/lMrh9lW9AbrAArQf9W5q+k/h8elOuHrRbdQQ8YC5r/wfxV
1D//W7l+fPQmuoPNYAtY/xbzV1P/fseE39/3HnqDfrAY9L7P/DXU/6UO4ccO2I3eoBmMAk0fM38t
9U823SzWj62foDtYB9aDgWbmV1D/Y2cJf80dX6I7OBn0gnEHmP8E9V/RX/jvHP8avUHTYclQsPUb
5j9J/V0XC//Y6u/QHQyAVWDJD8x/ivo3DRX+0JEn0B2MA+PB6J+ZX0n951wh/PHNIU2yN9gKHgEb
ejcF++uo/0WK8OcvCJVzP1gCloL5fZn/NPV/zS38jYPC5dwMRoMxYPh5zH+G+k8cI/y9b1wg53Xg
DrAB3HQh8wPU/9d44ZvSB8u5F8wB88GkIcx/lvo/lSR8W+9hcm4Cw8BwsC2a+eupf2yK8Cc9Y5Hz
ALgJrAbLrMzfQP2/SBP+sjinnMeDSWAyqGrMr6L+900Xfs3BUegOtoHtYNNo5m+k/pfmCf/Q4rHo
DpaB5aDveuY/R/3r7xF+/+hx6A2qoAZGjGf+89R/2kLhx+5MRm+wEWwCa25n/ibqf8ZiuX7MSEV3
0AcWgamTmL+Z+lc9JNePs7zoDp4PRoDHM5j/AvW/4XHh79iUjd5gDVgLVs5k/t+p/+EKuX6MK0B3
MAVMBT2FzK+m/ssCcv04OhfdweNgB9gyn/kvUv+YTXL9KLsPvcEKsBL0FzP/Jer//sty/bAtRXfQ
A8aC5lLmv0z9814T/nMf/Zcqu4/Ouf7jOD6Z+6nJRavQMKyaDFNoabjU0uhyP1IuTI0Ww9R+Gabc
rCyGlcnIzarFRUuTkZvJyrCEVo1NVobJ3arFFat+p8/n+T7H+6/HH5/zOtf3nOc573+upXTHMizH
/OVqnyv9/ffb+zF9Jd0xCZPRvUrtt0n/Tw/Z+9FsHb0xEIPQd4Pafy79Bx+39+PzbLpjPhZg9ka1
3y79/zhh78eIHLqjG2PQuVXt86R/+s9mn+rdTm/0zbPWx8odar9D+ne7YPY7Vu6lO2ZhNqbsU/ud
0v+HKns/eh6gOzoxEoMPqv0X0j/Ra+9H2RF6YyVewqKjar9L+t/tM9jcj1k/0BvnYSrGlRjl/4/d
0n9nPbOf3OonumMwhqBfufr9PdL/2TvMftXes3THQixCz3m13yv9a5qbfaH7Mr0xDuPRdVXt86X/
6lZm/2etP+mOfuiPVdfUfp/079Xe7NtsqKE7ejAH0/5R+y+l/+mOZu9y+p6wvdGFQzGs7olb9/ul
/9xuZj/rbCP7XolVWI3FjdW+QPq3eczsNy5oat9TMA3TMaGZ2n8l/fc7zf7HDvfa92AMxTAMaKn2
X0v/mCiz9z3Yxr4XYTGWYF6Q2h+Q/nWGmn2XSQ/Y9zhMwESMDlH7Qun/4bNmP6ZRF/vuhw4MQG9X
tT8o/Z8cb/apnh72PQfzcBdmPqr2h6R/5SSz3zGgN90xGkdjeF+1Pyz935pm9ueuRNIdvViD5f3V
vkj6P/ia2TvSXPTGTFyLyYPV/hvpXzTX7Ht3jqY3hmMEBo1S+yPS/+U37f04PobuWIblWDBW7b+V
/rcvtfdj+ot0xyRMRvdEtT8q/T/JsPfDMYXeGIhBWH+q2h+T/q61Zn9t2yt0x3wswOxEtT8u/X/7
yOzbjphNd3RjDDqT1f476b/8E3s/vPPpjb4L+G68tFDti6V/2HZ7P1a+TXfMwmxMWaL230v/7/fY
+9HzHbqjEyMxZIXa/yD9X/na7EtKM+mOFViJhWvU/kfpf9cRs68zK4vemIKpGP+h2pdI/7zv7f1o
5aE7BmMI+m1R+xPSf+Qpez/2fkZ3LMQi9GxT+5PS/0aFvR/uL+iNcRiPrt1qXyr9My+Z/c5a++mO
fuiP1QVqXyb9H6s2+/PrD9EdPZiDaUVqf0r6/3TT3g/ncXqjC4diWLHa/yT959QeYu7H2RP0xiqs
xuJStT8t/QMbmf3kBT/THdMwHRPOqH259N93p9lndrhAdwzFMHRcVPufpf+4e8z+YGEVvbEYS3DX
72r/i/Sv3cbsr0300h0TMBGjb6j9Gen/wf1m37aRz0nbHR0YgN5aJ2/dV0j/JzqbvctTz77nYB7u
wrUN1P6s9D/f3exnD7jDvrswGkdjeBO1Pyf9UyLMftOV5va9Cr1Yg2UBan9e+t8fafYlS1rZ9zTM
wExMDlT7Sul/6Bmzr9O5vX0Pw3CMwMBgtb8g/V8aYfZdjne078VYhuWY30ntf5X+fmPM3j29m31P
wCRMRvcjan9R+m95wezfdjxGbwzEIPR9XO0vSf9nJpv9zm1OumM+FmDWE2p/WfpXzTD788Oj6I5u
jEHnQLW/Iv2XzjJ7h3cIvdF3qLU+Vg5T+6vSv8t8s++z8ll6YxZmY8pzal8l/b9LNfspPcfTHZ0Y
icET1P436Z+Qbu9H6SS6YwVWYmGc2v8u/Ztl2vuRNI3emIKpGJeg9n9I/+0b7P1o+RrdMRhD0C9J
7aulf/Qmsw/aO5fuWIhF6HlD7f+U/n9tNftB7jfpjXEYj65Fan9N+r+3096PWkvpjn7oj1XL1P66
9H/0S3s/1mfQHT2Yg2nvqb1X+pcdtPej71q6YxS6MHS92v8l/WcdM/u6Zz+iN1ZhNZZ8rPY3pH+r
E2bfdcEndMc0TMeET9X+pvTPL7f3o8N2umMohmHADrWvkf5jK+39KNxDbyzGEszLV/u/pf9tVfZ+
TPya7piAiTi6UO3/kf4brpt9ZcMjdEcHBqD3W7X/V/o7/zX7Zp7v6Y15uAszf1R7n9r0P1t3qLkf
A07RG6NxNIafVvta7PctuN3sp1ypoDt6sQbLzqn9bex/7tDc7DOXXKI7ZmAmJl1R+9rsax1safaH
QqvpjeEYgYHX1N6XfetJ7cz++rGbdMcyLMf8v9W+DvvejTqafdD02qW2OyZhMsbUKb11X5f9WE+Y
2Q9yNLLvARiIQejbWO3rsZ87INzsZ2+7077nYT4WYJZD7etL/yt9zd4z/B77Ho1ujEFnC7VvIP2X
PG32J663tu9e9GnDd2NFW7VvKP1Dh5h93ZX32/dMzMJsTHlQ7RtJ/+OjzL5rz872PRydGInBXdXe
T/pPH2f27tLu9r0MK7ASC3uqfWPp75hk9ouTIuiNKZiKcX3U/nbpv22q2X/RMpLuGIwh6N9f7e+Q
/sP/Z/aVe56hOxZiEeYMUnt/6X892eybuUfQG+MwHl0j1b6J9M9Isfej1hh6ox/6Y5Vb7e+U/j3S
zD5+/Qt0Rw/mYFqs2jeV/qUrzH5138l0xyh0YWi82jukf9L79n5UzKA3VmE1lryq9s2kf8uP7P2Y
P4vumIbpmDBH7ZtL/z1b7P3oMJ/uGIphGLBQ7e+S/mM+N/vBhan0xmIswbzFah8g/X32mP2ciel0
xwRMxOh31f5u6b/uK3s/GmbSHR0YgDWr1f4e6d/nG3s/Nm2gO+ZiHmZ8oPb3Sv+KYns/BmyiN0bj
aIzYrPYtpP/8MrMPu7KV7ujFGizLVfuW0r99hdmPXbKT7piBmZi0S+1bSf8DF+39CP2S3hiOERhY
oPb3Sf/YP+z9OHaQ7liG5Zh/WO0DpX+Dm/Z+TDtGd0zEZIz5zij/f7SW/htvG/bfvrnjBL0xEIPQ
t1T9fhvp/3RDs++7rZzemI8FmPWL2reV/pebmH388Eq6oxtj0Pmr2gdJ/8V3m/3q61fpjj5VfDdW
/Kb27aR/p9ZmfyjjOr0xC7Mx5S+1by/9jwabvbfHv3RHJ0ZiSK2yW/cdpP/UULNvV1rXvpdhBVZi
UX21D5b+d3Y3+8FJt9v3ZEzBVIzzV/v7pf9nj5v9nJbN7XsgBmMI+geo/QPSf+iTZu/Z09K+52Mh
FqHnPrV/UPpfG2j2J8e0s+9ujMU4jOqg9iHSf8Vws69Xq6N990U/9Meqh9S+o/Tv/rzZh60Ps+9Z
6MEcTHtY7R+S/icmmP3YvuH23YlR6MLQXmrfSfq/9rLZL67oS2+swmos6af2odL/3hlmv2v+03TH
NEzHxAFq31n670oy+wvth9AdQzEMA4apfRfp/9w8ez8KR9Ebi7EE80arfVfp/+8iez8mjqM3JmAi
RseofZj0X7vc3o+Gk+iODgxA70tq3036915l78emqXTHXMzDjOlq/7D0/2W92R+O+h+9MRpHY/hM
tX9E+r+x0d6Py8l0Ry/WYNnrat9d+gdttfdjSQrdMQMzMfktte8h/b/aYe9HaBq9MRwjMHCZ2veU
/i/ss/fj2Aq6YxmWY/5KtX9U+tc/aPabp71Pd0zCZHSvU/tw6f/xUXs/mn5Ed2yBgej7sdo/Jv37
l9j7sW0LvTEfCzArR+17Sf+Lp+39GP453dGNMRiZp/aPS//U8/Z+XN9Nd/TZw3djxV61j5D+Ha+a
/ZKMr+iNWZiNKQfUvrf0P3LN3o8e39AdnRiJId+qfR/pP+Ufez9OFtMdK7ASi35Q+77Sv0nd4eZ+
JJXRG1MwFeN+Unun9N/a2Oz7tqygNwZjCPqdU/t+0n9IM7Ofuuci3bEQizD3sto/If2rW5j9mjF/
0B1jMQ5df6r9k9L/nSCzP+xzk97oh/5YXaP2kdL/4RCz96677ZTtjh7MwXTfU7fun5L+P3Y1+3Z9
G9p3J0ahC8P81L6/9E981OyHVDSx75VYhdVY3FTtn5b+9/Q1++T5d9v3FEzDdEy8V+2jpP8X/c1+
c/vW9j0YQzEMHW3VfoD0Hz3Y7E8eCLbvhXgUizHvAbUfKP3/Hmn29SaG2vc4TMBEjO6i9s9I/zVj
zb5bw+723Q8dGIDeHmrvkv6PTzT7cZsepzvmYh5m9Fb7QdK/PN7sl0Q9SW+MxtEY/pTaD5b+cxPN
ftflgXRHL9ZguUvth0j/tslmf2HxcLpjBmZiUrTaD5X+BQvN/q7Q5+mN4RiBgW61Hyb9Jywxe+ex
CfTGMizH/BfVfrj0r7vC3o9pL9MdkzAZ3VPUfoT0/2iNvR9NZ9AdW2Ag+r6q9tHSP/JDez9yk+iN
+ViAWbPVfqT0v7DZ7P8aNo/u6MYYdC5Q+1HS/61tZt/++iK6o08q340Vb6v9s9I/ZLe9HxnL6Y1Z
mI2p76j9aOn/TYG9Hz1W0R2dGInBq9X+Oek/ucjej5Pr6Y4VWImFWWr/vPS/o9jsS2dupDvOwxSM
9aj9GOmfU2r29VtupTcGYwj656q9W/oPOmPvx54ddMdCLELPF2o/Vvr//qu9H2P20R1jMQ6j9qv9
OOm//Hd7P3wO0hv90B+rD6n9eOnf7YbZ7153lO7owRxMP672MdL/h1oj/tv/2qeE7hiFLgw7qfYT
pP+rDcz+rorT9MYqrMaSn9X+Bekf0MTsnfPP0xvTMB0TLqj9i9J/R4DZT21/le4YimHo+E3tY6X/
qECzf//ANbrjUSzGXK/aT5T+NzuYfVHsP/TGBEzEaJ+fbt1Pkv6Zncz+rwZ17bsfOjAAvfXU/iXp
3+sRs2+/qbF992Au5mHmHWofJ/1P9zL7IVHN7LsLo3E0Rtyl9i9L/+QnzH7u5Rb2vQq9WINlrdR+
svRvPdDstywOsu9pmIGZmNRe7adI/y+HmX1ppxD7HordMRwDHlL7eOk//jmzr3+sq30vxjIsx/xu
aj9V+vtOMPtu0x617wmYhMnofkztp0n/D+LMfnzTvnTHFhiIPv3Ufrr0fzLB7NNy+9Mb87EAs6PU
PkH6V840+93DBtMd3RiDkUPVfob0f/MNez+ujaQ7+oyy+mLFs2r/ivR/YJG9Hxlj6Y1ZmI0p49X+
Vel/eJnZ9+sxkd7oxEgMfkntE6V/3HtmP+1kPN2xAiuxaJra/0/6N15v78fMRLrjPEzB2NfU/jXp
v+Vjez9aJNMbgzEE/V5X+5nS3/WpvR+7F9IdC7EIPW+qfZL0/y3P7DuMWUJ3jMU4jFqq9rOk/7J8
sx/qs4Le6If+WJWh9rOlf9dCez/WraE7ejAH09aq/RzpX/ytvR99PqQ7RqELw7LVPln6z/jR3o8z
m+mOl7AKiz9R+7nSv/lps28wfxu9MQ3TMWG72r8u/befM/uH2++mO4ZiGDr2qv0b0n/kFXs/DhTQ
HY9iMeZ+rfbzpP+NP+39iC2iN8ZjIkYfMcr/H/Ol/6q/7f1oUEx3dGAA1nyvfn+B9A+vE/3f/uLG
UrpjLuZh5im1Xyj9T/mZfUDUGXpjNI7GiLNqnyL9ZzvMvt/lX+mNXqzB8ktq/6b0v6+F2U9b/Dvd
MQMzMala7d+S/vltzf79Tjfojt0xHANr1H6R9B/3oNl/c7TWadsby7AcC2qfvnWfKv1rdzX7G1Mb
2PcETMJkdDdS+7elf1ZPs+/QtIl9d2ALDESfpmq/WPr362P2Q3MD7Hse5mMBZt2j9kuk/7mnzH7u
sED7Ho1ujEFnG7VPk/4LB5n9J9c62Hcv+gRbfbHifrVfKv2DR5p92YpO9j0D12IWzuus9suk/0G3
2Tfo8Yh9D0cnRmJwD7VfLv1fijX7h0/2ojtWYCUWRah9uvT3izf78TOfoDvOwxSMjVT7d6T/5lfN
fmmLgfTGYAxBP5favyv9B84x+z27h9EdC7EIPSPUfoX0v7rA3o/nn6M7xmIcusaofYb0T1ts74fP
BHqjH/pj9Qtqv1L6d37X3o91cfRGD+Zg+mS1f0/6H19t9tP7JNAdo9CFoa+o/Srpn/CB2a89M5Pu
eAmr8Ogstc+U/s022/sx7w16YxqmY8J8tV8t/T/Ptfej3SK6YyiGoeNttV8j/UfssvfjwDK641Es
xtx0tX9f+nv3m/2w2PfojQmYiNGZar9W+q88bPavN1hPd3RgAHo3qP066d/zO3s/Nn5Md8zFPMzY
pPbrpX/pSXs/nv6U7jgUozH8M7XfIP1n/WLvx+U8eqMXa7Bsp9pnSf9W/6fKXoOqLts2jGORoqKp
Ue6wSLFwT0a6VEosSlR6pETDPRbq0igxcU+FujQqNMwdPVGiUqFRmlBRouE2NNKlYaGRgS6TcmlU
qPSI+s5738c14/Xp9+GeU/4zB3ONM/xh9n1XFNMdMzELU/eo/QfS/5u/zD6hVwnd0YHhGHhI7T+U
/vH/2vvhPkJvrMBKLD6q9h9J/wYNRpv7MfMnumMKpmLCCbXPlf4b/cz+fKtf6Y6BGIS+VWq/Wfo/
1sLs2xb8Rm8sxn2YU632W6S/p7XZPzHyIr0xHhMwqkbtP5b+y+4x+1mXL9EdfS7z3ei5ovZ50v/+
+80+e901umM25qDrhtp/Iv1Lepr9947bKm1vjMQoDGlUefP+U+k/rY/ZXz3hb98r0IPVWNJc7bdK
/yaPmH3IwgD7noIuTEPnXWq/Tfp//LjZjwwMtO9BGILd0f9utf9M+kc/afaLd3ay78VYgqWY11nt
t0v/C7Fmv3VCN/sej05MxOgeap8v/d8aZ/a/3OjN+4NWP/RHb5jaF0j/0ASzb7Khv33PwTzchhnh
av+59D/6vNn3ffRRumM0xmBopNp/If1fmmX2CWeG0B29WIPuYWr/pfS/Y6HZr3Q9RW/MwNWYPELt
C6V/wWKz/6bzaLpjKIZhwFi1/0r6j3zD7L0H4umObizDwmfV/mvpf3mlvR9OJ70xGefhuOlqv0P6
Z75j70fjJHpjALbBuplqXyT9+22w92PLXLpjARZi1ny13yn9T+ba+zHsVbpjLMZh+CK13yX9F24z
+8PeZfTGOqzHijS1/0b6Bxba+7F8Bd0xE7MwJUPti6X/zm/s/ei1lu7owHAMzFT73dJ/wrf2frjf
ozdWYCUWr1f7PdL/xmF7P2Z+QHdMwVRM+Ejt90r/DT+a/bZWn9AdAzEIfbaq/T7p/+gpez/yC+iO
RViM2V+o/X7pf+asvR8ji+iN8ZiAkbvU/oD0d12w9+PyXrqjzz6rL1bvV/tvpX/nS/Z+rPuO7piN
Oej6Xu1LpP+BerN/2/EDvTESozDkuNoflP5TfceY+3HiJN3Rg9VYUqH2h6S/n7/Zexecpju6MA0T
PWr/nfTfcofZtw38g94Ygt3R36v2pdJ/WHuzf2LnX/TGEizFvH/U/nvp7+1o9skT/qU7OjERo6+q
/WHpv7yr2W+44VNl3xtY/dAfvbdU3bw/Iv179jb7w9l+9j0H83Abrm6i9m7pf6Sf2V8d1MK+R2I0
xmBYK7U/Kv2TBpl9yJnW9t2DXqxBd1u1Pyb9Ww4x+1Gue+x7Gmbgaky+V+1/kP75MWa/pPP99j0E
QzEMA7qofZn0j40z+20Hetr3EnRjGRaEqv1x6X9potn/MrWPfXdiEiZjrEPtf5T+a6eafZPGj9Ab
A7AN1g9U+5+kf98ZZu/Y8jjdsQALMXOw2pdL//I5Zj952JN0x1iMQ8dwtT8h/ee/YvZve2PpjXVY
jxWj1P6k9G+3zN6P5ePojpmYhSkT1P5n6V+03N6Pngl0RweGY+AUta+Q/uPXmH079/P0xgqsxH0v
qP0v0v96ltkPnjmL3piCqRg/W+1PSf/1OfZ+tFpIdwzEIPR5We1/lf4RefZ+5C+mOxZhMWa71L5S
+lfl2/sR+wa9MR4TMDJd7auk/+IdZl9/aSXd0edtqy96Vqn9aenfaa/Zd1n3Dt0xG3PQ9a7an5H+
+w/Z++HYQG+MxCjsvkntPdJ/yjF7P07k0h09WI2lW9T+rPRvdNLejwXb6I4uTEPndrX/TfrnVpn9
qfaFdMdgDEH/r9X+nPQf8rvZN935Db2xBEtx2261r5b+f9TY+zHhW7pjAiZi9EGj/P3jd+n/Zp29
HzcO8+8fsfqhP3rd6uf/If27+4w19yP7R3pjHm7DjHK1Py/9Dzcy++JBp+iO0RiDoZVq75X+M243
+wunz9IdvViDZefU/oL0b9Ha7Nu5LtAbM3A1Jv+p9hel/2d3m/3gzpfojaEYhm2uqP2f0v/p+8w+
+UA93dGNZVhwXe1rpP8/Pcx+41Tf0/b3FJMwGeManr55/5f0X/2Q2R/x87fv/hiAbbCumdr/Lf0f
etjs6zffYd/zsAALMfNOtf9H+v8UafZdhrW379EYi3Ho6KD2tdJ/XrTZj/J2tO81WIf1WBGs9pek
f9tYs3ct72rfMzATszClu9pflv5fjzX7z3r2tu+h6MBwDApT+yvSf+xzZn/qSD/77sZyrMCiAWpf
J/3rp5t905mD6I0pmIrxj6n9v9L/vZfM3tFqCN0xEIPQZ5ja/0/6P7LA7Kfkx9Adi7AYc55W+6vS
v3KR2a+KjaM3xmMCRo1R+3rpv+h1ez8uTaQ7+sRbfbF6ktpfk/4dV9r7sXYq3TEbc9A1Te2vS/+9
mfZ+OGbQGyMxCkNmqv0N6Z+QbfZRJ+bQGz1YjSXz1N6HQ77htlyzn73gFbqjC9PQmar2Ddjv/nCr
vR/tl9EdgzEE/dLU/hb2VYO/tPejaDm9sQRLMe8ttb+VfYPfd9n7MX4N3dGJiRi9Tu192d/7xgGz
73oji/f3+F70R+/7an8b+0HdDpv9M9k59MY83IYZH6p9Q/aTSo/b+zEoj+4YjTEY+qnaN2K/6IVf
7P04nU939GINuj9Xez/p3/ysvR9LdtAd0zEDk3aqfWPpv9Vr9v6d99IbQzEMA/arfRPpH1Nr9v0O
HKI7urEMC0rVvqn0//uqvR9Tj9EdkzAZY8vU3l/6r7p1nLkffifpjQHYBut+Vvtm0j+sqdkXb66i
OxZgIWaeUfvm0v94K7O/OPR3umMsxqHjvNrfLv3ntDP79t4aemMd1mPF32rfQvq37mj2Ucvr6I2Z
mIUp/1P7ltK/sIvZz+7pc8Z2RweGY9AtZ27et5L+ox8w+41HGtl3N5ZjBRY1Vvs7pP9Vh9m7k263
78mYgqkY31LtA6R/VoTZX2vZ2r4HYCAGoU9btb9T+j8cZfZd8++27wVYhMWYE6T2d0n/U8PN/pnY
++x7HMZjAkaFqH1r6f/qM2bvutTDvtehT0+rL3p6qb38R35D0ESz3772IfueidmYg66+at9W+u+e
Yva/9n2Y7hiBkRg8UO3bSf9nXzR7/xOR9EYPVmPJE2rfXvr7zjH7fgui6Y4uTEPnf9Q+UPp/8LLZ
T2kfS3cMxhD0G6X2HaT/E0vNfnXRWHpjCZZi3ni1v1v6n0s3+93jn6M7OjERYyar/T3SP221vR/X
p/P+PN+L/uhNVPsg6d8ly96P7JfojXm4DTOS1f5e6X9ok70fgxbQG6MxBkNT1L6j9H/+Y7Ofc3oR
3dGLNVi2RO07Sf9m+Wa/acnrdMd0zMCkN9U+WPp/+rW9H8Er6Y2hGIYBq9S+s/Qfvsfej/2ZdEc3
lmHBf9X+Pulfc9Dej6nZdMckTMbYjWp/v/RfedTs4/xy6Y0B2AbrNqt9iPTvfcLsl27eSncswELM
+kztu0j/Hyrt/Rj6Jd0xFuPQ8ZXad5X+ydX2fpzfRXesxTosL1b7btL/rhp7P5YfoDdmYhamlKh9
d+n/5RWz79/zMN3RgeEY6Fb7HtI/7obZTz1ynO5YjhVY/JPa95T+/zYcb+5H0i/0xhRMxYRf1b6X
9P9vc7Pf3fIs3TEQg9DnnNqHSv8Bd5n9xe1eumMRFmP2RbV/QPpXdDD7wNhaemM8JmDkZbXvLf1f
7mz2Qy5dpTf61Ft90XNN7R+U/vf0MPs5a2/12O6YjTnous1z8z5M+heHmf2mvk3tuwMjMBKDm6n9
Q9J/UrjZu8tb2fcK9GA1lgaofR/pf0uk2V+f386+p6AL09AZqPZ9pf+mYWbfrX1H+x6IwRiCfsFq
75D+kSPMPq6oi30vxhIsxbxuat9P+p8dY/ZLxz9g3+PRiYkY/aDa95f+y541++3XHbz343vRH739
1X6A9A+ZbvaV6yPojrmYhxmPqn249D840+ybDYqiN0ZjDIYOVfuHpf/0+Wbf//RwuqMXa7DsKbV/
RPo3XWT2U5c8Q3dMxwxMG632A6V/Xpq9H8ET6Y2hGIZtJql9hPR/MsPs9+yfQnd0YxkWONV+kPS/
uM7s/5zyIt0xCZMxLkntH5X+b62398NvDr0xANtg/Vy1f0z6P/CRvR+bX6Y3FmAhZr2q9pHS/9in
9n4MXUp3jMU4dLym9o9L/1lfmH3O+XS6Yy3WYcUKtX9C+gfsMvuj6avpjZmYhSlr1X6w9P98v70f
PbLojg4Mx6D31T5K+o/63t6PI5vojuVYgcUfqP0Q6X+lzN6PpI/pjSmYivGfqP1Q6Z9ZYe9Hy3y6
YyAGoe/naj9M+vf3mH3+9q/pjkVYjDlFah8t/X8+b+/HiD10xziMx4h9Rvn7x5PSP+Ufez8uHaQ3
+hziu9Hznfr5/5H+Ha7a+7H2KN0xG3PQ9YPaD5f+u26ZYO5H3xN0xwiMxJCf1T5G+k9sYvZryivp
jR6sxpLTav+U9PdpZfZ75lfTHV2Yhs4/1P5p6b+hrdn/2a6G7hiMIej/t9qPkP6P3Wv2gUVX6I0l
WIp5/6p9rPT3hJj9kPE36I1OTMToBmdv3o+U/ktDzX7u9Ya8N7L6oT96/dR+lPS/z2H2Oeub2/ds
zMU8zGih9s9I/28Hmv3RiLvseyRGYwyGtlH7OOnvHGz216s62HcPerEG3feo/Wjp33i42Xdb0tm+
uzAdMzD5frUfI/23jDL70cE97HsIhmIYtuml9mOlf/QEs1+2P8y+l6Aby7Cgj9qPk/4XJpt9/pRw
++7EJEzG2EfUfrz0X/GC2Vc2iqQ7tsAArH1c7SdI/16zzb7Z5mH0xgIsxKwn1X6i9HenmP2AoSPo
jrEYh46Rah8v/We6zN55fgzdsRbrsHyc2k+S/q3S7f1If5bemIlZmJqg9s9K//xV9n70mE53dGA4
BiWq/XPSf+S79n4cnkl3LMcKLJql9gnS//JGs++QNJ/emIKpGL9Q7SdL/3VbzH5oy0X0xkAMQp8l
aj9F+ju22/uxPY3uWITFmPOG2k+V/ie+svdjRAbdcRzGY8Tbau+U/gt22/tRu47e6JNp9UXPO2o/
Tfq3P2j2N9aspztmYw66Nqj9dOlf5Db77n0/ojtGYCQGb1b756X/hHJ7P8o/pTd6sBpLt6l9ovS/
8au9H/O/oDu6MA2dhWr/gvTPPmfvR7tddMdgDEG/YrV/UfoP+tPsq3bspzvuwxLM/VbtZ0j/05fN
vvn47+mNTkzE6CNqnyT9l1y39+N6Ge/H+V70R++Paj9T+gc3nGjux/oKumMu5mHGKbV/Sfrvb2b2
ayI89MZojMGw39R+lvSfeqfZ7606T3f0Yg26L6h9svT362D2NYv/oTumYwYmXVL72dJ/c7DZdwi+
Sm8MxTAMuKb2c6T/0O5mP3T/Lb/Z3ujGMizw/e3m/Vzpf/5Bs587pYl9d2ISJmOsv9rPk/7pA8z+
g0at7LsftsAArL1D7edL/x6Pmf2x3Lb2PQ8LsBAz26v9Aul/eKjZ3xhyr32PxliMQ0cntV8o/ZOe
Nvvu50PsuxdrsQ7Lu6p9ivRvOcbsR6eH2vcMzMQsTO2t9i9L/+2TzP61Hg77HooODMfA/mr/ivQf
Mc3sCw4PpDuWYwUWDVL7V6V/bZLZV80YTHechyk4bojap0r/NfPMvnnL4fTGQAxCn6fUfpH075Nq
9gO2j6I7FmExZsep/WLp/9NrZj9txAS64ziMx8h4tV8i/ee/ZfZrayfTG32mWH3RM1XtXdK/3Tp7
P9a8QHfMxhx0zVD7pdJ/x/v2fvSZTXeMwEgMnqv2y6T/uA/t/ShPoTd6sBpLXlH716T/tU/Mfth8
F73RhWnoXKb2adL//c/Nfl67dLpjMIag3wq1f136D9xp78eOVXTHfViCuWvU/g3pX7nP3o9x79Ib
nZiI0e+p/ZvSf3GpvR/XNvK+ie9Ff/TmqH269O9UZvY91m+hO+ZiHqbnqf1y6b/vZ7MfE7Gd3hiN
MRhaoPYrpP/kM/Z+VH1Fd/RiDZbtUPu3pH/D8/Z+LN5Nd0zHDEzeq/YZ0v+jv+396HSQ7tgdQ7HF
d2q/UvpH/c/sb9/vpje6sQwLjqn929L/9wbx/78Pn1JOd0zCZIw9qfarpP+bjc1+WqNKumMLDMDa
KrVfLf27tzT7tbnn6P1/VNl9eNXzH8fxdT9MHTUsRrWG0crSjUWtE8PSpDJMnRitTLdHplYtVkZ3
wzCcUhlWnRgtrfuD0ZHJylKtyWixUnPKqlMNi9/1+3ye7+vq/dfjj8/1uva9rueu9/4YluIm9BxT
+zel/84Is982+E+6YwqmYv+Tav+W9J/c2exP1p+lOwaxEWsa1f5t6d8uxuyvzfuX3ujBpZgd8vuF
e4/0L7nZ7Id0b23f4zAe+2NkqNovlv7DbzX7rF2X2vdKrMYa9LVT+yXS/1SC2a+Ycrl9d2MWZqPr
SrV/R/oX3G32exzX2PdwjMTO2LKT2i+V/n2Gmn3Ip9H2vRR9WIZF16v9Mulf9aDZd38g1r6noAvT
0NlD7ZdL/+mjzX5ksJd9b8SQ3nw31vVR+3elf8RYs5/35u323YOFWIS5A9S+UPpvnmj26/veSXd0
YiJG36X270n/kZlm/+v+e+mOtViH5clq/770/2eW2bebMYLemIvzMSNF7T+Q/stesPfjqpF0x2iM
wVCX2hdJ/4RF9n5sfZzu6MdyLB6j9iuk/8HXzf5t11P0xgyciMMmqP1K6Z+zxOz95928P833YhgG
pqr9Kunf5X17P5Zn0R29WIz5M9XeK/2/Wm3vhzOH3piMwzBurtqvlv5j1tr7cWgevTGADVi5QO0/
lP4tN5v9jLmv0h3zMB/dr6n9R9J/ZZnZr+z6Nt0xFuPQsVjti6X/PeX2fviX0xsrcS+WFqr9x9L/
6Pf2foxbSXd0YyameNX+E+m/YL+9H20+oTs6MByDa9R+jfS/6aDZj/KupzeW4ib0bFT7Eun/3RGz
nz/4M7rjMEzF+C+M8v+PtdJ/4gl7P+r9dMcgNmLNdvXzP5X+l56192NRBd2xAD2YtUvt10n/Neft
/ei+l94Yj/0xskrtS6X/sFaP/38/YNdPdMdqrEHfz2q/XvqfDDP78VN+oztmYTa6Dqv9Bun/erjZ
v+34g94YiZ2x5XG13yj9e0WavX/tKbqjD8uwMKj2m6T/3q5mf3LE3/yeogvTMLFJ7TdL/2e7mX2n
YLOjtjeGNLe2xLoWRy/cb5H+V/Qy++Q3L7LvHizEIsy9RO23Sv9Nt5n9jL6X2fd4dGIiRndQe5/0
f+QOs1+5P8K+V2Mt1qH/KrX/TPr/Pdjs92R1tu/ZmIvzMSNK7T+X/u8MN/tmV8XY90iMxhgMvUnt
v5D+/R8x+x5bb7bvPvRjORb3VPsy6f9zmtmPct1q39MwAydicj+1/1L6P5dh9vPPJ/A+kO/FMAw4
1f4r6d/Jbfbrl99Nd/RiMeYlqf026f/ldLP/beBQumMSJmPcMLX3S/8nnjd7x6EH6Y0BbMDKh9X+
a+nfYp69H3NH0x3zMB/dj6n9dulf9Iq9H13H0h1jMQ4dT6r9N9L/rrfs/fBPpDdW4l4snaz25dL/
yDKz/3psJt3RjZmYMk3tv5X+81aY/anW2XRHB4ZjcLba75D+MR/b++F9gd5YipvQ86Lafyf9d5Ta
+zF4Eb0xBVMx/mW1r5D+E3z2ftS/TncMYiNWF6j9Tukf5jf7VYuW0B0L0INZS9V+l/T/+Duz3xv7
Pr0xHvtjZJHafy/9h+6x92PXarpjNdag7yO1r5T+fx6w92PKWrpjFmaja53a75b++b/a++HYTG+M
xM4YslXtf5D+PevNfsHaMrqjD8uw8Cu13yP995w0+w0jyumOLkxD5w613yv9M/+y9+P093THJgyp
5O/BbrXfJ/0vb/aEuR9v7qc3FmIRzv9R7auk/4ZQsx/Q9yDd0YmJGH1I7fdL/4cdZj9+/xG6Yy3W
of+o2ldL/8Yrzd6TdYLemIvzcWKD2v8o/Rd3MvuvO56lO0ZjDIY2qv0B6X/bDWZ/ast5uqMfy9H7
n9r/JP1reph9J1erY7Y3ZuBETG5z7MJ9jfSf3dfsk8+H8X6pNRTDsKGt2v8s/a9NMPuZy8PteyF6
sRjzrlD7X6T/F3eZ/aqBkfbdiUmYjLHXqv1B6Z92n9nvre1q3+swgA1YeZ3a10r/Zg+afbO53ex7
LuZhPrq7q/0h6f++y+x7dO1l36MxFuPQ0Uftf5X+d6abvct/m30vx0rci6X91f436X94gtkvGHsH
3dGNmZiSqPZ10v+lZ8x+Q+t76Y4ODMfgELU/LP1vmGX2v60aTncswVL0PKD2R6R/+Vx7PwY/Qm9M
wVSMH6X2v0v/pxaafUJ9Gt0xiI1Y84TaH5X+F79u9hMWZdAdC9CD2ePV/pj0/2ixvR+xbnpjPPbH
yKlqXy/9k9+z92PndLpjNdagb4ba/yH9T3jt/Zj8PN0xC7MxbY7aB6T/qyVm39kxj94YiZ0xZIHa
H5f+cZvM/r61r9AbfViGhflqf0L67/7C3o8Rb9EdXZiGTo/a/yn9p35j78fpZXTHJgxZbq19V+0b
pH+H7+39KFhBbyzEIpy/Su1PSv/SKrNv3vdjuqMTEzF6jdqfkv4P/mL2N+8vpTvWYh36N6j9ael/
7rC9H1k+emMuzseMz9U+KP09x+396OinO0ZjDIZuV/sz0r/fGXs/tnxHd/RjOXp3qv1Z6X+gyezr
Ru2hO6ZjBibtU/tz0n9WyzH/3192/gDvP/G9GIaBGrVvlP6RYWafsPxXuqMXizGvTu3/kv6fdTD7
CQPr6Y5JmIxxAbX/W/o/erXZe2pP0hsD2ICVp9X+H+kf0tXst8/5i+6Yh/no/kftm6T/ezeZ/emo
ZvW2O8ZiHIa3qL9wf17633GL2Xf2h9r3cqzEvVh6sdr/K/1/62f294112PcMdGMmprRX+/+kf+4g
s5/ZOsK+h6IDwzHYUe1DWtH/usFm713Vyb57sQRLsaCL2jdj/+X2YWa/L+kG+56MKZiK8TeqfXP2
h55MNfvm9T3sewCD2Ig1cWrfgn2zi9LM/uZFfe17HhagB7Pj1b4l+y4fPmn2rtgEemM89sfOTrVv
xX7QkClmv3DnXXTHaqxB3z1q35r944FpZr9x8n10xyzMRtf9at+G/ZyXnzP7unYP0h0jMBKbHlL7
UOnf4yV7P9a66I0+LMOiR9X+Iun//cv2foxIpzu6MA0Tx6n9xdLf/abZTzw9ge7YhCETrbWT1P4S
6d9+mdkvLniG3liIRZj7rNqHSf91RfZ+9JlFd3RiIkbPVvtLpX9Ksb0fVXPpjrVYh+W5at9W+p9Z
Z+9H1kJ6Yy7Ox4w8tW8n/d/aavZDO75Ob4zGGAwtUHuH9L91m9nP2rKY7ujHcvS+o/aXSf/qHfZ+
jHqP7piOGZj0gdq3l/4zfrD3o8nL+2q+F8Mw8KHad5D+Vx+w92N5Cd3Ri8WY96nah0t/3yGzjxu4
ie6YiMkYt8Uo//+4XPqPPmb2o2u/oDcGsAErv1Q//wrp/2+DvR9zvqE75mE+ur9V+yul/7uN9n5E
fU93jMU4dOxW+wjp7wxJN/djWxXdsQIrsbRa7TtK/0NtzL792F/ojW7MxJRatb9K+s9tZ/YDWx+h
OzowHIO/q/3V0j/6SrOfuOo43bEES7HgT7WPlP5fX2v2i5PO0BtTMBXjz6n9NdJ/3PVmv/1YE90x
iI1Y/a/aXyv92/Qw++DCln/Y7liAHsxq/ceF+07S39vH7LvEhtn3OIzH/hjZVu07S//BA8x+6M4O
9r0Sq7EGfZerfRfpX59o9rMmX23f3ZiF2ei6Ru2jpP+iZLP3tutq3x0YgZEYcp3ad5X+3VPMvqrk
Jvteij4sw6JYtY+W/rtGmX2LEbfY9xR0YRo6e6v9ddJ/yhizjzvdz74HsQlDbrPW3a7210t/xwSz
H10wiN5YiEWYe6fa3yD91041+4V9BtMdnZiIMUPUPkb6j5hp9puqhtEda7EO/SPU/kbpf3qO2R+e
nkp3zMFcTB+p9jdJ/4IF9n50TKM3RmMMhj6h9t2kf9/X7P3Y8iTd0Y/l6H1K7WOl/36PvR+jptAd
0zEDk55W++7SP6vQ7Jc0TeN9Ot+LYRjIUvse0r+j1+y/WfYc3dGLxZiXo/Y3S/8ta+z9SHiJ7piE
yRg7X+3jpP+ojfZ+1L5MbwxgA1a+qvY9pX/T5/Z+zHmT3piH+eh+W+1vkf7Ltpt9dtQyumMsxqHj
XbXvJf0H7jL71duK6I4VWImlK9W+t/Sv3WfvR3oxvdGNmZjyidr3kf5zfrb3o3Up3dGB4Rhcr/Z9
pX/UYXs/Vm2lO5ZgKRZ8pva3Sv9tAbN/NGkbvTEFUzH+a7WPl/7pQbNfdGwH3TGIjVhdofb9pH+r
Jns/Fv5AdyxAD2bvVfvbpP/KFmPN/eh2gO7YG+Mxokbtb5f+SZeYffudh+iN1ViDvt/Uvr/0P9be
7J2Tj9EdszAb0/5Q+wHSf+FVZj+p3Um6YwRGYtMptU+Q/t2izH5JSSO90YdlWPi32g+U/hU3mv03
w0MCtju6MA2dzQMX7p3Sf1JPsw+eamPfg9iEIaHW2ovUfpD0b9vP7KMK2tl3DxZiEeZepvZ3SP81
TrO/v8+V9j0enZiIMR3V/k7pPzzJ7LOrrrXv1ViLdejvrPaJ0v/U/Wa/evr19j0LczAXM2LU/i7p
/8bDZl8V0cO+R2I0xmBonNrfLf17P2b2Lbf0se8+9GM5em9V+3uk/75xZt9z1AC6YzpmYNJAtU+S
/tMmm/2jTYm838X3YhgG7lb7wdL/ymlmv2hZMt3Ri8WYN1Tt75X+m2ab/aaEFLpjEiZj3ENqP0T6
j3zR7I8cHEV3PIoBrBit9snS/588s+8wZwy9MQ/z0T1W7e+T/ksL7P2ImkB3jMU4DJ+k9kOl/4Cl
9n5sm0p3rMBKLM1U+/ul/y8f2PuRPpPe6MZMTM1W+2HS//mPzL681Vy6owPDMfiC2g+X/p3Xmf2Z
lQvojiVYigWL1H6E9P9yi70fSa/RG1MwFePfUPsHpP+Yr+z9OOahNwaxEWuWqH2K9G+5w96PhYV0
xwL0YNb7av+g9F+x2+w/7OalO/bGeIz4UO0fkv53/2j2+yvW0BursQZ9a9X+Yen/e629H5M30h2z
MBtdm9U+VfrPP2rvR7sv6I4RGIlNZWr/iPS/scHej5Lt9EYflmFRudqPlP47zpl93vBddEcXpqGz
Uu1HSf+J/5n95lP76I5NGFLFXdiv9i7pf2mbceZ+vPEz3XEpFmLOQbUfLf0/aWv2Hfocpjc6MRFj
flf7R6X//VeYvbMqQHesxTr0n1D7x6R/wzVmP2l6kO6Yg7mYflbt06T/a9eZ/TsRTfTGaIzB0H/V
/nHpf0t3sy/f3OK47Y5+LEdvq+MX7p+Q/nt6m/2ZkZfYdxemYwYmX6r2Y6T/s/3NPqqpPe8drKEY
hoFwtU+X/lckmv39y66y74XoxWLMi1T7sdJ/4xCzn50QZd+dmITJGBut9uOkf+oDZv/hwRvtey0e
xQBWdFP7J6X/XyPNfn9OT/uei3mYj+5eap8h/Zc8YfYto/rZ92iMxTh03K72T0n/28ebfc9tTrpj
BVZiyR1qP1761zxt9o+lJ9Eb3ZiJqfeq/QTp/9wMs89rNYzu6MBwDA5X+4nSv9Mcs9+88mG6YwmW
YsEjaj9J+pfNt/fjnsfojsMwBeMfV/vJ0v/xfHs/jo2jNwaxEasz1H6K9G/uMftBCyfTHQvQg9lu
tXdL/w/eNfvJ3abRHXtjPEZkqf3T0j9xlb0fFbPpjdVYg77n1X6q9D/8ib0fk16kO2ZhNrrmqf0z
0n/eBns/2r5Md4zASGx6Re0zpX/M52bftaSA3ujDMix6S+2flf7ffm32w4YvpTe6MA2dy9V+mvQf
v9Pej1Mf0B2bMKSIu7BC7adL/0v22fvxxkd0x6VYiDkfq32W9C+usfej9zp6Y39MxOj1Rvn/xwzp
f1+d2beq2kJ3rMU69PvUz58p/U/8Yfa3TP+K7piDuZjhV/tZ0j//tL0fETvojdEYg6EVap8t/Xv+
Y+/H5t10Rz+Wo3eP2s+W/j80f9Lcj5E/0h3TMQOTflL756T/Mxeb/e//1NIdWx7iu/Hor2r/vPQP
b2/24cuO0hu9WIx59WqfI/3XdzT7QQkN/J5iEiZj7Cm1nyP9H+pi9pMPnqM7HsUAVvyl9nOl/7kY
s38n5z96Yx7mo7vZiQv3L0j/xXFm/22XNvY9GmMxDh0XqX2u9L8t3uzPftXWvvux4n9U2XlQFPQb
x3FMVDQPMo81KTHxjJR0NSpUzIuMclUsNUpUKsw18aYiRaXCwhuLEhULDfPaihITz8hMUfkVFnmF
RroqJigmKdZv+n7fz4zPX69hvvOZ3Zk38/yzWIgef7V/S/of7232bWKb2fc4jMdpGOVQ+7elf+JA
s3fVus+++6E/NsHKVmr/jvS/d7DZv7murX3PRg/mYFp7tU+R/jufMfsNAx+07xHowigM7aL286X/
6BfMvtjrtO9lWIlVWNxD7d+V/j4vmX2td8PseyqmYTom9FL796T/xxPNvusD/eiOTgzFgAFqnyr9
+043+9EFT9Ibi/EE5j2l9gukf2mi2S+YOIzumICJGD1c7RdK/7eSzf6bhs/RHR0YgNXRar9I+rdL
tfdjy1i6Yy7mYUas2i+W/t8vs/djyCv0xmiMwXC32i+R/nEr7P24MpnuWI0+U6wlU9V+qfSv+4nZ
T1r2Gt0xAzMx+Q21Xyb9N3xm9hnOOfTGcOyHQfPUPk36R35h78fRFLpjCZZi/rtqv1z6X9pm78eM
xXTHJEzG2KVq/770X7jH3g9HOr0xCDug30dq/4H07/KD2Q/ZtpremI/7MXuN2qdL/8JCs5816lO6
YyzGYcR6tf9Q+k8utvfj5ma6o+8Wvjd6PWr/kfRvXGLvR8bX9MZs3IiLc9V+hfTPOWfvR6+ddMcI
jMTg3WqfIf2HXzb7br99R3f0YhkWfK/2K6X/X3+ZfUzSIXpjKi7G+CNqv0r6f/CPvR+tj9IdgzEE
/X9R+9XSP7R2nLkfe0/QHQuwED2n1D5T+v/awOzPjSulO7oxHl1n1X6N9H+9qdk3rVVGb/THJlh5
Se0/lv4t7zX7x9ddpTt6MAfTrqn9J9J/R5DZTxp4k+7owigMvaX2WdL/hWCzz/Decdn2xkqswmLf
y7fv10r/f7uZ/Q/z69n3VEzDdEyor/brpH/mY2Z/vVNj+x6MTgxFRxO1/1T69+lr9kEFLex7IRbj
CcxrqfbZ0v/MILMfMrG1fY/HBEzEmDZqv176zxtq9rMadrTv/ujAAKzupPafSf+gUWa/YUuIffdg
LuZhZle13yD9940x+19dofY9CqMxBsMfVfuN0v/l8WZf+0pvumM1+oRbS/qo/Sbp7zfZ7LstG0h3
zMBMTHpC7TdL//UJZh/jHExvDMd+GDRE7bdI/0FJZr/g6DN0xxIsxfwRau+R/hffMfvtM16gOyZh
svwdo/afS//URWbvbf4S3TEQg9AvTu2/kP4PfmDvx7aJ9MZ83I8bJ6n9l9L/yCp7P0ZNpzvGYhxG
zFT7HOkfv87ej5uJdEffN/ne6J2l9l9J/7s2m/3KjGR6YzZuxNS31f5r6f/FV2Z/oGcq3TECIzF4
odpvlf7Ddtj7cWoZ3dGLZVi4XO1zpX9lvr0fSSvojam4GONXqv026b+8wN6P1p/QG4MxBP3Xqv03
0r9HkdnP3vsZ3bEACzFno9pvl/7Fx81+47gv6I5ujEdXjtrnSf/Xfrf3w/cbeqM/NsHK7Wq/Q/rf
c9Hej3V76I4ezMH0b9V+p/TffsXej4E/0B1dGIXOg2q/S/pH3zD7Md5CemMlVuGJH9V+t/S/VWP8
f/uF84vpjmmYjgnH1H6P9F9V1+y3dyqhOzoxFB1n1H6v9O99l9l7D56jOxZhMeadV/tvpf9ph9k3
nXiZ3piAiRhTofb50n9uoNn3bXid7ujAAKyuUvvvpH+bDmYfv+UfumMu5mGGT/nt+33SP7+L2a90
1bbvURiNMRjmp/bfS/8XHzb7AxUN7HslVqNPQ2tpI7XfL/1r9zb760ub2vc0zMBMTGqu9j9I/08H
mH1b5732PRTDsR92aKX2B6R/xNNmP/RokH0vxhIsxf3t1P6g9L8w3Oxnzwi27wmYhMkY21ntC6T/
e8+b/cbmTvvuwEAMQt8ean9I+ge/aPa/5j5m3/MwH/djdk+1Pyz9D7nNvs6ovnTHWIzDiP5qf0T6
vzrN7J03B9EdfZ+0+qE3Uu0LpX+jRLMfkzGU3piNGzE1Su3/J/098+z96DmK7hiBkRgcrfY/Sv8h
79n7cWoM3dGLZVgwTu1/kv5Xl5r9+dnj6Y4pmIruCWpfJP3TPjL7Zq0n0xuDMQT9p6r9Uenf/WN7
P/Ym0B0LsBA9r6v9z9L/5/X2foxLoju6MR5dc9X+F+k/83N7P3xT6I3+2ASr5qt9sfR3bDP7g2sX
0R09mINpS9T+V+m/bbfZVw34gO7owih0fqj2x6T/qP32fnhX0RsrsQqLM9X+uPSvPmLvx/x19MY0
TMeEbLU/If1X/mLvR6fNdMcQDEWHxyi/f5yU/r1+M/tNB7+iOxZhMeZuVZ9/Svr/dtbsj7l30BsT
MBGjd6n9b9I/6U97Pxp+R3d0YABW71P7Eunf+i97P7YU0B1zMQ8zDqv9aem/95a9H64iemM0xmD4
z2p/RvqPq/XKf/tFFcfpjtXoc4K7cFLtf5f+tRqYfd7S3+mOGZiJSX+ofan0X9fE7M93u8j/KYZh
OAZeUvs/pP/AALNvdvQKvbEES3F/pdqflf7eNmbfd8YNumMSJmNstdqfk/7zHzD7yc3vqLDdMRCD
0Ne34va9V/p36mb2q3Lr2vc8zMf9uPFOtT8v/Q8+avYHR95l36MxFuMw8m61vyD93Y+bfdUNh32v
Rt8WVj/03qP2F6V/w0Fm3zYj0L5nYjZuxNT71b5M+m8ZYvZDe3aw7+EYgZEY3EntL0l/10izTzrV
xb6XoBfLsOAhtf9T+lfEmP2m2Q/b9yRMwVSMf0TtL0v/pXFmfyywN70xGEPQv4/al0v/bvFmX2fv
ALpjARaiJ0LtK6R/0Uyzd457mu7oxniMcqn9Fek/fbbZj/V9ht7oj02w8lm1vyr9m79j78fa5+mO
HszBtNFqXyn9cxfa+zHgRbqjC6PQ+bLaX5P+I9+39+Ocm+5YjpVY9Kra/yX9b6y092P+NHpjGqZj
wgy1vy79V6w1+36dEumOTgxFxyy1r5L+YZvs/Tg4j+5YhMWY+5ba/y39T+bY++F+j96YgIkYvUDt
b0j/WXn2fjRYRnd0YABWp6n9TekfmG/vx+aP6I65mIeZGWpfLf33HDT7dq6P6Y3RGIP9stT+lvQf
+5PZD6tYT2+sRp/PrKUb1P4f6V/zuL0fSz+nO2ZgJiZ/qfb/Sv+sM/Z+dNtGdwzDcAzcrvY+tenf
/4K9H0W76Y0lWIr5e9W+Bvs9ZyvM3m/GfrpjEiZj7AG1v4P96Xf+NvvuzQvpjoEYhH4/qn1N9jU6
1phg7kfuL/TGfNyP2b+qvS/71gf8zH7RyN/ojrEYhxGn1b4W+z4T/M0+78ZZuqPvOb43er1qX5v9
mPoOs7+w4k+6YxZmY0q52tdhP2dTK7Nv3vMvemMERmJwldr7Sf+n25t9v1O36I5eLMOCf9W+rvS/
3NnsJ8+udcV2xxRMRXedK7fv60n/xT3MflVgA/sehMEYgv6N1P5O6d+1l9kX7Gli3/OxAAvR00zt
60v/n/qb/d9jA+x7LLoxHqPuU/sG0n/aU2bfzjfIvvuhPzbByrZq31D6Nx1u9sPWPmDfs9GDOZj2
oNo3kv5fR5t90oBu9j0CXRiFzu5q7y/9n401+83nHrXvXizHSiwKU/u7pH/VBLM/nvI4vTEN0zGh
n9o3lv4fTjV7v06D6I5ODMWASLW/W/o/9obZdz84hO5YhMWYO0ztm0j/E3Pt/XCPpDcmYCJGP6f2
TaX/m++a/eIGY+iODgxAn3Fq30z637fU7HdsjqM75mIeZr6i9s2l/64P7f0YHE93HIHRGD5F7R3S
P2aNvR8VM+mN1eiTYC15Te1bSP8a6+39WDqb7piBmZg8R+3vkf4fe8x+Srd36I5hGI6B89W+pfTv
l2v2q4sW0htLsBTzF6t9gPT/Y5e9H9PfpzsmYTLGpav9vdL/7e/t/Wi2iu4YiEHol6n290n/9kfs
/chdS2/Mx/2Y/anat5L++382+6iRm+iNsRiHkVvUPlD6jz9l9nNu5NAdfb/ie6P3a7VvLf3rnbX3
Y0Ue3TELszFlp9rfL/03XLL3Iyyf3hiBkRi8T+3bSP+nrtn7ceog3dGLZVhwSO2DpP+f1WbfY/ZP
dMcUTEX3UbVvK/0X+br/248LPE5vDMYQ9D+p9u2kf0h9s1+85wzdsQAL0VOq9u2l///uNvsdYy/Q
Hd0Yj64yte8g/ae0NPsLNa/QHeujP5ZfVfuO0v/uNmbvWPs3vdGDOZh2U+07Sf+cTmbff0CNq7Y7
ujAKnTWv3r5/QPo/09Xsp5zzs+9eLMdKLKqn9sHS//ojZr86xd++p2IapmNCY7V/UPqn9zH7go4O
+x6MTgzFgHvUvrP0f+QJs79xoJV9L8AiLMbc1mrfRfofc5l9e3d7+x6PCZiIMR3VPkT6vzHC7KMa
dLHv/ujAAKwOUfuHpH9AjNnP2dzDvnswF/MwI1Ttu0r/HS+b/ebBveiOIzAaw8PVvpv0Hz3J7E+U
96c3VqPPAGvJQLV3Sn+fmWZfd+lTdMcMzMTkwWrfXfqvmWX2PboNpzuGYTgGPqv2PaT/42/b+1EU
TW8swVLMf0HtH5b+vy+w92N6LN0xCZMx9iW1D5X+ycvNfmczN90xEIPQ91W1f0T6t11p9he3TqU7
7sZ8zJqu9o9K/31Z9n6MfIPeGItxGPmm2j8m/eM22vtxYy7d0Xee1Q+9yWofJv3r5tj7seJdumMW
ZmNKqtr3lP6fbTf7zLCl9MYIjMSQNLXvJf2f/NbsD538kO7oxTIsWKH2vaV/2QF7P2atoTumYCq6
P1H7cOm/4Ed7PwLX0xs7YAj6bzDK7x99pH/nY/Z+7PHQGwuwEHO+UJ//uPQ/ctrs547NpTu6MR5d
36h9X+k/+bzZb6m5m+5YH/2xfI/a95P+jSvs/cj6nt7owRxM+0Ht+0v/L6vs/RhwhO7owih0/k/t
B0j/KJ+J5n6c+5nuWI6VWFSs9gOl/7U6Zh+bcoremIbpmFCi9hHS//1GZr+k41n7HoxODEWHV+2f
kP4PNzf7nQcu0R2LsBjzLqv9IOlffJ/ZX5xwje44DRNwxHW1f1L6v97O7B0NbtEbHRiA1f+ofaT0
b9nZ7Ads9q203TEX8zCjduXt+6ekf153s586uL59d+EIjMawhmr/tPR/vqfZZ5bfbd8rsRp9mlhL
mqr9YOn/Tz+zP7SkpX1PwwzMxKR71d4l/VdHmv2Nrm3suxPDMBwD26r9EOkfHmX2HYo62fdiLMFS
zA9W+6HS//RzZj98elf7noBJmIxxTrUfJv3njTP7uc0ete8ODMQg9A1T+yjpHzTB7Lds7UN33I35
mNVX7YdL/++mmP2JEU/QG2MxDiOeVPtnpP9Lr5t9vRsuuqPvEKsfeoeq/bPSv85cs394xQi6YxZm
Y8ootR8h/bPn2/sRFkNvjMBIDBmr9iOl/xNL7P04+TLd0YtlWDBe7UdJ/wvp9n7MmkR3TMFUdE9W
++ekf2qm2Ze1mkl37IDBWP81tY+W/g9mm32LPbPojQVYiJ4ktX9e+h/eYu/H2Lfpjm6MR1eK2r8g
/Sdttfej5kK6Y330x8pFaj9a+vvvsvcjazm90YM5mPaB2sdI/8/3mf3h/ivpji6MQudqtR8j/Yce
NvubZ7PojuVYiUXr1H6s9L961N6PlI30xjRMx4TNaj9O+i8/ae9Hxxx6oxND0fG12sdK/x5/2Ptx
YDvdsQiLMXeH2r8o/X8pM3vPhG/pjtMwAUd8p/YvSf+ESrM/Wf8gvdGBAehzSO1flv4tqu392Pwj
3TEX8zCjSO3jpP83NV8192PwMbrjCIzG8BNqP176P3en2ceWn6Y3VqPPGe7C72r/ivSvbmz2S5ec
pztmYCYmXVT7CdJ/1T1mv6trBd0xDMMx8Krau6V/7/vNvuynKrrjCSzB3TfUfqL0L+lo9i2m+1yz
vTEJkzHujmu371+V/nMeMvsBzfzsuwMDMQh966n9JOl//yNmP21rI/uei7sxH7PuUvt46f9tuNmv
GdHcvkdjLMZhRAu1nyz9YyPM/vDf99n3avRtZfVDb6DaT5H+tVxmf/OjdvY9A7MwG1M7qP1U6f/p
s2bfIayzfQ/HCIzE4BC1nyb9I0ab/f+psvvwmus/juNuVolDK6OVYWplWLlpRZxq5WCEVrk5mBpN
bppaOVg1rNxs1cpkhJYWh1ZNzf3UyqFVo5Vh1fo5GLlZNRxaDMPv6vN5vq/L+6/HH5/rdZ3vdT2v
6/3PGbb/XvteiVVYjaXd1X6q9P/zWbOfPfMBumMGZmLSQ2o/Tfq/+bzZF7TtQ3eMxCh09FP76dK/
0zSz3+8bSG8sxTIsGKz2KdK/dIbZNx47hO6YhMkYN0ztX5b+k+fa+9Ewnu7owGAMjFb7V6R/s7fN
fpz3GXpjAW7AJePU/lXpX5Bt70ef5+iOcTgEoyerfar0fzzH3o9jL9EdA1iD5R61nyH9z6y09yP9
FbpjFmajJ1XtZ0r/hZ/Z+9HhdXpjNPbAsDlqP0v6R683+34736A7lmMFFr6l9mnS/5cv7f14bgHd
0YMp6F6o9q9J/2nb7f1wLKU3hmIY1ntf7V+X/jfvtPdjTS7dsRCLMG+F2s+W/lt22/sxOI/u6MZ4
dH6q9nOk/8jfzb5D4At6Yx3WK+AurFX7udL/YqW9Hws20xtzMBfnbFH7edI/p8rej25b6Y5OjMHw
bWqfLv0fCNj7sfd7uqMfK9FXovYZ0v/AOXs/PD/TG9NwDk4oU/s3pP+sK2bfpOWvdMdwjMCgCrV/
U/qHX/fCf/sem/fTHX1YjN6Dav+W9N/ezOzHuY/SGxNxAsYeV/tM6f9MS7N/93w13THohLURVp1U
+7elf1Abs9+6rIbu6MU8zDir9u9I/1V3mP2JXnV0RxfGYuRltZ8v/fveZfa37m941vbGKqzG0mvO
Xr3Pkv7Ho82+38wm9j0NMzATk5qq/QLpn+E0e0/b5vY9HCMxCh0t1P5d6d/BZfYf+W6178VYimVY
EKb2C6X/j4+a/a4xt9n3REzCZIyLUPts6Z/0pNnXNeho34PQgcEY6KT2i6R/01Fm38Hb1b7nYQFu
wOx71H6x9P98rNkP63O/fY/FOByC0b3U/j3p/9gks599LIbuGMAaLH9E7ZdI/8CLZr82PZbumIXZ
mDJA7ZdK/wUvm/2ByDh6YzT2wNAn1H6Z9O/2mtk32Tmc7liOFVg4Qu3fl/7lGfZ+PPc03dGDKege
o/Y50n9qlr0fjvH0xlAMw3oT1f4D6d9yidkvXPM83bEQizA3We2XS//NH5q9b/A0uqMb49GZovYf
Sn/3x/Z+nJpBd6zFOvTPUvtc6X/+c3s/FsylN+ZgLqalq/1H0n/ZJns/ur1Nd3RiDEbMV/sV0r/X
N2Y/dW823dGPlehbrPYrpf/+78x+hSeH3piGczBxudp7pf/Mn+z9aOGlO4ZhBAatNsr/H6ukf9tf
7P3Y9Bnd0YfF6F2jfn+19Pf57f1wr6c3JuIEHLhR7T+W/mOOmP3w81/SG4O+sjbCqiK1z5P+DarN
fs6y7XRHL+ZhRrHafyL9V/5j70evnXRHF8ZiZKnafyr9XRft/fDvpjdWYTWW7VX7z6T/sQbJ5n7M
/J3umIGZmLRP7fOlf3pjs7+/7SH7Ho6RGIWOP9R+jfSPvMnsn/VV0RtLsQwL/lL7z6X/jlvMfuGY
AN0xCZNxyBm1/0L6T2pn9r4GtXRHBwZj4LzaF0j/Jh3M/sTKK3THfCzArPrnrt6vlf75Xcy+VZ/r
7HssxuEQjL5e7ddJ/0E9zD72WDP7XoUBrMGKYLVfL/1PPWT2U9Nb2vcMzMJs9ISq/Qbpn9XP7FdE
trHvURiNPTAsXO03Sv+uj5n9rh132PdSLMcKLGyv9puk/55hZn9p0l32PQk9mILxndV+s/Sf8pTZ
d3Tca9+DMRTDsF53tS+U/iHPmv3wNU77XoCFWIQ5D6r9Fum/cbLZzxnsoju6MR6dfdX+S+k/bKrZ
rz31KN2xFuvQP0jtv5L+talmfzDrSXpjDuZi2lC1L5L+S+eYvaPbKLqjE2MwfLTafy39e2ba+7F3
LN3Rj5XoS1T7b6T/voX2fngm0RvTcA5OSFL7rdI/9X17P1q8RHcMxwgM8qi9T/q3Xmn22za9THf0
YTF6X1X7bdL/m0/N/uTw1+iOCZiIrtlqv136P73O3o/zGfTGoDesjbDqTbX/VvrX/9Lej2VZdEcv
5mHGu2pfLP1XbLP3o9cSuqMLYzFymdp/J/177zD7lf4P6Y1VWI2lH6n999L/SJnZl834mO6YgZmY
9Ina/yD951bY+9HmC7pjJEahY63al0j/Oyvt/fBtojeWYhkWFKr9Dun/w3F7P8Z8Q29MwmSM86n9
Tuk/4ZTZz23wPd3RgcEY+EHtf5T+jc+Z/bqVP9Ed87EAs3apfan0/+yyvR+uX+iNcTgEo39T+5+k
/8BrXzT345if7hjAGiw/oPY/S/8TTc3+/vQjdMcszMaUY2q/S/q/08Lsx0dW0xujsQeGnlT7Munf
ubXZZ+/4h+5YjhVY+K/a75b+ZRFmv23SRbqjB1PQfUnt90j/F6PM/mSThrW2O4ZgKNYG1V693yv9
m0ebfas1je17ARZiEeY41L5c+m/oZfb9B99k3+PQjfEYE6L2v0j/ob3NftqpW+x7AGuxDv2t1P5X
6X92gNmvzGpn37MxB3Mx7Xa1/036v/eE2Zd17WDfo9GJMRjeSe0rpH+PkWZ/aU8X+16OfqxEXze1
/136/z7G7Dt5etj3FEzDOZjYU+3/J/1fmWj27hYx9MZwjMBGj6j9Pukf9qLZz93Uj+7ow2L09ld7
v/T/OsXs1w1/jO6YgInoelzt90v/p9LM/mDtMHpj0HC+G6vcan9A+l9JN/umy56iO3oxDzMT1P6g
9M+db/Y9ez1Ld3RhLEZOUPtK6f/we/Z++CfTG6uwGktfUPtD0v/wcns/ZkylO2ZgJiZNV/vD0n/2
ans/2sygO0ZiFDpmqf0f0v+Oz83+1NY5dMcSLMX8eWp/RPp/v9Hsw8Zk0huTMBnj3lH7o9J//Nf2
fjTIpjs6MBgDi9T+mPRv9J29HyvfpzvmYwFmfaD2x6X/J6X2frhW0hvjcAhGr1L7Kuk/oNzsdx/9
lO4YwBosz1f7P6X/3/vM/vK8dXTHLMxGzwa1/0v6Z/5h70fkl/TGaOyBoUVq/7f0v/tvez92bKM3
lmMFFn6r9tXSf9cZez8m7aA7ejAF3T+q/Qnpn3zB7Nc32U13DMFQrNuj9iel/40NXvpvX5lfQW8s
xCLM+Z/an5L+6643+6aDK+mOboxH52G1D0j/J280+56njtMda7EO/X+q/WnpXxNq9uOzTtEbczAX
006r/Rnpvyjc7Bd1PUd3dGIMRpxX+3+kf/dIs9++5zLd0Y+V6Kt3/up9jfSv6Gz2p6Zca989mIpp
mNBI7f+V/i93N/uwFs3seyiGYwQGBav9Wel/60Nm339TC/teiD4sRu/Nan9O+n/V1+ynD29t392Y
gInoaqv2tdI/frDZe2sj7HsdBt1hbYTVd6r9eel/aajZ714aZd9z0It5mHm32l+Q/stHm/3lntH2
3YkujMWo+9T+ovSPGWf2nfy97HslVmE1lj2g9nXS/1CS2Y+Y0ZvemIGZmNxH7S9J/9c9Zj+vzaN0
x0iMQscgtb8s/W9PNfv1W5+gO5ZgKRYMUfsr0r94tr0fCSPpjUmYjHHxal/vOvqPe8vejwZj6Y4O
DMbAM2pfn/22axfa+7FyIt0xHwsw6zm1b8D+0MfLzH6C60V6YxwOwegpat+Qff3+K+z9OJpCdwxg
DZa/ovZB7Nv99Ym9H/PS6I5ZmI2e19X+GvYPv7XW3o/2GXTHLhiNoW+q/bXsx0Rtsfdjx3x6YzlW
YOECtb+O/Ws/+cx+wKT36I4eTEH3UrVvJP2fL7H3o8mHdMdgDMXaXKP8/3G99L+hzN6P/NX0xkIs
wpw89fuNpX/Bb/Z+DPqc7ujGeHQWqH0T6f/EQXs/Tm6kO9ZiHfo3q71D+v9zzOyjsr6mN+ZgLqZt
Vfum0j/7pL0fXb+jNzoxBsN/UPtm0v/es/Z+7CmlO/qxEn0/q/0N0v/XS/Z+TCmnO6ZiGib8qvbB
0n/6NVPM/Qjx0xvDMQKDDqj9jdI/tKnZN9v0B93Rh8XoPar2N0n/LSFm32v433THBExE1wm1by79
R4WZ/YTaM/TGoH+sjbC6Ru1DpH/d7Wa/aOkFuqMX8zCjTu1bSP8POpn99p4NLtju6MJYjAq6cPW+
pfR/8B6zD+y73r778QhWYUkTtb9Z+h/safatZ9xo39MwAzMxubnah0r/tEfMfkCbW+x7OEZiFDpa
qf0t0r/dALOfvjXcvvuwBEsx/za1v1X6b3/c7L0JkfY9EZMwGeM6qn0r6Z84wuz31O9i34PQgcEY
6Kr2YdL/mjFmf2VFd/vuxXwswOz71b619F89weyjXA/RG+NwCEY/rPZtpH+/ZLMfcbQvvTGANVge
q/ZtpX/VdLOfN28w3TELs9ETp/bh0v+NWWa/of0wumMXjMZQt9q3k/4d083+UMloemM5VmDR02p/
m/T/8R17PyaNozt6MAXd49X+duk/ebG9H00m0x1DMBRrn1f7COnfbLm9H/keemMhFmHuNLW/Q/p/
scrsFw9KpTu6MR6dM9X+Tukft8bsvz05m+5Yi3Xon6v27aX/6Q32fsx/i+64BHMw7W21j5T+7xbZ
+9F1Ib3RiTEYvkjtO0j/e4rt/dizjO7ox0r05ah9R+lf/qPZp0xZQXdMxTRM8Kp9J+k/ba/Zrwr5
lN4YjhEYlK/2UdL/5n32fmxcS3f0YTF616v9XdK/8LC9H8O20B0TMBFdX6n93dJ/xF/2ftT66I1B
26yNsGq72neW/hdOm/3IpSX0Ri/mYcZOte8i/d8/b/bpPcvoji6Mxcg9at9V+jvre8z92Pcb3fEI
VmHJ72rfTfrvb2T2h1IP0hszMBOTDqn9PdJ/VrDZN2tznO4YiVHo+FPto6V/eKjZO7eepDuWYCkW
BNT+Xum/ra3ZT0w4S29MwmQcUqv290n/se3NfnH9y3RHBwZj4Irad5f+DTub/bcrrrlou2M+FmDW
dRev3veQ/t77zD7Qu6l9d+FAjMPoG9T+funf50Gzb3M0xL5XYQBrsKKl2veU/sf6mP2j88LsewZm
YTZ62qh9L+mfMcjsU9pH2PdI7ILRGHKn2julf4ehZr+qpJN9L8VyrMCiu9T+Aem/M97s90y8x74n
oQdT0H2v2j8o/Z9LNPt6TXrZdweGYCjWOtX+IenvSDL7u/IfoTcWYhHmuNQ+RvqvmWL2IwcNoDe6
MR6dA9X+Yek/+FWzTz/5ON2xFuvQ/6TaPyL9T71u78f8EXTHJZiDqaPUvrf0X/Cm2R/uMobe6MQY
DH9G7V3Sv9u7Zn/Dngl0Rz9Wom+S2veR/nuX2vsxJZnumIppmPiS2veV/p6P7P0ISaE3hmMEBr2i
9v2kf4tP7P3YOIvu6MNi9L6m9rHSf1OB2RcPS6c7JmAiut5Q+/7Sf3ih2Z8+9w7dsd58vhuPZKn9
AOlfu9Xej6WL6Y1ezMPMJWr/qPRf9oO9Hz2X0x1dGItRuWo/UPr32mXvx75VdMcjWIUlH6v9IOnv
/9XsV6euoTdmYCYmfaH2g6X/jANmv7f1RrpjJEahY7PaPyb92xyz92NrEd2xBEsx/xu1j5P+W0/Y
+5FQTG9MwmSM+17tH5f+Cf/a+1G/lN7owGCs+Untn5D+9S+ZfcaKvXTHfCzA7F/U/knpvzJo6n/7
jb330R0HYhx22a/2Q6S/y2H2h48cpjcGsAYrjqj9UOl/tLnZ3zDvL7pjFmZjSrXaD5P+81qZvbP9
GbpjF4zGkBq1Hy79299u9pNKztMby7ECCy+qvVv6l3Q0+/cm1q+z3dGDKehuWHf1foT0n9jN7Isb
X2/fHRiCoVjbWO1HSv/GPc3+9GfB9j0fN2AhLrlJ7UdJ//yHzb7NoFD7HodujEfnrWofL/0H9Tf7
gSfb2vcA1mId+tup/WjpfzLO7F+e396+Z+ESzMHUDmr/lPSf7zb71V062/dodGIMRnRV+6elf5cE
s9+7+z77Xo5+rERfD7VPkP67x5t9vSkP0h1TMQ0TYtR+jPR/6QWzvzukL70xHCMwKFbtx0r/5tPN
ftTGQfRGHxaj9zG1f0b6b5xp9hnDhtIdEzARXcPVPlH6D5tn78e5eLpjvdF89/+pstegKMi3j+Oo
aGiUJyqqNdHUtiJdixIL80RFuSkaGpUHKlIsPEaJsholFiUaFeWWlGiUqFSkq6KpUR5YCxMLFZUK
dUsqTMoTFerz/O/7e814vfq8uOc3uzNf5pphFuvGqv1T0v/sAns/vMn0xkIswuzxaj9e+nvfNvt2
d6bSHWMxDp2T1X6C9O/7vtn3O/Qs3TGAdeh/Tu1TpP/BQns/PBn0xmzMwdTZaj9R+mcU2/vRaS7d
0YmRGDpP7Z+W/g6fvR9bXqM7+rECi3PU/hnpv+ULs/973Jt0xxRMRXee2qdK/3Fbzb5zs/fojSHY
DhsWG+X3j0nSP+hbez+WLaU7FmMJ5n6oPn+y9F/6vb0fg1fQHd0Yj65Vaj9F+g86aO9HoITe2ICn
sGq12k+V/kcPm33VvFK6Yy7mYfpGtZ8m/bN+M/tmN5TRHV0YheFfq/106d/9L3s//OX0xiqsxk07
1f5Z6V/eaO/HxN30xjRMx8Q9ap8m/VOCnjf3o81+/k4xDMOxqVrtn5P+rUPMft2qn+iOPixFb63a
Py/9V7Y1+6PuX+mNiTgaY+rUfob0H3KV2bf78zjdsRGbsPaE2qdL//rrzL7f66fpjl7Mx8yzaj9T
+i/oYfZPu87RG2NwAEZcUPtZ0r9nT7P37gk+Z7tjDdZiWatzF+8zpH/l7Wa/fXqofU9DD2Zi0uVq
75H+0/qZ/d8dw+x7GDowAoOuVPvZ0r/DPWbfee219r0Uy3AbFnZS+znSf43b7N2jrrfviZiEyRjb
Xe1fkP4JCWY/6+xN9r0Rg262BmMgUu0zpf/px8x+ufdW+56PhViEOVFq/6L0f+dJs6/qe6d9j8FY
jENnjNq/JP37PGP2zQ4NpDsGsA79g9V+rvQ/MN3se3rupzdmYw6mDlH7LOk/a5bZj+40nN7oxEgM
fUjt50n/a18y+1e3JNId/ViBxY+q/cvSf9Or9n6MS6I7pmAqup9Q+1ek/5g37P0ISqE3hmI7bJio
9tnS/7zX3o9lU+iOxViCudPU/lXpv6TA7O8ePIPu6MZ4dM1U+9ek/4Ais38mMIfe2ICnsDpT7edL
/yOf2fsx72W6Yy7mYVq22udI/7nr7f3osZDu6MIoDM9V+wXSv9uX9n6Uv013rMQq9C1S+4XSf/sO
ez8mvk9vTMN0HL1E7V+X/uO/M/sH23xEdwzDcGz8WO1zpf8l++z9WFVMd/RhKXo/Vfs3pH/Rj/Z+
uH30xkQcjTHr1P5N6X//L/Z+HP+C7tiITVi7We3fkv5/1Nv78fpWuqMX89GzXe3zpH/OKbPv5fqW
3hiDA7DbLrV/W/rf0mTvx57v6Y01WIvbqtT+Hen/XYsZ5n5MP0h39GAmJtWo/SLpP+VSs1/X8Qjd
0YERGBRQe6/0b9fR7I/6fqM3luE2LPxD7d+V/p9fY/btR/1Fd0zCZIw7qfbvSf8RXc3+7rONdMeg
f7hnGPhX7RdL/1M3mv0z3qDztjcWYhHmND9/8T5f+r/d2+y9fUPsewzGYhw626j9+9L/jr5mv/1g
W/tegwGsQ397tf9A+u8fYPYnM66y7x7MwmxMuVrtl0j/9Dizj+jU2b5HoBMjMbSL2hdI/6vjzf7B
LT3sexn6sQKLnWq/VPpvfNjsZ43rad+TMAVT0e1S+2XS/7FxZr886A77Hoyh2A4b+qj9h9L/3Hiz
37u0H92xGEswt7/aF0r/DyabffPB99Ad3RiPUfep/UfSv//zZt8r4KY3NuAprB6q9h9L/9rZZj96
XgK9MRfzMG2U2i+X/i/Os/ejx2i6owujMGys2hdJ/64LzH59+ZN0x0qsQt9Tar9C+m/NM/tAyjP0
xjRMx8RJar9S+ifn2/vR5lm6YxiGY2Oa2q+S/q0K7f1YNYvu6MNS9HrUvlj6L19l74f7JXpjIo7G
mCy1/0T6x60x+3ePv0p3bMQmrJmv9p9K/982mv2OhW/QHb2Yj5631P4z6f/a1/Z+9HqX7hiNMehY
rPYl0v/mb+z92FNAb6zBWixbpvafS/+KPfZ+TC+iO3owE5NXqv1q6T/pgNlndCyhOzowAoNXq/0a
6d/2sNkX+dbTG8twGxZtUHuf9C+ps/dj5Jd0xyRMxtiv1H6t9B/eYO/H2R10x6ByvjfW+dV+nfT/
+6y9H97v6I2FWITZlWq/Xvq/dcHsx/TdR2+MxTh0Vqt9qfSPuiT9f/vXDv5IdwxgHfp/VvsN0n/v
5Wa/PuMXumMWZmPKMbXfKP2fv9LsA47j9EYnRmLoCbX/QvqHX2f27becojv6sQKLz6j9Jum/obvZ
9x/XRHdMwVSMP6/2m6X/o7eYfWpQ8AXbG0OxHTa0vHDxfov0/y/K7N9deql9L8RiLMHcy9T+S+mf
H2P2OwZ1tO+x6MZ4dF2h9mXSv1+s2Z88eo19D2A9NmClQ+2/kv4/DTH7LvO62vdszMU8TOum9l9L
/xceMvuhPW6y7050YRSGRar9Vunf5TGzzyjvbd/9WIlV6LtN7bdJ/6+fMPuilL72PRXTMB0T71L7
7dL/yafNfm/rgXTHMAzHpkFqv0P6B083+xar4uiOPixF7wNqXy79P5pp9i53PL0xEUdjzAi190v/
e180+zHHH6Y3NmIT1jyi9jul/7Fsez8WjqM7ejEfMx9X+2+kf3auvR+9JtAdozEGHRPV/lvpf5PX
7H+pnExvrMFaLJuq9hXS/9slZt9h+vN0Rw9mYlK62u+S/qnL7f3oOIfu6MAIDMpU+++k/2Wf2fvh
m0dvLMNtWPiK2u+W/p+us/dj5AK6YxImY+zral8p/YdtMfvyM3l0xyYMfpu78I5Rfv/YI/0btpv9
qUX5dMcCLMSsD9Tnfy/939hl70ffQnpjLMah82O1/0H637bX3o+Dq+iOAaxD/ydqXyX9q2rs/chY
Q3fMwmxMWav2e6X/cwGzX+H4gt7oxEgM3az2+6T/lfVmv2/z13RHP1Zg8Ta13y/915+092PcN3TH
FExFd4XaV0v/xP/s/Qj6nt4Yiu3w1A9qf0D6/9N8prkfSw/QG4uxBHMPqf1B6f9eG7OfP+gw3dGN
8eg6qvaHpH9MB7MvPVpHd6zHBqz8Xe1rpP+PV5v9L1kN9MZczMO0v9X+R+k/p4vZd+jRSHd0YRSG
/6v2P0n/zjeaff/yC3THSqxC3///j3fR/mfpX+Yy+0kpl9j3VEzDdExsrfa10v/xaLN/r3Vb+x6K
YRiOje3U/rD0bz7A7MtXXmnfi9GHpegNV/sj0v/D+8z+1JDr7LsbEzARoyPU/qj0v2eY2Xc53t2+
N2AjNmHtDWofkP6/jjL7YQtvse+56MV89PRS+1+k/ytjzd7T63b77sJojEFHH7X/Vfo7x5v9isoY
+16FNViL2+5W+2PSf+cks983LZbu6MFMTLpX7euk/9PPmX2Ljm66owMjMGio2v8m/S+dbfa9fQ/R
G8twGxaOVPvfpX9xltmPHfkYvTEJkzFujNr/If2H5tj7ceYJumPQk9ZgDCSrfb30P/GWvR+LnqY7
FmAhZqWq/XHpn7vY3o/o6fTGWIxDZ5ra/yn9e39o9h0PzqQ7BrAO/Rlqf0L6f7/S7AdkvEh3zMJs
TJ2r9g3S/9nV9n44XqU3OjESQ+er/V/SP2yjvR+bc+mOfqzA4jfV/m/pv/Yrez/GeumOKZiK8e+p
/Unp//BOsz99YQnvBdYQDMX6pWp/Svo3Vpp916XL6Y3FWIK5K9T+tPR/t9rej0Gf0R3dGI+uz9X+
jPS/s9bej6Pr6I712ICVpWp/VvofOmbvR9YWemMu5mFamdo3Sn/PCbPf330H3dGFURjmV/t/pH+n
s2YfXL6L7liJVejbrfb/Sv8t5+39SNlLb0zDdBy9X+3/k/5JrWaZ+9H6R3pjGIZj409q3yT9m11u
9vNXBuiOPixF769qf076L7vC7DcMqac7JmAiRv+p9uel/+BOZv9r/Ul6YyM2Yc1ptb8g/QPdzL7j
wv/ojl7MR885tQ8Kof+8SLMf0KtFM9sdozEGHS2bXbxvxv6rHlFmP6myjX2vwhqsxbJQtW/O/nD5
XWa/eFoH+56GHszE5DC1b8G+2cTBZu/vcI19D0MHRmCQQ+2D2XdpM8TsT6/pYt99uAnLsOB6tW/J
fuCqEWbfdeSN9j0RkzAZ425W+1bsH3c/avbDzrjseyMG9bYGY+BWtb+E/YvHHzf72Yui7bsXC7AQ
s+9U+xDpv3Ci2a+MHkBvjMU4dA5S+9bSv9c0s99/4D66YwDr0H+/2reR/pXpZh+cMYzumIXZmDJc
7S+V/tMzzb6342F6oxMjMfQRtQ+V/h2zzX7c5rH0Rj9WYHGS2l8m/X2vm33O2PF0xxRMRXeK2l8u
/UcusvfjwiTeJ1tDMBQbpqh9W+l/5gN7PwqeozcWYwnmzlD7dtJ/0cf2fgyaTXd0Yzy6XlD79tI/
+lOzH3g0i+5Yjw1Y+bLad5D+B9aa/eSsHHpjLuZh+kK17yj9Mzbb+9E9j+7owigMe0ftw6S/Y7u9
HzsW0x0rsQp976v9FdJ/c4W9HxM+pDtOxTRM+Ejtr5T+Y6vs/Wi9it4YhuHYVKz2V0n/C4fMPn7l
arqjD0vR61P7cOlfcNTejyEb6Y4JmIjRm9T+auk/8A97P+q/ojc2YhPWblX7a6T/kb/t/Viwk+7o
xXzM/Fbtr5X+Wf/a+9FrD90xGmPQ8YPaO6R/9+YZ/9vfWllNb6zBWtx2UO07Sf8drc1+3LRaeqMH
MzHpiNpfJ/0ntDf7nA51dEcHRmDQ72rfWfqHXG32G9acoDtuwjIs+EvtI6T/igiz/zXhLL0xCZMx
9h+17yL9H3CafdiZ83THoAvWYAwENb9431X6/9HL7AcuamXfvViAhZgdovbXS/8Ffcx+cvTl9j0G
YzEOne3Uvpv079nf7BcfuMK+12AA67DiKrXvLv1332v2/lmd7LsHszAbp3ZW+x7Sf+pQsz9zbXf7
7sBu6MTQG9T+BunffpTZX7850r6XoR8rsKSn2jul/+oxZh8/Nsq+J2EKpmL8HWp/o/R/6Cmzn33h
Lt5jrCEYivX91P4m6X8q1exXFgymNxZjCebdo/Y3S/930sy+euAQuqMb49H1oNpHSv8+HrNveXQE
3bEeG7AyQe1vkf7Vc+39yHqU3piLeZg2Wu17Sv+Z8+396P4EvdGFURiWrPa9pP81b9n7sWMi3bES
q9D3jNq7pP8X75n9xgnT6I5TMQ0Tn1X73tJ/9DKzPxYyk94YhuHYOEvtb5X+51bY+7Eyk+7ow1LM
f0ntb5P+Sz6392NINt0xARMx+jW1j5L+AzbY+1H/Or3xFDZhzRtG+f3jdul/uMzs8xcsojt6MR89
76rPv0P6v+Q3+509l9AdozEGHUvVvo/0v77S3o/dH9Mdq7EGNxWpfbT037bf3o9pn9IbPZiJSSVq
31f6P/WzvR8d1tEdHRiBwaVqf6f0b3XM7Oes2Ux33IRlWPCl2t8l/Yv+NPtVCdvpjUmYjLHlah8j
/e8/Y+/H6Qr+TjFoF98b675T+37S//dz9n4sqqI7FmAhZu9T+7ul//yWHnM/omvojbEYh86f1L6/
9I+8zOyTDhylNwawDit+UfsB0n9XmNkvmPUH3TELszHluNoPlP6THWa/8dqTdMdu6MSQ02o/SPq3
7Wb2xzb9S2/0YwUWN6n9YOn/+c1mHza2eQvbHVMwFeODW1y8j5X+I24z+0EXWvPexhqCoVh/qdrf
I/1P3mn2Uwra2/dCLMYSzO2o9vdK/7xBZp8/8Gr7HotujEfXtWp/n/S//QGz33kkwr4HsB4bsLKr
2sdJ/33Dzf7MXKd9z8IczMWpN6n9/dJ/xiNm3627y7470YVRGHar2j8g/cMfN/vhO/rYdz9WYhX6
+qr9EOm/McXs50zoT3ecimmYMFDt3dL/salmvyrkPnpjGIZjU5zaPyj9m2aYffWKoXRHH5aiN17t
h0r/918w+1ZDRtEdEzARoxPVfpj0v/sVs7+tfgy9sRGbsGac2sdL/58X2vux4Cl6oxfz0TNB7YdL
/8x37P3oOYnuGI0x6Jii9iOkf5cP7P3YnUZ3rMYa3PS82j8k/bd+ZPZ1Uz30Rg9mYvIctU+Q/smf
mP0VHbLojg6MwKCX1X6k9G+51t6PNfP/j6p7DYq6bOM4jnkAlQoLz1SYm2FhUp62wlwV8xCVKSkV
Fh5DI12VCg0ThQprUzQ1ShIsSiw8U1JuSoVGHqkwV0VTo0LdimpNzLRnnvv+XjNerz4v7vkN/5kv
c73hBXRHL5Zj0WtqP0r6v++19yPhdXpjMk7AuGVqP1r6D66w9+PsW3THoBXWJlibr/aJ0r9ut9nv
Wv4O3bEQizC7SO0fkf4LvjP7c30+oDu6MA4dJWr/qPS/5Yi9H4c20htrsQ4rN6v9Y9J/z0l7P2Z/
QnfMxhxM3ar2SdL/6dP2fnT8nO7owCgM/VLtx0j/q/40+xJvJb2xEvdgyS61f1z6rz9v9ofGVNEd
UzAV479V+yek//BGc8z9+O8g7z5rCIai/5DaJ0v/P0LMvkfhD/TGEtyAuSfUfqz0XxJm9sn9f6E3
xuNwjDml9uOkf492Zr/w5G90Rz/WY1W92o+X/gduMPutWX/THT2Yi2kNaj9B+j97s9nXOS7RG2Ow
J/7/PxJdtp8o/dt2N/vWO5va90qswmosDVb7SdK/rLfZD3jySvuegm5Mw4Sr1f5J6f/IPWbvDmlt
30MxHNthUFu1T5H+/wwy+7fXRNj3EizFMsy7Xu0nS/8V95v9rmEO+x6PCZiIzi5qP0X6xz5s9ufO
3Grf/RjABvR1U/unpP+xJLN3vNbDvudiHuZjZi+1T5X+cyeY/Yjb7rbvMejEWIzoq/ZPS//IVLOf
u38A3dGHNeiNU/up0v/zmWZf4h5Gb8zATEyOV/tp0n/c82Z/qNUIumMERmKTBLV3S//GWfZ+bH6E
7ujFcix8TO2nS/+iV8y+Z8JYemMyTsAh49V+hvQftMTsx55NoTcGTea7sXaK2s+U/r+8ae/Hcjfd
sRCLMHuG2qdJ/5xV9n70Sac7ujAOHbPV/hnp33WNvR++ufTGWqzDynlq/6z037XB7NvMfpnumI05
mLJA7Z+T/k+Vmf3Ajovojg6MwtDFap8u/UPL7f3wLqc3VuIe3JCn9rOk/9qv7P0Ys5LumIKpGF+o
9rOl/wP77f249B7v71tDMBT9q9X+eelf/73ZNxSspTsWYwnmrlf7DOm/+JjZ39T/I3pjPA7HmC1q
P0f63/GzvR8nvXRHP9Zj9Ta1f0H6f/ervR9ZFXRHD+aie6faz5X+aWft/XDsoTfGYE9st0/tM6V/
64tmf3jHd3THKqzG0gNqP0/6f9zkhf/vg588Qnd0YxomHFX7+dJ/dKjZ9wz5kd4Yju2woVbts6T/
+WvNfuya0/TGUizDPL/aZ0v/tzqa/cJhf9IdEzARnQG1f1H6393Z7L1nztMdA9iAvgtq/5L0r7nF
7E95GjW1vTEP8zGjcdPL9y9L/zl3mH2b25rb9xh0YixGtFT7HOl//V1mP3B/mH2vQh/WoPcatV8g
/bf3N3u3u519T8MMzMTkDmr/ivRPHmr2K1tF2vdwjMBIbHKj2r8q/a94yOx3b7rZvpeiF8uxsKva
e6T/u4lm3zCyu31PwCRMRtftav+a9I9LNvubzva27w0Y1Ifvxjqn2i+U/j89afYjlt9DdyzEIsx2
qf0i6f/SNLPP7HMv3dGFcegYova50v/m58x+re9+emMt1mHlg2q/WPpXvmD2h2c9THfMxhxMGa32
S6T/5Jfs/eg4hu7owCgMeULtX5f+LRfa++GdQG+sxD1YMkntl0r/kmVmP25MKr0xBVMxfqraL5P+
979t9osuzeQ9je/FUPQ/o/bLpf9vRfZ+FDxPdyzGEsydo/ZvSP9FJfZ+uLLojfE4HGNeVPs86R9T
au/HyVfojnVYj1Ueo/z9403p/81Ws4/LWkJ39GAuupeqn/+W9J/xpdlPd7xFb4zBnhier/YrpH/4
bns/dqyiO1ZhNZa9q/b50v+jb+39mLSG7ujGNEz8UO3flv6jDtv7EbyR7hiG4RjYpPYrpf+5E2bf
ZU0ZvbEUyzD/U7UvkP55p8x+5LByumMCJqLzC7UvlP53/mHvx5mv+D3FADag72u1XyX9DzfY++HZ
T2/Mw3zM+Ebt35H+zwfNNfej20G6oxNjMeKQ2r8r/a8LMfvg/cfojj6sQe9xtS+S/tuuNvte7p/p
jRmYiRPq1P496f9EW7Mf1+o3emMERmJQvdq/L/2DbjD7RZvO0h29WI6F59R+tfRf1cXsvSMv0h2T
MBld/6l9sfQfcJvZnwo0aWZ7Y1BTaxOsa9bs8v0a6f9jL7NvuzzUvudhIRZh9lVq/4H0z+5r9nF9
wu27E10Yh442av+h9O8yyOyn+zra9xqsxTqsvE7tS6T/V/Fmv3JWZ/uegdmYgyk3qf1a6Z+SYPa7
O9xq3yPQgVEY0k3t10n/5klmf37rHfbdixVYiSU91X699P9gvNl3GXOXfU/GFEzF4bFqv0H63/eU
2Y+81J/3AXwvhqJ/oNpvlP7+GWafWTCU7liMJei5T+03Sf/XZpv9WtdD9MZ4HI4xI9V+s/TvPt/s
j5xIpDv6sR6rHlX7UulftcDsQ7KS6Y4ezEX3OLX/SPpPX2zvhyOF3hiDPTF8itp/LP2vedPejx3T
6I1VWI2l09V+i/TfXGjvx6Tn6I5uTMOEWWpfJv0Tis3+s+C5dMcwDMdAptp/Iv3Prjf708Uv0RtL
sQzzctT+U+m/fIu9H8MW0h0TMBGduWq/Vfo7t9v7cWYZ3TGADeh7Q+290v/QTns/PG/TG/MwHzMK
1P4z6T97n9kXdHuP7ujEWIxYrfbbpH/H781+z74SuqMPa9C7Tu23S3/vUXs/ppXSHdMxA5M/Vvty
6T/mJ3s/WnnpjREYiUHb1P5z6X/Jb+/Hpi/pjl4sx6Idav+F9C8ImP28kbvpjkmYjK69av+l9O//
r9mvC3xLbwz6ztoEa6vVvkL6n2ycae7HssN0x0Iswuwatd8h/bNamn1In5N0RxfGoaNW7XdKf8e1
Zt/Ld4reWIt1WHlG7b+S/js6mP34WX/QG7MxB1P+UvtK6T/pRrPP7XCe7ujAKAy9oPZfS//gW8z+
s61BwbY7VmAlFl8RfPl+l/Qvvt3sTyeF2PdkTMFUjG+h9rul/7A7zb7tpat5D7OGYCj6W6n9Hul/
xmX2gwra2vdCLMYS9LRX+73S3zPE7Ge4brDvcRiPwzGmk9rvk/7dhpt9wYku9r0W/ViPVVFqv1/6
7xtt9nvm32bfs9GDueiOUfsq6T/tCbM/37m3fXdgNMZgmFPtv5H+YU+a/c07+tIbq7Aay/qp/bfS
f+NUs0+YNIju6MY0TBys9t9J/5HPmv284PvpjmEYjoEH1L5a+gfmmP264gR6YymWYd4otT8g/Ze9
aO/H0CS6YwImovNxtf9e+vd+zeybnxlPdwxgA/omqv1B6X9wqdn39jxFb8zDfMx4Wu190j89396P
bjPpjU6MxYhn1P6Q9G9fZO/Hvtl0Rx/WYHmG2h+W/p9+aO/HtPl0x3TMwORstT8i/ZM2m/2ZsFfo
jREYiUEeta+R/hc/Nft2mxbTHb1YjoWvq/1R6b/yC3s/Rr5Jd0zCZIxbofbHpH+/XfZ+BArpjUGr
rE2w9h21/0H6H//G3o9lxXTHQizC7A/U/rj0n3fI7Pf23kB3dGEcOjap/Qnpf+MJs//n4Ba643Gs
xYpP1P6k9P+yzt6PWdvpjdmYg6mfq/2P0n9ivb0fHb6iOzowCkO+Vvta6d+swd6PrfvojhVYicVV
av+T9F/9n9mvT/qe3piCqRjvU/ufpf+Q4Hn/39dcPMr7Mb4XQ9H/g9r/Iv1PXWX2zQt+ojsWYwl6
flH7Oun/Shuz7+36ld4Yj8Ox5+9qf0r633q92Y8/EaA3+rEeq/5W+9PSf89NZr94/r90Rw/movuS
2p+R/lO7mf22zk1CbHeMxhgMbxZy+d4v/a/uZfZnKlra90qswmosvVLtf5X+G2LNvt2ka+17Crox
DRNbq/1v0v+hOLMfFNzRvodgGIZjQ4Ta/y79/7zP7GcW32jfS7AUyzDPofb10v/1kWZfOPQW+x6P
CZiIsdFq/4f07/mY2e89fbt992MAG9DXQ+3/lP4Hxpn9P6/ead89uBTzMP1utf9L+j83xexv7taf
3ujEWIwcqPYB6d9uhtk/vG8I3dGHNegdpvZnpf8ns8x+/rThdMd0zMCkEWr/t/R/dJ7Zrw9LpDdG
YCQGPar256T/hRx7PzY+QXf0YjkWjlX7Bumfn2vvx8gn6Y5JmIyuyWp/Xvr3zTP7PoGp9MagadYm
WOtW+3+k/7ECs5+w7Fl6YyEWYXa62l+Q/pmr7f3o/QLd0YVx6MhU+3+lf6f19n4cfJHuWIO1WPGy
Uf7+cVH6f/GxvR/pr9EbszEHUxapn39J+o/fZvbtOyyjOzowCkPeUPv/pH+TnWZ/79Z8umMFVmLJ
SrUPak7/9/ba+5FURG9MwVSMf1/tG7H//N4D9n5c/JD3Er4XQ9G/Vu2vYH/ilxp7P1ZupjsWYwl6
PlL7xuwbLag1+wv9ttIdh2A8Rn+m9k3Yd7rFb/ZRJ76gN/qxHqsq1L4p+/67/7L3Y/4uuqMHczFt
j9o3Yz829YK9H52/pTtGYwyGVat9MPt5Vzaeb+5HxSF6YxVWY+kRtQ+R/utamP3RiSfojm5Mw4Qf
1b659H/wGrNvEXyK7hiG4dhwWu1bSP/69mbfp7ie3liKZZj3p9q3lP5LOpn9hKEN9MYETETnP2of
Kv17dDX7xaf/ozsGsAF9jZpfvr9S+lfHmP32V4PtuweXYh5mNFf7q6T/M06z90dfbd9j0ImxGNlK
7a+W/m1cZt9+Xxv7XoU+rEFvO7UPk/5bBpv9vdOut+9uTMcMTIpU+1bSP/FBs58Z1sW+h2MERmJQ
lNpfI/3PjzL7VRu72fdS9GI5FnZX+2ul/4rHzX7fiF72PQGTMBldfdQ+XPrHTjL7C3/F2vcA/otB
fa3H71H71tL/6NNmH7Usjt5YiEWYfa/at5H+Lzxj9g/3jqc7ujAOHQ+ofVvpf8Mcs886OJLueBxr
seJhtW8n/cuzzX5D+mP0xmzMwZQxat9e+o/12PvRfjzd0YFRGDJR7TtI/yuW2vuxdQrdsQIrsThV
7TtK/6IV9n4kzaA3pmAqxqepfYT0H/Su2U+8OIv32XwvhqL/ebW/Tvr//IHZL1k5j+5YjCWYm6X2
10v/lzfZ+9FvAd1xCMZj9Ktqf4P0j/rU3o/jufRGP9Zj1RK1j5T+X39u78f8PLqjB3PR/Zbad5L+
U742+8GdC+mO0RiDYe+o/Y3Sv+U3Zp9WsZreWIXVWLpG7TtL/7U+ez8mrqc7ujENEzaqvUP6P3Dc
3o9mW+iOYRiOgTK1v0n6//6LvR+rt9EdN2ApLi1X+y7SP/d3s+86dCe9MQET0Vmp9jdL/9vPmf2o
03vpjgFsQN9+tY+S/t9esvfj1QN0x6WYh+kH1b6r9J/ZLMvcj+ij9EYnxmLED2p/i/QPv8rsj+6t
pTv6sAa9P6v9rdL/49Zm33Kan+6YjhmY9JvaR0v/0deZvTMsQG+MwEgM+lvtu0n/BofZT9x4gd7o
xXIsvKj2t0n/N6PNfsmIxi1sd0zCZHQ1bXH5vrv0v6un2W//q4V9D+C/GNTSWhuq9jHS/8jdZu9f
eo19z8NCLMKccLW/XfpnDDT7Dr072HcnujAOHRFqf4f0v+4+sx98sJN99+FxrMWKzmrfQ/pvH2H2
aeld7XsGZmMOptyq9j2lf/KjZr+q/e32PQIdGIUhPdS+l/RvNM7s933qtO9erMBKLL5L7XtL/3cm
m/2/j7nojhMwBYcMUPs+0n/gdLPvenEw70P4XgzF+qFq75T+telmP2rlg3THYixBz0Nqf6f0fzHT
7LP6jaY7DsF4jH5E7e+S/l1y7P04/ji90Y/1WJWs9ndL/8pFZn9s3iS6owdz0Z2i9rHSf/Ib9n50
nkp3jMYYDHerfV/p36LA3o+KZ+iNVViNpc+p/T3S/8P37f2YOIfe6MY0TJir9v2kf/w6ez+avUh3
DMNwbHhJ7V3S/9ePzL58tYfuuAFLMW+h2veX/gs/M/tfhyylNyZgIjqXq/0A6d99h70fp1fQHQPY
gL631X6g9P9mj70fr75Ld1yKeZj+ntrHSf8Z1fZ+RH9Ib3RiLEauVftB0v/aGrN/Z+8muqMPa/B/
7Jl/VFRl/sfHytQipcJCZYudqFwdxzt3flMZlmtoaGpUlNQ4MAPMCjPTzPDDRKNCLcPSxDLTopY1
bLFQKUupSNnya1aUZda6SemWFpUZlbZk3+d+nvcD8/Cj72FPp3O+5zT/vObez33d+9znfe/n3oGG
esmfKPKvP0D+W/4tyB0sAUvBzAbJv0rkf90XvH8M2YbcwXgwAdQ1SX6qyP/7o7x/bPgf5A02gI1g
1euSP0nk/9CPvH/MeBu5g5ngLDBlt+RPFvk7TirX/PJv9yJ3sB3UfYC+8KHkXy3y/3AQ+RsqW5A3
WAVWg+WfSH6ayH/umeR/ZD2E3MEUcAKY9LnkTxH5Jwwj//T3v0buYAt4ENzxjeRPFfm/mEi+o+QH
5A2Wg3eD+ccl/xqR/y0jyc8Z9jPyBpPAkeDAfqdH+9NE/j+PJX/5llN5vQFsAneANQMlf7rIv8pO
fuPMwbyeCXrAPDAtVvJniPzHX07+l+1DUT+HcyAYAx45V/KvFfkfmEj+8Ef/wOtVYA1YC1acL/np
Iv/yqeSnXn4hr6eAqWAaqFws+deJ/C+8nvzCFgOvHwRbwSNgs1Hyrxf5v3oz+U/cYeH1crACXApG
bJJ/g8g/10v+W/pLeT0JNIAKGDdO8jNE/gMLyG/ffiVyB3eBzWDdnyX/RpH/ugj5o7xXI28wCEbA
9CmSf5PIf3Ip+Tecei1yB2PBOLAtXfJnivxb7+L948mbkDtYB9aDKzMlP1Pkv+Re3j9Ss5A3mA5m
gA6P5N8s8jcu5/3jsA+5g23gMXDvbMm/ReT/1iryY+69FbmDleBKsCQs+S6Rf/AJ8p2GOcgbdICX
gglzJX+WyP/Mp3j/eKMMeYPvgvvAhjuJ4v8fbpH/xg28f/jvRu5gCVgKZi6Wjp8l8r/2Bd4/hixF
7mA8mAC2L5P8bJH/d43kf1X3EPIGG8BGsOphyfeI/B/cQf6IGY8hdzATnAVOeFzyvSJ/ezPvH9+u
Re5gO6h7krOlRvJzRP573+f9o/Jp5A1WgdVgeZ3k54r85+zn/cP6HHIHU8AJYNLzkp8n8h/+GfnN
e17EdQq2gAfBppcl3yfy3/oV+T8V/wO5g2VgOeh5TfL/IvLP/J73j2FvIG8wCRwJDnxL8meL/E/8
xPvHlneRO9gE7gBr90h+vsj/sf4LqH/M3IfcQQ+YB6Z+JPkFIv+UM8jf2H4A9YMYLxgDtv5b8v0i
/4/jyN+/5gvkDtaAtWDFl5IfEPnfmUB+zOXfIncwFUwDDd9JflDkf0ES+c6WH5E32AoeAd9tl/xb
Rf5No8nPueOkGJ43WAEuBYOnxET7IZG/10x+pf40Xk8CDaACxsZIfljkP+AS8l/ZfiavN4G7wGaw
/mzJj4j8a64g/yvPMF7PA4NgBEwfIfmFIv9Jk8kfceofeX0gGAvGgW16yS8S+X8+nfzUJ0fyeg1Y
B9aDlaMkv1jkf++N5BelKryeBqaDGeClquSXiPwNbvL/etjO661gG3gM3OuU/Dki/zfyyG9efDly
ByvBlWDJeMm/TeTvD5L/0+irkDtoAR1g/CTJnyvyjy0hf9QbU5E3uBfcBzZMk/xSkf+G28nP8F+P
3MESsBTMzJD8eSL/GYvIXzDkFuQOxoMJYLtL8ueL/L+9j/ePOi/yBhvARrAqV/JvF/lXPsj7x/QC
5A5mgrPAlIDkl4n8rY/y/vFtBLmD7aCukLOlSPLvEPnv+Rv5yZWlyBusAqvB8vmSf6fIv3g9+bnW
cuQNpoATwKSFkn+XyH/Ys7x/7LkXuYMt4EFwxxLJLxf5b2ng/aN4OXIHy8By0LNC8heI/Gc28f4R
/wjyBpPAkWDMGslfKPJvf538hC1PIHewCdwB1lRL/iKR/5rd5E+a+RRyBz1gHphaK/l3i/zH/ZP3
j/YNqG9EHwNjwCObJP8ekf/+T3j/WPMCcgdrwFqwYqvkLxb5l33O+8e4V5A7mAqmgYbtkn+vyF9/
lPwT+3cgd/AQ2Aru2in5FSL/7cfJH31HM/IGK8ClYOQdyV8i8vf0W0j9Q78XuYMGUAFjP5T8+0T+
/QeRv2D7fuQO7gKbwbqPJf9+kf/aWPI3ej5D3mAQjIDphyV/qcj/qnjyW/p/jdzBWDAObDsi+ctE
/ofOJ/+MJ79H7mAdWA9WHpP8B0T+91xMfnLqCeQNpoMZoEN3RrS/XOQ/eiz5uYf783or2AYeA/cN
kPxKkf8uG/mVi8/g9QqwElwJlgyR/BUi/4Jx5G8bPZTXDaAFdIDx50r+gyL/wRPJ/3pXAq83g3vB
fWDDeZL/kMj/mSnkJ/iTeD0IloClYOZFkr9S5D/tOvInDTHweiwYDyaA7WMk/2GR/zeZ5BfVmXm9
HmwAG8Fqq+SvEvk/4CG/evolvJ4OZoKzwJTLJP8Rkb8ln/y3j16B3MF2UHclZ8sEyV8t8n8vTP6J
5ZORO7garALL0iR/jci/aC75o60zkDeYAk4Ak9Il/1GR/7l38f6x50bkDraAB8GmmZL/mMj/+cXk
Lyx2I3ewDCwHPdmSXyXyv/EB8jfF+5A3mASOBAfOlvzHRf4/Psz7xwtB5A42gTvAmpDkPyHyf+Rx
3j9mliB30APmgWm3Sf5fRf6XreP9o/121MswXjAGbL1D8qtF/h/VkZ+3ZhHyBmvAWrDiHsn/m8j/
9ufJXzHufuQOpoJpoGGZ5K8V+Sc28v6x/0HkDh4CW8FdKyX/SZH/K6/x/lH2KPIGK8ClYKRK8mtE
/llv8f6hX4vcQQOogLE1kr9O5H/y++RP3r4euYO7wGaw7hnJf0rkX/0R+cWeZ5E3GAQjYPpmyf+7
yH/ip7x/9H8RuYOxYBx47CXJrxX5f/Yl7x9rm5A7WAfWg5WvSv56kf/d3/H+cdUu5A5OA9PBtDcl
/2mR/59+It9weDfyBtvAY+De9yT/GZH/zlMWaf6Ni/+J3MFKcCVY+i/JrxP5z44hf+HoA8gdtIAO
MP7fkr9B5B8TR/6mXZ8jb3AvuA9saJX8jSL/9SPIbyk4itzBErAUzGyT/E0i/2suIH/wkB+ROxgP
JoDt/5H8epH/kVHkX1LXbzDPG2wAG8GqkwdH+8+K/Jep5OdNH8Tr6WAmOAtMOV3ynxP5q8nkrzga
y+ttYDuoO5Pz4FmSv1nkv3s8+duWx/N6JbgarALLhkv+8yL/yCTyv7Yk8roDTAEngEl6yX9B5D90
Ovl/2HMxr+8FW8CDYNOfJH+LyP+5DPInF4/l9RKwDCwHPSbJ3yryz5hFfnG8ndcTwCRwJDjQKfkN
Iv/jueRXvzAOuYNN4A6wNkXyXxT5rwqQ//ZNE5E76AHzwLRUyX9J5H9JMfk//2cKcgdPmYpxg4eu
kfyXRf775pNvWHMd8gZrwFqw4gbJbxT5z1vI+8e4m5E7mAqmgYpL8l8R+Z93H+8f+z3IHTwEtoLN
OZK/TeT/8greP8rykTdYAS4FI37J3y7yd68h/+M/RpA7aAAVMLZI8gOFkbG5wUKXOz/g9xr/Eg74
db/6R2Efm8VCZJ+utNkVu85kVa12u81is7H1JrNqM+sSlV9/KN0/heGIO5SYqAsFApFf2u7/qv8/
/czVB2brkyOhQq9B7w2FAiF9sl5v0BcEPF72jV0ZbCE/4PawBT+7QrQld5Y3n9f4VcPWadsl66de
P2nCpPGJV3knBkLZ3sQZ6RmJZsWmsHq4QJ+sOgx6T8hX5GWHMJkVVTHoQ4X+iK+AHciksu3YbvID
We58bVXIFfFlz3b5w6ymqBa2h/xAhC2o7Hox6IvdoYLCoD7Zqi0EvSFfwOMqDGPZ43V78n1+b+ea
cNDnpyWVliIhr7vAFWRWyBeZo08eYzXofX52GbDBuCOa53X52flHbcLnJzfkDuZRie3LGb3siswJ
aivn6md7Q35tepzz+JhdRe6Qj+2Z5s+VXZiV7w6zCQnmzdG2zslhBYvitLGN5xRkBfK182VnywSv
38+2TLZoEz7HG+Jfw4VZ2e5QyEfLNpNq0N/q1qbWynaQ7wlmu7Kz2JKKBV+EtjNjMRQoZksOLN3G
Cg4LFrJy2XHZ7n25BW5Vn6wYFcXJP3a2fdjr9fD6bF/QRWdAMzJPm7dgKMAOGygI5nsjXo/LUxjy
+XNdLFm2m446riy2wlvizS6MsKvAFQwE8l1h321a/Fou2YGQl46ipdV5Ueb4cgJs1Ar/RoUcd36Y
VQryA+wSiV4RDLuCvqDX5fUX4TJma7ID/kiIHSoY8oa9WhDYmg3Rpd37EVdhJJttriqqbYxJGaOo
6SY7u1rZRWpUbOpNer6p1+/pdUOL0WLq2LDYnZ+PHdPla3eyfFXFyW4F1eFQzKo9ajttr9JWFrYn
u81stWu3h5fNiUebe37Za9Mf1BYV7aIo9Gfn8YkN0xrttmHdHAuBiJuNIvqmKfCFw15e1b66Quxa
pyU+VtoT3SVz9f5Oh301G02qyRn9YRlZFa1gY+PuUnCygsWomM3R6x1awakVTCYl+mOmggsla3RJ
RamXWoG7pKfCvI6pYXln+8K+gL+Xk1Ls5o7zYI8eDN1sdDqV7sOgc7L3cE586IpDckzRQ1cc0ilb
OobetcCGzpLI9Ua0oXt+IRB2e5ot0gFplNqpsJLF1L3kRMmOk9G+y0PuGDMvOnvYBz+hnqt0Sj2V
5smXam/nQ4fnJ2BVrB0jdprkUVowfpOxc0x8ydE5QlrsclnS+LoXOkeXrd2NPQ2OSdrzhwanatOG
wXV8d0Z/d3VZ6lykEdD3zoNGAqID9XKFql0T4pdrDwVnrwVnrwXXL5V6qdFpdC/M45295xlUTUaH
1dq9f5hU1egQ82lS2a3XGXDUEkWsOpGDCNmsRM0rlmhm2ZMze44rJxQocOF26nlQVmPnbWNSbUab
zd4xFLvRZla7zolWcBijJ4+9pxpVh73HyTOZzUaLw9rDVditME97toXCEVcgx5Xr9XtZZ9baVi99
ubMrW3rrymZzVCNWorcRDYAV5D7XeTf1WuqlJrpZlwI7qWx6QOf4qKFp4+98qrvp7tYGZLYp7Gln
splYIuyRp72ABYPsnWYMi8TstFlUh9nhsFvNdKwselg6bTajyWx1sq5tsjucViubdvbK4c2Jeo5q
bdBpN5nM7M0owmtmh91ksasWp8NqMdvYwbzs7UDbn8NmN2rH9oZ9HleogK9UnQ6jje3EblMcVjsT
zGILdsK0BRu4UVUVq4NNsc1ksVkdFI2r2OeJ5PGnusXJrAKvh70BRq1WVe3NbbY3GHF1q5nsZjYU
XKssa79L244W5RkNhCO9TqnVYndaLQ5VVZ1dp9RiVRWL1WS32xXWaDum1GFxGC1Oi7bawR7dNmcP
U2pmc61a2E80izSlVu29RrEoNu1tsmNKFVv3KTWzCbOxp6jDyhLVfuM5u04pu5WMDhsbIIvbaVOs
FlP3KdVu0+5TatKu+V6m1GYy05Ra1egZtWqXaKQ4wKbS549EvXF2ruucOu1idKh2p439RLU6FdVk
in6V5e2cXtToB0dnJfqVrXNt1Ftb50reAnp6U87OK/TP1k7SKm/v94XpoKZ5p/3Xv/+03//Z7Jcc
f1E35gdyf8Ufl/hoV/Iv/P5nr9PWqN//9t9///+GH5Z9YqL2A/8y/rs4sfNiSOSfjsdQInu8aCts
qtGmJrJHAvtusrHHqElbMNKik72ROxPZ7ZzYuVQYTixNjHopx37YbqxWVtGuaL7KbleNJrZG+3mS
aLI6LGO1JpiIeyiRtbZEbRjKf3+1//7p+uly/2f5fuu//5npTbLb/W81/X7//xaftn6c9Y+ffdZ5
s/rpGmK+XLk46u/DvX2g6b7Dl3evGEH+4fVt5A97mnPbDk5dM9h00sPR+/8eftsBPfnnXNPep+P/
gC9xC0aRf+WRkx/ui38MXywXqeQHl51O/qPg+HWcuvIYzuYh0v6Pw09/zUn+GvVsqr8O1qZx6kqH
cs66QPJ/hB/JG0/+67uH92n8/8GXykGTyD8W0ffJbxf5PzWN/AvPGUV+JrjXzKm7FMwwSPv/SeR/
dQb5MzabqL4QvHAXp+6gmbNxvOSfEPm3usi/PcPZp/H/LPK/L5f82uMpffJ1J3FYxgbI/2BVKvn9
HuGcvpFT1wA2pkn77wc/vbmI/AGXTqP6FHDeFE7dyOmcE26W/JPgR26dT77lXzf0afwnw688ayH5
7vku8h8E76/k1FXN4gx6pP2fAr9+0xLy7zs/l+qvguPVXIzfxzmwWPL7w383fQX5Wxv9fRr/qfDb
vltN/iF3UZ/8AfDjHqomf+jJ88m/DIwdxqmzgHVl0v4Hivwdtbx/VC+gejE4djOnrm0RZ+sKyR8k
8v9gE+8ff17Sp/GfJvK/bSvvH59W9sk/XeQ/Yjv5OxetJv8b8MCbnLq4xzhPWS/tP0bk37CT/B9G
Vvfp+GeI/G9+h/yknX/vkz9Y5H/iA/Knz95EfinYsnYT+mc9Z9Nmaf9DRP5VH/P+EbOV6tVgyMCp
S32RM+l1yY8V+Y8/zPvH+m19Gv+ZIv9PjvD+MXVnn/yzRP53HSP/1CNvk58M1urf4ftzgAPfl/Z/
tsg/SXe25puXfUB1D7huC6eu9kNcx59KfpzI/x8DyJ+lftyn8Q8V+ecMIX/J7kPkvwS+GXcYxwWP
fSXt/xyR/4Bzyd8aOUL1T0HH6iPI/ShntW5VtH+uyH/deeQfGnqsT+OPF/lPvoj8oZt/7pM/TOT/
xRjyr8gYQOMLgO8VcepqwbTTpPEPF/lXWMkPHB9M9UfA4YOG8O1bYzlXnyf5I0T+Yy4jf/Wqc1b1
ZfwJIv83J5D/v5SVaVgOWBuAT2HGJMZS1hYShVCyF6IYRqkhhFIIldAohDKhxRJCCEkSoqxT2ZKM
UINRsjREDUWMFjSE8F2e5bqcX991ft0/jvs5R/f7Pm+ulYGSr8/959uD/66oE/jdHiIvvUIKO1Ni
X2m+Afdv6gy+8fLuSvcbcv+TU8D/xbCPkt+e+4+bAf7yLGvwDxCN85EichDS3Eaa34H71/iAnzzN
Ds4fELv7IcXqEUgXZ8k34v5bF4BfqGmv9P6O3L/vUvAbJI5T8o25/70VuD+GTwHfm9h2ClJ4Egvd
pfmduH/gGtwfT6fDeSgxuBopSmYgT8+X/M7cv80m3B8RPkrvN+H+52LAP2u6APwK4vu+SKHnj6xd
Is035f6u8eA/y12idH8X7v/pIPg6c1aAb0089xtSRK1E5myQ5nfl/nHHwB+qvUbp/m7cf8gp3B9H
osBfT/w3HSmyiMfjpPlm3L8kE/fHmBil+7tz/xVXcH9U7VHye3B/o7/Afxt1EHyTTUidA0jhl4RM
TZbm9+T+2XfA79jrGJw7EK2GHqPv3QnaPxck35z7z3wIvlNButL7Lbj/d2XgBwdkKvm9uP/Bl7g/
dK+A/4iYb3yF9g6xd44035L7j6zB/ZF+A84/EV2ykSL7Jv0OPZT83tz/+UfcHy53lN7fh/uvrafz
1e/1vkjJ78v9uzUC331nKfiriOlJpdSd6FUuze/H/W80Bz/S6iWcnyDesEUKswpkaa3k9+f+89qC
f6bojdL7B3D/H43Afxb8EXy95cjJER/p+1+H9BC7vp0/kPsf7wK+jmE9OB9EtO6CFAENkJ4tJN+K
+/9iAf7QLK1dKu+35v6v+4M/b1pzJX8Q999iA/4uzbbgXyO+aIkUZsQYPWn+YO7feyT4Ofs6wHk1
celJpCjviMyzkPwh3P+uI/j/2XVRer8N9188EfyOT82V/KHcv7U7+E4R/cFfSTy2FSniidHW0vxh
3P/MLPCDTW3g/DAxrg9S1BGj7SXflvtPngf+4dyflN5vx/0/LgT/no8j+I3nIPsHOtLnzwlZOEGa
P5z7xwaDX197otL9I7j/oDDwLY5MBd+N6J+FFNfd6e8wR5r/E/cvjsT9MWaW0v0juX9INO6Pqrng
nyNuqEOK+vOQpfOl+aO4f4dY3B9RC+G8ihgbt5C6LULahEr+z9z/j33gP7UIVnr/aO4/Ixn8FgWh
Sr4996//O/g2AZHgexJNI5DCbwPSNVaa78D9958Ff65utNL9Y7j/iD9wf6TvUvIduX95Lu6PifvA
Lyf2n4UUIxORegel+U7cf00+7o/aw3Bu9B454vtk/PfaR2gPnZX8X7h/17/BN9p5Uun9Y7n/tRLw
Ha3OKvnjuL9vOfhBRRfBP04c+QIpaoh5l6T5zty/cTX4h4Jz4fwusWskUhy/hkz6W/LHc/+j73B/
GOQrvX8C93f8gvsjq1DJn8j9X32nC/tjWgn4M4nJfkhR+5i+v9XSfBfuv7kJ+FM1y5Xun8T9LVuC
v25flZI/mfvf1gf/tN07/P0jho57R7+ftfQ78lGaP4X7L+wEflnZZzhv9RS54c1n2l8asfj/bxL7
re/K/Vt2B79FxHexKu934/6neoNvY9pEyZ/K/V2swZ+bqwt+DDG0UJfeTSxvJc135/4fbMHf6aMP
5/nE54uRItAQ6ddd8j24/67R4F9t1Enp/dO4v/U48GtSzJT86dz/4WTwO4zpDf4YYmdXpPAi+vWX
5s/g/sung+9YZQXnIcRN75Ai2xqZNFLyPbm/oQ/4QVG2Su+fyf2zfgX/kMVo8O8Trw1CCnt7pLGT
NH8W95+2BPy7t8bCuWYB0rR4LHV3RhZNl/zZ3L/eCvDrBUxWer8X909cDb657nQl35v7D48C3y3d
G//uRMNspDD1QYb6SvN9uP/T7bg/Jv4K55nEhzORItofGblC8udw/4g9uD9qA5Xe78v9TQ/i/tgR
ouTP5f65R8FvbrUa/FHEx6OQwpkYEynNn8f9fdLBH1K0Ec69ifWeI0VWFPJlrOTP5/7ameD7Bm9X
er8f9z9yGfwdBnvAzyJO7IoUtcTbidL8X7n/mBu4Py4cgPNXxIKrB+j7l4SMTZf8Bdy/6jbuD4+j
Su/35/5RRbg/NNOV/ADub1EK/ph958EPJnY5eZ4+t5m0hy5K8xdy/1v/gr/M7jKc7yM2H3uZ9u9V
8u9I/iLu7/8G/KSy60rvX8z9dT+Cfyf8tpIfyP3TNVvC/jAtAr8r8UYfpLAh6j2S5i/h/hO1wDfP
fQLns4lt7iFFRiky4LXkL+X+tc3Ad/P5V+n9y7j/jjbgr230RskP4v4DO4B/KuUD+E+I1VlIkViH
XK21+9v5wdz/gSn4pQ6au1XuX879g8zBb1b1g5L/G/c36A/+kKhm4M8h9klAisDmSHtdaX4I978w
BHxfizZwvotoNBIpgtohXbtI/gru7/ET+DtutVd6/0rur+EI/hV/UyV/FfdPmAD+Gx1zfLcuMtAY
KcyI2r2k+aHc33Yq+O3T+8H5eKLFZaQoHYDM+0nyw7h/6UzwHSYOUXp/OPcPmwv+stoRSn4E9zdZ
CH7SjjHglxD7JSFFKrF8kjR/NffPCQL/zsAJSvev4f7eoeBrFrmB35n4uNyN7p9Kf0cvaf5a7q8V
CX7P4JlK96/j/slbwHc1mAt+JHF8d6RoPR9ZEyTNj+T+9rvAX3MhQOn+9dy/IgH3h0eQkr+B+284
jPtDIxT8RprIZk1D6f1E7XBp/kbub34S98e+dfi5JV47jhSJ65GRuyQ/ivvnnwF/sN0Wpfdv4v4L
LoI/p2ynkr+Z+7fIBT8mPAHfTRy3FSniiSkHpPlbuH9qHviXTQ7DeQ1RWBJbJyPNT0l+NPcfX4j7
I+eE0vu3cv+3xbg/fM6A70hctggpos7S/syU5m/j/tuf4f5odBHOVxBDWiGFyyV6f77kb+f+A6rA
X5qSo/T+GO5//y34Bx3ylPwd3H/ZZ/BvV94D/yPxSh1SNC2k35H70vyd3F/vu1ZffY2oYjjvSmy3
v5g+t/8gV1dJ/i7uf74x+D0tnim9P5b7T9UF3/VWpZK/m/t/0QN/jf9b8JOJvVa9pfcTQz5I8+O4
f7wx+Ok6n+H8GXFAB6R4SdRpFPetv4f7DzMD/0lagziV98dz/yeW4Ded2Bh8G+IHd6RwboLM0ZHm
7+X+oVbgD6rVUbo/gft3sgV/zg498DcTn6cgRYY+srSLNH8f97/yM/gxA42V7k/k/rPHgn/5QTfw
64jPypGihjjSXJq/n/s3nAz+6yBLOG8ZjGwYhhQuvZFJNpJ/gPsfmga+oYGV0vsPcv/R3uDbXxgG
/mLi4GtIEWqLtP9Zmp/E/V/6gb/E42el+w9x//WB4B/UGAt+MdFVBynKiTbu0vzD3L9HCPi3EyYp
3Z/M/W9G4P6wmwa+MfGQ0zT63M5AJv4qzU/h/n4bwe9R5qV0/xHu32w7+FPC/ZT8o9z/ZBz4q00C
wU8h7u6DFLVEvyBp/jHu73wA/LSc3+D8BVH/LlLUX4ks2Sj5x7n/f0dwf3hHKL3/BPfflob7o9FG
Jf8k9+93HvdHyjbw/Ym655Aim1gSI83/nfsXZoPv4xAH5+uJDVyRIiQe6XpU8lO5/5Lr4G+v3K/0
/jTu3/Y2+Nkbjyj56dz/3APwX5mngW9ggfQZkkZ7h2h6Rpp/ivu7PcH9cSsDzocTa/9GitPnkV65
kn+a+39+gfvDP1vp/We4/57XuD90roMfT4w0RArtG8jqPGn+We5v8wH8A2kFcJ5PnJdZQJ/fu/Q9
eCL557j/Pxqtv/oFEx4ovT+D+6/8AXxR+1jJP8/9OzYDv/uOF+C7E3ckv6C/P9GsQpqfyf2zW4M/
ZeBrOA8mNhz1mr73NUgnzT3f+he4/6z24K9+8F7p/Vnc/3tT8NOCNPao+Be5f1JP8B/r/wC+jgGy
mxlS9CaaNpbm/8H9R/UD/8cLTeHcnOh2DSkimyFT9CX/Evd/MRh8a4/WSu/P5v7rRoDvrdEe/F3E
KY2Ron4HpKeJNP8y9zcbA/72BBOl+69w/xvjwc+27Ql+GXH8BKRwNUdGW0vzr3L/+W7gvyrtq3R/
DvdvOhN8g/DB4DsQ525GilhizTBpfi73P+EL/miTEXDuT1zfEylKiCnOkv8n9x8bAH5gjoPS+69x
/zfLwN/vPV7Jv879o1fh/tByA1+zEfKQvhvNc0dW+0rzb3D/Putwf6R4Kt3/F/e/uxn3h4Ovkn+T
+wfuBH9ypT/+3Yl2dUiREYBMXCzNz+P+bRLAj9i4DM5/J0bFIUVeMPL0OsnP5/5nD4Gfar5K6f23
uP+UE7g/8tcq+QXcv+407g//zeBbEp+HbKb9QfSKlubf5v67s3B/6OyE86nEIUZIYR1L++uw5N/h
/oNzcH+k7VV6/13uX3wT/G0TDin597j/invgX3p3HPxnxBcNTuC8pkTjDGl+Ifc3Kga/Oua00v1/
c/9LT3F/DMwC34m43BYpdC4iX/4pzb/P/T0rcX88uKp0/wPu3+At7o+gm+AfJzqtRYqofKRvsTS/
iPsf+IT7Q/+e0v0Puf9PDdp89W9lPlLyH3H/cm3wv7g/Bb+7B3LsPKQIZJZL84u5/1od8M00KuHc
gxjSpJJ+v6ppf3+S/BLu300P/MkJ/ym9/x/uf70j+BG2n5T8x9x/bjfwU0vrx3/1i4iWb5Cijviy
Yfy3859w/yaW4P8Tpg3n9cKRBeuRIqgxMrCN5Jdy/2MDwW9iohOv8v4y7u80DHyrnHbgzyc63kWK
Qj1kYntp/lPu/2oU+F7eHeE8nlixqCO9uxPSyVLyn3H/Lb+Av02rm9L7y7l/70ngX0rupeQ/5/53
PMCvth8IfisH5HpXpPAi1llL819w/0Ve4OtXDoXzIcSGn5HC2I68sZL/L/dv5Qf+zxtHKb3/Jfc/
vRj8xea/KPkV3H/Sb+An5ruAn0e0qEAKmylIU29pfiX3/xCO+2OBh9L9Vdw/dgPujxZeSn419x+0
DfdH2nzwPYhpTfxwXirRfqE0/xX3f7Qb/EkTFsP5RuL7BYvp/x2IrF4l+a+5/2/7wQ9/t1zp/W+4
f/sj4P8eEw5+OdGsCCmiI5Ae66X5Ndz/Yir4JQM2wHmTgUiX2UjhGUXfvzjJ/4/7T8/A/fFgq9L7
33L/etm4P4J2K/nvuP/+a7g/9PeDv43YeOl++vwdQDonS/Nruf+IAvC3ZqYo3f+e+z+7D/4f7qng
lxHTwlNpf6Uh+1+U5n/g/qsfg18lMpTu/8j9u7wAXy/hEvg2xH9PIkXIZaRvgTS/jvv/+Qr3h+01
pfs/cf8573F/lN5S8j9zf22NtrA/wu6Dn0PM2IsUTR8gzR5J879w/6MNwc/v/BjOXxN9rZDCtRTZ
+7X8vnqI3o5Nwf989bnS+zXId65uBX4371dKvib5AZsMwXfReg/+GqJOh/f0/yYmfpLm1yM/upcJ
+OHJYu/X81SiTjpSJGkg6zfZ+61fn/zUgh7g/27fcK/K+xuQfzugL/glFT+CX68S6Sma4rwSYmIr
af535NfoDga/8cZWSvd/T77OqeHgDzQ3BN+LOGYUUri0R0aZSfMbcn8XB/Bn53dWuv8H7v/eGfzo
BT3AzybePoUUGcT+/aT5Wtx/pyv4f7Toq3R/I+5v5Ql+Veog8FulIW/9iRQhg5EBo6T52ty/aA74
ehOGK93fmPsH+4M/6p09+AHEzVoOOM/UkT5/btL8JtzfYBn4i2Kcle7/kftnrQR/3wBXJb8p95+2
Fvy8+zPA/0J0qEQKG0/k8VnS/GbcX3Mz7o9lc+C8bxDy/DqkyJ5Ln/9lkt+c++/bgftD31/p/S24
v91e3B+ZS5V8He5flgR+mPtK8FOIYb8iRRAxNVyar8v9w4+Df1KshfO7xGyttfT9J9ptl/yW3N/k
NPjFezcpvb8V98+9AL627Q7wbYkvxiKF+U7qEC/Nb839fa7i/iiNV7q/DfdvdBP3R1gS+HHEivNI
EX8IGZ0mzW/L/VPu4v7ofFzp/nbc3+ER+BevngL/FdGrACmKiBlnpPl63L+yDPxKrwv4u+GN9F2K
FB4Xybsp+frcf2MF+O20riq934D7m/8H/sjkv5R8Q+5/qw73h/1d8PcSv/dAitJCZOFTaX577u9f
vx3sj4qHSvd34P462uDnbShT8o24f1oL8D/1rADfxBwZMwwpdCrp9+uVNL8j95/QDvyu+TVwPpFo
9A9SvHyLvF4/4VvfmPu/MwJ/4oI6pfd34v4xXcEPbSHP/39+Z+4/oBf4J1MbgV9KtLyCFHnMxtJ8
E+7/YAD4xeNbwHn9CcjOK5HCUxdp01HyTbl/0FDwtd+1VXp/F+6vPwr8ATFGSn5X7p/pBP6sAV3B
X0N0CUSKEGYPaX437u/uAv6W+xZwnkV8/BQpknoh4wdLvhn3Fx7gZy0boPT+7tx/72zwK/WGgq+r
j7Q0Q4oSotkIaX4P7j9sPvjtMkfC+VCi3nWkaDgaWe0i+T25f+ki8Ee6Oym935z7hy0Hf6FwUfIt
uH/ncPAT9rqD/xfx2kl3+twS+0+X5vfi/lfXg39z2Gw4f0M0cUaKAG+k82LJt+T+XlvBr3syT+n9
vbn/D7txf4QtUvL/R2mZR/WAhQ34IlpslZA0hEoG2aKyJktNZS+ylKUUg4SsWaKYhiRbhZCRVLao
IZQ1ZUllhOzE2CpCNdb6Pu9yjvv9853713Oc2/Peq+f3e+nO/ZPicH+YLwd/DXFC9+X0vSMOXCXN
78H9nQ/i/sheDefxxFsFSJG5Bmm6WfKtuX9pCvhHp61Xer8N9w8/Df4j7a3g6+sgz0zdSp+/SPr+
xUjzbbl/p4vg1z0Qo3R/T+6ffxV8G5c48McRC3zi6Pe3j74/R6X5vbj/nH9wf5QeULq/N/fXv4f7
IzwF/ExirRikiCPmn5Hm9+H+KU9xf3Q6rXR/X+7v+hr80vwL4JvdQF58eIH21kVk4XVpfj/uX1kG
vtHcq0r323H/qE/gOzT6B3w/YuvWSGFQgCx5Ks3vz/1thPEPPyD1rtL99tz/rib4f7k9VfIHcP8l
DcHPq3wF/jvi+tqvcZ4u0aZYmj+Q+zdvCv63qDI4N4lGfo4vo9//B2SY2PuzP4j7p7cAv53tJ6X3
D+b+Hubgj75XreQ7cP/qjuAHB2rC+w4QZ+9EijhidF3p/Y7cP7Y7+MnGDeH8IdHaHSk0dJGmxpL/
G/fv3wf8RxlN9qq834n7Fw0Ev+7EFuBbEs8sRIqQljTXXJrvzP2DXcC3+T/n/9/9Ltzf1BX8qXs6
gh9J7J6GFAGWyLCe0vwh3P/SePA32XdXun8o9/fxAv/ss97gvyHqlSHFJ+YAaf4w7q81A/ySkIFK
9w/n/olzwTcydwF/JLGxLVLYDUEajJPmj+D+TkvAd8gepXT/SO5fvBL3x7TxSv4o7h/2J/h7tL3A
zyPeNvaid3vT59dfmu/K/TtuBD836Xel+924f240+F+d54Lf1QV5byxSBAUgvVdJ80dz/9mx4FuU
Lla6fwz310vA/RG+Usl35/7HjuD+6PQn+EeJuX2Qoow4M0yaP5b7jzqB+yM/As5fEH2+IEXJJmRB
rOSP4/7lZ8B/OCda6f3juf/WLPB1GsUq+RO4f49c8K1T94PvSQzIRop8osVBab4H979zC3xvtyNw
HkU84IkUVsnIwgzJ9+T+ix7i/qg8rvT+idzf6F/cH1FnlPxJ3P90Ce4PmyzwDW2RdYYgRYfL9P25
Lc2fzP0nlIPf7N51pfuncP/vX8EfHHhLyffi/rtq/fLDn2f8EPxooqkVUtR7RJ+/J9J8b+7fry74
sRnP4fw88XjOc/r5l/Q5Lpf8qdz/iT74uZ4lSu/34f4rjcD/Wv1Ryffl/m1ag2+x5yv4Q4hhR5Ai
jRj9XZo/jftntgPfzb5W3I/zYGKRF1LMrI10bBT3sz+d+0/tAv6qZzpxKu//nfvXsQX/SIi+kj+D
+++3A/+BmRH42uZIS1+kGG6M/NROmj+T+zs6gq+T3Urp/lnc//Uw8K2ntVPy/bj/2jHge2t3AX87
MXw4UrgT87tL82dz/w4Twd+YZAPnGUSrFKRItUXqDpZ8f+5/3Qf8M852Su+fw/39/MAvLnEAv2Ep
sroSKUockRpDpflzuX/DBeAbhg+D897ENtuQImgEcsJEyZ/H/ZOXgT+40xil9wdw/xGrcX/keyr5
87n/hzDcH3N8wM8hBgb50PfGF2nxuzR/AfffvAX86/p+cF5KrGrlR59ff6TdcslfyP27x4D/JWW+
0vsXcf/be8Fv67ZMyV/M/RceAN+1MgT8UGJtzdX0uSOWrZHmL+H+him4P6LC4PwgcdkBpDgXjjwY
I/mB3P/kKdwfNluU3r+U+4+7gPvj7g4lfxn3/3oFfO3AveDbELPP7aW/9z7kqxRp/nLuH3MD/B7G
B5TuX8H9+94F3yvjmJIfxP0fPwE/wvMU+JnE5FykeEKccFaav5L7B73C/VF9Hs4riP7NLtDPX0TG
5Ur+Ku7fqgz3R+wVpfcHc/8L/+H+sL8BvgsxaxRS+P+DDL0rzQ/h/l7V4A96Vqh0/2rur6HZ4oc/
N+QJ+FHEHrFIEfIUOalUmr+G++9rAP5us1dK9//B/R2agJ+T9Q79bOS2AvrzA+Knj9L8UO7/v/lg
f/j+B+ftpyEfzUeKb0RvjX0/+39y/z/NwG+rXa30/rXc/9eO4Lsm1YH5q4iVKUgxQRPpUk+6fx33
v2YF/krnBnCeTHw4CinidJFhLSQ/jPvP7A3+4ZLG+1Tev5771x8I/v31vyj54dz/sDP4Wp3MwLch
1pyEFLrm9H4Laf4G7j98FPg98jvA+XRirfod8edNOyFN+kh+BPd/Pw58rzlWSu/fyP03TQE/Qr+3
kr+J+3f7HfyMlAHgvyOuthiI85g2jtL8zdy/YA74b1yd4byeG3LoQqSwc0G6ukv+Fu4/fzH4TStH
Kr1/K/dvshL8gVHjwJ9FrHULKdLGIz9NluZHcv8Tobg/bKYo3R/F/cdG4P64Ox38C8Tj75Di+e9I
g4XS/Gju/yUK98eSOUr3b+P+O3aD/7n5YvAtjJHa5kgRHYgM+FOav537994PvnlGkNL9O7j/w8Pg
j/IMVfJjuP/y4+AHVW8AP5H4rn4Ezisk2m2R5u/k/i3P4P6IjYLz+8SPh5EieRv9HvZL/i7uf+4S
7o/+u5Xev5v7T7mO++NZvJIfy/1r3QK/e8hh8CcSdTcjRQwxOlmav4f7xz0Af4rZcTiPIlpZIYVx
Gn3+L0n+X9x/0HPwN2RlKL1/L/d/UQx+uu8lJT+O+//xEfeH1nXwG2gjB/gixUyi/w1p/j7ub/EV
90dSAZz3IY45ixSpt5COTyU/nvtfqdkS9ofzA6X37+f+M3TAn1PyDPxI4k2X5zivjOhSKs1P4P71
9MHftb5Y6f5E7n+oGfjXLD+C/4aYuwIpvMuRW2rE/zw/ifsPbQX+p7wvSvcf4P7vLMA3n1MT5o8h
9gpEihCijaZ0/0HuH9EZ/FH6OnC+lrjDBClKiIuaSv4h7t/FBvygFL14lfcf5v7/9AP/kGsz8G8R
V3oihYkRcnhLaf4R7h/gAP69ChM4165Ezv2OFKmtkdGdJT+Z+zceBr5mlIXS+49y/+Ojwbey6azk
H+P+YzzBn3LXGn//xCtvkSLBBjmplzQ/hft/mgr+hiX94DyNODAUKbb0R/oPk/xU7r9tFvjpzR2U
3v839+85H/zX6UOV/OPc//5S8Jt4jgbfjljTbzR97oiZ46T5J7j/shDwB1R7wLkX0VPTE38+h2g6
Q/LTuH+LMPD9Y6cqvf8k9z+7GfdH/1ngnyUe3DyLvn9+9P650vxT3H/SDtwfRQF4/gz59B39WXch
UmO15J/m/jX24v4IXqr0/nTu/1cS+GZmIUp+BvcfcAz8kVnrwJ9HPNEuDOd1JjqGS/PPcP/nJ8Ff
4bsZzo8R5y/cTN/brciwvZJ/lvuvOQ/+Qa0dSu8/x/3bXsH9kfiXkn+e+1/Ox/3hnAR+d+KdsUjh
TQw6LM2/wP2nF+L+KDmKn1/iwYqjtH+P0ef3rORf5P46T8CfvP6k0vszuf+Bl+CHW54HP5N4tfd5
2r8XkNOypPmXuL/LO/BP512G8zJiwh2k0LqGfFUo+Vncv7QS/Ff++Urvz+b+G6pwf+gXKvmXuX/n
OiawP1Iegz+TaJr5mD53T5DlRdL8K9z/Rn3w/V1fwnk0cYg3Uri/pn+//pP8q9x/bmPwd1a8VXr/
Ne7f6Bfwr0ZWKvk53D/VFPz/rKvAb2eDnDa9iv7dIA4X+3+ef537u3UA3/RubTh3IM7Rq0M/r4k8
aCD5udy/shv4I5fU36/y/jzuH90L/BXNGyv5+dzfdgD4B9ONwS8iWn9AisIW9P4O0vwb3P+eE/h3
PUyV7v+H+weOBL9OdXsl/yb3Nx4HfrfYbuBPITY9jRSZRPce0vwC7p8xGfxJ/XvB+RriWnekCO2D
9HeW/Fvc33M6+OFF9krvv839q/3BPx3spOTf4f57FoH/ynQk+PXMkJ59kcKRaDJaml/I/e2DwG+c
NRbO7Yn5N5EiZxzSwlfy73L/Z3+Ab+87Wen997h/yAbwZ2tNB38Hsa8hUuQTXfyk+fe5v1kU+DGJ
/nCeRQxMRQqNecjnQZL/gPtn7cL94bRI6f0Pub9vPO6P4hVK/iPur3UY98f6P8AfSPTKRIrhociS
tdL8x9w/6W/wR1hugPNQ4oJ+SNFhI9J0t+Q/4f7OGeAvz4tUev9T7l+SCf4B/11KfhH3X58DfqFe
PPg6+sg8M6ToTIxOkuY/4/6WBbg/Ug7BuSXxTDpSxB2m398pyX/O/fPu4/5w/Vvp/f9yf/9nuD8q
0nFvENfXycB5T4hpmdL8F9xfrxj89ZGZSve/5P4pH8A/ZZ0D/gviuvE59Pm5TnvsrjT/Ffd3/QL+
y8KbSve/5v4VNVr98A2W3Ae/GzEgFCkiiAEPpflvuH+kNvj2zZ/B+Szil45I4f0vcsJHyS/m/tZ6
4M9Of6P0/hLuX2gIfozHByW/lPsvNgH/StVn8N8SA/S/0O/9G3KpTsLP899yfyML8Ct310hQuf8d
90/vBH6b/tpKfhn397AGf3iRLvgLiI7fkSJfD9m5sTT/Pfev6gv+8mBDON9DfB+FFLFGyBALyf/A
/XcPBv+AqYnS+z9yf7uh4Bdeaqvkl3P/p27g1/btBP6vxNRQpIgghnaR5ldw/1Ue4HfVsoZzD+Kl
5khhaIssGSz5ldy/zVTwJyb2VXr/f9z/0kzww5wGK/mfuL9PAPinioeA/4r4XAzFeVpE4SbN/8z9
NZeC/zLMTen+L9w/IRj3h6UH+AOIWk5IYeeJtJouzf/K/X9bB37/PG+l+79x/zebwPfznwn+PmJR
CFKk+SFjlkrzv3P/ddvB36EXoHR/Fffv8Bf4l48FKvnV3D83EffHqGDwjVyRXX2RYinx+Wp5vgbC
avZR3B8Va+HcgdhLcx3+vOl6pPEOya9BvqvuSdwfkZuU3l+T/ICj58BfZr1dya9F/paRl8FPKtwD
/m1idjFSlBO14qX5GuSnfswD/87iRDj/TGwQlki/vyRk6nHJr01+wZY74Gs0P6r0/jrkl3d/jPsj
PQ18X2LdPKTIPIksOyvN1yTf4M4L3B8e55Tu1+L+i97i/qjKBj+ZuNnwMs6rd4V+jwXSfG3u36wS
/JO785Tu1+H+p76D/8LuDviG/ZFGQ5DCnbjlvjS/LvcfX7v1D79R0SM4tyW+LUaK9MdIgxLJr8f9
v9UD3y74hdL763P/nQbg+5m+BT+auMAKKXTf0eenQprfgPv3NQZ/x6UKpfsbcv8nbcC/7PMd/DKi
+3KkcKyi769O4s/zdbn/yvbgV2jWTlS5X4/7t+4GfuvEeuA7E8tTkeIcMaaBNF+f+1/sCf4wJwM4
DyC+GY8UoU2QM00lvxH397YHf1lxc6X3G3D/2k7gJ4W1UfIbc//4EeDf6dg+Ef/finSYgBQBHZHD
e0nzm3B/h7Hga+R1Vbq/Kfd/PQn8Lv49lXxD7r92GvieevbgRxBf9EMKF2LsYGl+M+7f3h/8dcd+
g/N0Ys45pAhxQl4eLflG3D9nIfgnR41Qen9z7j9rBfgvyt3B165A7tIbi/OMxyELPaX5xty/wR+4
PyInwbkNcVbyJPKmIKP9Jf8X7n8kHPeH9TSl97fg/sMjwZ9VOFvJb8n9P+wEf/viheBnEPseW0jf
n0X09wiU5ptw/837wM82WgHnn4gbbVfQ924l0n2D5Lfi/laHcH+cXqP0/tbc/1Yq7g+PcCW/Dfdf
kI77o2or+ElE40WR9P0jukZL8025f9NM8Jfu3gnnCUSvR0hhEIssOyT5Ztw/7Rr4iXb7lN5vzv3H
3gT/9tODSn5b7v/1Hvi1glPBtyAO2J5K+/c4Mi5Tmm/B/WOKcH+Ypivd347793mD++PSRSX/V+7/
6D3uD59r4J8iNluGFCVEx1xpfnvuv+Iz+GmaN+G8iBhhdJP21y2kyTPJ78D9TWq0+eH/m3BP6f0d
uf95LfD1nYqUfEvuP0UX/H7Fr3HvEBd9QQqNN/T3fyvN78T9NQzBnxX2Hs63E/tsfU//7nxAJlRJ
fmfuv68l+Ns7flZ6fxfuP7gt+Nm5IumH/5l4+Q5SxNVAhtZJ+nl+V+7/0hL88tlacN7BH5m6BClc
dZCdDSW/G/cP7QF+Kz3dJJX3W3H/dn3BH3qsqZLfnftfHQR+4KiW4B8lOk5BChMT5KfW0vwe3H/G
EPATy83hvIDYulZb/HnTdshvPSTfmvvXdwP/9lZLpffbcP/DE8CvZd1Dybfl/sO8we9c2Af8SUTz
F0hRRszpJ83vyf3LZoDvsXgQnG8h+oQixRYHZJCb5Pfi/hvngb/WaIjS+3tz/66B4J847ark9+H+
N1fh/pgwAfzaHsj4GUiR74lMninN78v9A9bi/qjyUrq/H/dvsgn3x+4ZSr4d9z+xDfyZdvPA30SM
H4oUWgHIpQul+f25v/se8Lc9XQLn54kG75Di+VJk5lrJt+f+nxPAz1q1Sun9A7j/9mTwP7ZZq+QP
5P690nB/XNoI/nCi7k2keEDM3yzNH8T9H5zF/eGzDc5XET/P20bddyAjEiV/MPdflo37Q3OP0vsd
uH/LPPATEhKUfEfuf+42+Ld+SwZfxwlZ4o4Uk4iuJ6T5v3H/yY/Ar1l8Qul+J+5f8wX4ncLOgj+S
6Lj7LN1/DmlxTZrvzP33luL+6JitdL8L9x9YgfsjNxf8I8T/obRM43LA3gZ8LFEkWacoQoRCyJ4y
w0xFlhZLC0JZs06IYaaSIlsUmrGTMrQLlV1lLJUtikIR/8qeEBXv615+P+fj+XR9OK77uXU93dg8
yqHv/y1k5SNp/mju/6wG78fCe0qfP4b7B9U3/u6X6D5S8sdy/67a4DdLegZ+X2JhOlIUEc1Lpfnj
uP/VFuBbOb2C9yXEgGlI4fsGOa5W8h24/9y24M+rrFTa35H7N+4E/t/ba5R8J+4f0x38y/3rH/vu
vyY2+xX5/39RpLPmsR/nO3P/0X3Af5/XGN7b5SPPFSPFBW1kjZ7kj+f+rweBb7SixTGV/Sdw/y0/
gz+6TVvw/YgmXZCipQHS1kiaP5H797YDf+XpjvB+gBiUjhSFxsiUPpI/ifvfHgd+tHt3pf1duP/v
k8C/W9tbyXfl/i09wK+7bxD4/YnlMUhhPxh5xVKa78b9T8wCv9ewn+Hdk+gyGikGDqefo4Pku3P/
CQvBdy+2Vdp/Mvf/tAz89QHjlPwp3D/iT/BPdpoE/l3ixd5IYUlc5y7Nn8r9BweB/zRjKrxrZSK7
ZCNFhAfypbfke3D/gk14P2bOUtp/GvdftR3vR8OF4C8mDtJFinziBR9p/nTub7gH78eRZfC+iRiZ
tIz+3r5IzyDJn8H9z0WCH2H3p9L+ntx/agz4meVrlXwv7i+Swa/YsAn8VhuRGX8jhcdmpPlWaf5M
7n/gNPjte2yHdxvi1CFIMWkn0uKw5M/i/sPT8X7k7Fbafzb3L7mG92NhpJI/h/uvvY33QzcG/DvE
5A5IYUbUjpPmz+X+XR6An5t4HN7rJSH7XESK0hPIrHTJn8f9/ysGv47TaaX9vbn/7DLwe1ZeUvLn
c3+td+C7bb8G/nri9SNIoZmNLHkgzV/A/Y9W4f3of1vp8xdyf3vRGe5H3n0lfxH3f9UQ/Ke+xeBr
rkAmBxfT9+8JMuaZNH8x99/cFHzdNmXw/jOx0AQp9F4gq6okfwn37/UT+ENPv1Xa/3fuf7Md+HPd
q5R8H+6/uAv4O2u/gZ9KjGssYvDfDaJ23Zgf5y/l/s17gp+5tyG81xD9YpCiVAuZ+5PkL+P+x/uB
X2HdNEZl/+Xcf/xQ8NsXt1byfbn/xxHg2we0A38F8XEoUkQQIztL81dw/5324K/o1EXp81dy/4HO
4Edl9AD/AXFPHlLs7on0GCTN/4P733cD/45XP6XPX8X9V84Av07DoeD3JDq1RgpLa6T5aGn+au7f
dh74PY+MUPr8P7n/mSXgu9nZK/l/cf8pK8FfV+4EfhzxXJUTfX+dkZ4TpPl+3P+bP/gnNrjB+1Oi
wT9IETMZuXGe5Ptz//3rwX9iNkNp/wDu//NW8JvmzFXy13D/JxF4PxYuAX8OcdZqpFhHDF8mzQ/k
/mv24/3QXYnfO2KhPlJo/oE0Cpb8tdzf+Ajej0R/pf2DuH9mPPgZjuvBryaumYIUBiHIVZul+cHc
f9Yp8N+9D4V3/Urkh2qk0A1Dvtwv+eu4v+Z58Nttj1Dafz33//cy+KP671fyQ7j/yBy8H3nR4B8j
rn+GFIFHkDVHpfkbuP+Lu3g/fOPhvYh4cBdS3Eyk7/F5yd/I/Tc+xPuhf0pp/03cv8cz8MXpc0r+
Zu6f8xL8Hu6XwZ9GLPr9MnUnllyT5m/h/osqwXetzcZ/d4iNGuTgn68ijiuQ/FDu36wG/OC9d5X2
38r9k+p1gfth/RD8J8QiO6Qwe0T//j2R5m/j/k6NwX9SVALvrYuRR8uR4sJzpF+l5Idx/8rm4DcN
eKm0fzj3394GfMtOlUr+du7fvyP4czKqwd9HHJCHFAk19P+Ab9L8Hdw/rxv4O7zqxX5/TyF29kGK
jRpI7xaxP/o7uf+K3uCnN2gcq7J/BPdvMwj8d9HNlfy/uf/pYeC3s2sDvh2x8USk8CCOMJDm/8P9
3W3BH1XeAd5XEcOqkKKmEzK3t+Tv4v61Y8H33dBNaf/d3H/vRPAPm/VW8vdwf+up4N/OHgi+Vg5S
pxApLIcgje2k+Xu5f9FM8L8tGKb0+fu4f8AC8Hvo2ir5+7l/p2XguyaOBX8L8cAFpIgZhyxxkuYf
4P4Zq8EPdpwI70eJph5IMc4FaTtL8g9yf6+14Ce/n6K0/yHu32AT+MXhM5X8SO4fHQ6+Tv8F4Pcl
1h+BFPbEEYuk+Ye5v+1u8IfkLYX3qUTNZ0hh5IusHyT5Udy/7BDeD9/VSvtHc/8Nx/B+6K9V8o9w
f7PjeD/SNoL/ijjk6kb6vSPmh0rz/+X+2Wngv3ULh/dW7kg9r3D6uW1Huh+Q/KPcf8El8A1rdynt
f4z7N70G/si9h8BfTNwUjRS7I2Pp/xHS/Bjun3AL/OXWx+D9GHGOLVIsiqX9T0t+LPd3uI/3oyhJ
af847l9RhPfDP03Jj+f+4aV4PzpeAr9nJ+Q1c6RwJu7PkOYncP9+b8E3y7gK71OIfW8jRdF16n9f
8hO5/71P4Lt43VLaP4n7L/8GflCD+0r+ce6v19Dku388ugj8POKgk0hxgZhVIs1P5v6pOuAX25bi
/bZDjnVECrMypM8HyT/B/V1bg69T/kZp/5Pcv9oQ/CEbPoHvRZy38xN9/6qQKTXS/FPcf09n8Geb
fYP3rcRmFt/o7taJAw5rGvejn8L9rXqAvz27QZzK/qnc/7EF+JcW6Cj5adzfzxL8N01bg2+ii8w0
RIozRHN9af5p7t9hBPiGiYbw7kSMPYcUke2RoT0k/wz3vzQK/JGOnZX2P8v9ZziBv/y9mZJ/jvvX
dwM/MtwC/Hyi/SGkiCHWDJTmn+f+UdPBv9XPEt7r9UeesUIK3aFIWzvJv8D9beaC//XecKX9L3L/
0sXgm/qOAt+dqOWPFPb2yK4O0vxL3H/9CvBd9J3gfTVRtyNSvHVG5k+X/HTu390f/KA0V6X9M7j/
9XV4P9ymK/mZ3N87FPyimjng169FXmw0F+dlEffPl+Zf5v5NIsBvsncxvFsRvWKQIuN38v0l/z/u
H78P/MHWK5T2v8L9x0WDP6vIT8m/yv3fxeH98F8H/mmiQyhSRBB9Q6T517j/tpN4PzqGwvtb4jnz
UPq934bU2y/517l/33N4P9J3Ku2fxf1zM8E38Nqn5Gdz/6XZ4Ns1iAZ/MXF8S6Tw+Rfpfkqan8P9
W98Ff1l0nNLn3+D+KYXgH7I9qeTf5P4uJXg/ys6C/5FY8gkpSs8hDS5J829x/y8v8H6EZMK78QZk
VgRSBP5HP4e7kn+b++96j/fDLFtp/zvc37Ia/EnZuUp+Lvd/WLfrd3/tgkLwjxFdVyHFOqLvI2n+
Xe7/ZyPwk5qWwHsu0dsQKZyfI80qJf8e92/fHPzHCS+U9s/j/hf1wW/i+F7Jz+f+0zuAP/j9F9yb
OLluNc7TJgbWi/9x/n3uX68b+LPC68arfP4D7h9pDn54v0bgpxLXD0cK7cbIrFbS/ALu/+tA8C/e
a6b0+YXc/7k1+K+X64PfwRf5dS1SHGmLDO8mzX/I/YNtwG+r30Hp8x9x/65jwbdL66rkP+b+1yaA
v8zNHPx/iPvmIIUfMauPNL+I+8+bAv6hmgHwfo14vNFA/PN6g5FVNpJfzP21Z4J/c4+10v5PuH/s
fPBrrWyU/Kfcf8xS8LsXjQHfgfju1Rjam1jqKM0v4f5vVoE/0X8CvK8iZoUgxaKJyCszJP8Z9w8N
xPvRcYrS/s+5f++NeD/SvcDPJzrfQIrImciXc6X5/+P+d8LwfnjOh/eWXsgn3vOp/0Kk52rJL+X+
PrvA126wVGn/Mu7f6hD4g6JXKfnl3P/kUfBn2gaCH0LMmhBI89YivYOl+S+4/8Qk8MPKNsB7MjH3
I1LUbKKf3y7Jf8n9q1LxfoSEKe3/ivv/fRHvh+kuJf819x98Fe9H9kHwfyE2KECKEqJZtDT/Dfcv
vAm+7YKj8O5DTFmOFPbHkOtOSf5b7r86H/ylTZOU9n/H/dsVgX8wIRX8POLhVKQITEN6nJfmV3D/
8/8D/4bDRXiv64j84ooUxulIo1uS/577e7zB+1FxRWn/Su5f5xPej/CbSv4H7n/wK96Pfvl4P4hv
PPJp//t0fwuk+R+5//AG3b77gfce490l9mlbRH/vJ/Tv4FvJ/8T9nzUBP3H5/5T2r+L+Qa3Af6T3
Rsn/zP1NDMFvnPYR/GHEMstPOG8Y0eizNP8L979iDP4gt6/w7kFM80aK3SIB//+lk/CjX83955iB
P7NGI0Fl/xru38gC/LA9TZT8Wu5/bAj4F6xagf+aaJmAFMnEru2k+V+5v/1w8F89NlD6/G/c//VI
8Nv4G4M/krg2DSkCOyO9zeX5GgiLLY7g23Q0U/r8OuQ7m7uCvzS9L/iHiY0bWuA8g/7IyuHS/Lrk
+9yaBv5BzyFKn1+P/PAlc8C/oTFcya9PfnKLxeDXRI0Ev0000r4CKaqINWOk+Rrk5yb7gt/N1hHe
RxGvjEMKMyek0VTJb0B+5Xg/8CeUuSjt35D8lp+CwV8TMg38ROKav5Fi3XRkykxpvib3j9iC98N0
DryXEl8PRIpJ85AWKyRfi/sP2on3I2uR0v6NuP+DvXg/Fvgq+Y25/x9R4A9s6gf+NGKiIVKYE/0C
pPna3N8gDnyvhGD8vSH2OI8UV9bTz2+n5Dfh/mdPgL/NYYvS/jrcf8pZ8M9X7FDym3J/kYn3I2wv
+MbhyG+HkCKGGHlQmq/L/Q9k4f3oFwXvw4ifrKLobkXT/Tgu+c24/y+5eD/uxSrt35z7Py0A32f5
CfCjiHoBJ+hzTyL3p0nzW3D/wKfgH9A7C++XiQm9z9L39zzSPlvyW3L/zi/Az0nNUNq/Ffe/XAF+
tWuWkt+a+8/6gvej5g74E4gRQ3NxXgJxRJ40/yfur1W3O9yPPQXwvppYGIMUNx/SnBeSr8f9j2qB
v8bqqdL++tx/VDPwEx6XK/ltuP9LPfAf+lWA38ofqbEVKSKIq0Tij/Pbcv9NRuA36vhF6fMNuH/P
ruAPSK+TqOIbcv8bvcD38tQCP4IY4IsUto2QoU2k+e24/6IB4G/TaAbvp4herZFiRAukWQfJb8/9
m1uDfz5KT2l/I+5//DfwX9oYKfkduL/zGPD1y0zAtyR6fjKheV2RBt2l+R25/4fx4P8W0gvefYn9
IpAiqzcy0lryO3H/HZPB/910gNL+xtx/gBf4B7KslPzO3D/fG/yc+b+BX0Us2osUybbI8AnS/C7c
f4UP+NU6Y5Q+34T7t10FfteE8Up+V+5/Zg344x0mg7+JqOkxmbpNQVZ5SPO7cf/JG8APqPCE91Si
rfDCP99yFvKtj+R35/5ft4EfH+attL8p99/3D94PCx8l34z7DzuI9+PeH+APJX4s+YP2Jpr5SfN7
cP/if/F+LF8D73OJffyQwj4QuTtU8nty/4BE8D31Nijt34v7G6eCvzV1G/hJxJuZSLEuDOkdIc03
5/6ZF8A/5/oPvJcT23kihflupPZRye/N/WdeAf9F9QGl/ftw/4Y38X7s+VfJ78v9j+Th/bBKBH81
8UUcUrgnIUtPSvMtuL/dY7wfj1PgfSfRpSyFfn9TkTWZkt+P+5c/B3+/3wWl/ftz/w2vwc/ucAX8
GuLSXkhheRVpdEuaP4D79/gI/pdLN5Q+fyD3z6kF38QzD3xHYtqSPPr+E3eXSPMHcf+FGqZwPzQe
K33+YO6v2wT8gKjneD+IKfFIcYZoUCbNH8L9E1uCH2/zGr/3xD4TkML5Lf07/FXyLbm/owH4haUf
lPYfyv3fdwJfK6RWybfi/uGm4Pc31Uj67s8nLrRECluip1bSj/OtuX//vuDPyNKG92Ci512kiGxC
vr7kD+P+eYPB3zq/ZZLK/j9zf99fwD+nYwD+K2JOW6Sob4jM7yDN/4X7648E/0V8J3hvkYCsTUUK
v85Ij76SP5z7pzmAr+dgqrT/CO7v5gL+rxV9lPxfuX+NB/hLwgaDv5toWoAUG4cgzayk+b9x/z2z
wd9n8Qu8pxNzhyPFqhHI2Y6Sb8P9rReBn33XTml/W+5ftBz8L8sclHw77u//F/gmei7gTyauNkEK
c6KRmzR/JPfvGAy+c6oHvAcRt/6HFBnTkQmLJH8U90/fDL6/62yl/e25v+cO8OOqFyr5o7m/xl7w
C3YvB19nD9IzFik0VyLfBkvzx3D/qMN4P6z+Uvr8sdzfNhbvx+MgJX8c9y9Lxvvhtxn8bcSwLUjh
u4V+/tuk+Q7cP+QM+KEdduD3l/imF1LoRdDf/7DkO3J/0wzwz17ao7S/E/fPug5++YzDSr4z959/
B++HRiz4I4mWs5HCm5kozR/P/XUK8H5EJeP9Jh6OQ4rAE0jLi5I/gfvHP8H7YXNGaf+J3N+hHO9H
aTr414gLPyBFUQb9/l2V5k/i/hXvwM9afx3e3xNfbEeK5GzkkQLJd+H+YZ/B/9z9jtL+rtzfoo7Z
d79L1gMl343739UE33n+E/BDiNvXIEUEsbBEmu/O/Zfpgu+vUw7vJ4mlhkhh/BJZ+lnyJ3P/n/TA
j4t/p7T/FO6f0h78gnGflfyp3N/VBHzNCnH8uz+QeKhOHaDQJrbUOP7jfA/uX90T/H5hmvDuRbTa
jxQRWsj8VpI/jfv/H6VlGpYD1gbgg4RRDFKMLetUQip7CElIhRCizRKKUNljaBRqpAlJiEKhhGih
UckWsoWYhFHJ2EKIjL7Ps1yX8/P8un8c93NO3e/7JLo3+O7mP59Qeb879x84CPywO3rgnyF2f4QU
RS3o52gjzffg/sXDwc/0bwfnT4ld1yBFSntkXA/Jn8H9V48B/1+9X5XeP5P7608AXy+9u5I/i/tn
O4NvNaU3+J7EyHCkMOmDjOknzZ/N/T1mgL+weiB2J8Y3GIT/vmIwMn6M5Htyfw0v8HdHD1d6/xzu
v38x+FcHjlHy53J/6xXgfy52BL/dI+T590jxlWg7WZo/j/s/W4v7Y40znNsTLwYhheM0ZNocyffi
/sEbwR/ffobS+725v2E4+Gty5oGfQJxzFSkivOj9C6X587l/3g7wEz0Ww3kx8aYPUpj7IfXXSf4C
7u+1F/wHGiuU3u/D/bUTcH8cWKvkL+T+Scm4P0ZsBN+FmDFhI31vN9H3OFSav4j726fh/ijfAuch
xJpPSFE/Alm+V/IXc/+Ks+Bv3rBD6f2+3H/LRfDPGO1V8v24v+l18J9fiQdf+yoycXACzrMiJh+T
5vtz/9t3wdf1Tla6fwn39yvG/dEoDfxZxFX90uj3n46sOifNX8r9dctwfxw9q3T/Mu6f+gr3h8NF
8C8QI9ddpP17mfbvPWn+cu7v9AH8K2/zle5fwf0/fwW/Kvyukr+S+0dpdPvudzYvBn8isXIKUswg
+pRK81dx/wFa4I+7U6p0fwD3L2oG/hr/V+CfJK4NQwrP18jAz9L81dw/oBX4iXoflO5fw/3bdQT/
QdpX8DXSkcaXkKLkGzJLK+XH+b9x/ywj8OtN0UhRuX8t93czBd+8uqGSv4771+4Pvlt0M/C3E3MO
I0UW8WddaX4g948dAv4fA1vBeSYxfzRSOLRBGneV/N+5v9VI8M8Ud1B6/3ruX+oA/vPVRkp+EPcP
cgJft70p+NbE+uZIYUl07C3ND+b+Bq7gD8vpB+dziDlN++O/v0RsMULyN3D/y7PB9/EYovT+jdx/
7gLwd2mMBD+XGGuHFDqjkLZ20vxN3L/hEvDz9jvA+Ttin0ykKBiHTHOV/BDufyQA/CprJ6X3h3L/
Metxf5S7KPl/cP/Xobg/NswGP5C4+G+keMycJ83fzP3DtoK/2mgB/t6Ix8wW0Ofeh74HKyQ/jPv3
3AX+kSv+Su/fwv1vxYF/3ysA/Bpi8QqksFqN7BsozQ/n/ouPgK/ZaD2c9yN6662nnzuI+m2V/D+5
v04K7o+joUrvj+D+J0/j/nDYquRv5f4Tz+H+eBsN/jniyFq7cF45sSJGmr+N+3/KA/90eBycPyXe
2IsUyQeQ0SmSv53777gFfrnZEaX3R3L//g/Ab37nhJK/g/v//QT8of6nwfcjhgYjRQTRN1OaH8X9
Vz7H/aF3Ds53El8PRgr988j6tyV/J/dv8xb3R1qe0vujuf9fVbg/Jt9S8ndxfxfR/bv/6ct98FtX
I8XwB7R/i5Dm/0rzd3N/UR/8TtFPlO7fw/33NQZ/7MDnSn4M9x+mB35AcQX4+4gHur7FeSbE+A/S
/L3cv6Qt+EdWV8H5TeLoYKTw+ox0rXvyR38f9/+9C/j39cVJlffHcv8u3cHXzKkHvjHxwxWkyKqP
zNWW5sdx/4u9wDfzaAznk4jpXkhh0QRp3E7y93N/z4Hgu2roKb3/APdvMBz80P1tlfyD3P+wLfgZ
1l3ALyH2n4oUJr8inYyk+fHc39YR/PJn3eBcrxw57VM38k2QnQZJfgL3fzUV/OYbeim9/xD3/8MD
/KFGA5X8w9y/xzzwF1yxAj+UGHMfKUqIWdbS/CPc/8Yi8KO9bOH8OnHrCqTwtUM6OEt+IvdfuBz8
y9qOSu9P4v5N14L/MWmqkn+U+6dswP3h4AH+BOJSF6Q4MxMZsVian8z9J2zB/fF2rtL9x7j/x0jc
H+GLlPzj3H97DPiHzZaDf5e4aQ9S2KxAzgiQ5p/g/n3jwS8s+A3OvxKXlCJF/UDk4y2Sn8L97x8F
v67/BqX3n+T+y1PBN9XbouSf4v6tzuL+SIsEP5A4t9YOej/RYZc0P5X7Z17A/TE5Bs5PE7XdkaLv
XtpfiZKfxv2n5+P++HJQ6f3p3L/mDvjPdh4FXycaufUQUqxMRgaelOZncP+Yh+DrDEyFcyvieOtU
+vnTkZUXJP809x9SCv6Q4r+U3n+G+//zEvz5qy8o+Zncf10l7g/9fPCvEb0HIEUVMeWmNP8v7t/p
K+6P7DtwXk4cceMOfW7v0fe4VPLPcv8LdXrA/nB/qPT+LO4/uyH4HTVKlfxs7l+/GfgO+1/i55f4
IuUlvZsY/Vqan8P9E34Bf5V1JZzHEq9NQArbj0gDjVM/+ue4/6gO4B96Vq30/lzu/8IQ/MLgOqdU
/PPcP6Qn+HWNGoLfg+ixFCmctJEWraT5F7h/t37gm15pqnT/Re5/3RJ8F69flPxL3N/HBvwQ7Q7g
nyLO9EYKX2JFF2n+Ze7fxAH89CRDOC8ins9BClcjZHBvyc/j/scngV9m31Pp/Ve4/3gX8HXe9gXf
gnirQz+cV0JcOUSaf5X7V84Cf0i4pdL917j/1vngzzezAT+WuMgaKaxG0s8/QZqfz/17+4O/s8Be
6f7r3L9wFfiX/CaB/56oGYgUIcSIqdL8G9x/2e/gf9B1gXN9PeT0jkih74r09JL8m9z/l1DwO6TN
Unr/Le5/OgL3x+T54PsQa9yQwnkBMnqxNP8293eOxv3xxQ/OY4g96/jjvzdZSj/Heskv4P7/xeL+
2LlK6f13uP/uw+Dfs/hdyb/L/QefAF+jOAR8A2LEqxDqF4psHSbNv8f9n2SA33N1BJy7Ee/8EUHf
321IhzjJL+T+a3PAn64frfT++9y/Yx7uj+xYJf8B98+9ifvD/TD4D4kxmUihlYSsOi3N/5v7z7yP
+6POCaX7i7i/5hPwm+3PUPIfcv+D5eBbWufgu4keZ5FizTl6/yVpfjH3t6kA3/vZZaX7H3H/fz+B
HxV8E/xc4vwDSBF5i95RLM1/zP031eD+MLyvdP8T7m9czwT2R95j8FtdQV5+gBRZ/yCTK6T5/3D/
a43A7+BVrnT/U+4/Xxd8e+0KJb+E+zduC/7KpE/g7yZ2yEaKsCraf9XS/FLun9wZ/AT7GjgvIC52
qaG/f7VSgZaNU3/0y7j/2G7g363QTFV5/zPu/94cfI3wRkp+OfePsAC/p5ku+C7ENt5I4Ut83Faa
/5z797ICf3pBG6X7/+X+d0eDv8mvM/jHiKXBSOHUBWnSU5r/gvsvGQ9+mm43pftfcv8WU8EvTTUH
v2kasvKiOf3cvZHxVtL8V9w/3R38ppMtlO5/zf2nzAXf8sswJf8N9/+6EHzvnaPB30esuIUURUQN
O2l+BffftQz8KIvxcH6B+NgOKZZOQDp6SP5b7j/oN/AvPpyi9P533P9RMPiVAe5K/nvuvyYM/Pb6
c8EfSrzYay5974g286X5ldy/fST4dtkL4Xw5segqUiQvov4Bkv+B++fswf3hvkzp/R+5v8dB3B91
fgO/mLiyOVKUE83XS/M/cf+6R3F/xAXDeQ1xWzZSXN1IjJT8Ku5/4BT4dazDlN7/mfuP+At8k2fb
lfwv3L/8PPjTgveAH0qcELeHPn8xyNax0vxq7r/hGvgbDQ/CeSaxdn+kMEhAtkiV/K/c3+gO7o+8
JKX3/8f9rxTh/ph3Ssn/xv29SnB/aP8Fvg0xVx8pjIleOdL8Gu7f6CX4g5POw7kr0TEHKYIvIHNv
ye/TRJgffQ++l/01pffXIt/RoRr8HRUF4F8jxmvewXlZxCMPpPm1yfd9W7vnd//CliI4f0E034cU
gcX0d+il5NchPyL8J/ArTUuU3q9BfopZU/DbF7xQ8uuSX1DQEnw7v/fgLyLqhSCFcyV1/CTN1yS/
0q89+Ct0q+F8N3GMUTXtrf/o71/DtB/9euTr6BmCH59aO03l/fW5f5oJ+HecflLyG3D/yX3Br/2l
Cfi9iW7//0sK8/SJQkea/xP3/zIYfJOdLeF8ItEyGSnSWiGjDSW/IfffOQL8aRbtld6vxf0t7MHf
+NBAydfm/g8ngp8aYAL+K+LxrUihYYZ8bCnNb8T9A6aDX9Kur9L9jbm//izwm2QPVvJ/5v7Z3uAP
ch8BvhfROwkpltogj4yW5jfh/u5+4HvVsYfzWGJGd6RwHYt0dJH8pty/zirwd8RNVHp/M+4fF4j7
Y/h0JV+H+w8PAf992UzwDZ8hNTvMwnk2xNy50vzm3L/sT/D1g73hfChxQDRSeM5Htl4u+brcP2gn
+GMM/ZTer8f9DWPBX563EvyDxLi6q+hzRyxcK81vwf3zDuH+mBcI5/nE0HikqFiPLImQ/Jbcf95x
3B9aIUrv/4X7a2Xg/kj6U8lvxf0Ts8HvYb8T9w4xdztSxBGjY6T5rbm/3WXwnSv2wfnvxC+tY+n3
RjRPlvw23P/NDfA3bDmk9P623D+sEPxTpsfBv088anec9ucJ5KUMaX477m/6GPfH7XSl+/W5/+1n
uD/8ssHvQbQLQooZOUjnfGl+e+7v+wb3h+5lpfs7cP/mn8Cfl3oD/N3ExGs36PdPvFQgze/I/U99
Az/SqRDOzxLXeBTS9/c+fQ5KJb8T95+kafrdP//5kdL7O3P/Km3w30U9A7/9TmTUfqRYU06fn1fS
/C7cf0dz8PUt3uDvneg/Gim03iLr10j+r9x/QBvwxzz8qPR+A+5f1An85QHflHxD7r/KGPyD7TTT
4f9/xKPmSKFTD2nwU/qP8424f1tz8AuytOH8G7H0BlIUNUaeaSP5Xbn/2QHg13Jvnq7yfmPu7zoM
/O512ij53bh/rdHgO8d1An8jcdhJpMgixnSR5nfn/vvGgb9huDGcZxALHZHCpjvSxELye3B/qyng
nyozU3q/CfcvdQP/adAAJb8n918/B/yfDYeB35e4qi9SBA9H+oyX5pty/18Xgj8wb5TS/Wbc/9JS
8OfOG6fkm3P/OWvAj9SaAn4+8WsrpCgkmkyX5vfi/j8F4/5IdIPzamLnM0hR5YEsWCj5vbn/4c24
P+zmKL2/D/cfsx38dhU+Sn5f7v96N/i2W5aC70/cFoMUR4iRy6X5/bj/5gPgLzNdA+dHiJqWSOG5
FmkZJvn9ub9JEvgHbgcpvX8A9795EveH72Yl34L7L8rE/aG7HfzeRL9OSGFMjN8jzR/I/Zudx/2R
ulvp/kHcP+Uq+FOdDuD+IN6chRQOB5FWx6X5g7n/xALwgz8nKt1vyf0//Q3+yaiT4JcQlyQgRVoq
Mvq8NH8I9498Cv4/AzKV7h/K/fu9wP3xMFfJH8b9H7zD/RFwFXxP4pMQpIgjluRL8624/4ovuD/a
FcB5GNG0WwH93bqLbFEi+cO5f+vaZt/97Vl/K73fmvtnNgA/1+2pkj+C+7s0Af9t7RfgN6+DTGuC
FK2J+m+k+TbcX7QEv23cOzifQDQ89o5+f++RX2skfyT336sPvu3wL0rvH8X9hxqAv6ysVsZ3P5rY
9g1SRNZGtqiX8eP80dz/aQ/wDwQ1gPN84pLNSJHSEBnTUvJtuX9gH/BvGzTJUHn/GO7feTD4Iq+F
km/H/S9Yg99tnj74Y4m9liGFVntkdEdpvj3397QDf4qWAZyHEyt/QQobI6RxX8l34P4NJoIfnNhD
6f1juf+haeCftOuj5I/j/qNngv/Pm0Hga1Ug93xDivqDkebDpPnjuf9LL/Abb7GGcxNiu1ikcB5B
n6Pxku/I/UN9wbcwtVN6/wTu330l+HNuTwB/L/H5E6Q4MhHpME2aP5H7X18H/jbfaUr3T+L+Czfh
/mg+E/z3xKTuSPGS2HqRNN+J+zf9E/fHKS+l+ydz/xNRuD+cfMGfRBwyEyl8iLb+0vwp3N9xH/ij
P6+Acy+iT/2V+O8rVyELNkn+VO7/IQH8pVHrlN7vzP23HQN//4BNSv407t8nHfxbReHgVxNjXoTT
53Yr7a9Yaf507l+YhfsjIErpfhfuv/wS7o92+5R8V+7f6gbuj6wE8JcTZ+YjRdwhZGGiNN+N+5+5
B36Q2zE4zyRWz0eK+BPIiGzJd+f+0x6Bn1I7Xen9Htz/Wxn4T2KzlPwZ3H/Pa/AbDb8EvhnxzLhL
tD+ItnnS/Jnc3/Ij7o+y63A+m5jwHil0btHn+JHkz+L+T/7D/RF0T+n9s7n/urrmsD8MHin5nty/
kzb45y6Xgf+J6HIfKUqINm+k+XO4/3kd8Cvmvla6fy73n9Ua/DZaH8G3Jta0RIozxKpap3+cP4/7
1+sE/qjE/5Tu9+L+8V3BX2pXF+bvJ6Y5I4VnPaRNc+l+b+4/0gz8/W+0TqvcP5/7/9sf/FthOkr+
Au4fMhT8mp6twe9siiwbjBSuxMi20nwf7t9tFPjGtzvC+QzinCdIUdgZmWUm+Qu5f/5Y8Cf7dlV6
/yLuv2Ay+Oubmyn5i7n/z27gp5zqD34RcUEuUtwglgyS5vty/2Oe4D+ZNBTOmzoh17khhckwpL69
5Ptx/3E+4Df6PFLp/f7c//0S8AdEjQXflXh731jqNw6ZNlGav4T7b10NvueAyXD+BzFkGFJYTkX2
nSP5S7l/7yDwtxa5Kr3/f5SWaViIWRuAT9ZUaJQllAxaMLKENkQxGSGkGFEZS/bKTlFUslXIKLvK
WghlTYuKbKPskhGVtewUYr7Ps1yX8/P8un8c93NO7teThdz/TgT45wJ9lPxF3H/B37g/jHzBb9EK
ebujL323RLPZ0vzF3N9gO+6PzPlwPpD4/SpSpC1E7lwh+QHc//Ru3B/eS5XeH8j9xxwEf36NFUr+
Eu5fnQJ+QnwE+PnE345G0PuJH9ZL85dy/+1p4Bc4/g3nX5jOSNFyE9I1XvKDuH+fHPC/l21Ten8w
9y++jPtjxW7w3YntNuym73cPUv+gNH8Z9w++gfvD7KDS/cu5/6/3cX9cTMH9TVxajBT7Uunff5Y0
P4T7Zz8G/9jUNKX7Q7n/hBfgF2vngN9MB5nWOIf2BrE6V5ofxv1rvwO//sHLcN6L+OYMUiRcRUbf
l/wV3H/vZ/BthtxQen8493fS6A7743Whkr+S+z/XBH9j1GPwrxFNdiCFZhnNfS/NX8X9V+mCf67L
C6X7V3P/Ds3Af339rZK/hvtfaQV+yzmfwbclvl32mfbmF2TyN2n+Wu4/wxT8gY010n6czyXmtUGK
UTWR9r+k/exHcP8GFuDPO66ZpvL+SO6f3AP8BHddJT+K+w/rDX5BVVPw3xNH122G83SJ1QbS/HXc
/11/8L/HtoLzHpuRb/YiRV5rZI6F5K/n/hsGg9/B1lTp/Ru4v+VI8EcVdVLyo7n/LQ/wQwN7gH+S
uD4KKWKI1b2l+Ru5/7wJ4B8z6q10/9/cv+l08Isz+oNfKxOpk48UVwYgk4dJ8zdx/1Ozwa/vPVjp
/hju/+di8G1qjATfn3hNFylautN3MFGaH8v9vy4Df3K8h9L9m7n/1lXgRztOUPK3cP9e68HPKpsG
/hPipfdIoTkd6TxTmr+V+/8bi/sjbDact1qBjNyIFOFzkT7LJX8b91+6C/eH2WKl92/n/sb7cX9c
XKbk7+D+55Jxf0xdBf5eou0CpAgh+kRI83dy/79Ogh+vvR7Oc4hTmyH///8O+vvbIfm7uH+tTPDz
k2KV3h/H/XdfAP/b4F3gdxuCnO+OFE5xyIA90vx47j/gGu6P1/vgfDyxfiVS6Cci35yU/ATu//Q2
7o+oZKX37+b+4f/i/uhyUsnfw/3Nn4B/9HoGfr/EB0+QwiuT5mZL8/dy/8sV4D+cfQHOteYgtZch
RdJF5NY7kr+P+0//CL5O42tK79/P/et/A9/6+G0l/wD3P1SrB+wP93/BjyHGTUQKX2LyY2l+Ivcf
qgN+dFUZ/t4l5ogn+OfzicbvJT+J+7/RAz8rtkLp/Qe5/7oW4L+y+Qi+oS2yaf+P9HuDmPJFmn+I
+3dtA36Lomo4dyJ2LKsm/zuyVOfsz/5h7n+zPfhOgbXOqrw/mfvP7Qr+XCMdJf8I929iA358hh74
hcTEq0gRpY90airNP8r9T/QFP9+rBZzX8UZmzkIKX0OkcwfJP8b9Rw0E/5tGG6X3p3D/zy7gt49v
r+Sncv/No8B3d+wKfgCx93Ck8CDaWUrzj3N/Wy/wQ8qs4TyV+OI9Uty1RWYOlPwT3P/BZPCPhPVV
ev9J7r9kFvgPTQcq+ae4f6v54OtcdAG/L3HtHaSwH4E085bmn+b+mUvAt546Sun+M9zfOwz8Sdpe
Sn4a968RAf6GpMng5xL3n0YKSx9k6TRp/lnuH78R/MzBs+D8MdFlzCz6/v2Q05dKfjr3d9wGfsWr
eUrvz+D+TxJwf0QtUfIzuf+KJNwfXcLAn0mc2ieM/t0SrcKl+Vnc3ywF98f1tXAeT7z8ECmqI5Ef
tkn+Oe5/8Qz4cbM3Kr0/m/tPzQb/mv42JT+H+2tfBr86NQF8w+PIS9lIcYVoeVCan8v9k66Db+6e
pHT/ee4/uBD3R9Ux8FcSg+um0LxU+v4ypPkXuP/rR7g/Ys8o3Z/H/aOe4/6wyQb/EbHECSlccpGO
N6T5F7l/l7fg/3v/ktL9l7j/9SrwtQOvK/mXuf9s0fOHb2VUCP4sonHHQvpuiUFF0vwr3F9fE/yJ
GY/gPIroe/UR7d0SZMxbyb/K/VMbgr/B67nS+//h/m5Nwc/UeKvkX+P+VUbgV8RVgd82HjnsCFKk
ETOrpfn53D/WBPzmjiL9x/lQYoALUnTUQEbXT//ZL+D+Np3A/72sbrrK+69z//vdwZ8T1hD8BOLw
SKQI0kWm6Evzb3D/gF7g7zJtCuf5RHsLpHA2QJqZSv5N7m/YH/xreUZK77/F/dOdwa+eYqLk3+b+
nq7gm2t3An8UcYFBJ/p7J1p2kebf4f4aHuC7JXWH86XEHqeRorQn8mZ/yb/L/eP+An/54F5K77/H
/R2mgZ/8ylHJL+T+pf7gP4h0Bl8nCumwHSn2EcNdpPn3uX/oIvC1u7jCeW9isRVSXCF6eUt+Efc3
WYb74/oYpfc/4P4XVuL+mP0X+LHEvwORwm4CfX9TpPn/cn+fdeCv158G5yeIvxlOo+4zkMaLJf8h
99eKBT8j1V/p/cXcP3En+OVui5T8R9zfeR/4BlXB4PcixtZehvNyiAGh0vzH3L/iMO6P2JVwHkgc
vxcp8lYjE2Ilv4T7R5zA/WGzTun9pdzfIgP3x/0YJb+M++efB/+fgJ3gvybuWrWT/v0S58RJ859w
f79/wP9quA/OWxshL3VACt0DyA8nJP8p99e7Db5ZxmGl9z/j/ikPwB/pdULJf879R5bh/tDIAP84
0VAXKVyzkI7XpPkvuP+nctwfceeV7n/J/Td9wP3h8I+SX879rarB1yq7Bb4Fsd5XpLh7G1l1T5pf
wf3v1bT64fcMe4D7m9gk+gF9vw+RyRWS/4r7L9IGf4JpmdL7X3P/lnrgr8srV/LfcP+zzcHPmPIB
/FJiq6APtHeJvp+k+W+5/7hfwS/XqoZzY22kQ6tq6v8d2Vkn42f/Hff/zxx8g6SaGSrvf8/9d3YB
f8BgbSX/A/fvaw3+7FeNwN9DTLbRw3n2RKvm0vyP3P+xPfg7I5sr3f+J+y93Av9q51/BryR2n4YU
ndsgdTpJ8yu5fzsX8L8WmCvdX8X9z7uDbza7C/hDiNXbkOJuN2RmX2n+Z+4/2RP8kfrWSvd/4f6a
k8Fflmqv5H/l/vtngn/YzQn8MqLXCaRIIyY4S/Oruf8f88AvqhwK5zWrkO8bueCfryJe8ZD8b9z/
ZSD49WLdld7/nfuvCcX9YeMJ/p/E8ulIYemFnDBBmv8f9++0FvfH/UlwHkYsqTEZ/7yuD/LkXPl9
dRGW16JxfwTMVHq/BvmuvlvBTzecp+TXIH/OLwngv0wPBL9xBnLzQ6R4RiwKlubXJD/6aCL4zbxC
4dyReHkGUjiFUcd1kl+L/JQRx8Dvr7FW6f21yb/54TTuj7ho8GOJg44gRc5GZFSsNL8O+R82nsP9
4bAVzjOI50cixfTtSI8kya9Lvn7PS7g/SuOV3q/J/e8WgP8lNFHJr8f9F94D39T0GPijiR3skMKF
GJ0qzdfi/s0fge+adxrOFxEti05TtzT6Di5Jvjb3P/MM/OAp55Ter8P9Pd7g/tC6pOTX5/7fKnF/
JBaAXz8JeTa7gPYGMeeWNL8B99/+H+6PwffgvD3x7likaFaIbPlE8htyf/u61j/8Hq+Kld6vy/0f
NQD/r8hn4McQLZKQIug5svi1NP8X7r+sCfhRnd8o3d+I+7cxAv9sQSX474jZFZW0t6qQIbUyf56v
x/1z2oH/0v8/pfv1uf/E38Bvpl8X5vcmRrdGio7EBG3p/sbcv0538PunNoDzRUStTKRIaoisaiH5
Tbj/Xjvw/d2aZKq8vyn3H+gI/o5KQ/Dzia1qG+G8D8S7baT5zbj/i0HgX4lpB+efiIX7kcLLFOnR
XfINuP/qEeB/tv5N6f3NuX/HMeCb3rdU8ltw/6vjwXcNsAM/kBgSaUfv74XUtZfmt+T+M6eCH2zo
COcHieYWSOE6AGnvKvmG3L+hP/iH0gcpvd+I+ycvBP++5wglvxX3Hx4MvqbGGPC7EO1txtC7icZj
pfnG3P99OPjd48bD+USi0Smk2DoBaecv+a25f3QU7g+HqUrv/5X7d4/B/VHqp+S34f63d+D+CF0I
/kvioR1I0TKA5q6S5rfl/vP3gv/CJFjp/nbcv9lh8JvmhSv5Jtz/1HHwHadEgT+PKBYTHdchr0RL
8025/5h08P20YuB8MzGjZQz9/JtpD+yVfDPuX52L+yNxh9L7zbn/tqu4P5z3KvntuX/vW7g/Kg6B
3+IV0l7jMM7TJIoj0vwO3P9hEfgmkcfhfBCx/XakCD+J9Dkv+R25f1Ap+CM6pyu9/zfu37oc/KCC
XCW/E/c/9x78g/5XwS8m+hxCihRiVIE034L7T/iK+0PvFpzr6yP92iLFM2LRI8nvzP1r17SB/ZFa
pPT+Ltx/jxb43d1KwZ9MLPUupe+vjPbwc2l+V+7/eyPwx1e+hPM1xMt1yun7f4W0qpb8btz/mQH4
kTHvld5vyf1XtgY/zfqrkt+d+7c3B/95YY0s+L17H/moAimqidNrZ/08vwf3v9wZ/KYBWnA+mJi7
BikCdJCjmkt+T+4/wwp8R8NGWSrvt+L+DezB90s3UPKtuf/h38Hf7tka/MtEJ//W9H5mO2m+Dfd3
GQr+ZWEO55+JNo2Qooro2EPybbn/Wzfwq3Z1Vnq/HfdfPw78dg5W4HsQu41ACidr5Jo+0vxe3L/b
JPBHlPZRur839785A/yg0N/B30kckoQUIU7Im67S/D7cf95c8A+aDFW63577Nw0Ev/CCG/j18pAz
SpCinHhllDS/L/c/GQJ+3Snj4NyOaB2AFD6eSP0Zkt+P+49eA76l1iSl9ztw/y8bwPdOnKHkO3L/
LVtwfzjPBT+NqD1xLn1385FtQ6X5/bm/XTzuj4oApfsHcP8HB3B/RIQo+b9z/6VHwW/SeQ343Ykm
9kihuxb5JlKa78T9jU+D71CwAc59iW6PNtCf/5u+g3jJH8j9s7LA9/XfovT+P7j/+Ivgb9OLV/IH
cf+aBbg/Ug6Ar5GKjLqIFPnE5CRpvjP3T7iL+2PkUTg3d0NWTkMK3xSk8znJH8z9+xfj/qg8pfT+
Idz/yVPwh8dkKflDuX/4a/CXWl8E/zix5mqkiCKevCnNd+H+5pXgJxXmK90/jPtf+g7+vcV38e8/
APkhCinC7yFjSqT5w7n/tDq2sD8Mi5XuH8H9dRqAb5n+FHwvYnABUmQ+p5+/Uprvyv0PNgbf2/O1
0v0juf8QQ/AjRKWS78b9X7cF/8yu7+A/IG48ihR5RCeNcz/Pd+f+6zqC/6xfHTjXckA+HoYULppI
qyaSP4r7d7UEv3Fp/XMq7x/N/W/Ygu8Q2ljJ/5P7z3EA39fEEPx1xJk2yP//x4bYWpo/hvs3HgT+
tgtt4fw8cWcBUuxsh5zTRfI9uP/x4eBf8umo9P6x3N/9T/Ar61mC30oLuVsfKYqIMbbS/HHcv8ob
/LaJtkr3e3L/zVPAH+bsAH44ce94pNB3RPq6SPO9uL+tH/hLK/5Qut+b+xctAD8pYjj4BcS8g0iR
QiwdK80fz/0Dg8C/Z/Gn0v1/cX+jcPDrFHiDb0N0KkGK5PHI6OnS/AncPyMS/G7+U5Tun8j9vTaB
76XnB/5KooEJUnjNRnoES/MncX+NHeCvTVmgdP9k7h+/B/fHyCAl34f7Ox7C/fFpBfj1KpGedcNx
ni5RrJLmT+H+Zam4P2Ii4bw/MWMPUqSto+9gh+RP5f5hZ8HvZ71J6f3TuL9pLvizCrcr+dO5f94V
8Lcu3gN+LnHo6j303RA1D0vzZ3D/KTfBv9jykNL9M7m/VhHuj7Op4BunI/NuIEXecWRSljR/FvdP
KsH94XlW6X5f7j/4Je4PkQv+EmL9Vrn0e+MC0uyWNN+P+796B/6SXVeU7vfn/pFfwE/sd1PJn839
O9ew++HfLbkPfoNSZAfnIvr9RywqlubP4f4F9cCvHVoC552J1huRIqiUfn+8kfy53N//F/C7mbxU
ev887q9nAL7XhXfgbyAa1HhP/26Ixl+l+fO5f6ox+Gt9vijdv4D7u5mBf7pejewf/jPi1uZIUU5M
a5D98/yF3L/SAvynB+plq9y/iPvH9ARf3/kX8O2IU0YjxQSis540fzH3t+4Dft+KZnA+l5j4FSmK
myO3mkl+APcvHAD+rAhjpfcHcv/FQ8DfamGm5C/h/i3dwL+YbwH+R2J2qQX9/RNHWUnzl3L/9LHg
f/LrqXR/EPf3nAh+G70+4I8mnmmNFGb2yFqDpPnB3F/MAN8lZYDS/cu4/6454AeOHAL+DmKtSUgx
3YV+/nHS/OXcv18A+ImfRirdH8L9S5bj/tg0VskP5f4hq3F/WE8EvxuxPAQp1hD3TZbmh3H/dhvA
71o4Hc49ib4vkUJ/FlIzUPJXcP8Lm8H3XDxH6f3h3N8nDvw1LQOU/JXcv94B8E+dXQ5+KfGuVQjO
SwlDRkVL81dx/wNHcH+MW610/2ruP+gU7g+xQclfw/3LM3F/7NoMvh/x61GkcNxCP8cOaf5a7r82
D/yZ/eLgfBuxv3Mc7a0EpN1RyY/g/p3ywd9Ssl/p/ZHcP/8O+HkhR5T8KO7v9xD8j+1OZeP/W5E3
rJHChXjzjDR/Hfdv9BT3x4VMOHcjdrvzP0rLM6wH9X/AD5GslnGo7KwoIXRIslVGKorKySojZGcd
JIQyW2YhVFZkdMiuZFWHUEeoyCqz7Mbv7zOuy/Pqfz2v7hdP9+d5fO9vnyBF7lX6+5Ep+Vu5f8I7
3B9T0pTev437O3/B/VEzU8kP4f6fy8GPi3sIfhaxT9JD+v3NQfq9lOaHcv+w6r1/+Q/tnyrdH8b9
e9QFv9rbF0p+OPfPqQ9+543vwHcjDnmEFBHvkZafpPkR3H+xEfh/dfoC5xuIpSO+kPcNqauZ/Lu/
nfsbGoMflFmu9P4d3D+pA/j/zK6erOLv5P4eXcF/oV8XfL16yN1+SLGUuEtPmr+L+1f0BL/eqfpw
bkEszUKKmAbIai0lfzf3j+wHvs0oI6X37+H+Nnbgz/jSCvwIYri+Mc7LI27uIM2P5P4FI8HfGd5B
6f4o7r9qDPhpll3Bf0/c64gUjSyQnjbS/L3c33g8+J9zeirdv4/7p0wBv+WSfuA7Eq0D+9G/mxhk
K83fz/29fMEfYWSndH8096/hB/7SCyPBjyXOyESKAEekq4c0/wD3j1kOfuy4MUr3H+T+tmtxf1R6
gl9GDNYej/N0JyI/+ErzD3H/oo24P/ZOUbo/hvsHheH+6Oer5Mdyf9M94I97thD8UGK9T0hRRrRc
LM2P4/7pB8DfELAczo8Rj25FiuiVyMBNkn+Y+886Cn5i67VK7z/C/XVPg1+YulHJP8r9TyTh/pgS
Br4l8VIsUpyKQB45KM0/xv0dk3F/1NyjdP9x7l96C/dH3AElP577h94Df4f9UfCTiP67kGLSMaRP
gjT/BPfv/gj868Wn4LyIaKh5mr63xMQrkn+S+z8sAL80OEnp/Qnc3+8N+C06JeP+IM6cm0z7PwWZ
dEeaf4r7N/6E+yPzltL9p7n/ue+4P2bfAz+O2MX/Hn1+WUitAmn+Ge7vVsUa9of+I6X7z3L/ci3w
HyQUKPmJ3H+PLvgao96Ab05cOBUp5hUjHX5I8//h/n0agW/+5aPS/ee4f14z8D3Cvyv557n/yrbg
b7CskvLLv0gMGYwUDkRzjZTf5ydx/5adwE/M0YLzR8Tqr5HiVS1kbiPJv8D9r3UHv3CxborK+y9y
/0nW4OsbNVLyL3F/zUHg97nQDPy5xIxbyP/7fwuytJM0/zL3PzQMfJ9xbZXuv8L9h4wCf3ulmZJ/
lfu/dgf/elR38IuIk6r1wHmXifV7S/Ovcf/1k8Av7WutdH8y9+/gA36LZwPBdyR6tBxEnxtxqaM0
P4X7354L/vCAYUr3p3L/GUvAX9J6FPgHiNM9keKICzJosjT/OvfXWQV+TKq70v1p3D9+Pfj3vScp
+Te4/8ituD9q+oDfjdiuvw91m4F0nyPNv8n9P23H/RE3V+n+W9x/217cH/ZLwN9EvDQeKYYupXcE
SvNvc3+LWPDXF/sr3X+H+9+PB/9s8HrwC4nfdiDF8yBk5g5pfjr3X5AI/nOzrUr3Z3D/RpfB18vc
ruRncv9/ruP+mL0X9wdx3vK9tDf3IW9HS/P/5f5jM3B/6MfC+V7irBZIYXUY2egfyb/L/X8+wP2R
EK/0/nvcf9cT8FOdE5X8LO7f+wX4JZ8vgd/iC/KR5mWcp0v0TJbm3+f+T96C3zz8Opw7E/0jkcIv
DWl8X/IfcP/ln3F/WGYovf8h929Rjvsj5wH4u4jaBg9xnlY27Y9caX42979arQ/sj8VP4PwOUTPx
Cf18PjLvneTncP+JdcC/b/hC6f3/cf9q9cGveuGtkv+I+x8wBL/TuM/g+xAjIpFiyhdk1E9pfi73
H9QKfPfKMqX7H3P/lybgr4+qlvrLP0nsdw4poqojnfVSf5//hPsHdgH/bN86qSr3P+X+Jj3Bf15Q
D3ztZ8i675BiQENkc2Npfh73v9UXfL0AQ6X787m/jy341q1bKfkF3L/uSPCnp5qAH0Ic8QQpgjog
O5pJ859x/2Ou4Ed4d4HzFOK4LUgRb4H06Sf5z7n/CE/wU7V6Kr2/kPt/8Aa/JLavkv+C+2+ZBX5z
e1vw7Ygek23p3UTfYdL8l9y/60LwhxU7wPkcYskXpIgZSd9DD8l/xf2z/gZ/cbCr0vtfc//5a8A/
ZOYJ/j1i7mhP+v6NR0Z7S/PfcP+GG8HPyvBWur+I+58Nxf0xexb4HYnawbPo986XPr+l0vxi7u+6
G/eH/kKl+99y/+/RuD8S/gY/mOh5BSluE4+skOa/4/47joC/znkNnCcS3SYixZBAZGmo5L/n/lan
wD/zOVjp/R+4/+Pz4D8LC1XyP3L/v6+Br2u5G3wLYrfhSOEXSR2OSvM/cf9mt3B/5EQr3V/C/S/f
xf2x+IiSX8r9x/+H+8PwFH7+RAObU/T5E9udkeZ/5v5VC8BPSToP5y+JJulIUXYB+fyW5H/h/vtf
g//J45rS+79y/4EfwW9WeVPJ/8b9X3wDf2jUXfDnERucQookos0jaf537r9W2MD+6Puf0v0/uH87
LfAPFeSD/5gYWIIUuQXIrLfS/J/c/4YO+FmrXivdX8b9p/0BfpXWH8HvTDze5yPtrxKkcZXrv88v
5/61m4FvlvpN6f4K7n+kDfhu3uK6il/J/YebgR+opQX+UaJGR6SwIPrUkudrISzedwP/TKwOnD8k
/pGEFIl6yJhmkl+FfOfNvcF/ZveH0vurkj+v80DwdYubKvka5IfcHQp+7+A24HsSS6La0LuJASbS
/Grkn5rrDP40MzM430yMt0IK3U7IKb0kvzr5WfXdwQ/P6Kb0fk3yS09PBD/Ztzf4L4geq5FikjUy
qp80vwb59V2mg/9JbyCcG+kjI5oixdDByAGjJF+L+3+bA36zhKFK76/J/bcvBn+os7OSX4v79/QH
f9FnN/APEQP13XFeMtHqL2l+be7/aB34B8MmwnkmsU8sUmRPRl6eK/l1uP/SLeDf6zFd6f11uX+T
7eCLnDlKvjb3vxiF+2PxYvBHEK22IsUuYvbf0nwd7u8Zg/vD0B/OlxILWyPFN6L5JsnX5f5V4nF/
JK1Ter8e9993FvzTHlvA/4+YMxUpbLYi64dL8/W5f/9L4BdURMB5rUqkp+52/HmjnUitWMmvx/2f
p4KvExWl9P763H91OvhWfWOU/Abcv80D3B8Fx8HfRayoOE7f33jaHwnS/Ibc//pj3B+rzsJ5MnFI
OFIE/oP0uy75f3D/qYW4P4wvKb2/Efev9Rb8jympSn5j7n+4FPym3ungOxEHLUmnvUuclCnNN+D+
Q8vAt9d6AOcLiS8NkMI1m/6OvZB8Q+7/VqPvL98v9rHS+424/8ba4B+0K1Tym3D/TvXAv1dUDP53
Yl5lMX3/39P+KpfmN+X+mQbgi+BSpfubcf85LcE3NStT8ptz/3om4I/N0Ej75a8lTtSplob/byW+
qpH2+/wW3P9UZ/DX+taG8xPEdpuQIrEuMspQ8lty/1F/gn9Kr16ayvtbcf8vNuAXnDRQ8o25f/gQ
8HWcW4Lfg5jgjxRBxBBjaX5r7m/pAL7V5/Zw7k0cV8cEf76sAzLvT8lvw/1zXMCfGtZZ6f1tuf+S
v8AP6/Gnkt+O+xt5g38t2wb8N8SNP5GiWl/kCltpfnvuf2Em+B8WDVG634T7j1sAflNDB/CdiDr9
kcJmJLKRuzS/A/evXAa+fZKL0v0duX/UatwfHn+BH0Xsvwwpkscjl86S5pty/77B4B+o8FK634z7
F4SAfzdyppLfifsH7AK/0mYB+J37IhsEIUUE0WKRNN+c+7eOBr9jwTI4H0H0/bqM+q9A5gZLfmfu
n3oY98eq1Urv78L9vRNwfxgHK/ldub/WedwfKSHgPyW63g+h3zvihwhpvgX3j70Kfr7XLjiv7Y28
OR8pHHYjY2Ilvxv3t7sJvrZWtNL7u3P/on/B7xV7GPzZxNIkpAg8gsyKl+b34P7BOeBPsUuA883E
LY5I4XkaOfSa5Ftyf7N83B9F55Te/yf3z3iF+yPoqpLfk/v7fsD9YXoTfEMzZKkVUsQTh9yR5vfi
/nrfwG+S8S+c2xL9cpGi9B59fvmSb8X9T1aCb+ebo/T+3tzfqUa/X/5CvXwl35r7l2qDH33yFfh3
iQ4pSJFJzCuW5vfh/mENwb/r9AHOfxBvuCOF8UfyyiXfhvv3aAp+ZelXpff35f7ZrcHvGFYJ/lji
xsNIES1u4B6pceP3+f24/yJT8Mf0kM//v/v7c3+DbuCvydYG/xzxVRFSJOogdY2k+QO4/3kr8BMW
NVS6fyD3dx8Afp5BU/C1DJElbZHCnKjbXJo/iPuX24OvndQazi2J128iRVlbZG43yR/M/SOdwO/l
Yar0/iHc38YN/CkVFkq+LffPnwB+aKQV+DeI/Y8hRZ41dRgqzbfj/v7TwL9qM0Dpfnvu32oO+O/z
7ZX8odw/eRH4RqucwHcmhmxBCgdnZKCLNH8Y95+8Enw7Yzc4n0906uJGvgfScrrkD+f+mutwf6RM
UHr/CO4fsxn3h9c0Jd+B+9tGgP9vjTnglxPXN0YKY6KYJ80fyf3fRIJfEbMIzk1jkavPIEXyEmTS
Osl35P4bDoHfwW6l0vuduH/H4+C7FgUq+c7c/84Z3B9Bm8E/TjTciRTRRNed0vxR3H/mRdwfphFK
94/m/jqpuD/SI8GvkoHMe4gUmVHIkMPSfBfuf+IO+HV9Dynd78r9He+D31PvOPizifbNkMLiBLLj
JWn+GO5fkgu+98kzSveP5f4hz8EPcbqo5Ltx/27FuD9KU8D/Qsysmorz6hM906T57tz/QQnuj9A7
cN4wDBmz/w7trwxk2mPJ9+D+C3/i/uhxX+n947h/I43+v3zb7Fwl/y/uf64W+AsWPQd/B1FnLVJs
Jq54Jc335P5u+uDvNyiG82xiJ2OkeEXM+yb547l/WWPwM8+XKL1/Avff3QL8Cvef4LfzQKZNQYrm
ZUgfcfP3+RO5v3V78DtUVIXzMcTmmhr486+qIdP0JX8S939qDr5rZK2bKu+fzP1XWIK/2kZfyffi
/i1swD+Z3xj8V8So90hhYYDMNJLme3P/a4PBf+rfAs61VyEtNyNFdCtkRGfJn8L9J40Av45xe6X3
T+X+1V3A75liruRP4/4Hx4Hv7WUJfiCxxTykWEpMtpLmT+f+g73AD6lhA+fnic90kOI2UXeY5Ptw
/1czwL8SM1jp/TO4/7r54L+zHQG+nh2yymikqO+ALHWW5s/k/ibLwDcsGg3n1sSZX5HCYQzS3Fvy
Z3H/2wHgDwkap/R+X+4/Iwj3h6mXkj+b+2uH4P5InwH+I+Lq3Bn0vZuJtJotzZ/D/Y/vxP0xaz6c
1/BFFi1DikkL6XNYLflzub/DfvDLdZcpvX8e9/8YB77JyQAlfz7333oSfBenIPDXEduNRwof4tCN
0vwF3L/rOfADSrfB+VmihkYI/nxZKLJ4v+Qv5P73r+D+CN2p9H4/7r/gBu6P7vuV/EXc/49/cX9k
x4FvQfxcGEff/6P0/nPS/MXcPzEb/D8XnVS6fwn3H5MHvpfBOSV/Kff/8RL8beev4P4gWqdfoe/v
VWRiijR/Gfff+R78y+434Pw5ccJ0pAi4hfTMkfy/ub/VV9wf5ZlK71/O/Z9U4P6IzFbyV3D/5ZoD
YH/Y5IE/g5g8HClciVYF0vyV3L+5Nvjz81/C+R6ixvuXtPde09+vr5Lvz/2vNAB/n/97pfev4v4T
moCf0eqrkh/A/TVag1+WXIH/b0hBfr6LFLlE9xq3fp+/mvtHdwTfxEvzlsr9a7j/QAvwXWpog7+c
qN0QKerrIEsbS/PXcv+XvcAPiGmgdH8g9w/sD/4J2ybgZxKPuiDFkGbI5qbS/HXcv709+E/eGCvd
v57733QEv3ZQRyV/A/efPhZ8S1ML8F2Ia/tY0PuJ87pL84O4f50J4Hul94LzCGLjx73o87dGfrCX
/GDuf3Qq+Ntm9Vd6/0buP3w2+Jd17ZX8Tdz/gx/4b084gt/oJNLrMlKkERNHS/M3c/8tK8A3cBoL
58OJfdyRwtgN2chb8rdw/y6B4A8uHa/0/q3c/94m8OeFTgU/nLkXKVynIaNnSvO3cf954bg/us+G
82ziImukMJpL3krJD+H+DSJxfzz0U3p/KPc/cxD3h98KJT+M+7scA7+9QSD4TsTCtkgRQayzQZof
zv2/nwZ/9PlNcL6GWJ6GFLlbkJmRkh/B/XdcAH+Ve7jS+7dz/14p4MeX71Hyd3D/3Nu4P/YcBF8z
Enn06EH63hKj46T5O7n/sizcHzbH4Lwr8d3gY7S3jtP36Lzk7+L+TXNxf+SfVnr/bu5/6Rn4k/0v
gL+emL7xAvW7SL8/KdL8Pdzfswj8ra1SlO6P5P5VS8C/lHwb/KfETg+R4sgdZHKOND+K++//AX7x
5Cyl+/dy/wFVB8L+qJEL/jDidt1c+v0jlj2W5u/j/oU1wR8c8wzO5xP/O4MUeYXIpBLJ38/91+iB
P8+2SOn90dy/bWPw9775pOQf4P5pzcFP3/AD/Eri0+1I8byM9nCt27/PP8j9p7YD/2fHqrdV7j/E
/Wubg98uvaaSH8P9j/QAf/QsPfDXEdssQwoHfeTmBtL8WO4/rA/4q3Qbw/lBYpOmSGFhiGzXXvLj
uP+7QeDHn2iu9P7D3H/TcPAfO7ZT8o9wf/PR4Ncq7QR+d2JWFXOc9z9Wyzwq5OxvwNeoZCtDQ8hI
yi5FZVeIYrKUvZKoxtZChRAqWSoaQ0Yo21iyx1jaZKkhKgot9l1FBiEhvOOznOO+5z3v79xzfv55
zpzr+dzL8/Vp6hFLzaX5B7l//kTwu6/vDufOxFs7kCKrJ/KMneQf4v7+XuB7Wlkrvf8w99fzAX9t
0WAlP5H7Hw8E/3TQcPDLiRuWD6fuRA1naf4R7j82GPzypmOV7j/K/d8vBb9p6kTwBxLvXUCKYDfk
tOnS/L+4f2wU+INdvZTuP8b9e64DP+CzN/gxxKZ1fXBelS/ycbA0/zj3v7kJ/G1bApXuP8H9F+7A
/WEdrOSf5P4t9uH+uL8U/90+QJ74Zym9n2i8XJqfxP3Tj+D+CIuCcxfi0DVR9P2uRqZtlvxk7j8p
GfwxrdcpvT+F+4uz4IdlblLyU7n/9izwD3vtAL+E+DVgB30/xKDd0vw07j8gD/zbWvvgXKMWskej
ffTnJhafkPxT3P9REe6PhCNK70/n/uH3cH8MSQbfi9jSKZn2ZwrSO12af5r7tynB/fHsDO5vonYF
Urw6Rx3zJP8M97/wD/i/R2Upvf8s959WCX56pzwl/xz3r/0F/Oe5Rfhz4zLS8DZS2BTT3/9NaX4G
99+nOfibr+93D86HE+cvQopVD6j/S8nP5P6/1Ad/cIMSpff/zf3L9cAPOPKPkn+e+682AH+bUyX4
F5nulbT3iCs/SvMvcP8uxuDnvvkM55XEi5+QovwLUrtu7vd+FvfP6wj+xxjNXJX3X+T+s7uB39aq
PvguxCRrpLDXQSboSfMvcf+GvcEfXaSndH829/9rAPhhQQbg7yW+iUQKhxbI8PbS/BzuP3oo+Ieb
Givdn8v93zmCfzulI/i1UokXkCKPmNhZmn+Z+/8xAfzart3g3JS4cQZSxFgiVw2U/Cvcv8dk8K0+
91J6fx73vzENfI8tA5T8fO6/YBb4a6yHgp9GXDkMKQIdkNOcpflXuX/zIPDT7zsq3X+N+6ctAf95
6AQl/zr3n7gC90fryeD3IWaZIcVboqGXNL+A+3+JBn9Q5jQ49yQ+zEcK7ZnI8iDJL+T+W/8A399r
ltL7i7h//y3gb9UKUvKLuf/DXeDn7FkC/g8JyMzjSHGGeCBUmn+D+y89iPvDfgV+v0OQZWORIiiC
voMNkn+T+xsfx/3xLFrp/be4/99puD+i/lDyb3P/XzPBD+20BfyDxIH9t9D+Imbtlubf4f61csA/
lLtL6f673D/hGvi3fA+C38APWWPxQfp7O4R0TZbm3+P+Q2+Br93guNL997n/84e4P46kgT+RGH06
jfZ2OjI2R5r/gPuveob7wylT6f6H3L9zBe6PN9lK/iPuf/kD+KdiroH/ipi14xp9t8TiAmn+Y+7v
V8Pum//M8hac61oh99neou/3DnL8c8l/wv0b1Aa/SdFDpfc/5f5HGoBvG/RMyS/h/qP0wfdvWgH+
dmJFW6QwI+pXSvNLuf/bluBvTfkA58VEg0ykiPtIfw9al7/3y7j/+rbg57jUuKzy/mfc36oL+B+q
tcFv/xl5S7s2zssjautI859z/yIr8NtsaQDndsStu5EipCHS3VDyy7l/UD/wR1nrK73/BfdvOhj8
kPstlfx/uH/KMPAPhbYFP5/o/RtS5BCndZDmv+T+rmPAv2XUBc9bI53M6L9dzZHjrSX/Fff/7Aq+
dqaV0vtfc/8tnuBbevVT8iu4v7U3+FO0BoO/lBiqhxQGRMOh0vw33P9+APi/7RkG55lEr8NIsWo4
cqez5L/l/qELwU+zH6P0/nfc32gp7o8yV/AbPkM2qUQKDTekp6c0v5L7Z0Ti/ojyVLr/Pff3Wov7
o5M3/rmJx6296X4fpNl8aX4V99faBP7s3ACl+z9w/z3bwd/iuxD8XOKDBUgRTvRcJM3/yP3t94Kf
rbsUzj8SfX9GCttlyE7rJP8T9y9LBL8qMVLp/dXcPzIJ94fTWiX/M/fveAb3x5uN4AcT/Wpswnnt
4mh/7ZPmf+H+ORdwf8RsV7r/K/f3vQL+Qcu9Sr6ojbDQLQL/ZmEi+DWLkIFlSJF1hPbQMWl+DfJH
J94Fv1ZQEpybETWWI0VsCnJWluT/QH6g41PwLZqeUXp/TfJjKl7g/ki5oORrkH9s3TvcHy5XwDed
gdRYcIW+X6JnvjRfk/zrFp9xf1QXwvkLYoZuEf5+/RvklUi+FvlvCzTsv/ll8XeV3l+LfL159cBv
bP1Uydfm/vp64A+8/wJ8H+bLF7Q3XiGNv0jza3P/5Obgzwp9p3R/He7v3Br8LUaflfy63P9TB/Cz
MzSufPNrZCKHXkWKYE2kgfaV7+fX4/5xXcGv8qwH5028kD0CkCJOh+YYSH597t+3F/gmWnpXVN6v
w/3v9gffaU9zJV+X+4cMAX+JfWvwtxObj0UKd6KNiTS/Afdv5Qj+gbIOcJ5LnP2+A/3+zsjiXpL/
I/c/Nx78m5Fdld7fkPt7uINfq1MvJb8R99eYBr5Fbn/wXYgmt5DCwRZp6CTN1+P+u/zAn+w7ROn+
n7j/4HngR+s6KvmNuX/JYvBTE8eD/4Lolo4UayYg37pK85tw/4jluD8c3eG8jhOy2s2d+k9B2s6S
fH3u3yEa98ebqUrvb8r9s9fj/ojxU/KbcX/veNwflvPA/5NYOHAe9SPazpfmN+f+9XeBH1+4GM4v
E+8+WkzfbQjyWLTkG3D/QwfAvzRvudL7W3D/EcfAf68freT/zP1fpeL+SFkP/iSiexZSXCf22SLN
b8n912bg/nCJV7rfkPt3y8b9Ub0T/B3ElnV24Tzt3cjyRGl+K+5//Sruj/gDSvcbcf85N8G/0e8Y
+LWskQkOSOF5gv78mdL81ty/8UPwte6nKt1vzP1PloHfLTRDyTfh/uNf4/4wygZ/BbGkSzZ9t8SY
XGl+G+7/oQr3R8ZVOE8h2uYjRc51ZMJDyW/L/TeLIbA/PG8qvb8d9++jDX6p5kMlvz33v6ML/k97
ysDvTqx/vIy+m+f0HX+Q5nfg/oubgD/A/rXS/R25f8uW4PuVVSn5nbj/mTbgx0eKvG9+NtE7Fika
1EBer5n3/fzO3H+yKfiXOmrDeRXxcw+ksKmD1NeXfFPu/4MV+O9zdPNU3t+F++/sC76xbxMl34z7
DxoEvqNuS/DDiFUGSNGOaNNamm/O/Z86gL84sQ2cbyeuSkKKlW2RFt0kvyv3XzEa/P2Opkrv78b9
27mCf6PCEvyvxPgvljSvOzK8tzTfgvtf9ABfK6YvnJsSy7YiRZU18vEwybfk/jNmgt/NcpDS+624
f90A8N0LHZT87tz/4ALwV88bDf4xotYypLAdg7w/Tprfg/sPDwM/Rd8Vzh8Tbdsghacb9feW/J7c
/2UE+CXJHkrv78X91/yO+8NlppLfm/ubb8T9Ue0PfgDxUu0AnKdHfBUoze/D/a9uw/0RvwDOdxAH
7UeKtGDkzkjJ78v9AxLAj+sXpvT+ftxfLxH8i/cilHxr7n/iJPiVIb+DrxeKNPoNKeLW0b/D7dJ8
G+4/7jT4rY02Kt3fn/tXncf9kbFNyR/A/Tdexv3hmQD+NqKuP1IkEo33S/MHcv9ehbg/NBPh/BEx
p2Ei/fs9Qvv7tOTbcv9bd8Av3n1S6f2DuH/wE/A17U8r+YO5f4sX4HctOw/+GGJ+5XmadwFZL1ua
b8f9T78Ff1LkZTiPIi5cixSBV5Crbkm+Pfd3r8b90bFQ6f1DuH8NjaGwP3LugP+MGFWAFOV36efI
I2n+UO6/oy74JT5P4LyuLzJ3PlJklSCT3kn+L9x/YCPw9XRfKL3fgfs/bgZ+/8S3Sv4w7r/MCHxf
x2rwVxONJlXT/z98pu/4qzR/OPdv0wH8zRU187+dZxH9hUY+7i8t5NtG+d/7I7h/ljn4F9fVzVd5
/0juP70n+JUWjZR8R+5fpz/4rQubgT+SePURUpQTcwyk+U7cf789+CPnGcH5QmLAMqRYY4wM7Cr5
o7i/w0jwF+l3UHr/aO7/Yhz4+5LNlfwx3D96EvhFzj3Rd0GmT6P/TutN7x8izR/L/btMBV+z2kbp
/nHcP98X/K7x9kr+eO7vPxf8Sf1Ggr+caOmAFIaOSM/R0vwJ3L/RYvBX3RsH56eI98qRwtgZ2WCa
5Dtz/2PLwE8OmaT0fhfuP2Y1+E9bTVXyXbl/ZQz4jTJ88c9NLMpDimJi1ixp/kTuvyEO94fnXDif
S1wyGylcg5AOyyXfjfv32In7Q3Ox0vsncf+b+3F/7F6m5Ltz/4V/gZ9ltxr8auK4MUjhTixdL82f
zP0NUsF/VxqjdP8U7n/qHPhGkXHgOxEHx8bR/fFI+wRpvgf3d7sE/oiOO5Xu9+T+X/Nxf+TsBz+R
OOEmUmQepP6p0nwv7r/tBu4Pn7+U7v+V+/d/gPtDJ1XJn8r9H5WCr5F4Dnwz4qFTSJFH1P9bmj+N
+4e/At/c8RKcjyV2mXSJ/v5zkONvSv507m9SBb5bRb7S+2dw//NfwY9ad0PJn8n9p9b6BfaHxQPw
bxN/H/CA/t0Rxz+R5ntzf21d8J8WlMK5YSGy3UOkiCmjPfBO8n24/97G4Dea90rp/b7cf+jP4Nvo
V+HPfWJ5a6Qw+ED797M034/7l5uA75P8Fc5XELULvlL/Glfx/bpXv/dncf/VncHf5Fzrqsr7Z3N/
U0vwL3zSUfL9uf+VPuC/i2sM/o/xyMJDSDGtCbK0qTQ/gPvPsgXfqN/PcO5IDHBAimBDpKup5Ady
/x8dwB9xz0Tp/XO4/9FR4AeHdFby53L/US7g721lCf5tYokZUvQgjuwpzZ/H/d9NAb/wXB8418hA
pmYjRUhf+nsYIvlB3P+PGeDX9LRVev987t/dH3xzTQfwxxJ36SDFK2KMozR/Afcvng++2+5RcB5G
nHoUKTTG0vfrIfkLuf/8UPCj7FyU3h/M/ZtFgJ9UOkXJX8T9U9eA/yRiBvj1I5F2G5Bi9Ez6jn2l
+Yu5v2ss+A07+sN5L+KAnv703QbSnDDJX8L9v2wF3zpnvtL7Q7j/1j24P3xClfxQ7m9zGPeHTgT4
F4kzDJDCmFgvSpofxv0fnMD9cXgNnFcS3U4hRfVa4jbJX8r9w9LBfzsyVun94dy/9XnwW1VsVfKX
cf/MXPCHr9sDvh/RdAfy3x8QyJyT0vzl3N+rAPyFFoeV7l/B/Wvdwf1RcELJX8n9Ex7j/pibjvtj
HjIlPJ2+29PIA+ek+RHcf0g57g/983DeiRhgghSeWchZhZIfyf2fvQHfLDlX6f1R3D/qE/gTnQuU
/FXcv1NNh29+5KfbuLeIdrXv4Dw95j1p/mrun1sH/JNxj+H8OdFwH1Jse4qMfSv50dzftyH4T/qW
K73/N+7foBn4De+9UfLXcP8jrcC3DvkE/mRi/+hP9G6itsa17+f/zv2d2oPv3armNZX713L/N2bg
bzxXB/wzxL55SHGgLjK4sTR/HfeP6QH+eY+GSvfHcH9LG/DfaDQD30QTmdUQKaqaI0vbS/PXc/9C
O/Bb7W6ldP8f3H/eCPCH27VX8jdw/6bjwF9Yagb+NqJ5pRnNM0fGdpPmx3L/FDfwEyJ6wPl14pMN
SJHYC7nTXvI3cn+XX8Ev6GCj9P5N3L/aB/wfcuyU/M3cP34O+F18RoDvRixegBThxKBR0vw47t9v
EfgTdcbBeTTxRHOkKCe+8pD8eO5/Lxz3x2E3pfdv4f4hq3B/jPwV302844oU46ci42ZK87dyf6MY
8B+/9oHz2hXItA8+9N360Xe8SPK3cf+MzeD/uG6O0vu3c3/PP8HvZ7FIyd/B/TX3gz+zIBz8WOIP
j5BizTKau1Ka/yf3330U98fcVXCeQty4FCm8o4lxkr+T+9ul4P5oEqP0/l3cv/Qs7o+kzUr+bu4f
cRF8Q+c/wR9EPOj9J323xDV7pPl7uH/HfPCHfdoH57OJA2vux99/hphzUvITuH9OMfgL4o4qvX8v
9/e5D/6evingXyGGD0aKdqnIrNPS/H3cX6cU98fds3D+nvjmGVL0yER2uir5+7n/4Ze4P0IuKr3/
APcf+R73R6t8Jf8g93/9BXzXc8XghxFP5CHFqhvIkbel+Ye4/1qtYd/8CI/7+POPGDEbKVY+pP39
SvIPc38LHfBPaJQqvT+R+xf8BP6jXS+V/CPcf24L8H+0ew/+AOKm0UjhTrT5IM0/yv2bmIDfr/QL
nHsR379DCosa19HXvf69/xf3T+oE/swIresq7z/G/SdYgB/bQUfJP879P/YG/+/sn8D/Qsy6gRT1
9JEGbaT5J7j/5oHgV3i3ULr/JPfv+wv4LXVMlPwk7n/XCfxhhzuBH0A0PYUUMZ2Rj82k+cncf4kz
+AtGWsB5PDF5IlLEWiGDbCU/hfsbTgF/z+veSu9P5f5np4N/fe1AJT+N+0+ZDX4Ni1/ANyOe6Y8U
DsSdw6T5p7h/zfngmxY4wbkn8e1DJ+o/hugh+encf2cI+C5znZXef5r7D16J+6PJFCX/DPcv+Q33
R9J08K8SY88jRR5xvL80/yz3X7kB98eE2Ur3n+P+7beC3+BTEPi2xLq15+O8HGJSuDQ/g/tf2g1+
37gQpfv95gR28Zg1Z9J031n+fh6mMwL8fP+TqvzL7N9fVhYWwH9//W9a/ftLmFt2teze3crCyqq7
MDPv9i+Fodl//SX/x685AYGT/Q0Nhb+fX+D/9/v+hz1zj26iWvswN6GKQFFEwHoMoSpiiJPLJJNy
K4LcFYSqINU0TdI20CYxSaGFogWrIlQFBUG5VUFbFRQQ5FYQoXpQgVM9PVAVFRQFAQ8ooKig3553
v2+bDcVv7bVcZ61vfSf/PJnZ87x7z/7tuaT939r/j34mG0PjjSmxSL7fZPRHIqGIMcVoNBnzQj4/
+8ZWBtvIDXl8bCMai/g9efq2J9Ofy1tx3bCd2ezQFOMddw/uP7ivYaB/QCji9RtGpo022BSHwtqj
ecYUq2Yy+iKBCX7Wi8WmWBWTMZIfjAXyWF8WKzuOlckNZXpy9V0RdyzgHe8ORlmbYrWzCrmhGNuw
siVjMk70RPLyw8YUVd8I+yOBkM+dH8Vtn9/jyw0E/fV7ouFAELassAVn4g4zKxKIFRpTuqsmYyDI
VgIbjCeme353kE1B3CF8irIjnnAONLFarvhtd6wwrO+cbBzvjwT1+XFN4WN2T/BEAqwym55gyO3N
z8z1RNmEhHMK9aOzsliDXXE52MGFeZmhXP182dkywR8MsiNT7PqMF/oj/Gs0P9PriUQCsO2wWE3G
Bzz61KqsQK4v7HV7M9mWFTcCMTjOhpuR0ES2peHWJNag2XEjM5v1y8oHsvM8VmOKYlYUF/842fFR
v9/H28cHwm44A5iRKfq86SvA7Q3lhXP9Mb/P7cuPBILZbpasMcVpV+uOwOXF5t9f4Pfmx9g6cIdD
oVx3NDDJD/u9oYgfetHTql+XWYGsEBu1wr9BQ5YnN8pa8nJDbInE7whH3eFA2O/2ByfgSmZ7vKFg
LMI6Ckf8Ub8eBB7NhujWL/+YOz/mZYdbFauju0XprljTLE62WtlqMTs05V4jP9Qf9F30QKtZsdUd
ONGTm4uFYfk6XSxfq4Xd6jRFVZ0OhyXuOL2qcJSVVbI7NKfCUov42Zz4YO4VBac/rG+yXPRlkR/0
5vCJjcIM6hcOu6XjRijmYeOIv2zyAtGovkotqh68vuWOsAWv5+10WZX4j77W4BSgPFw8k41BGkhe
gH21mzXF7or7OFl0qsLWpdXssKhxxdh6DLsUfWU7zS6nfpjLxbYcqlmxxFeABrfe5LKbLZqK2/E7
8jwFdVtT6uaAResNRAOh4EUG6lRt8SdnqR+oqlrPO4O6gVpsosHHbDe7VKs4UIvrvIHqO+oHatFv
BWwus/0xfaC+P5lSdt3Fz5v+seFYWZNDcYkfHC1rcp5n0RzrTRZRUusGrzdaG268aCucVkNNU8QF
ebHTs6oXngOent0mtjjrT0+1XWjhGNXzTr0+G5vZabdeaMHJNdQGp3ZhQ/2JefULtqHzspi1usVv
MztcQk4arSl2N7FrDZyE1WF2CKuw/jqw2cx2wdHiTqGBNn4KFzTUn0IsRLe8hq8T6wUTRteJcEFb
4q4TTYu/Niw2Ua+/TBSnemHTRdrqLh6xYQp/eDScgZWloJ7XhT54p5PdnfUHLIyYDdBsV7Tz14ve
4DSrir2hheRipR0NrbGLtMHoL2yAFNhj3VvozoqE8tx4S2j4ZJz6hYtnoNmsZost7jJW65aU6jJb
rJpwzjCnbN7YI7w+Mkt9FOwRY7Y7bXEB1O3h046bU/QHbiQac4ey3Nn+oJ89KfQbbINPBYUd7IWn
cVYAbnL6/vpHuEe/UvXhOW1OC5t9h92qWvWnoP62FQ6zF5ju7CKwaipLR3XanRp7fLDrKRNf/1xO
s36mdo09PzVFf+9yR/xZdc9MxcWeQ1abxebU3zBjvM2mOS2qbrDZsuhL1M/eBPRymt1lVvVHazTg
c0fy+E6rUzO7NJdi1TSr06mpmouOYFMCR6hsEFa702FhHbIDHVYVonJPDPhiOXycdqe+z+9jb3tx
u63sMWdib4XhmPuCNotDTyzIH8/s+Rx068fBpjihoWjsojPqUh3sPYstf4d2/oyyW6qVTYJTs1kc
VoeLZtSm6U2KzcbuOk72KqDazp9SC3suKw6nhd3WHOKUalZ2OFuemq1+Sp1O1wUTqmnsPqhqFr1n
zaGotvMn1O60mC2qw6EHqNicil7j/AlVLQ1OqL5ULzKhqqrBhKrW+PlU9WsvNjHEJjIQjMW9W9bv
q584fSU6VPaTlc0pW6maxRL/ysrvo/BKZlXV+Ja6lzOL1S40xL2g1e/kl1ZDL8XenPzg+AsPDwai
vNspl/11v//03//Z9b//c0PZf11t+uhL+09+/7N3abX+978Tfv9bncp/f///Jz4se4NB/4Hfi/8o
NtQvBgP/1N3uDexRpO9gjzWXxcCeHfqG6mAv0PqGWd9kF6bZphnYFa63sTulWXUY8qOGIkPcazrW
0Z/WTtaiL3G+y+nQzArbo/8sMeh3xlv0u6IBLyuDy2kx6MNQ/sLl///+c971nxn46//89+fXP3tm
69/Pv/7V//797z/yOYV/CPZM3VN7nf7/31Or3aUSfz8+jV+mGr8A/+TcjdyfjyxDLkMmvy3U/wn9
F7Z/A77BuY23a8hUZAkyuVrwf0b/Hd/34N9e+77U+M/glwOXnAZ/UuFH3C9CliDPIBt9JtT/Bf3G
5WfBL+/0iVT/v+KXzoOafaL7NZv2c78SWYWsRq75t1D/N/T7ftcS/Mb3HZbq/yzlP+NK8M2/H0f/
BGcCcjQy42eh/jnK/+ZrwB+7BNvLkBXI5eQ1yYj3f6f8dxrBn576h9T4/6D887qBv/ZAc17/IPIY
clkLzsq2Qv+NmnAcaG0F/6tprTNk+m+MfuOVLvDbJLfnflekgixDpicL9Zug3/nOvuD3ePdaqf6b
ot/3x0Hg52RdL+U3Q9/zzAjw57bozv0EZCKyHXL5LUL9S9Cfah8N/rYKOx6HXIOsRubcKvjN0X/h
X27wjw/uKTX+Fui/MyEb/KSj/TB35ClkRX/OrUOF+gmU/9Uh8AeXDpXq/1LKf8ME8Cd0H4W5IzVk
T+S+DKH+ZZT/vQ+Cv3T3vVL9t6T8f3sE/OpQJvfDyAJkopfTniPUv5zyX/gE+OcSx2HeyCTkCNpf
IPitKP9ec8HvtvoBqfG3pvy/WAj+PaMKpfw2lP9Dy8AvOVXM/TPIRlM5DcikEqF+IuVvWA7+qrnT
eft8ZBlyJ7L/s4LflvLf9ib4XzhmSY3/Csrfuwn8lrXzcJ0gDyKHzedMKxPqX0n5N9sOvla4RKr/
dpT/Sx+A7+tUjvOETEbakWfWCPWvovwHfAz+7E2vS/XfnvI/9An4W9Lf4n4GMge5A7m+Uqh/NeU/
/QD4R89txvYteB9DTkcqOwW/A+V/03fgd1jyrtT4O1L+H54A/7bUXVJ+J8o/9wz4kQM1mDvyGPIE
sqJWqH8N5d+q0ae6v2TaPt5egixFJn6Oz8Ejgp9E+b/eAvydXQ5Kjf9ayn94G/B/qToq5f+N8j/R
Hvwbsk5i7sgwMoZMPy3Uv47yn/038Ee1+A1zRyYik5ErEzzxvoHyt94AfnFFE4/M+DtT/jXdwV8x
+DLuD0OmIWuQzdoK9Y2Uf74K/qdHsP0Y8hTyDLGD4Heh/Nv3Ar9FaUep8SdT/uv6g2/v3pn7ClJD
9kQWm4T611P+o4eB79ndVar/Gyj/X0aB/2RI4X4YWYDcgUzvLdS/kfJ/fiz4GxM1qf67Uv49vOAf
WtWH+2uQlUgtFccxRKh/E+X/+Tjw240aKNV/N8r/wQj4fU/dgTkjGw3nTEbuTBfq30z5XzcJ/ODc
u6X6N1H+W6eCv8BxP54vMhW5DBnLEep3p/w9j4O/Y69fqn8z5d9kNvinC/K4X4QsQWpBzoQiof4t
lP/S+eAbO+VL9a9Q/v3LwB++qUjKt1D+35aDX5Rewv0MZA7yDHL+00J9K+X/2Bvgv3JuplT/Nsq/
6zrw9yx+Rsq3U/7vbwG/aeoC7vdHDkOOQCYtEeqrlP+498BXDrzI2w8ijyFjS/G6XiX4Dsq/5W7w
75v2qtT4nZT/8n+BP6PLailfo/xv/xz8dVUb8DpHViNrkJWbhPouyv/4QfAP+t/B3JFhZAnyzG7B
T6H8Zx0DP7HF+1Lj70H5W06B36uimvvLkWuQ2kecXfcK9XtS/h//Bv64wbWYOzINWYuc863g96L8
o00/0/15R76UGn9vyr9dS/CrZh6S8vtQ/muvAP8H03F8fiE1ZE9k5Umhfirlf3cn8P+2+yfMHVmL
TPgZ74PNMuP9vpT/mc7gDw39LjX+Wyn/524CvyCxOa+/tQXnGeSsBM6zbYDN0O9H+adYwH9pVatM
mf77U/6faeB/PPIq7qch05EFyNFdhPq3Uf5FqeD/cTJJqv8BlP+1g8A3zU3m/nxkGXLE9ZyDTEL9
gZT/luHgj3GYpPofRPm77wH/0b027tci9yNPICv6CvUHU/6N3eC/WdBDqv8hlP+LWeDv79iP+0nI
ZGQVct9Aof5Qyr9fEPxWm4bw9kpkFdI0lHPZaMEfRvkfzAc/JX2k1Phvp/wfmQJ+1rkxUv4dlP8N
j4D/zGIP5o6sQC5H9vQJ9YdT/n8vBX9rnwBvT0UOQuYiEycK/gjKP2cO+N/vD0uN/07K/7KF4Hea
VsD9EmQpch+yoFioP5Lyf20p+AO7FEv1P4ryH/Ya+LGqx7i/A1mNrEFmzBXqp1H+368G/wX/U1L9
30X5P7kR/N3N53E/AZmILEBmLBLq303537IN/N/KF0v1fw/lX/0++F0Hv8z9Ycg05Ghk9ZtC/dGU
/wMfgX/XkRVS/Y+h/K/8BPxpM9di7sg5yIXINeuF+vdS/mv2g/+GaTNvV5AaMgd5+YeCP5byv+sw
+Pt2VUmNP53y/+k4+JeGdnI/jCxA7kMerhHq30f5z/sZfEdijVT/91P+2h/ge1d9hvOErETuRJ46
LNR3U/6fNN+n+0+N/Fqq/wzKf1Jr8CtPHsF+kGeRGUcxjx+E+h7KP6k9+N/N+RGfX8gypHISn+eN
vPF+JuW/+Vrw2zt+lRq/l/K//3rw++1t7JXxfZT/HybwwwWXcr8IWYKcjkxsLdT3U/5ldvAXdWzL
25OQychhyGbXCX4W5d+3J/gfbOwgNf5syv+rfuD/PNbA/XSkD7kDqXUT6udQ/g8PBT/53I1S/Qco
/+tHgX/n4lu4X4asQG5Fzu8l1B9H+b93L/gP9nFK9T+e8s/OBP+1/b25fxB5DDmsD2fpAKF+LuWf
MA782qkDpPrPo/xfeQD8S7rcgbkjTUgFuWOsUD9I+Q8pBN9adZdU/yHK/2gx+G7/fdzPQYaRje7H
/L1C/TDlXzod/NLmft6egExEliJ9UcF/gPI3zwJ/Q3mu1PgjlP8/5oH/zaCYlB+l/MNLwL/iyGTM
HXkK2ayIs8NDQv0Y5d+2HPw+Mx/G80XOQQ4r4aydLfj5lP/q18HPNc2UGv8Eyn/UW+A/t+tpKX8i
5X9qM/jvBZ/H3JEFyCLkvoVC/QLKf+674J9s8yLmjuyAVJBlbwh+IeXv3AW+YdUrUuOfRPnX1oB/
+8hV3E9DpiOrkcvXCfUnU/6F+8CfdHI95o48iyzYgPflvwt+EeXf6SD45XO2So1/CuW/6Sj4NeoO
Kf9Byj/9JPiN9/4D1xlyP/Igcv4/hfoPUf7nfgXfXLAX80aWIBciu34j+MWU/+Imn+v+2I5fSo1/
KuWfehn40zd+y/1KZBWy2SHO9ceF+tMo/wNtwV879t9S/T9M+U/rCP5XZ0+j/xPex5CJyIVNffH1
Syj/Lp3Bb7P4nFT/j1D+VV3B79HnEl4/FTkImdSc03C50P+jlL9fAT9nP7YfRB5DTm/FmX6N4D9G
+TfXwJ87tZ1PZvzTKf/yPuBvMyZJ+Y9T/oMHgn98exfuVyF3IkuSObWuQv0ZlP+RO8BP8t/M23OQ
YeRK5CCX4M+k/GfeDf7g5jap8ZdS/qb7wZ9QnsL9CuRKpKEHp72/UP8Jyn+XH/ylg26V6v9Jyj+Y
B371d4Mxd+QpZMIQzvX3CPWfovzb5IN/bsadUv3PovxXFoHfzTSG+wpSQ05Hzs8Q6s+m/EeWgH/P
LmyvRtYi9yFN4wX/acr/5EzwS4I5UuN/hvKf8wz4q9qEuZ+I7IA0IKsmCfXnUP7qAvC/WDlRqv+5
lP+eF8FvOfIh7qch05HLkalPCPWfpfwnvgq+dvJRqf7nUf4dVoPvn/Mk5oQsQxqe4qxZINSfT/lv
2AD+bPVZqf6fo/zHvgP+lj2LMHfkfmTaYlzPrwn1n6f8z+4A/+jEl6T6X0D5L6oGv0PHFXi/RSYj
ZyEPrxHqL6T8e9eCf9vGNVL9L6L8v/wS/MjYSswd6UPuR1Z8INRfTPkXHwJ/ydntUv0vofw7Hwd/
56IPpfwyyn/bT+D/0vufuE6Rg5DFyKQDQv0XKH/f7+DfsP9Tqf5fpPwvaf6F7o+a+hU+L5ClyHZf
c/b/Xqi/lPJ/uRX4xcYjUv0vo/wHXgX+iu0/4H0CuRM5/Udcx4388fVfovwPJ4H/qe8Xqf5fpvwf
Twa/RfPGfhm/nPLvZgLfXp7A/QrkSmT6pZxdrxbqV1D+H9rA9wxKlOr/Fco/rwf4T353tZT/KuXf
uh/4G2dcx/1S5BzkfGTPZKH+a5T/G0PAP3TzjbzdhLQjc5Cn7IK/nPIfMRL8drvMUuNfQfn/MAb8
vkEH98PIAmQtMrmvUP91yv9pD/jBNr2l+n+D8rcFwF+w8jbur0FWIjMG4LykCfVXUv41YfB33Hm7
VP+rKP8JBeCf/jFNyl9N+V9dDL5xTjrmjSxDLkPuyBDqv0n5r38M/OGqj7dryFTkYeSxsOCvofzH
PAV+0Z7xUuNfS/n/+iz4r0yMYu7IYuR65LICof5blP+CxeDv6TCZtychk5FzkLHHBX8d5d/zZfCb
bpwmNf71lP/nK8BXxs6Q8jdQ/g+tBf++s7PRf5ozAZmENM0V6m+k/A2bwZ+x6DnMHVmBTHge569c
8DdR/u9Ugb+u9wtS46+k/DN3gn/wywopfzPl37QG/MSpK7lfgixFzkKe2CjU30L5L/sM/F7G9VL9
v0353/Y1+OO2v839/6HcbMNqvuM4zByEIk85s0ZohFgj1giZKI9lMiFTCtHJmiWNEBqxWCrPmVBk
Hso8VMSSg+SMRhGSw6LjOWSizC7f3+d7XX4vf6/ua/tf9+f7X/fp9Gp60AAWg7XOS/s53P/eA/LX
B5xVun+S+0c/J19f9yJ6gZagL2gokfZzuX/nN+Q/23lF6f4p7p9f+9Z7v417qZKv5/5BDcgffv8u
vifASrAKzDNJ+6e5v3lT8sNXPkZ3MAG0fyKoqZH8M9x/n5b8lK4vld7/LPcfZUP+JUONkp/H/Z92
Iv9dsGaa+PsFhoMRYJLZtA/3z3H/NZ+Tb9/EXDy3BLWgMxjTSvLzuX+PL8kfn958msr7n+f+l/uT
v2z0J8L3An1AHRhhI+0buH/oEPIPPm8vnleCNaB9B0GTg+T/xf1bjiLfGN9F6f0vcP8jY8m36NVD
+E6gC5gKmpyl/Yvcf9wk8vtc+UrpfgH3rwogf9rcgegORoJ6/vce0v7f3H+Tjvx47VCl+5e4f99Q
8nOyPJX8y9y/ZD75jyd4ozsYAAaC+inSfiH3X7CU/NY1k5XuF3H/Nr+Q77ZlOn5PwFQwEyyeLe1f
4f5/xpEf2v97pftXub/vJvK33QoTvhE0gd5zBTU/S/vF3L/2dvIvRC5Uun+N++/YTX51u2VK/nXu
73qAfLtTq9AJNIAFoG+stH+D+9/NJH9swFr0BkPAKNByh+SXcP9lOeQvqbtF6f1vcv9OeeSn7UxG
dzAdjEoRTNgr7Zdy/7yL5Je47VW6f4v7z7hKfoP7B4X/CKwEdYcEzXKlfSP3b3iL/N4rjyndv839
994j37/rKSX/Dvcf+YT8WEM+eoPFoPl5wexiaf8f7v/kJfnZwZeU7pdx/1/fkn+/8XV8TkAtmADm
lUn7d7m/Q13je98q/bbS/Xvc/29z8geNvo+/X6APmAmGvJL2y7n/7BbkhzyvULpv4v7NrcnfEl+l
5N/n/oc7kJ/vWGu6+PsFuoCuoN5s+of7D7j/t13Jf1VUf7rK/Yfc/1UP8m3nNhF+OBgJxoCHWkv7
j7j/hj7kj9a2Urr/mPt/9TX5C7PaCD8b1IPatoKZ9tL+E+5/fSj5eyZ0VLr/lPvPH01+cXU34deA
mu6CCaCXk7Rfwf2tx5Nfd0svpfvPuP8JX/J79O+H7qA7GALaDZf2n3P/yYHkT77lqnT/BfevFUJ+
TOQI4UeBMaB2pGCgl7Rfyf23zSU/q52X0v2X3P/rReTfy52I7qABLAC9Z0j7/3L/f5aR3yzAX+n+
K+4ftZr8AXWDhG8GWoKhYE6ItF/F/T9bR75u52zxPBVMB2v9KBgbKfmvuf/ZLeRvdJun9P5vuH9g
CvlnTIuF/wisBLOX4OcaI+1Xc/8G+8h/sWKF0v0a7v/7IfJtuq4Rvj3oCIaCtlul/bfcf3g2+SMN
G5Tu/8f9H50if15wEn5fwHDQBLrulvbfcf9V58nf1ThV6X6tOgK3u18mvzAtDd3BTNA1XbDquLRf
G37tguvk1x6doXT/I/jtfrhDfvfnJ5T8OvAHNntA/sT4M/i+AxPBJNBUIO1r4PsdfEZ+tOMFpft1
4S/2ek3+4aIi4ReDRvARGG2U9uvB3/ay1u33/p2wm0r368M/uc6M/Cbau8K3Bm3BBNDrBZH//wkz
7v+lJfl9sx4p3W/A/a+1Ij9wQqWS35D7z2tL/trqavz9AjU1+D4D8/6T9htx/086kZ+bWCdQ9AZT
wWzQoWngh74598/uTv7Tfo0CVd7fgvtP6k2+9a1mwjeCJlDbXLCgtbTfmPv/14/8oZGtle434f5b
B5Mf1q698G1Be1DPdJD2Lbm/y0jyd+R2VrrflPvf8SK/wP8LJb8Z91/qQ/5bzVfCNwMtwXBwhJu0
35z72waQ32Wni9L9Ftz/dBD549zclfyW3H/aj+RHmTyE/wisBGvAitHSvhX3rz+f/AMrxonnMWAC
mAR6TpX8Vtw/dQn5pV0mK72/lvsPXUl+I8M0fE7BYtB9uqDvLGn/Y+7/cA35TsGzlO635v4xG8mf
2jgM3UEtaA9WLZX2P+H+3baRvyZtgdJ9a+5/IZX8E54/C98L9AHtlwnqVkr7n3L/79PJf/gsBt3B
GtBpFb4PNkl+G+5vmUm+Nj5B6f3bcv8Df5I/2DER90AXsATM2Snt23D/b86SP7toh9L9dty/8gL5
W8P24PcVjARjwRFZ0n577r/2CvmGVgeV7nfg/r1LyX+deRTf96AejD6Gvwe50r4t9796l/yOE3KV
7n/G/cMfkz+m+hy6g5p8wQ1gTrG035H7f/yS/MjEv5Xud+L+R2vI39fvmpJvx/0nau6896+XGvH3
CzSBvrfxPfBU2u/M/d82Ir9+pEnpfhfu/1tz8h3bVSj5Xbn/gE/I98t9he6gAawCraulfXvub2xP
/mr/d+J5AKgDo8EYixkf+t24/+Iu5B/T1J+h8v7duX/7HuSXpzRW8j/n/qe+Ir+Fm5Xw3UFP0AtM
bS3tO3D/gIHkDzR9Kp4/AivBWm3wz10l/wvuX28o+bNWfKb0/j24/y5P8jd36abk9+T+7t7k5513
FL4BLARdewkGDpL2Hbn//cnkv9Q5K93vxf1XTie/fWNXJb839+/6PfkeacOFnw5mgroRgrEe0v6X
3N8QRn6E5xj0Bn3ABNDdT/KduH/wQvJ3P5ug9P5fcf8my8i/EjcF98BEUOMvWBAk7ffh/umryK/j
OFPpfl/uP3ot+Q5FPwi/GDSCFeDeRdK+M/d/nkj+pLCflO734/7xyeSvbLVY+FrQBgwEi5dL+/25
v+Ne8jMyo8XzbFAPeq7A53i95A/g/kUHyS8bH6v0/i7cP+wY+U2r1yv5A7m/9hT5/RK3Cj8JTAWd
kwQdkqX9r7l/Vj75M/vtEs9dQHfQBKYelvxB3H/CJfLXl+5Xen9X7l99jXz9oiNK/mDun3ib/Gc2
J4RvC9qDDqBNjrQ/hPv3u09+m9zT6A4awEIw+rLku3H/0gryh/v/pfT+7tx/URX54Zoi4ZuBlmAC
mFwi7Q/l/u1q/fPeT0kpUbo/jPvn1if/0pAydAc9QV/Q67m0P5z7+zch/135Q6X7I7i/phX59ite
CD8GTAAdKvE9/FraH8n9U9qQP75LNbqDjmA06NJg5of+KO4/pCP5y85/NFPl/T24f3k38g/qGgo/
BAwHK5ktpX1P7h/di3yjRTOl+6O5f5d+5FukfSz8dDATrAHzOkn733D/867k9/Fsp3R/DPfXjSB/
2jM7Jd+L+1t4kR8f5yD8BDARTAZde0r7Y7n//onk5/R0Es8dQWfQCzQfIvnfcn8Pf/IfFw5Qev9x
3L9iJvmtw9zQHYwEzdwFfTykfW/uv2Y2+W6tPJTuj+f+PeeRH5r5rfCzQT2YBzoFSPsTuH/hYvK3
jf9O6f5E7j9nBfkX3kzF5w3UTMN9sJZO2vfh/lZryK/eHIzuYDJo5H+eL/mTuH/GBvLt+s1Rev/v
uL93EvljSyNwDzSBPgvwc10u7U/m/q93kb9kUZTSfV/uvymN/DSbGOHbgvZgCVi4Sdr34/7OGeSX
nIxXuj+F+988QX4D/81Kvj/3X3iG/N6aHfi8g5ZgC9B2l7QfwP3bXiDfP+V38TwVTAdD9wgGZEj+
VO6fU0R+7JA/lN5/Gvf3u0l+dnkWuoMVoONRweg/pf3p3P+ju+Tfjz4pnseACaAmVzDnouQHcv8d
j8i36nJO6f1ncP/BleQPOl+g5M/k/veqyQ/RFePvFxgOFoPeJdJ+EPdfXqfsvb/FwojuoBbUgXZP
JF/H/e0akZ+/v1zp/YO5/7lm5L/yeCp8T9AbNIKhVdL+LO4/szX5ts/+Vbr/Pfdv1J780XH/oTuY
CI54h98Di6AP90O4/97O5C/sWS9I5f4P3H/UF+TvKbRQ8mdz/6dO5BfPaSn8cDASbGElaOwg7f/I
/WNdyK/b6lOl+6Hc/wt38ntk2ir5c7j/JQ/yJ4+3F74PGAAawQIHaT+M+/84jvyYNz3F8xpQ4yho
B5YNlPy53L/FZPKzNvdVev9w7n94Gvn3nAcJ3wV0BzeA+hHS/k/cf9ws8puVDlO6P4/7V80hf8Ci
b9AdjAZTQXNfaX8+99+4gHydzQSl+xHcv8/P5G886Yf/TtAAuk9BhxnS/gLufyOG/DNT8DwA1IEh
YGio5C/k/hEJ5L+o84PS+y/i/p8mkm+TEo6fF5gO5oCeS6X9SO5/Ygf5I4dEKt1fzP1995A/r3y5
8E1gBZgcjZ/LOml/CfevfZD8XdG/Kt1fyv23HyW/sPN6JT+K+w/KJb/2+d/QHSwES8DYbdL+z9y/
7Bz53XU70RsMB2PAWockfxn3//lv8ida7Fd6/+Xcv+M18qP3H0Z3MBM0O4Kf/3FpP5r7nzWSf9jj
uNL9Fdx/hon8OxV64VeCNaD5afxcL0n7K7l/wwrym8QZlO7/wv33vCLfuWeh8B1BZ1BTJGh/XdqP
4f4j3pEfWHhDPC8GjWBACb4XH0j+Ku7/uN7d9/7aOf8ovf9q7r+6Mfm5Vg+V/F+5/+dW5D/NeI7u
YA5YANa8lPZjuX/Bp+Rbj3+Dv19gABgFupjpPvTXcP/Zn5E/9E1tncr7x3H/5t3ID9vcQPiJYDLo
3FDwUVNpP577H3Ikf4dzU6X7Cdx/rDP5BTe1wjeCJrAKjOoo7a/l/v8OIv/tQhul++u4//rh5Hex
sRO+LWgPhoK67tL+eu7vNIb8cSc/F8/1oAH0cRC07i/5G7j/tQnkR035Uun9N3L/+VPIP1BngJK/
iftbzyS/NHmI8FPBdPAQc5i0v5n7H/+B/EZDRonn7qAnGAU6+0h+Ivf/7ifyncrHKr3/Fu7/LpL8
qdGThB8DJoDe3wnunSbt/8b9k6LJj+s8Ven+Vu4/MJb8E/k6dAcLQRPoO0/aT+L+d9aT/zAoVOn+
Nu4ftZV8rUWE8C1BLZjKXCLtb+f+n+0if/D+pegOZoIuUYJOcZK/g/uf2U/+bI9flN4/mftPP0L+
1oo4JT+F+5udIN+wZhO6g4lgEhiwVdrfyf13nyb/dY/t4rkj6AzmgRHpkr+L+w/7i/yOhbuV3j+V
+z8sJH/MnANK/m7uv6qE/EirLHQHbUBb0PKYtP879+9eRv6+jBx0B3PAYjDpguTv4f4XH5J/3TtP
6f33cv+QF+TXf3NR+DWgpgC/T6D+qrS/j/s3rSbfcfNVpfv7uf8fH9177/s538LnHXQHDczH0n4a
9x/TkPzVN+8p3U/n/pVNyT+28ImSf4D7r/uY/PK2/6I7aAdGgY6a4A/3/+D+X7Yjv8XJt0r3D3L/
YjvyB06pG6ziH+L+PzmQP6uOhfA1oDloCWY2kfYPc//WTuRvTm4hnqeC6WAO6NRe8o9w/2MDyM8b
bK30/hnc38eN/Jf3OgjfBFaAEbZ4j67Sfib3fzuK/PbRXZXuZ3H/rd+S79G5p/DtQUfQFbQdKO0f
5f4u35Efkd9H6f4x7n97Kvm7g74Wvg4MBUtAL3dpP5v7Lwkm/4r5MPQGtWAy6OQt+ce5f4c55NfZ
P1rp/U9wf30E+Q4e45X8P7n/1CjyJ1X4Cr8SrAFt/NAjQNrP4f71YshfuSZQPE8AE8FsMDRM8k9y
/9R48jN6hCi9fy73H7qZ/LLLc4VfCJaAseGC7pHS/inu/2A7+U3nLFK6r+f+v/xOfj+r5egO2oBJ
YN5aaf8097f/g/yZGauV7p/h/n9lkb/ee52Sf5b7zzpJvv71FnQHNb8JHgIT9kr7edy/yTnyn21K
Ubp/jvsfKCC/jfM+JT+f+39TTP7wm4eEbwRNoN1hfP9mSvvnuf+LW+SHL8wWzyPBaLAYDMwn8v//
YOD+CeXkp7TVK73/X9y/11PyL+WcF74eNIAuBnx+CqX9C9z/yr/kv/O7rHT/Ivef+x/59nVuoDto
DlqD6SZpv4D7a+uVv/fHJ99Ruv839z9qQf6ywQ/wewp6gofA4gpp/xL3n9iS/IP3nqE7WAHqnguW
vZP8y9y/xpp84/LXSu9fyP232JJv0bn2LBW/iPv3tye/T76Z8A1gIVgMOllI+1e4/62e5E8PshTP
dWAouAF0aiP5V7l/ZF/y4821Su9fzP3bDSI/Z19b4aeDmaDWRtC6s7R/jfufGkb+41GdlO5f5/4B
35DfuqK78CvBGlDzuWCes7R/g/vXnUC+25reSvdLuP9OP/JDe/QXviPoDGoG4OcyWNq/yf3dZpC/
7TKeF4IloBG09ZT8Uu5vCiH/QuhIpfe/xf1XhJNf3XIseoE2oD2onyztG7l/l0jy7TJ8lO7f5v6G
5eSP9Q4Qvg8YAKaDnrOl/TvcP/hX8pe8DlK6/w/3b7ye/LRNPwo/EUwGdaGCexdI+2XcP+038kv6
zle6f5f7e+4kv8HNJegNmkDzpYJlsdL+Pe7/bB/5vReuVLpfzv3jDpPv3zZOyTdx/57HyY/N2YjP
CWgAC8CyLdL+fe5fpCf/uN82dAd1oMN2fI/tk/wH3D/MQP79j3Yrvf9D7t+qkHyr5HThp4LpoBHU
HpH2H3H/zBvkDxqcKZ67g55gARhyRvIfc///KTH3uBrMP44XmUuZ6LDYkVhLoxGaFblnQiXXQlST
KfqROmjEYiGE4zZFRjqIQqbI/SDEMNIsaYSDXMu1TPi9fJ/P9/Xy/Pn89X6dnr2/3+ec97m8bOQd
8iPvHVO6/1Pu/99D8jcsPCP8BFAPBuYLOhVI88u5//rn5J9z+ktpfwX39/iP/MqzV9EdLASrwRST
NP8Z979hXvbRd5h0Q2n/c+7/S13yB1vdE741aAuWgtqn0vwX3N++Iflzdj5R2v+S+x+3JT/D9xW6
gwFgKOhSc8qn819x/x/tyS8qr1ba/5r713Qiv9YKCzF/NZgCmkBjPWl/Jfc3tCe/Y0crce4KeoAm
MKuZ5Fdx/77fkx90xWaKyv3fcP/73clP1H2p5P/H/RN+IP9A46+Ebwvagw5gtqM0/y33/8aX/Hv7
2ojzXNAIxrYVTHCX/Gruf244+Y0COird/x33nzSG/B5v3JX899zfajz5Eet6oTtoANPBkr7S/A/c
f2cE+cld+6M76Al68+MR8v3wD6FbvjryT5f4Kd3fHL55xSzyX8wOEH4cmAAawcKx0vwa8Fuu+JV8
+xbB6A46gSmg12TJrwm/V8cl5PsYJyjd3wJ+yJWV5M8MmSL8UDACNIBeM6X5teDP1a0jf1uNGUr7
P4Of2ngz+YVpc7APzATzwZhEaX5t+Mf3bSffvO8Cpf11uL//HvLb3Vsq/DKwAuy5THDYWml+Xe7/
Jpf80QvXKO2vx/3XGclPcNogfGfQFfQG62RI8y25f9d88nPOGpT2W3H/kr/Ivz0xE91BHVgImvZK
8+tz/9n/kN/AKlucW4O2oBZ0OCH5n3N/u5vke+w8pHT/Btz/2D3yw3xPCt8PDACLwJSL0nxr7h/8
lPw15eeU9jfk/jVek39CX4DfLzAFLAV1pdL8Rtw/7R355R2KlfbbcH/PWg8++tort9ALLAGDbwtq
HkvzNdz/rhX5/XUPlPY35v4LNORPb/wM3UF70Bk0vJfmN+H+rbXkp+2rUtr/BffP/4r8S/5mkaI7
GAzmgXXqRH46n/9H2K3wtuS/q6odqbK/Kfe37ER+m3UNhJ8CGsBAa0EXO2l+M+6f2YV8/65fKO3/
kvv79CY/vsROyddy/6f9yd8z21H4cWACWKc1no+rNL85918+mPwbdu2U9ttxf5eR5Fsav1PyW3D/
y8Hku4V0E34oGAHGgJE9pfn23D8qjPzxNfqKcwvQCnQATUMkvyX310SSvzLNW+n+rbh/zgzyj3oO
E74X6AeWgEmB0vyvuP+IX8h/dHe00n4H7l+5gHzbhePQHdSDq0GLqdL8r7l/0jLy+zpNUtrvyP3d
fyM/6myU8M+DhaAmWtD1Z2l+a+5fvIH8jRNnojuoA01gZILkO3H/WVvIP285T+n+33D/5jvJf5O5
SPhZYC7osFjw8WppfhvufzSbfEffFUr723L/oMPkDy1PEn4FWAVaJAvGbpXmO3N/szzy4/SblPZ/
y/1T/yR/Z4d0dAI9wDxw2B5pfjvu3/sK+cUFu5X2t+f+d4rJr63bj887GAfqQZdT0nwX7h9/m3zX
xseU9nfg/o4PyQ/ZdxrdQSPodQb9L0jzO3L/M8/IX+Z/Eb9fYDAYChqLJL8T9w97Q/6hqr+V7u/K
/euaP/zolyX/i98v0ABmg4Vl0vzvuP+OOuRrut5V2t+Z+w+0Jr9XyWPhl4Jl4KYngulvpfnfc//H
X5A/efZLpf1u3H9pC/LX21Ur+e7cv31r8vOP1ZwqOoH54HnQo+7UT+d34f6X2pH/KthSnIeCEaCL
FebYSn5X7j+1M/mtathMVbm/B/dv1J38QWnNhG8AM0HXLwW1raT53bj/3r7kx3ri3Av0A4eBBmfJ
7879h/mQv/3uN0r378H9Xw0j/+qCDsJPAPVgFujlIc3vyf1/CyS/ppO70v5e3N8tlHyXsz3RCSwE
e/YSrPCV5vfm/tcmkT9mopfS/j7cf2Y0+Yst/ZR8T+7/5Szy92f64/UCc8HD4LBR0vy+3P/wPPJN
PkHoDgaAwWBZhOT/wP3HLCa/YflPSvfvx/3fryC/m36y8FeDKaD1FEHv6dJ8L+6/MZn8iR2mK+3v
z/17pZK/tmA2uoMlYCkYuESaP4D7304nPy96vtL+gdz/1yzyn2mWCt8WtAcNoNUqab4393fIJd9u
32p0B42g1xrBx5sl34f7nzpG/kD/FKX7+3L/n86QH1OVpuQP4v61/yJ/S3IGuoMGMAvM3iXN9+P+
6VfJL+iyF9/ToCcYDBYZJX8w9x9wg/wP1w8q3X8I9390l3zn2SeEHwcmgIVg2Tlp/lDun/iE/JF2
55T2D+P+374if8Gxy+gO5oOlYNJNaf5w7n+xmvy9wdeU9o/g/lMsHn30S81vCd8CtALjQL/70nx/
7m9tRX79tDJ0BzPBsAf4PqqU/ADuv8eG/C6eFUr3H8n9h35J/oS7lUr+KO7/shX5qxZ8QHdQD1aD
YTWjPp0/mvuvaUO+sXVtce4EuoCeYKlG8gO5f+eO5D/J/zxK5f5juP8/7uQ3m9hE+BGgDjzMj1tI
88dy/5he5PeztFPaH8T9m/YnX5f5tfCzwFwwH9R1kuYHc/+DfuSn+nyrtD+E+wcGkH/xqavwK8Aq
MPY7wZKu0vwfuf+7IPLfLvcQ53owCbTthrkDJH8c9/99AvlOHTyV7h/K/XtMIX94wUAlfzz3L51O
/rzooXidwVgwDjQLkOb/xP3nziF/t2Y0ni9oDwbz43DJn8D9Wy0gvyTnR6X7h3H/k0vJr+s/UfgB
YDBYyIyW5odz//FryO9cNVVp/0Tu/9kG8scl/yz8FNAAZoF+C6X5k7j/NgP5+i5zlfZHcH+vTPKP
XE/A+xQ0gX6L0FUvzf8f93+wl/wHsXql/ZO5/+JD5DexS0Jn0Ak0gYlbpflTuH/bk+T3ObZRaX8k
9z9/jvzI4G1K/lTuP7mA/A3mu4VvAVqBwaD2iDQ/ivs3KCb/3OZ9SvujuX/WLfIr+xxV8nXcf/AD
8h3unhJ+GVgBvgR1+dL8adz/eQX5gxdcEOcJoB60vYjPz3XJn879V1WRP6f130r3n8H9Xc0ef/Qz
8kuU/Bju/3dt8ovCTfj9AnVgDOhVJs3/mfvPaEB+LcvH6A5qQGf+e5Xkz+T+tl+Q3zHzhdL9Z3H/
A3bkB/m8xecVDAAjQb1Z9KfzY7n/KEfyE5/WEOcVYBUYV1PQo6Hkz+b+b78l/8DyetEq95/D/VO+
I/+eSyMl/xfu360b+TYFTYVfCJaAVaBJK82P4/43PMnvEd1SnOvAWFAPereX/LncP86b/AjNN0r3
n8f9Ww4jPznHRfi5oBG06iCodZfm/8r9T4wm//QIN6X98dx/3DjyX1T2wOsFmvUUTAd1vtL8+dzf
YhL59sn9lPYv4P5bosj36TII7zPQE9SBMcOl+Qu5/w8zyZ95fQS6g6Wg1h/9Q4nQzBK4//255G+L
Hat0/0Xcf9Ei8gub/6TkL+b+bVaQb37sf+gO5oO6yYJ5U6X5S7j/n0nktwueJs5DwQjQabqgdbzk
J3L/iE3kjzafrXT/pdy/fjr5CZvjlfxl3H/XbvJz+iSiO+gN+oEJemn+cu4/aD/5t02rxHkZWAFW
gxabJF/P/SuOkt9gwXql+6/g/itPk+/ROg2vN+gC9gTjtkvzV3L/ThfJD8/fIc7Pg4WgV4ag5oDk
r+L+hX+Tvyb8D6X7r+b+0/4l/0S9g0r+Gu7f5C755RnHhZ8JZoO5/PiUNP837r//Mflan7PoDQaA
MaD9P5K/lvsHvCS//9NLSvdP4v5v3pI/fXkRvu/BJND1Gj5Pt6X5ydx/fc0nH/00l1Kl/eu4v4cl
+Zcu30d3sAQ0lAkGvpbmr+f+/zYi/11UudL+FO4/pxn5bTSVSv4G7t+iFfn+Oe/RGzSCeeBhK92n
83/n/sZvyI8f8ZlOZf9G7h/Sgfw9lfWV/E3cv4Y7+TeSGgs/BTSAAU0EQ5tJ81O5v6En+ZZdmotz
D9ATTOS/t5X8zdy/rxf5btcdlO6fxv3vDSJ/fKyzkm/g/gv9yV/Z3FX49qAT6AwaOkvzt3B/pyDy
jx7tKs6NYD5o6yGY1V/yt3L/sz+R/yioj9L9t3H/iZPJtzUfKHwL0ArMAiOHSvPTub/ldPL7bh6i
tH879985m/yoPqPQHfQGz4OhYdL8Hdzfdz75G00hSvszuH95Ivnn54cr+ZncX7+a/DeOU9EddAHz
wE2/SPN3cv8OKeQ75sco7d/F/QvSyB8aHqfk7+b+0Rnkx9VLQHdQA+aCkYnS/Czur9lL/s6M5eI8
E8wGq/nvGyR/D/ffd5D8Yu+1Svf/g/v7nyC/9tPfhV8BVoERGwXj06X5e7l/1VnyXZdvVdqfzf2T
L5Mf4rJL+K6gBxgIFh2S5udw/y7XyF92OUdp/z7uf72U/ENRR4SvA2PBajAhT5q/n/vHlpFfZnMK
3UEtaM+Pz0p+LvdvXkG+Juc83i+gEXS7AP+a5B/g/scqye81olDp+R/k/sEfyJ9ceR3dQbMSvJ9B
s1vS/EPc37z204/++qQ7+P0CDaDWhPfPM8k/zP03f05+vvsjpfsf4f59mpD/qvi5kn+U+5uak98q
9j/hx4EJYCIY+06af4z7z/+a/EHNa0wTvUEn0BUsbDDtU9/I/R2/JT/2aN1pKvc/zv3zXcnfHtRQ
+MFgGJgFVjeV5p/g/uEe5F81a6q0/yT3r+dJfs3N9sI3gJmgW0tB6/bS/DzunzGQfJc+Tkr7T3F/
76HkjzG1V/JPc/8no8hfPP974SeAelDjJpjXV5p/hvsv+5H8/Y49lPbnc//2E8k3nflByT/L/S9P
Jb9huK/wI0AdGANeGiLNP8f9o34mv3u9EeLcCtSAHmDZOMn/k/vbzCV/YsYYpfuf5/7ZCeSv9R4v
fD8wAMwCXadI8y9w/+F68vOeRCjtv8j9X68l/9kyHbqDSWAm2HOeNP8v7r92I/l2LrFK+y9xf7dt
5A+8/Cu+J8ASMDBeMHaJNP8y9y/eRX5M1BKl/QXcf9Y+8rfYrEJ3UAsWgkmp0vwr3F97lPyC7HVK
+wu5/5FT5H8YvlnJ/5v7j71AvnPlduFXgWY7BNPByFxp/lXu/6GQ/JFJe5T2/8P9N5WQv8D9gJJf
xP17mcjfW2xEd9AEloGBJ6X517j/nUfkl87Kx/sEjAcT+e9XJb+Y+8e/IL9+80tK97/O/b9+S36X
o/8I3wjmgx5FeP1vSvNLuP/pGuUf/QlBN5X2/8v9J9Qjf7XZfeFbgFZgOqh7Jc2/wf3rNCLfmPpU
af9N7r+9KflPer9W8ku5/4CW5DczvUNvsALUvsf7wXL6p/Nvcf/HTuT3m19rusr+29x/qQv5Osf6
wncCXcBqMKWJNP8O92/nRn7qGY3SfhP3/6sH+RfDtMKPAHVgDDisjTT/LveP7Ef+27oOSvvvcf+G
g8h3ymgr/EwwG7RyxuvQUZp/n/v/MYL84d6dxLkfGAAGghG9JL+M+w8dS/68J12U7v+A+78aT/7u
Zb2FrweTQIc+gnV8pfkPuf9v/yO/pP0Apf2PuP/308ive3mw8AvBEtB+CB4HSfMfc/+iWPI7R41U
2v+E+/8cT/44mxDha0AtmAhaTJLmP+X+zRLJ12eHKe0v5/6HVpF/ZHgkuoPBYALoPEeaX8H9A9eT
/+D1DKX9z7j/+83kN0n6BZ9T0AB6xKHLQmn+c+6/cQf5fdwXKu1/wf17/kF+ZPEydAZNoNly3CtF
mv+S+986QP6GWb8p7X/F/ecdJ/+c9ne830AnMAssMUjzX3P/r86SX3lkizg3gvmg91ZB22zJr+T+
eZfIdwjaqXT/Ku4/voj8wWY5Sv4b7l+7lPw5qYfRHcwEvY8IVhml+f9x//T75Gf0zhPnnqA3GAE6
FUj+W+7fv5z8ojt/Kt2/mvs/fE1+rflX8HkB9WAZaPavNP8d91/ynvyOjteV9r/n/s6fVXz0g87c
RnfwElgKJlVI8z9w/wv1yU8Me6i036yWwK3Jjck/UPc5fm9ADTiM+Uaabw7f3Lo5+fd24DwTzAZz
Qd07ya8Bv+UeB/JtvM1niN8vMAAMBq3rz/jUrwm/1xBn8ns8qTND5flbwA950Yn8iGXWwteDSaC2
oWB+Y2l+LfhzV3clP7m9rTh3Ad3AMjDdUfI/g5/6XR/yT19qoXT/2vCPXx1A/ouprZX8Otx/xhDy
7W3aC18DakF7MLejNL8u9286inyf7M7470Aj+BLM9pT8etz/YAj5M4d3V7q/JfcfHU7+ttd9hV8F
mv0gGAo6DJLmW3H/6kjyC9f6KO2vz/03xJBv7j5c+B6gJ/gSTBgnzf+c+3ePI79dcaDS/gbc/+ZC
8kfPClXyrbl/3HLyE7QR6A06gSlg8ExpfkPu32ot+TlHopX2N+L+J38n//bYWUq+DfcP3Up+A7Nf
hW8BWoHWoHahNF/D/WvtIt8jdbE4N4CZYBWYmCT5jbn/1hzyw3uvVLp/E+7f7wj5a+4kC98EPgZD
1wnGpUnzv+D+ZXnkn4hPVdpvy/0XnSe//Ovt6A66gD3/T7nZhuVgvnHYS1PIFLEkRKGFNEse70Ws
lIlCpshUQiPWrPIgeWaNR5pFmZcew4S8VV7LxD+tGYoZsWZJiDKhyFT+h+v+Xcfh/nh/Oo9jz87f
da+zl08DbY5L+524f59r5Fv/eljpvhX3v/gX+Z5hJ5T8ztz/i7vkL2mZi+6gBWgJ6i9I+9bc//1K
8nfu+1Xpfhfuf+gZ+UVehcL3Bv3ACLD+prTflfv7/Ed+Q9V1pfvduP/Tpk/f+g4Jt/H3C0wBPf7B
z8Fjad+G+29oSf7U/veV7nfn/s7m5OuKHiv5Pbj/n5bkH1lUK/xIUAvGghZ10r4t919iQ/7tdg34
90Br0AmsbxX1rm/H/T+wJ791llGUyvt7cv8T/cnXTDYVvj8YBJaCZhbSfi/uP20Q+SEv2ivd7839
/xtB/obkzsJPAQ2gtzXe5SDt23P/LWPJP6OxVbr/Ifcf/in5lTcdlHwH7n97MvmWSwcIXwvqwCqw
wFXa78P9VwSSP8Z6iNL9vtzfJoT8xafdlPx+3P9sOPmpMzzRHQwDY0Gdt7TvyP0/jyT/4hsffD5R
0AQcBtbNkPz+3L+5lvxXBn+l9ztx/12ryO81KkjJ/4j7j11Lvu/dOcIvB6vAatAyXNofwP0fbCA/
VrdQfB4PJoL2EYIareR/zP3jfyT/QM+vld7vzP0//In8W/nL8X0GFoFGKwSTdNL+QO5/YS/5xmGr
xefhYCRYDu5KknwX7j//CPnOLROU3j+I+5ueJH/Wvo1Kvob7H8glP8FrG35fgH7gYdBoh7Q/mPtP
KCA/u2oXeoN1oPtuwZoMyR/C/asLya9Yl670/qHc//sb5Fv0z1Lyh3H/Af+Q71aULfxrYAlYClrk
SvvDuf8f98lfsOh/6A5qQT3oXyT5I7h/5L/kb2n3u9L7R3L/Di/IL8i8KvwsMAfU/YEexdK+K/c/
1kB+rd8tvBMMAmtAnwrJd+P+/u89e+v3eHFH6f2juP8rU/InJD/E3y/QADo/ws9RjbQ/mvv/aEG+
VvNU6b479x9qTf7em3XoDpaDJq8EPVpEv7s/hvuX2JJ/PaZJtMr9sdx/WR/ym1ubCN8GtAerwChz
af8T7t/1Y/KdTrdVuu/B/c8MIT9wxgfCDwLDQB3/857Svif3nzWK/DVvuirdH8f9m40j/7ihl/B3
gemgdW9BO0dp34v775xIfrkbPvcD/cEg8KKGyP//gzf3d59GvvndgUrvH8/97wWRP0I3XPjxYCJo
AIs8pP1Puf/qMPLn9RyjdH8C9+8dQX5yvrfwC8AiMHg8vp+mS/s+3L/ga/Lz5vgp3Z/I/eetIP+p
SYCSP4n7t/6W/K77ZqM7mAWeACNDpX1f7p+eQL6X13zxuTfoBwaAxVGS78f9x28iP6pqsdL7J3P/
f7eRv3tdDLqDKaDpUsHwOGl/Cvdfv5v8q45xSvencn+nA+S/KfwO3cFisAIMSpb2/bn/lSzy+y76
Xun+NO7/ZQ7509ptFr4FaA2Wg4Yd0v5n3N8ij/zVmQal+9O5/9Hfyc/0S8PPPRgEBoMVWdJ+APef
8gf5pbWHlO4Hcv+Xt8hvk3wc3UEDmAYG50j7M7h/Shn5QzRnxOfDQHfQBzS7KPkzuf/gR+TPuZmv
9P4g7n/rKflJMZeFrwV1oFOhYPU1aX8W99e+Ij+383V0B+3AXDC9XPI/5/5dmj5/6z/O+Vvp/bO5
/y8m5FvNuKfkB3P/mWbkf/KmCv5jQRPQFMyqlvZDuH8TS/IjDTX4+wWmg1mgX7OYd/1Q7r+jG/k7
3OqV3j+H+4/qTf7lsuZivxysAm2MBCtMpfth3P+uI/mvV7WOUbk/l/t/40K+fc/2wrcHnUB30Ki7
tD+P+/caQf7kfCul+/O5/69jyI+b00PJD+f+YePJP2TiIHxT0AKMAG000v4X3L/lZPJL9n6kdH8B
998XQH5Lr8FK/kLu7xVMvkuVq/CrwTqwHjQdI+1HcP+q+eTPXuchPk8EU8B00HuK5C/i/glfkp/o
6KP0/sXcv/9S8k8XThV+EVgMRvjj6z9L2v+S+xfFkf8oYqbS/Ujuv2gN+R3bzUF30Bq0B3Mipf2v
uH+7DeSPzlygdH8J98/cTH6E3xLh+4NBYAXot0za/5r7++0gf1stPq/jf285fu5Ag17yo7h/bRr5
FzZ9o/T+aO6ffJj8l4PWKfkx3F9zgny7m0nCLwHLwaSN+L7cLO0v5f43z5A/MWar+FwL6sATYNg+
yddy/5hfyV/eeZfS+5dx/86F5O/P2S/8XLAA1KTj++eotL+c++dcJ784MFPp/gruH3ib/PfenIKf
LWgCWoJpBdJ+LPdvvEf+AMM5pfsrub/hMfkz3S7g9z3oDaaBVVek/Tju71ZLvr7sitL9Vdy/rJ78
k6tuojuoB5PA8AfSvo77rzKqeevft7ujdP8b7m9nSn77/Ap0B4vA4IeCAf9K+6u5//n25LvOqcb3
KRgBGsDgRsn/lvuHdiY/3KRO6f3x3N/YlvzNe9/g9z2YBXo0WSr+u1otfXf/O+6/14H8/HHGS1Xu
r+H+4waQ/7zyfeFXgTVgk7aCh62l/bXcv3Iw+TbrOird13N/vRv54x27Ct8J1IA1YEQvaX8d9+/n
SX5MYU+l+wnc/7IP+Xsi+gk/EtSCsaDNUGl/Pfdf6E/+NfOBSvcTub9ZEPlNM4cJPwvMAevAglHS
/vfcP2MO+Y5+7uJzfzAIvAZqJ0n+Bu7vu5D86bVeSu//gfvXLCE/fpOvkp/E/TcuJ//ooOnoDrqC
7mD1DGl/I/d3WU1+WfHn4vMSsBw0my2YHiH5m7j/jXXkt42Zp/T+ZO4ftZH8YZ0XC98atAN1oMVS
aT+F+3faRv7cnGil+5u5f/Yu8jcGrkR3MAy0iRPMWy/t/8j9A9LJP9cYr3R/C/dvyCT/SWqikr+V
+2/PJt/aLQW9QW/QAFr+LO1v4/4j/0e+Z1mq0v3t3L/0AvlLVu1BL1AP5oHeGdJ+KvdfeZX8nXaH
lO4buH+PW+QXnT+Gn3OwCGxyXDAtT9rfwf3z7pDfEPqL0v2fuH/IQ/IdTPKFbwpagFGgtlDa38n9
Wzwlf+reS0r3d3H/PXXk68b9ia8z6AcGg3Vl0v5u7u/RpPatf6SyROn+z9z/oTH5t/Xlwk8EU0CL
e4IVldL+Hu6/pi35rR2r8PcL1IDDQO0LyU/j/n0+IF9T+Fzp/Xu5/6Wu5IdEvMbfL1ALxoN2LbTv
7u/j/gt6kb/BvLlW5f5+7t/WkfwzGa2EnwXmgNXgLktpP537Hx5IfqVvO6X7B7j/xOHkW9Z2En4d
2MQK7wFLbKX9g9z/mTv5YzZ1V7p/iPv/4E3+4kEfCl8DuoIeYImLtH+Y+zv7kZ9a7KR0/wj3vz6d
/IvRGuFrQR1YDtq4SvsZ3P/r2eS/snJVup/J/S3nk98r5xPh54IFYBGomyztZ3H/k4vJ9w2coHT/
KPf/LIb82MYp8KcKmoA+oD5A2j/G/V+vJP9A6gzxuQFMA4vAreGSf5z7b/2O/FuuoUrvP8H9h39P
vnHZF+gFVoE+C3A/Sto/yf3/SSHfedVXSvdPcf9YA/mz7JYJ3x50AkvApLXSfjb3755GfsJ5ndL9
HO5/7hD52aF6Jf809599nPwK4yR0B81AC9A0Rdr/hfsbnSG/w94t4vN0MAvMBc32SP4Z7r87n3y3
cTuV3p/L/cdeJn9B5T50B2vA8P34/j0s7Z/l/hV/kr9FnyE+TwRTQE0mOuZK/jnu/93f5Bf0O6X0
/v9xf4d75NdePqvk53H/36vI7xHxm/AjQS0YC5pckvbPc//wGvInmF9Bb9Aa9AArbkt+PvdvU0++
NqNY6f2/cv+DzV+89ff6lgrfDwwAC0D3h9J+Afef0Jr86zUPlO7/xv2ftiO/+aYn6A4awIBq3G+U
9i9w/w1W5DsNeql0/3fu/3EP8gOLG5X8i9z/2ofkr4lusUx0B3VgKZhlsezd/Uvc/6uPyD9u9f4y
lfuXuX/HweSXZ3dQ8gu5/3FX8s0Duwg/CAwDw0Ftd2m/iPv7e5A/otEOn/cUNAF9wPIBkn+F+/83
gfz5qX2V3n+V+2+ZSn6yq7Pw3UFvMAvMHS7t/8H9h80kP+/OUKX717j/36HkP40bje6gHtwKOk2U
9v/k/ssXkN/Vzkvp/nXu320J+V7nJwm/ACwCfXwFrT+T9m9w/9xl5EeF4vMwMAKMBE8ES34x95/1
Dfm7jT9Xev9N7t98HflX0+YKPx3MAgvAgEhp/xb335VE/hvPRUr3/+L+Y7aS37cySvhVYA1oHy1Y
slraL+H+93eSP00fq3T/b+7/7X7yV/eLx/cJqAF3gbEbpP3b3N8+k/zMy+uV7v/D/X87RX7pwmR0
B6PAeNB7t7Rfyv3nnSO/jXmq0v073N/0AvlDMn5GdzAHdN0j6H9Q2i/j/geukD/H96DS/bvc/9Ob
5CfVHBV+HdjkGH5vgPF50n45939SSn7uxtNK9+9x/8QK8h+7nFfy73P/j6rJtyq+iO9TsBw0uoSu
t6T9B9z/6kvyP4m+pnS/gvt/+Yb8SKsS/J4B7cB0MOCetP+Q+3cwfvnW35F9V+n+I+5/7H3yLwdU
4u8XGAZGgh6vpP1K7j+1I/mvG54p3a/i/nVdyLdP/U/4BjANNHoteK3p8nf3H3P/zT3Jn+zaTHzu
DnqD9WCKmeT/y/2H9CM/7k7L5Srvf8L9/3Im/1CcufB1oB6sBpOspf1q7q8dRn6JbSel+0+5f1d3
8luetxF+AVgEmnYXDHOU9p9x/zNe5LuE2ivdf879g3zJn23sJHwT0AzUgZoh0n4N9286nfzEtEFK
92u5/0+fk3/acyS6g36gHrQZL+2/4P6j55H/6NFYpfsvuX/5IvI76j8VfiKYApaDNlOk/Tru/000
+aP7TVG6/4r7915JfsTlQHQHi8GIGfi6hEv7/3H/gnjyty0MUbr/mvvPTST/gtkXSn4992+VQv7L
I5HCzwJzQI+vBKvipP0G7r8/lXw7X63S/Ubu772H/Ik1q5T8N9z/8UHyl29ci+6gATwMpifI+y0E
7iQcI3+/yw/4OQFdwWAwYIfkN4Xf1OkX8otv/Kj0/mbwu185T/570T8p+c3huy2+RP4Aq33Ctwbt
QHvQ8qC0bwR/Vvs/yZ+ZfQTdwTzQLENw2C+S/x78lVkl5OsDTiq9vwX8HZPLyT/ZkAv/LH6PgRow
OF/aN4Z/9kUl+fe3F6A7mAY6/4bfwzck34T7Jz8nv71rkdL7W3L/wa/Jd71zQ8lvxf1vNat764fH
/YPf16AerAEt7kr7rbn/0lbkb7Z9gO5gX7AUzK2VfFPub92O/Py8f5Xe34b7n+5E/vOQF0r++9x/
RnfybYwb0R00BS1ATbMVb8n//0Jb7v/Gnvzxae+tED/nYBZYw//cfMW77zPj/gYn8mM826xQeb85
9x+lIX/PIwvhV4E1oEcHwRIrab8d9787kvxra63F53owCTTqIpjnIPntub/uE/Kb9rNTer8F9+85
gXzHy32U/A7cP38K+dMXfiz8CDAK1IK6QdJ+R+4/Zwb58WZDxecWoDUYCTp7Sv4H3N8klPyjR0Yp
vd+S++/9gvyySeOU/E7c3+sr8tvWTBR+HdhkEvqB1b7SvhX3r9KSP2zjNPF5CmgAfT4TNA2T/M7c
f52O/Lkus5Teb839HfXkb7oRpuR34f6FP5B/LioCvUEdGLUIX4cV0n5X7h+xhfwnnaKU7nfj/uY7
ybfOXqHk23D/jH3kewZ8K/wgMAwMB/300n537u+XQf6ShgR8vl7QBNSA1Vslvwf3rz1J/s7tm5Te
b8v9N50lv2jkduG7gh7gYdA5Tdq34/6DfiO/oXS30v2e3L+4iHyHuAPoDurBNDAoW9rvxf2ji8mf
antU6X5v7m9VSr4uL0f4BWARaHca9/OkfXvun/2A/CMheUr3P+T+gU/Iv93iIrqDZqAFmHhT2nfg
/o0vyG+d9ofS/T7cP7WRfI3nX8L3Bv3AAtDsjrTfl/u7tnj11g95VIa/X2ANGHAXv3+eSn4/7n+n
Dfkb1j5Ser8j94/rQP6Zvs+E7wRqwHAwt17a78/9bbuQX3npldJ9J+6fZ0e+5cKmseLvFxgFbgU1
bWPf3f+I+4f2JX+MWctYlfsDuL+xM/mLj5gJPwvMAS3NBcM6Sfsfc/+0oeSnTrJUuu/M/T1Hk3/x
eTfh14D1oNZG0MdR2h/I/R+NI/9VUm+l+y7cf+0k8nu59FfyB3H/vp+R73vDRfjFYClYDhYMkfY1
3P/SLPJjo0bgvxfUgVvBek/JH8z9F84l/0CnsUrvH8L9zRaRf+vUeHQH88BisGKStD+U+x+JIt84
YLL4PAgMAw1g1GzJH8b9J8WS79wQoPT+4dz/+bfkz9oejHtgGqgJEbSJkPZHcP+k9eQnjAxXuj+S
+w9MJj+79Ev0BqtA10h8/VZK+67c//p28itWLlW678b9o34mv4PtKuHbgX3BdNBZL+2P4v6dDpLv
lrdG6f5o7n/qKPkLQjagOxgB6sAAg7Tvzv2nnyZ/S4sfle6P4f71eeQX7NmB7v+n3OzjajDfODyE
UMprZ5yRxMKZNQ6LJXkthCIvUd4KIWkWmoUiqTRaGpmQKfJaJoSMaITDYmmN5LDGYRkRQvj93M/3
/nw8fz5/XZ/t2XXfd12n+GdgFmjxM36PZUjzB3P/zQbyn7nvEu8eoDeYBoYekXw37u9SRL7dgyyl
+925/60b5I9cnaPkD+H+kX+TH647JXxH0Al0Bt3zpflDub/dv+TvunROvBeCJaBjgWDENckfxv3P
PCG/OPh3pfs9uH/AK/LrWP8p/OagFkwAvY3S/OHcv27tV+99xwNlSvtHcP8dDcj3G3UXe0BfMAAs
fCrNH8n93ZqQH/f0odJ+T+5v0pB/JOmZ8JPBVND2Of78eCPN9+L+cbbkl/d4o7R/FPfv4kB+kz/N
IkV30AiWg1FNIz+cP5r7Gz4n3yXMIlJlvzf3n/sl+XM+bi58LWgPpoKFGmn+GO7fuC/5G461Fu+5
YD5YBYZ3kvyx3D9zMPn5E9sr3T+O+3uOIL+ypjP8LoLmYA5YoJfmj+f+lWPIb7Olm9J+H+6/zo/8
YX17C98VdAcDQGt3af4E7q+fTn6YsZ/S/onc/1oQ+emRQ/A5AePBElDjJc335f4LQ8m/aueltN+P
+9uEk//uzHh0Bw1gko+gw0xp/iTun7OCfN30KUr7J3N/n9Xk+9QLVPKncP9XieRH75wn/AwwC9SE
CJYukeZP5f4pP5F/0H2R0v5p3L/Pz+Qb7y9V8v25f9ku8i1XR6M7mAQmgxGx0vwA7r/sAPm9dWvE
uyPoBHqAjzdJ/nTub3uU/JmXflS6fwb3zztFflLwZuGHgGFgPliSLs2fyf2nFZCfZ5WutD+Q+9cp
JP9h1l7hZ4O54JR9ggOPS/Nncf/0P8lvNSpbaf9s7j/4FvluT48r+XO4/7275IcmnUFvMBXU5+P7
eUWaH8T9Y/4jf1uPi0r753L/Ts/Jv1x8FZ1AI5j2B+aWSfODuf+FN+S/XnRdaf887j+n7uv3vsPH
d/DnF2gPOoLlj6T5IdzfwpL8McfuK+3/mvvvb07+8omVwvcFA0Aj6P1Kmj+f+4/Ukp9ZU620/xvu
/7g9+aWbP1ouuoMZYDYY1nj5h/NDuf8PXchv0Nd8ucr+Bdy/W3fyexqthF8OVoAe1oLeLaX5C7n/
H73J94+0Ee9RYDxoAhM6SP4i7h/an/wEu7ZK94dx/xZDyT9xpqOS/y33P+JF/oOArsIPBEPAUDC+
mzR/Mfcf70O+Tb2e4t0ctAZLwIqBkv8d9385hfwBO/so3R/O/X8KJD/EfZCSv4T7fxVC/ub7HrgT
rAKrQeMIaf5S7l+6iPwLcd74PoFJoPMYwZppkr+M+y9ZRv6LLr5K90dw/zaryLe/5K/kR3L/U2vI
9wqeg+5gGKgLEtQvluYv5/5T15O/1Oobpf0ruH/tLeTvyVqs5Edx/+3p5Jd4LcfPKegLloPWq6T5
K7n/wH3k130ai+5gDaiLE8zdIPnR3P+fbPK7Jf2gdP8q7h+dS/7kHhuF7wS6gkZQs12aH8P9P80n
P744VWl/LPc/f5H8o4sy0B2MADNA58PS/DjuP/sP8u9qspT2r+b+jW6Q3+zYEXyfwXzQPgddT0rz
47n/3jvku048qbT/e+4//AH5QTVn4Z/D7zHQAgwskuav4f7/VZK/cfNlpf1ruf/al+SfdSlGd9Ad
NIDaUml+Avd3rFXz3n966yY+L6AJDCrD9/Vfyf+B+181J9828h+l+xO5/zfW5A+3e4heoA48BY5/
Ic1fx/2ba8hffKZKaX8S9z/UlvydATXoBIaAMaB9wxUfzv+R+4/9lPyiumYrVPav5/4vupJfa2cj
4WeAWaCZBeY2l+Zv4P7JPcnv6t5MaX8y9+/lQv7E+62EXwFWgamtwU7S/I3c/8Yg8mPi7JT2/8T9
w4eTf6hLZyV/E/f/ZAz5dwxfCL8QLAHDuwnqXaX5Kdz/V1/yrYJ7Ke3fzP0nB5DvbNVPyd/C/f//
m+O9PyvLXfjZYC5oO0RwoIc0fyv33/YN+eu9PMW7N+gLBoC2kyQ/lfv3/47800/GKd2/jfuXLyf/
0brJwk8CU0AjGBMozf+Z+6+MI1/bY6bS/u3cv2Mi+UOKg9EdNIIVYEi4ND+N+5/bSP7CRQuV9qdz
/8Bt5G/XLBW+FrQH88GgKGn+Du7fYBf5hUdXojuYDzpG4+tYJ/k7uf/uLPLfTPhe6f4M7j8sh/zO
NUlK/i7u//Ak+eM2p+D3BJgB7gWzUqX5u7n/mnPkR7mkiXdX0B1MBn1/kfw93P/z38k/cGuP0v17
uX9hMfllEQeFHwXGg9pswdJcaf4+7v91GfmN7I4r7d/P/ZveJd/pzGl0Bw1gKf9zoTQ/k/sffEj+
9IALSvuzuL/3M/IT615V8g9w/+c15J/c8Re6g1lgNuh6R5r/C/ffYPbmvV/hdltp/0Hu72RBvua+
CT8nYBVYDTpWSfOzuf9fzcgfFPdYaf8h7r+4Nfnzu1QLXwfqwRIwpV7Uh/MPc//W7cnfanintP8I
98/tTL5hbv0oFT+H+/t1I/9lYyvhW4Ma0Bvc21Saf5T7v+tFfsesluI9G8wFTWCMveQf4/6p/cgf
7dVG6f7j3L/fEPIjnnQQfhVYA47viPu7SvNzuf8dT/L3rftMaf8J7r9iPPnX9T2E7wS6gu5gdX9p
/q/c334K+fWLnZX2n+T+v80kX79ooPDDwAjQfBDmDpPmn+L+M+aRP1XjId61oD2YBIZOkPw87m++
iPw1R0cr3X+a++9aSv7xCROV/DPcf2g0+abX09AdNPPH1w82nynNz+f+/35PfovNs8V7KpgBOs7B
5zhM8n/j/vE/kt/fZb7S/We5/2ebyQ++9a2Sf477X04jf1NEpPCjwHgwATSPluYXcP95e8kvaBeL
7qAOHA86rJf889y/STb5z04nKN1/gfv/cpx8u4Bk4QeCIaDFRnyet0jzL3L/0WfIH1k3FV8naA0m
gLr9km/g/lUXyA/fsVPp/kvc/8er5O9yy1TyL3P/ntfJLzYdFn4FWAVWg3uPSfN/5/5/3ia/Ttyv
6A4mgTmgr0HyC7l/2H3yHbucVbr/CvdvVUm+n+GS8At+x89fYRT+3iKYVkzk/3/hKvc/Xk1+3Nxr
Svv/4P6+H7197x9pfBPdQQ2oBQ0PpPlF3P9NffLLM8uV9l/j/lusyG/iVYE/L0FfMAOMeCLNL+b+
fW3Id3nyFN3BGjC/SjCr9soP/T+5v7EN+XPWvVa6v4T7R3Ykf4O+zkoV/y/u374r+fnXGgq/BDSC
gY0Eo5pI869z//we5FcubKq0/wb3n96H/DaaVsLXgvagA1jaUZpfyv3rDSJ/2NF2Svtvcv+dHuSH
TegkfF8wAAwEPbpI88u4v7s3+emvHcV7DWj2haA1mOYi+be4//2J5F9NcVK638j94/zJf9fHVcm/
zf11c8jX3XJDd9AEJrjj+zBWmn+H+1+aT75PxEil/X9z/+DF5Ee3G6fkl3N/q+XkHzw9Sfj5oAEs
BEP8pfn/cP+sWPKN/jPQHQwC9TMFq0Ml/y739/qBfMu6wUr33+P+T5LJ771jgZJv4v7rUsmf6bZE
+O6gJ+jN/36ZNP8+9++RQX6SKUq8V4BVoPlKwYxEyX/A/Yszyc+LjVe6/1/uv+gI+Q87JwlfB+rB
CDB7kzS/gvtrTpLfyoD3QrAELAUjtkr+Q+5/9Cz5bnO343MChoERzEzJ/4/7T7hMfmjjPUpf/yPu
//oa+dsyfxF+FpgD5oPNc6T5j7l/yk3yL3seQ2/QF8wAQwokv5L7u/xD/uvKPKX7n3D/WxXkO6w7
r+Q/5f4RVeSP0V8RvhPoCppdxdd1TZpfxf3b1ZC//FoJuoNGcMpf8O5J/jPuf7rOu/d+5kKj0v3P
ub9/I/JLbUxK/gvub9aM/AZHHwk/F8wHC8CcSml+NfdPb0V+zwkv0B0MAGNAbd3oD/2X3N/Njnz/
12+V7n/F/U2dyE9IqSfmp4IZYDVospT2v+b+sV+Qf6JPY/HuCrqDZlaCBq3k13D/zr3If1DWIlrl
/jfc/6Ir+TYRnyj5b7l/kDv5A9p1EL49qAMdwYpO0vx33N/Sk/yQ0zrxng8aQM/PBLVfyffVF7i9
fxz5m/31SvfXgl/LczL5F8yclfza8NtVziD/RfoAdAezwGzQerA0vw78fonB5Nu7DUN30BNMBh18
JN8M/tTuC8n3Mo1Sur8u/MiiJeQvjZ0g/HgwCfxoomDYNGl+PfjbFqwkf0/naUr768PPa/k9+SUX
Z6E7WAQGzBYsWSTNN+f+R5LIrzv3a6X9Dbi/Twr53Rp/i06gBiwC9y6T5jfk/q+2kz85MwLdwRzw
o0jMWSP5jbj/pj3kx3vGKN1vwf2dD5J/tHKtkm/J/W8eI/9u4gZ0B1NA72R8rjdJ8xtz/6WnyW+m
3yrenUBXMBl03Cf5Vty/7QXyXa/tULrfmvufukL+3IX78TkFI0DzTPQ7Is1vwv2n/UX+RpvDSvub
cv86t8k/m3NC+LlgPmgAPS9K85tx/zQT+U99flPa35z7D3pMvu1rg/BrQLNLguGgfZE0vwX3v/uC
/OEpeE8FM8C9oMNNyW/J/Ve9I39xn1Kl+224v0P9j2z/7+8s+1v4RtAEVoO2j6T5Gu5/vjH5Rcv+
Vdr/Mfef05L8Wu2e4vsE6sAQUFtr1YfzW3F/izbkdz39Sml/a+6/rwP5E/1ri/kBYBCorSMYYyXt
13L/EZ+RH2PWcJXK/k+4/yM9+YfSmwg/A8wCrZsK2reV5rfh/gnO5N8Z/LHS/rbc/4uB5FuZbIVf
AVaBzu0E4x2k+bbc/+ow8p1jHZT2t+P+oaPJn9XZUfg6UA8OBGv6SPPtuH+LieSvv/il0v723P/w
NPJPB/UVfggYBj4GzQZJ8+25/7jZ5D+ydEMvUAMOBAu8Jb8D96/+mnxt5gil+zty/43fkj/Ec6zw
vUFfsAC0mCrN/5T7944kf2Gln9J+B+5/I4b87YnThZ8EpoBpoOs30vxO3H9JAvmF3ecq7e/M/dsk
k/+mKFT4JaARHL9A0HyJNL8L9z+5lfzOC8OV9uu4/5Sd5I+ziUJ30BZ0ALN+kOZ/xv1rZZIflbNa
aX9X7v/zYfIP+KxDdzAA1Cbhc7BRmv859x/wK/llr37Czxlotgk/B6Bul+Q7cv/y38hvlPKz0v1f
cP/oS+Q79dmt5Hfj/p9eI3962QF0B01gBZhwSJrfnfsXlJKfuOyoeI8AY8BToO85yddz/1nl5J+0
zVO6vwf3b1hBfkVegfDzQQMYcB73X5Hm9+T+e56Sr/EvVNr/Jff3eE3+ILMS/JyA1qAGDPpHmu/E
/R/WrvXen59+S2l/L+6/tiH5WwffE7476AkWgaaH0vze3N+xKfmGe//hvwMfg86P8PmvkfyvuP+V
j8l/GfNc6X5n7j+/HfkdO79V8vtw/2adyB99sW6M6A4WgSVgeYOYD+e7cP9sR/IjgizFewgYBqaB
3q0lvy/3H+NE/j7LFjEq97ty/+d9yb++X6vk9+P+yW7k1/e0x52gLzgFdO8oze/P/XuNJF9f2UW8
V4E1oIUO34dekj+A+18fS/7UxO5K9w/k/t9NIn9N96+ErwedwebO6NJfmj+I+2tnkH+8CO8loBEs
B0s9JX8w9z8xl3zTgqFK97tx/0kLyG9hM0r4GtAWTAOT/KT57tz/XTj5/XN8lPYP4f7bosgP9pmK
7mAAmA16zJPmD+X+/ePJ3/QqUGn/MO7/9zryCzaFKPke3D9qE/nPnMOE7wq6gx5g9mJp/nDu32E7
+XZly9AdNIFREYID10j+CO5/djf5I5etUrp/JPef+Qv54bZrlXxP7m9+jPxdeeuFnw8awEIw6idp
vhf3351HfvG0LegOBoGhoHa35I/i/sPOk1/HbIfS/aO5f0Uh+Y7p+4SfAWaBOaD2kDTfm/t/X0K+
3+BDSvvHcP+uRvLj7uWiO/gYNJzA74Xz0vyx3P/3e+QficlX2j+O+4c8Ir+8k0H4OlAPOoHay9L8
8dy/yQvym1z8A/eCRaARDL0t+T7c/+Bb8l2CbijdP4H7e9er/d6fY/m38K1BDZgKGh5I8ydy/2eW
5Cfvf6C035f7r29Bfv7IJ8L3BMeDvqDpnTTfj/t/+Qn5lY9fKu2fxP1L7Mlvk1grVvyeBlNA29qC
gfVjP5w/mft/qyN/WPcG4l0POoNZYICN5E/h/q305IcVWceq3D+V++d+RX76Ao2SP437+w0g/2pL
W+FrQFswAQxrL8335/5vh5L/7sin4j0HPAXWgAk9JD+A+28dRb7O53Ol+6dzf9cJ5Pu86ol9oNmX
giGgqa80fwb3vz2V/OhNLkr7Z3L/5bPIP+g8WPiuoDvoAZ4aLc0P5P7tvybfeHO40v5Z3P+3MPIt
l40RfgQYA+rHYq6vNH82958RQX5vWz/xbg/qwFDQc47kz+H+9WPIn5kXoHR/EPfPWEt+0rQgJX8u
9x+ygfy8OqHoDlqA1mDzMGl+MPd/sIX8/9K+E+8ZYBZoHi64N1by53H/1TvIbzV4hdL9Idxf9z/K
zT0sB7OP41HmUM4hp8QaD2tWxJJYCJkiEzKnIrMUazwI1WLJI+GJUORYTitkRIge56QZiYUHsSTW
KqdVZN7L7/7+rsv913vdf30u7/N+vr9bn9I/73uA/KFPovF9ClaAwSsFneKk/Z+4/9V08rW6tUr3
53D/H0+Rv6PrJnQHHUE3sN1eaX8u929ygfyrOTuU7mu5/6Fc8t8G7lPy53H/b/PJ1zQ8hN6gFZgP
ZmZJ+/O5/8u75I85kKF0fwH3j/uL/KUjDUp+CPfv9Tf5BysuCf8VWANqswXjc6X9hdz/zxfkG2P/
wO8vMBE0gO73JH8R9w95Q379nn8qvX8x929d2/SD3zv/vvALwEKwyQPBoBJpP5T7n6hP/rR5xUr3
w7j/hKbk61uWoTtoA5aA22uk/XDuX2NF/qljr5Xu/8z9t9iQ/8znnZIfwf37a8hv9cYsWnQHzeoI
1gMzzaM/3l/C/Qu/JH/QZotolftLuf+Sr8gPdrEUvivoDnqAMR2k/V+4f6evyd9yr63S/Ujuf24I
+Tnhnwo/AtSBtraCyQ7S/jLu7z+C/MoOnyvdj+L+dcaSb3umh5K/nPvvnkT+qKnOwvcHg8BQ0KOf
tK/j/kOnkx9uOhDdQQvQCkwbKfkruP/TIPJTkocpvT+a+0dryS8YPArdQS8wF/QfL+2v5P6fh5Jf
54mP0v0Y7p/7C/k9dL74PgPjQFs/wdLZ0v4q7j9rJflTuv6gdH8192+0jvyYnB+V/DXc/+Am8o8H
LkB3UAvahaBjFJH/9/d67u+1k/xii5+V7sdy/xf7yG9+IErJX8v91x0i33XkanQHfcCJYFWstL+O
+zseJ39WxXrx+SuwBrTYIGhMkvw47n/TQH5C7Bal96/n/vOzyb/YY5fwHUEX0ACW7pf2N3D/VtfI
f3kjVen+Ru6f8Sf5NvOOCD8EjAAjQfez0n489x//gHzPlplK9xO4/9ti8hcdOyf8DNAAep1Hxxxp
fxP3Tywjf4/PFfz3QH8wAwy9LfmbuX+/f8nPr85Ten8i97//jvxam+8IPxFMBifeRddiaX8L9/+5
jtkHv7vLI6X7W7m/TUPyJ9x7KvxCsAR0eoZ/l6uk/W3c/4wl+brw50r3t3P/qe3IT+9QreTv4P5m
tuQ/MpisJP88mAteAzNqr/x4fyf33/U5+Y2n1hOf+4NBoI7/3FLyk7j/kJ7ku5g2Wany/mTu/8SZ
/IDkVkr+Lu6vG0j+hsEdhO8OeoHtbATNukv7u7l/12/IP1fcWen+Hu6fM4r88uXdlfy93D9wPPnt
uvYWvh3oCDqB3n2l/X3cv6Ef+cNy+qE7mA+69xe08JD8X7n/gR/Inx84WOn9Kdx/ZDD5SRaeSn4q
969YQP61/d7CTwMzQAPoMU7a38/9Y38m/92IiegO+oDBoP1MyT/A/XssJ79bxTSl9x/k/jdWkz8u
NlD4cWAiaARd5kr7adxfu4H8yB5zle4f4v4tt5J/6MYidAeNoO9i/FyvkPZ/4/7HdpF/X7tU6f5h
7u+zn3zzltFK/hHuX32EfKdjsegOGkDLtfh3bJu0n879N2WSP90nQen+Ue7f9zz5a6u3K/nHuL/x
CvlZm/aiO5gMZoB7U6T9DO4fdoP80r5p+D4B3UAfcOJpyT/O/TvcJb/1vWNK7z/B/Q2PyB8cnqXk
n+T+fs/In9PhkvBtQA1oB77KkfYzuX/tF+RvM1zF7y8wFzT5Q1B7V/JPcf+kavJz/W4pvf8093er
VeeDX137Pn5PgBZgPnjkL2k/i/s/rkd+5+TH6AymgZpiwaqXkm/g/lFNyB89+B+l95/h/hor8iOK
Xyn5Z7n/5Q7k719eg9/3oB4sBe1MYj7eP8f9Z3Yh/47GTHxuBzqCE0GbZpJ/nvubf0l+3RzzGJX3
X+D+qb3JdwxsLvwgUAvaWArGt5P2L3J/z/7k+1m0Vbp/ifuXDSZ/9f5Owk8DM8BMUGcv7Wdz/zWe
5J8c0U3p/mXu7zCG/JJyB+FXgFWgrodghJO0n8P98yaS3yK2j/g8DkwE88HMoZJ/hfvP9Sd/YI8B
Su/P5f6WQeTPvuGOe6ARDB0mGOIt7f/O/dPnkr9Z66V0/yr3H7uY/OwWPsK3Am3AIFDzvbT/B/ev
XEr+66NTlO5f4/7x0eR38pmBnxfQHywBM4Ol/evc33kt+SOrZyvdz+P+dxPID900H93BZDAT1EdK
+ze4f+gO8vf1DVe6n8/92+8j/5ZxmfALwRJQF4V/V1ZJ+ze5/+k08k3D8XkEqAPdVgt6JEr+Le4/
JYN8+w7rld7/J/c3MZA/yZCo5Bdw/x2XyI/2S0Z3MAjUgrp90v5t7j/oD/KP1U4Vn5uBFmAk6HVC
8u9w/6Jb5BclHVZ6/13uv+w++U0Hn1Tyjdy/czH5/YvPojtYAb4CYy5I+/e4/6V/yA9cnoOvE6gH
E0GfAsm/z/1/eE1+vCZP6f0PuH/9d+Sfv3xb+LlgPtjkjmDwQ2m/kPv/avbJB//5zIdK9x9yfw8L
8q0tnuIeaAW2Awv/lfYfcf9/mpM/fH+F0v2/uP/qtuSHjKjC9xnoA9pW4/fiO2m/iPt/+Sn5u8rf
oztYBbqbrBJ/brjqY/8x97/Wjfw8fd1VKu8v5v4/9SD/vUNj4TuCLmAG6NFG2n/C/Zs5k293o6XS
/RLuf3gA+eO11sIPASPAXP6znbT/lPuPGUZ+VIvOSvefcf9/vcg/fPQLJf9v7r/Rh/zCcb2E7wP6
gv78n/eR9ku5v5Mv+Q2rXcTnNaBZP/z9QeMwyf+H+9+eQb7zJjel95dx/0U/kj+jrwe6g25gKpg4
Stov5/5tF5AfZxwtPi8ES8A4b8HtUyW/gvtnhpN/JmyC0vufc//JUeSXWU9T8l9w//eryG9jmCn8
82AuaB+IjrOl/Zfcf/t68of6zcF/DwwCtaBrhOS/4v4DtpCvrb1I6f2vuf+jZPJ3JC0RfjKYCr4C
I6Kl/X+5/y+p5F91W6F0v5L72x4h/+1jPbqDFeAPsYLB26T9Ku5/4ST5muXxSveruf+Mc+SP0WxX
8t9w/3pXyF96eQ+6g/mgy170Oyrtv+X++/LIPzjzoNL9Gu7/zR3yjebHlPx33P/vh+TX339a+Glg
BmgAS85K+/9x/5in5PcecVF87gX6gPUu4euSL/nvuf8Xz8mfVv670vtN6gk8vFpFvl5/U8mvBb9W
sEndD/4ph3v4/QW6gK6g5oG0Xxt+x6b1yH+WV4TuoBGsAINeSL4p/AG/NSa/lbZU6f1m8P1GtyLf
rcUr4VuBNqA/aPlW2q8Df8kra/KDj+LzDNAAxtTg/Q1Wf+x/An/H+s7kbxlnulrl/XXhn+ndnfyc
qgZKfj3u/2cv8isTmgk/EUwGU8FrraT9+tx/YT/ybfu2EZ+7gG6gAdRrJL8B928zmPxRxo5K7zfn
/ic9yA8P66rkW3D/id7kp1g7CN8G1IB2YGZPab8h9383gfyCLCf8fcFssACMHyL5jbj/1mnk1/Fz
VXp/Y+7/dSD5PWq7C98MtAC3gwUjpf0m3L9wDvlTkkYq3W/K/ZcuIj/GbZzw3UEv0Bs0mS7tN+P+
ny4l//jjyUr3m3P/8yvIL476Xvg6UA9azRB0DJL2Lbn/9Fjym2tmozfoCGaDmaGS34L7f5JAvuvl
eUrvb8n992wnf9bMMCW/Ffd330t+gvkydActQQ1oo5P2rbj/04PkX0yNEZ+ngRlgLhixSfJbc/+V
x8h/6Rmn9P423N8ui3yb8s3CrwCrwOxE9EiW9tty/98vku+pT1K63477z75K/iKHFNwBXUAjmH9c
2m/P/RvfIn9P3m9K9625f9o98vPnnlDyO3D/UY/Jr9XiLL7fQRswHvS9Ju3bcP8XpeR3P3pZ6X5H
7h/3ivwJ464r+Z24f68a8nVVBcKvAc1uCwaB8UZp/1Puf8u03gc/PaEQv7/AZNDloWBpmeTbcv8F
5uQ/ci5Rev9n3N+qOfmNjeVKfmfuf7wN+S5hlfg5A3VgDJj8Vtrvwv2/60R+gPV7dAc1YD5oZrHm
Y1/D/d92JX9D1idrVN7flftvcSD/nG8j4fuDQWAo6GQp7Xfj/v37kF9eq6X43Ay0AN1AW1vJ/5z7
P3Alv11Se6X323H/CHfyh7l9Jnx30AssBK/ZS/tfcP+OXuTPf2yndL879z87jvykKEfh60A9WACm
DpT2v+T+06aQf62Li9J9e+5vNoP8d9mDhJ8L5oPeboKWntK+A/ffPZv8bjOHK93vwf2Hzid/nPlo
dActwfNgop+035P7l4SRH5n6ndJ9R+6/Yhn5hzynKvm9uH+3VeTfLwsQfgVYBdaAkXOk/d7c/0oc
+eb6n5Tuf8X9gxLJd3JYKHxH0AV0BUMipX0n7t8wmfzpeRFK9/tw/4Mp5K+dqxO+FgwF00D9Bmnf
mft7HSY/y1KvdL8v939+gvzS9I3CzwANoGs8/v1JkvZduP/as+S3HrdN6X4/7t8zh/zBVbvRGzTb
gw6g4Yi035/7518nf07CAaX7X3P/ebfJ3+Z8FPdANzANzMiS9l25f8uH5OfePaV0fwD3zyghvzr0
gvAjQB2YCEbekPYHcv/xFeR3tv5d6f4g7v+mkvzRWfn4OoPZoONNwRijtO/G/Te/Jz/C16h0fzD3
d6lb/4O/v1YRuoMWoBVY+lzaH8L97zUi/87Ov5XuD+X+4S3Jr+v2Er+/QC+wBLSplvbduX8Ha/Id
H79Ruj+M+5/5jHy/qNp60R3Ug96mgjZN9R/vf8P9p35B/uouDfQq94dzf9Ne5J/Mbqrke3D/ZBfy
SwJaCz8I1IJxoHsXad+T+w92I7+FeUel+yO4f/Fw8gemaoSfBmaAZl0FfRyk/ZHcf/lo8n/0tFe6
78X9NRPI31z2lfArwCowwknQaYi0P4r750wlP3vN10r3v+X+gTPJf20/VMkfzf0t5pDfKW+E8PNB
I+g9UtBukrTvzf33LyR/5NyxSvfHcP8RS8gPtZys5I/l/uU68velT0d30ADmghUBRP7/b4zj/no9
+bfGzsL3CegL7gW9F0vv8+H+DvHkm1Zpld4/nvvf2Ea+fUKo8BPBZNAiDD//UdL+d9xfu4f8Sc6R
SvcncP8WB8mPvrsS3cEisApMTJD2J3L/o0fJPxa6Tun+JO4/7jT5Re034+8JasBC5k5pfzL3r7pA
ftOsnUr3p3D/hN/J7+/7q/D9wSAwGNRkSPu+3N/5JvmBtX5Tuu/H/Y1G8uN3Hkd3MBXUnECXM9L+
VO4fVkT+hUFnlO5P4/7WpeQ/L8oWfglYAdaAyTelfX/un/WSfOuoa0r3p3N/37fkD+9SgL8vaA86
gTb3pP3vuX8t0wYf/JDsB/h5B/NBk0LBglLJn8H9dzYgf1fAE6X3/8D9BzUjP69BOX5eQUvQF3R8
Le0HcP/Hrcl/n/IvuoNHwJhK/B6pE/uxP5P7R3Uk387zP6X3B3L/Ll3JH18m7/8/P4j7Z9uTH7Wm
ofD1YDxo10hwYlNpfxb3D3Ai/7B9C/G5I+gC+oAmn0r+bO7fwJX8wuvtlN7/I/dPGUp+w7m2wteC
oWAm//kLaT+Y+3uMJN/Z0k7p/k/cv2ws+TPSewo/AzSA+WDaAGl/DvdfM5n8uLF9le7P5f7235N/
pnKg8KtAk0H4+oOFw6R9Lfe/Pov8svhvlO7P4/5z5pHfxvlbdAfdQHewaoq0P5/7Nw8jf+jd8Ur3
F3D/I5Hka0P9hB8B6kCzqfj6T5f2Q7j/mBjyd7QPEJ/bgBqwAkxbIPkLuX/lOvKvng5Wev8i7h+/
mfy3U0KU/MXcv08S+ZpaEfj7ghagJVi1RNoP5f53fiV/zM7l4vNkMBXMALXrJT+M+y/+jfylg9Yo
vT+c+7c7Qf7Bog3CLwErwJCNeMd2af9n7n/qDPnGZVuV7kdw/8mXya/fZTe6g/agC2g4LO0v4f4m
18nvnb1f6f5S7r+jgPxpAenCDwK1oOtRvOeEtP8L9x9YSL6+wSl0By1BHehzRfIjuf9fT8g/lXJe
6f3LuH9kOfnPPHKV/Cju/1kl+a3KbqA7WAXWMG9K+8u5/8X/yHdbcxe/v8B4cC848ank67j/jE/M
P/jB9n8pvX8F96/fiPwt15/h33vQCAb/jX8/Xkj70dz/1xbk58x5oXR/Jfcf3p78yuZv0B1sB9qA
JXXXfrwfw/1Lbcm3Ta+1VuX+Ku6/yo78UWPrC98H9AWLwMSm0v5q7t/dkfzwyiZK99dw/z/6kp8S
b4U7YDLo01rQpYu0r+f+wYPIL+hjo3Q/lvs3G05+nbtdlPy13P/wt+T3CP1S+BGgDkwE3fpJ++u4
v/d35E9p/5XS/Tju/9qP/JjT/YVvALPBoK8FzYZK++u5/4YA8o9PGaJ0fwP3/+on8otNRuAOaAE2
AeMmSPsbuX9BCPnNd45Ruh/P/RdGkO86aBK+zqAHWG+yoOZ7aT+B+7fVkT+ryF/p/ibun7mG/E3L
gtAd1IPxoNMiaX8z95+0kfyLnbVK9xO5/39byX95abGSv4X7b9tNvk3AL/h+AbXgeTAmVtrfyv1d
D5Dv2WCl0v1t3P9hOvmLUtYKPxU8Av6PenOPqgF993jGrUYo5b6ZNKEh2UiliYnJPfeQcSmUQpSU
CaEhhDQhtRGKEDJuG1GRW2IMGw0xjSExDTEh5Nrheb/PWt6zzjq/9a51/jn985nd6/O8z96f3d5/
jXaNYNoGaX4y91+YTf4Oj/VK96dwf5uz5Oc/ThF+GVgBhm8RjNgnzd/C/c9eJL/KzzuV7t/K/Sfl
k2+v3a/kp3L/moXkj76SIfx8sBA0PYrP8Vxp/jbun3aP/OiQHKX7t3P/vo/IP2SRp+Tv4P4Pn5Ff
pL8s/AwwB8wDS69J89O4/4o35NcdcQPfF6APmAYG35f8ndy/3Remn3zXV7eV9t/F/S+ZkD9Z90DJ
3839g8zJT+jyBN9zoDvoATqUSfPTub9ZY/JP33qB7mAxWAbqqq753N/D/fdbkV82973S/r9w/6G2
5GuaVRfzrUBbMBlMM5Xu38v9n7cnv+9xnOeAeeBFMM5M8vdx/3gn8md5W4pzHzAAtK0v6NVC8vdz
f8fvyN9qpFmj8vwPcP8bvcg3pHwt/FQwHcwBS22l+Qe5f/hA8t/3aCvO3UEPMA/UdZF8PfdvPIL8
NsUdlfY/xP2PjSV/5GIXJf8w9x/tR35Uqx54vUEtqAOTekrzj3D/d4Hk7z/XF88XNIA+/dDTS/Iz
uP/GUPJvBwxR2v8o9/8ugvxaX45S8o9x/zuLyHfe7YPuoB7MAgt9pfmZ3P+nFeT7eQSI88GgF2g2
Ga9DmORncX/rNeSvfhyktH829z+9nvwTsT/i7wzUgR7h2GueNP849/fdQn5p+wXoDjqDFWDxSsk/
wf2r7yK/8ZUlSvvncP/t+8nvGRKr5J/k/n2Okh9ikSB8S1ADWjE3SPNPcf9/csjfrN8ozjPAHNBy
k2DJbsk/zf2X55F/cfg2pf3PcP+2BvJfv0zH6w0a7RGMAJMPS/PPcv+LN8hvpdMr3Z/L/af9Rf6w
LlnCdwXdwULQ84I0/xz3r/M3+ZG3Tivdn8f99z4hf8/cX5X889x/yEvyb2muoTNoCxaDF+9K8y9w
/2fvya95/JbS/b9y/zXVa3/yHbyLlPyL3N+hNvnjjR4KvxpoCuaDhifS/N+4/++W5MemPMX3F5gO
uj8TLKiU/Evcf5aG/Mwer5X2v8z9G9qQX3LPKF7FN3D/jLbk119sLPxoMA7UgW61pPlXuP8Pncjv
0cpMnNuCWrAQLG4u+Ve5/1sX8oPONVTa/xr3T+pB/oaAr5T8fO7ftR/5eSathW8KWoLuoF1naf7v
3P/2EPJf7LJXuv86918winxrD0cl/wb3txpP/qDHXYVfBlaARt0ES7tL8wu4/8kA8iNie6I7qAON
eglmDJP8m9x/YjD5O9sPUNr/FvevFk7+dYOnkv8H99+2gPyqIWOEHwpGgJFg4DhpfiH377WUfK2F
L7qDGtAKNAqR/D+5/9+x5I/VT1Xa/zb3j04gf/nwmcL3An3AM2DcHGn+X9z/m03kH3mJ8wr+d3MF
74BZyyT/Dve/sI384sSFSvvf5f6Be8g377JcyS/i/rUPkd/t1ip8XoDFYClolijNv8f9f8kif+rc
degORoE+6/G5lCb5xdx/0BnydZoUpf3vc/+yX8k/m52m5D/g/quukf903D7sCwaAEaDvIWn+39y/
4x/kNzfKEOfVQFMwGnQ7K/kl3P9aEfn9U04o7f8P9w97SH54j3P4vAQ9QF8w8jdp/kPu3+AZ+dvu
XUJ3sBS0uoz3daHkP+L+R16TfzXqutL+pdzfq0qdT35ly9tK/mPu/9qYfLtz94WfBxrAArD8H2n+
E+6/3oz8UQGP8TkFhoJpoO9byf+X+3/biPwlJi+U9i/j/oVfkX9w1zsl/yn3n9+a/Dv9q60V3UFP
0At0q7H28/nPuP9X7cmv/biWOC8DK8Bqpvh9Y8l/zv1zHMl3ibVYq7J/Ofcf3418//ZNlfwX3P+L
XuTHG6yFnw8WgndAn7bS/Jfcf+sA8k/OaKN0/yvu7z6c/Cf1OgrfEtSAOjCrqzS/gvvfH0N+U30X
pftfc/+lvuT3Ht4dvUEfUA/GDZLmv+H+toHkh77so3T/W+5/fib5KYmD8XzBZFA7RDB+tDT/Hfef
Mpf8S85eSve/5/61FpH/9qY3uoPFoJcPekyX5n/g/unLybed6690fyX3H7Ca/OGaIOFbgbZgFugQ
Ls83Ebj7ZB35C7NnKd1fBX6VuBTy946bj+5gABgOusVI87+A36LDTvILKxcr3V8Vfver+8g3SVkp
/FQwHTSKFWwUL82vBn/8zAzyHXusFefuoAeYD2Zslfzq8H+yzCF/4r0kpf1rwE85dI78uKhUJb8m
/JMjLpOf3TId3UEt6Axm7JPmG3P/V9fJf5h7UJzngQbQTQ/vlOSbcP91t8lvGJCptP+X3N/lAfnu
JqeV/Frc/4/H5AfvuoDuoB7MAjMuSvNNuX/EC/I39r+K7qAnaHQNr8cdya/N/Zu9J/9C6U2l/etw
/+PV6n7yX628q+TX5f7epuTbtP8H3UFn0OghvkcrpPlm3N/IkvwhhjKl+825/5am5M+fUaHk1+P+
339N/u56Rgni+wvUgDFgRbWEz+dbcP/iNuQXHKwpzvVgFqg1FjRtIPmW3H9xR/KrD6+boLJ/fe7f
yoX8ji8bKPkNuP+57uR7JzYXvg5MBlNBhxbS/IbcP6Av+THOrcS5K+gOeoJlnSS/Efc3GUL+0Zvt
lPZvzP13e5H/YE5n4Zs5CY4BrZwx143I//9CE+7v4UO+haar0v1Nuf9jf/Ldst2FnwPmgcVgxFBp
vob7xwaRP22ch9L9zbh/+x/JX185DL6noDEYB0aOkuY35/6G+eTnJo9GbzAd1IwRNEyW/K+4/4wl
5D/vPlFpfyvuXy+WfKt7U5T8Ftxfv5b8AVEhwo8G48B0MClMmm/N/YdvJH9Oyzni3BbUgoNBTbTk
f839X6aSvyP3J6X9bbh/Yjr5+f7LhB8ABoOuywUvrpLmt+T+znryq5isUrq/Ffe/mUm+/S4dXi9Q
D54BU7dL81tz/zmnyR/dP1npflvu3/RX8qNLd+BzAqwAvdIE+/wizf+G+2dfJf/Qyr3oDupAy32C
77Ilvw33H3eL/CL7I0r7t+X+lXfJr2s4ruTbcf/kf8h3nZEr/FAwAowCq12Q5rfj/t2fkj+53iU8
X1ADeoFGhZJvz/2LKshPOPi70v7tuf8iI7NP/mnPP3Ef6ANmga4PpPla7m9jTH7Zi2Kl+ztw/9y6
5GsSS9EdTAYzwJg30vyO3N+/Ifl9ncuV7u/E/Y2/In/WzbdKvgP339mK/K1zqiaK7mAUmAMmmSd+
Pr8z9+9nT76haa1Elfsduf+jzuS/z6qH+8A8MNJC0Ku5NN+J+8d0Jb/NuCZK9ztz/3Y9yR9Z2QK+
taAxqAPTtdL8Ltz/sgf5UcnfKN3vwv2DPcnf372Dkv8t9zcfQ/7tImfhF4OlYDl4x0Wa78r9D0wk
v1aUmziPBuNAHWg3UPK7cv9hU8l3btlHaf9u3L88hHy/3EHoDhpA7WDBRiOl+d9x/7VzyF/tj/MA
MBgMBaP8JN+N+zsuJP+EsbfS/t25f8Ey8kt3TsL7BNSDWn9BhxBpfg/uP3sV+Y37T1e6/3vu32Qd
+b1Kw4RfBlaAgbOwR5Q03537ZyaTH7JyntL9Pbn/mDTyN9svVvJ7cf/3e8m/eDkG3cEC8A7o+rM0
vzf333SE/NfB8egNRoAx/HiL5Pfh/t+dIL9VvSSl/fty/7u55A87uFXJ78f9F14iP9JzNz7nQB/Q
Fyw9KM3vz/2/vk7+nhcHlO734P5n/iT/VsIx/L2DyaBtpmCfXGn+AO7vd5/8ms6nlO4fyP1rPCbf
4eZ54ReCxaDVBbyfb0jzB3H/HeXkj59zRen+wdy/zzvyY5veVPKHcP+HVc0/+ZlZd/D9BeaBFcx7
0vyh3H9FLfJLxpagOxgAhoPFLyR/GPe3syC/fuW/Svt7cv/fmpDfI/mV8FPBdHBMBT5XKqX5w7n/
dGvyg7pXKt0/gvvXbUN+UlENnXieYClYBqZb6j6fP5L77+tAft6iOjqV+724/5Au5L+waSB8W1AL
loB6jTR/FPd/7ka+dW4zcZ4HGsDw5oI2dpL/A/eP70P+IP+WSvuP5v6dB5MfYdxOyR/D/a+PJH/n
Tge8zqAezAL7dJHmj+X+P3qTf72fqzj3AD3BNDCwn+SP4/6N/MmvWvq90v7e3P/odPK1K/sr+T7c
/4dZ5I+1H4buoDPoBmYNl+aP5/7v5pG//PIP6A4WgMVgfIDkT+D+GxeTfyR4gtL+E7l/t5XkF5tP
Eb4lqAGTwbwZ0nxf7v9XPPnmB2co3e/H/SOTyO/mOVv4XqAPWALmLZXmT+L+LVLJn/oiUul+f+5/
ajf5uoRoJT+A+088SP5Zpzh0B93AcNBzkzR/Mvevnkn+04JEpfuncP/tp8hvPmez8CPAKLAC9Nkl
zZ/K/XtfIL9/0x1K9wdy/5Ir5Idn/SL8HDAPdN8LZkvzp3H/ZTfJ3zb2sNL907l/m7vkX/2QreQH
cf9fS8iv3HwW73cwDdwH6s5L84O5f2AZ+Xbdf8PzBD1A00v4e7ol+TO4f50K8kcV5SvtH8L991aS
v2RRIbqDMWA6WHpXmj+T+w+uWe+Tf9CmGN9foBY0gDnPJD+U+z+tQ/6ds4+U9g/j/qsbkF/b/7mS
P4v7d2pOvovxW7zeoCUYCAZ/kOb/yP3zW5Lvv/OLdeL1AvVgFhhptu5zP5z7h7UjP77fl+tU9p/N
/Rt2Jv/kI3Mlfw73z3Al/0lMY+HHgTowidlMmj+X+49yJ7+pfQtxrgWdwULQ2F7yI7j/m/7k975s
q7T/PO6/YRj5ocFa4YeCEWA+qHGU5s/n/q6jyU8xdxbnlqAGdOPHvSR/Aff/cwL5lw58p7R/JPef
P4X8t8N6K/k/cX+rEPJtXwwUfgVoNAivO/huqDR/Ifc/OZv84Qkj0B1MBgvAaF/JX8T9J/xE/kKn
cUr7R3H/qsvI31vgh/cLWAy6TxJsFCTNX8z9U+PIL5w9Ten+Jdy/p458k6Zh6AzagA6g2SJp/lLu
/2Az+Y5ZEUr3R3P/pTvInzg2Svg+YABot1gwfoU0fxn3/2Yv+XEf+DwG3cECMG295C/n/hcOk5+9
eY3S/iu4/9Tj5D9026Dkx3B/01zyGxZtQXewFCznxzuk+Su5/57fyHdftEucR4ExYDoYmCH5sdx/
4O/kz7A5oLT/z9z/30LyN549Kvw80ADaHBMsOS3Nj+P+ccXkX5h0Uun+Vdy/Yyn5r2qeR3fQDMwD
k25I81dz/2vPybfZaVC6fw33D31L/pB+BUp+PPevX9Xikz//0V/oDJaD70DfEmn+Wu5/+Evyd8f8
rXR/AvcfWY/8gnb/4vsLdAbdwNA30vxE7l/RmPzql18q3a/j/utakN8x+APuASPAfWCw6frP56/j
/t9+Q763eY31Kvev5/6FWvJjDtQWvh7MAsPrCDZqJM3fwP3nOZN/dFh9pfuTuH9zN/IflGuEXwEa
NROMAH3aSvM3cv8Tvcm3SLBRun8T9/cZRL6bk52Sv5n7VxlJ/rSCTsIvBIvBElDvJM1P5v5bxpG/
fva3eL5gFGgALftIfgr3d59E/rkm3yvtv4X7359G/vPMfugOngEj+wsGD5bmb+X+S8LItxo7FJ3A
ADAH1PlIfir3bz2P/AEfRintv43750WRP2fzeCV/O/efHEP+DrfJwncHPUAdmBcozd/B/b+MJz//
bjC6g6VgwAxB3wWSn8b9d28gv8qicKX9d3L/AVvJt7eJVPJ3cf8nu8gffXYpnidoAPPBwhXS/N3c
/+cD5EdP+hnPFwwGk0H9BslP5/7aY+QfqpmotP8e7n/lJPlFaZuEnw7qwWIwOlWa/wv3DzlPft1+
29Ed9ATDwTF6yd/L/S2ukO/6aI/S/vu4v76A/Mkxh5T8/dx/xB3yE9plC18LOoNuoOdJaf4B7v/q
b/JPXzqD7mABaHMWnwdXJf8g99f9S35Z0EWl/fXcv8sr8jXm+Ur+Ie5/6wP5fQ/8ge5gFpgDpv8p
zT/M/efWsPzkzxp2D68TOAYsAOOeSv4R7q+pQ/7W8odK+2dw/+z65BvWPlPyj3J/72bkv3d8g+6g
G1gOlhhv+Hz+Me5v1JL8NgVVNqjcn8n9U+zIHznbRMnP4v49HMiPamIufA1oA9qBVg2k+dnc/963
5O/PbCTOs8AzYGRjwcGtJf8494/6nvzbY6yU9j/B/Vv2J7/Wh9ZKfg73zx1KvvPm9sJPBtPAdP59
B2n+Se4f8AP5fm5O4twd9AC9wDJ3yT/F/U0mkL/6bjel/U9z/12TyT+xsJfwo8AY0K63YMUAaX5Q
WGh7/+Aw78nTg0OCJtpPmRk0/T9drfyj/fjj6OBA/Pjz3+mkdeho1KFzx85OTo4Ojk5ORtoOnRwc
tUZW2v/zTf6Hn7CZoeNDrKyMQoKCQv+3f/efzv+f/sy1Dppq7RIaEuZnZ+0XEhIUYu1ibW1nPS3I
1+/jf318Z3x8EBg03vfjg5mhIX7jp316PH6CX6A4xfvm4y8//VMX64Ej+rr37W7V269XUMhEP6uh
/8WuuYDZVL1//JB+Manc+rmW0yDSOPbl7NsUcs21yCWE48ycMzMn5+acMxhmKNfKpUJIyaUUSrlV
hKJcyv1HQvwUSoVKuUS5/NZ613pnzs6o/3qe/v3/z/Ozn3me9+y91ud9136/67YXXbo7VUmXSHk8
lJqumGmpvlhggJ9EkVVJkdJSY7nhRCBEYskKqUfcBCMZ3iB9FPMkApn9POE4KZMUN/EQjCTIjUK6
TFrqQG8slBtNTdfoTdQfC0R8ntw4v/f5vb5gIOwvehKPBsJwp8AdvIknSqhYIJGXmt5AS0sNhElP
II3xJijn94RJCpKqsBRlx7zRHCgivqzke08iL0ofDknt54+FaX6sAtZmzwBvLEA8k/SEI57M3Iyg
N04SEs3Jo7WzskiBW7J0UjkvlBEJ0vclb0sAfzhMaqa7acbz/DH2M56bkemNxQJwr8tKWmp/L02t
RhwEfdFMT2YGuVP4TSAB9VR+G4sMJHcmvxtMCkw3v8nIJnGJ+0B2yKukpksuSbLYZZD6cb/fx8r7
BaIeeAPISAHNG+0BnsxIKBr0J/w+jy83Fghne4iyqemGahTW4N2L5N8/yJ+ZmyD9wBONRIKeeGAw
7QBUmcxIzA9xqF5FPTMrkBUh7ZbYLyjI8gbjpCQUjJBOkvwgGvdEA1G/xx8ewPsyeZIZCSdiJFQ0
5o/7qRS8Nmmkh04ACU9uIpNUVyRFbyBLDSSli2yQ/kr+XKos9UxlVf1h31UrWi5dL6w40BsMcsfQ
gQ2LKKzIkkmcuUlHV5WketSrrZZFPGmqrtFeH/OTnPgg+5JiMQGi9NYyZNoxcsOZOSy1ccgtHTpk
Uuc3kYSXtCN54IQC8Tjtp7JuWezOEyNdnipuui1NSrpUOlLoK4B7GD5DUsPYkFCA/FRdskLGTlST
iH/ZZUmmlXSRAosUuA2XpRj0xiLDUXdp7uRKrMBj0fdXXaqpFjVA5kW0zCKcptvKQt5BxRUUFKaF
qJ0ZiAci4au0XTLlorabulF8200zue2yYc9QcttV43cOktouu21lRW23FZC2k4xn+xO07b4/SDwZ
n6oi2S58F1qEzSe/3bZsW5bJX4YWafYiq/B1/qCQlxr8HeB3gb0nXq3FSU2051GSlMIGW4pqK3Hz
9souifbZ4lory5LLbcjFJ58MTEvTbGliyb+ioOgtMumwLO4lSCPooGR9hry5yZtd+NtK/g1t01yq
dpU8ypbLTedt3hnoTVEbEhGcmYrvu4ZN/qSOrJEZ5ndjiHVkmfSL37eDdGrNpVhaMQ0kywvpnnpy
FKWo7TqZ72w9UOPvcWVBAZvxi0+oopJZA1Nq6JhQSzJcip70IjJvrqWQzmMktUopbC6ZZFyGO4lR
i5praYYruaiwuVcWgARk8c3M82TFIiEPH5DFt57AknWlDIZJCuSkybDwvdxEOrrYs5chGTalpAGq
Fb2MQfuRbGtw4csYOgmblGM3vswVBQV0yYzFE55IlifbH/aTuZ7Oh1eZ1wt7l6rirK7KLkO/ot9I
xc/I0atN1TgYrlYkPMNnwrqfFYCJkra/aLPghVmEXAZJn6EoiqRpKsk/XeY80SjZLDVQNJdJeoth
WG63rrgtncxmGbAGW6T7mopuusnWSiEOSAHZyvizklZnTTdkSSfLBel5CVammoasK5pE5xNdIrH8
ZM9B3ZlEbo0u4vGAzxMLsYeKqbg0VXaT7x2CqbC+sBrkfaGGZikuWddNTSVjw1DcdJtHlPEMDPgS
OWyv4FZJ7w75fWRnmfRYkTWiTz9/NOG5okzWaaAw2wgQqcMeWg9u7QmNxBNXzagqa4akq6RhV2SU
JE2xVPIJJ0HOMaPkJclkZeqyLrtJShXax3+fUktSyeqrW/QDITmlmmloskU6gJacUvfvE6qqious
vbpk0L2TaUruKxJqWi4SQjPcCllvSfOvzKdRfD7pjHTVfJqQT01JTqem0kV8YITkMRBOJG1ii54V
5Y12RIOMWjfJG5ku3HQ7XrQ7ZisB7P0UGquopHAXKCu0bxQVJO0Eix6yGaC4/XdmTm64H30X1V4/
HIizuAUp/9dfqNeu/82Lnv9kku94+EKLZ/tDIZfXRz7Q495YnisYyf4rYtDp5g/Of2RZNwrPf8iu
xkH2ebKsXjv/+TuuQrHTnbAncA5JHRiJ9cMjH9ohyCetL5cegchJZy2hOL+Pk+/TsI/NOPS0hFA+
f5Y3N5jAQyFSQHoZed6Q5rBhPKPhH3Y6egSZyr5j6RnO/5jLjA+gx0xwlsDOU4LBkCfqjXl5W/nF
nuOJikzqDWDfiHGy62eHD7SCz08Pqnx0IcwJ+Hx+um6qsFEFjx5vZiLXG6SOZYusuibdDQz0B7Jz
Ep6MvIQfvrdVsvzLZEdaUBgjyStJ2wC6dklp/MQo7iG5JVtOLz0Og7OwrGAkmvyQ7Mt08pWjm/Rk
ib6+p7BGbjiQoNM4WaFNS1PJOCpISdLWFwn7nShsI2CdVNRGJC9OysYbGYbi5OcFjWQ3XU+d5B1h
sWH3JqsI4eKNNNWlW8lPPKw2L4iQ0PSAg3WXeCPJ6R8USDSKB7IT/ljo2qLy/+X6syH1V8T4k/lf
IoPkyvlfvzb//x1XwhNPg0GcljSUU+CsJU3T0jS3i8wpcgr5FpXoHX2gS24zhXzFkj0jq0E+iLQU
t4t+b7MaGvkGTdHoCTKvoWu6O0UniMkfkE+uFIMR9M9lujU5xSQV3OCCTHSWoaZYpIbBa6iGYqbI
EqmipbmtNLfp0hU9RZZZFJn8uVTyDZYi06bqvCGyqlkpMm2rgi2xVOLGDW7YE/Ld4E5hE16aItEn
lmaY/y0zVDHj/y/a9RVdfzb+FV0vGv9k4JNeICvX/v3vb7mI9k4nbArCdIvgdNo7A3lQeFTkjGqS
06mQseQyZGfUspxOlezTXZZKb1zk1u02yYe44iRf3c6iu9y4M9+ZdCIPfsCNapAS+tnJXMuq7lLI
E/qPEk6yz1Eb0pMKJ//WdcqabjppO6T/lsH5N1zFjP+MwF/8XwD+cPyrcI59xfiXtGvj/++4TvP/
SDJp6KfNavUt4dg89Z1Pnhb4/ydn+I+lNQ8A/4v5vhB/lv/YteYI8LU+Xy/E/8J/nPIeB77jkK1C
/Dn+o+J1p4DPr7Eb+Ne4rZzGrOPkaWYvnLX5P8959ZVfgZ+3+oBQ/F/5j84tSzan/O4+Xwnxv/Ef
8aNlgC/hOCHEX0D9x5QHvsHsU0L8RdS/XlXgezT7DfgYtyUf+o3nreomsGVrbEr2fwn1/8QJ/Ogj
JTeJxL+M+j9aD/glI1OEeEdJZiqWlYA/WKeCEF+C8+pCA/gbN1YV4ktyvvMDTYA3cu4Avge30wYw
6yjXhFlnU5v/6zgf/7EV8Jll7hKKX4rzk555APinF0hC/PWcXyp3A35VO1OI/wfnd+3sDfy3J5oI
8Tdw/lTcD3ylCfcDr3FrzGDWUcPHbFqWzX9p1P/WEPBNGz4oFL8M6v9OAvjQjm5CfArq/3A+8M/3
7yPE34j6nxsB/PoKWUJ8WdT/+bHA/7w0BHz5ZczOXB/ieXuS2XvH2vzfhPqnTwL+9q65QvFvRv33
Twe+7dl8If4W1D9/DvADp44U4suh/rcvAP5lcxzwW7nt1IxZh/tNZlsssvkvj/p/sBj47fsmCcWv
gPr3XQH8b4NfEOIrov4l1gJfr8bLQnwl1H/Ox8B3Wb1AiL8V9W++A/jH+iwBfha3i7KW8H6zi9n2
u23+/4n6f7UH+IWXVwjFr4z6j/oC+H2z1grxVVD/ut8Af32zT4T4qqj/xz8ALx/ZIcRXQ/0DZ4Hv
M3Iv8I9zWzCRWcfJo9zvdzb/1VH/lEvAP1XnS6H4NVD/169vQfl3NnwjxN+G+re/Cfgj2T8Cf3MO
sw2G/cjX/bKb2Tx88+Zk/7ej/t9XAv6WMr8Ixa+J+k+oAfw9Cy4J8U7UX6oNfHa7f2wW4e9A/f91
N/CTT9wkxKei/jEV+DXjbwX+W25nzWLW4ZSZlVSb/1qof8V7gD/huk0ofm3Uf1kz4KvuqC3E10H9
u7YFvmX/NCH+TtT/bCfg+1dwAz+W25E1mXXU68as2d3mvy7qP7UH8DOW3iMUvx7qb3mB39SluRB/
F+r/eQ7wZ8+0FeLro/5DosCnTn1IiL8b9a8xCPgHzZ7A53N7sHlPnrchzLYusPlPQ/1XDwN+yD6v
UPwGqH+fMcC/NjggxLtQ/8sTgN9Vvb8Q3xD1nzUFeMfqQUK8hPo3ewn4tD6PAd+C2zEBZh0tZjHb
ZY7Nv4z6H5kLfPfLY4TiK6j/yIXAj5r1tBCvov513gZ+cdOpQrwb9d+wCvh/H35JiNdQ/+x1wJcZ
+Srwdbl1T2TW0X09szkbbf511L/0FuD1Om8KxTdQ//m7gM/Y8LYQb6L+7fYDPyF7tRBvof4nDgO/
svR6IT4d9R9/DPhv5m8BvvICZo0VzDqCx5jNP2Hzfw/q7/oZ+IrtPhWKfy/qv/088E1O7BfiG6H+
0RItKR8cf0SIb4z6ly8D/DTXcSG+Ceq/pBzw67b/DPyX3LY8+DPP2y1bwD5Tfkuy//tQ/y5VgP8p
+qtQ/Kao/5mawN9WoeQWEb4Z6j+lLvBtlpYR4puj/kZD4HO7lBfiW6D+e3Xg55ypAvwObtNTqjJ/
pWsxW6WOzX9L1D+vMfDbpjiF4rdC/au1Av5Xox7wTpPZ3R2ZddRozWxaW5v/+1H/lR2Ar7uvoVD8
1qh/767Adx5sCPFtUP9LvYAfVr2JEN8W9Z/pA/71Va2E+Hao/31B4Pf2fgD409wOHsys494Qs+0j
Nv/tUf9DceBLXe4qFL8D6j98CPDSrN5C/AOof60RwPdu6hfiH0T91z0F/JOHg0J8R9Q/ayLwb49I
AP8Zt7HJCZ63icz2mmzz3wn1v2E68Idq5wvFfwj1nzcb+Js3jBDiO6P+beYDn549VojvgvofWwR8
VulJQnxX1H/scuAnzZ8O/Hvcdlk+neftXWaDK2z+u6H+aWuA/6DtHKH4D6P+WzcCf/z4fCG+O+of
2Q585fGLhfgeqH+5PcC3cK0Q4nui/osPAh/dvgb4F7gNH1rD83aA2fyDNv+PoP4PHQX+xejHQvF7
of6nvgf+k/I7hPjeqP/kM8CfWbJHiO+D+msXgb+jyxfAN+F2QK8v+HuX2Ap23HVbk/17UP/PSrWi
fIczR4Xi90X9B5UFfvCUH4R4L+pftRLwrxpnhfgM1P+96sDv3HtRiM9E/R+pBfzlvOshP3UHM7t8
FLOOkXcyO7meLX8+1P9CfeDvrn7TVpH4ftR/hgL8w6sqCfFZqH/jdOBH9K4hxGej/l80BX7RpVpC
fA7q/3gb4A/MvBv4c9wOnces45l2zM7qYPMfQP1TOwFfuqkqFP9R1P+j7sBrh9OF+H6ov68v8N4R
zYT4IOp/fQ7w42u3FeJDqP+rEeBXrO8E/AFuO+1i1tHaw2x3r81/GPW/fyDwR7N6CMWPoP7fDgW+
QmmvEB9F/Z8aDXzj+TnAR7jNX8us47GRfP4ZbfPfH/W/ewLw/dpGheLHUP8tzwE/9fhAIT6O+odm
AP/RuGFCfAL1v3ku8D82GAN8JRezy9OZdTwxn88fr9v856L+b70BfI3tE4TiD0D9Oy4DvnV0ihA/
EPX/aSXwifIvCfGDUP9JHwE/e8lcIT4P9XdvBn5r54XAn+S2wLOQ95ttzL64w+Z/MOq/eyfw508v
E4o/BPUf8DnwdaasEuLzUf/Kh4F/yFgnxBeg/su/A37o3s1C/FDUv8dPwC/I2wX8Dm5XPc6sY9op
Zl85Y/M/DPX/9Rzwe6rtF4r/GOr/ouN+yl+36rAQ/zjq36g08A17HxPih6P+B28B/pFLPwnxI1D/
YZWBf2LmeeDf4/aOhcw65lXZBnZVtW3J/kei/s6awC+7r8Q2kfijUP+1dwL/5aHSQvxo1D/DBfxN
I8oJ8WNQ/+t04K3aVYT4J1D/uY2A96+vCfwobpftYtaxphGzO5rY/D+J+rdqCfyzWXWF4j+F+n/T
Hvj3b2goxI9F/Z/oAvyxeboQPw71v6sX8P9s21iIH4/6b8oEvvnxlsCHuM09z6xjSwazB3w2/xNQ
/379gI+M6yAU/2nUv2wc+BcadBXin0H93xwM/MZtvYT4Z1H/B4cDfzriE+Inov4nnwTeWT4IfGtu
69di1vHVGGZPP2nzPwn1f/ZZ4NsviQvFn4z6K88Dn9d5iBD/HOq/axbwc08PF+KnoP6JecD/67mn
gL/A7eTZzDqmvcDsvBk2/1NR/1sXAX9RnygUfxrq/+67wNff+7wQ/zzq3/0D4LvlzQZ+BLfTJzDr
eGMNs8s/tPmfjvqf3wD88GrzheK/gPpP3wb8WysXCfEvov73fAb8/l7LhfgZqP+BfwN/w6UPhPiX
UP+Cr4FXZ24E/hFujyzcyNetr/n8+43N/0zU//bvge9733ah+LNQ/zWngR936DMhfjbq770A/PLh
B4X4Oah/yVKtKf91raNC/Muo/8s3Al9+/ffAq9x23fU9z1vKdjb/lt2e7P8V1L9FReAbZZ0Rij8X
9f+6GvCBGy4K8a+i/qNTgZ8yr9R2Ef411L9ufeA/bFNWiJ+H+n8iA//DsYrA33Kc2XMXKvK8NWT2
hGzzPx/1f9QCvvq46kLxF6D+NzYF/v4GtYT411H/N1oDH99WX4h/A/Xv0BH4mREF+Pe4fXUIs46T
Xbjfh23+F6L+PzwM/JZy6ULx30T9n/YAf25xUyH+LdRfyga+duc2Qvwi1H9nGPhOpzsK8YtR//gA
4Aue6w78a9z+Yzazjgt5zJbNt/lfgvpXGgr8fL2vUPylqP/bo4DfvSdbiF+G+ncbD3zJvIgQ/zbq
/8tk4F3VBgrx76D+014EvufKocCP4HbtBmYdpWYyW2m2zf+7qL/1CvBjeo0Wir8c9d//OvBLL44X
4leg/vlLgf/ipeeE+PdQ/9tWAn/jfTOE+JWo//sfAm8eegX4ntz2+IFZR5V1zNbbYPO/CvX3bALe
N/wNofirUX/HTuCfqbVMiH8f9Z+9D/jV61YK8R+g/s0OAf+d/yMhfg3q/9W3wN96w2bgW3HbuCqz
jnV7mN2xz+Z/Leo/6iTwTeftFIr/Iep/5zngw20+B34Kt496mHV8euE/lNZnVM99GMfxP2VLRlJW
0w4ZmalQCdEysomshhkZNyIkM2XvkRlllh1llkQTlSQKoWGX3KfP93ud4/fwevR59Lq+9//37j6H
2Nxyxf0Y6n//L/zuD69Z78dS/+nVBlb4e+vfs/xd6l9DE77EpIjl71H/U9rwegk/Wf4+9R/cHH7w
LFVihV8kd/lSsapsA7GFRon/3n9A/T+1gF9Yt3oi5/2H1H9Te/ij5zRZ/hH172gGn+jciOXjqH+i
OXxZSXOWj6f+c6zh22xrCT9Ubq1DYlUFtmLL7BT3H1P/+vbww7t1YL2fQP0vuMD7pZmx/BPqP2wM
/BnfPiyfSP2/u8G/0LVh+afUf8dM+KrX7OFbyG3/UKxK3VOsjrfi/jPq32MufOexw1jvJ1H/54vg
J/wZw/LJ1H+xH/z6/ZNZPoX6N1kHH2npwfKp1P/6Fvg32XPhG7wWu/KzWFXTILGmwYr7adR/3E74
uisXs95Pp/5/D8CbG61k+efU/+Bx+Omx61j+BfXvGw6/zT2I5V9S/5zL8Ler7oJ/KzdHS6yq62Wx
dlGK+xnUf9VN+E/HD7Lez6T+xvfgdQeeYPks6n/3Mbzth3CWf0X9p6bAz10fyfLZ1L96Jvx+k1vw
sXI3W9yS3+2lWNdMxf3X1P9kLnzc43us93Oo/6AC+B/eCSz/hvp/LIE3qpvK8rnUf0MpvMM58fvm
ynW+IX/vMNVT7PTKT/+9/5b6t1cbVOGXOr9lvf+O+ifUhD9RUsDyedR/Vn345JCvLJ9P/es1hq/U
rYzl31P/8wbw7dPU8H0myM3KEatK1xJboK34fh+ov0sb+FG+tZ5y3v9I/b+awq/WbcDyBdR/Ww/4
81cbw2fKvZMoVlXYU941V9z/RP27WcFnjTFkvf+Z+qcNgK/5pw3Lf6H+vg7w3fd3YvlC6t94JPxk
y54sX0T9r42H35xtBR8ut/yzWFXtCWL1JynuF1P/sVPhr/nZsd4vof5/vODzDR1Z/iv13+8DrxU7
kuW/UX/L/+Ct3Cew/Hfqn+0P71l1GvwmuWYNp8nv5i/WdI3i/g/q77cBftdxb9b7P6m/UQj8XbsF
LP+L+sfugS96/x/L/6b+7kfgm69fzfKl1L/qafhBJhvhF8oN7yVWZXJSrPlpxf0y6n/8PPyCxyGs
9/9Qf7ur8Ie997J8OfV/fxv+ieZRlv9L/QMfwpdGiN9ndE5s3nX5e3skiLVOVN5XE9PA5Cl8K+cL
rPcrSd/lcTr8sJKrLF9ZehfvbPgVIXdYXk36eZr58GFmj1heXfrgiC/w6alP4b/J7ZcjVmVVItbx
m+J+FekvOP2Ar+L7nPV+VemTisvhO+m+Zvlq0pcEVx1c4cddzWf56tTfrA584JhClq9B/VMbwl8u
+wGfLvdLtZ/i3hSdZ9j5jZ/9e78m9V/YDD5n31/W+7Wov04L+DqW1Z5xfG3qf8UEvnd2HZbXoP6j
u8JP89Nm+TrUv7Q3fLBhc/hwuVqmYlWz+4hdaqm4r0n99/aHj45pwXq/LvW3GAxfMKU9y9ej/q+c
4XWqmrF8feq/YjS89XFzlm9A/Q3c4OfYWcPvlVs4wlr+3TmJXeGiuK9F/e/MgN/3fjDr/YbUf/Ic
+IeBLiyvTf3VF8F/bzcGvomJ3H5iVb4LxAb4Ku43ov6hK+ANH7ux3teh/gMC4Id6z2R5Xeqfvxl+
seZclm9M/dftgD8esQg+VW7gDbEq/z1iQ/Yp7jeh/m0PwCc5+bHeb0r9447B/y0OYPlm1N/zLLxJ
yBaWb079NS7Du5rtZHk96n/2Brx/6gH4MLl2OQfkd4sWe/SO4r4+9Xe8Cx+x8DjrfQPqXxQPn6kT
zvKG1H9rMnyNq5dZ3oj6d8mANxtzk+WNqX/yG3i3srvwIXJn1Lwn7h18KzYiT3G/BfX3+Qi/ad9j
1vstqb92CfxVixSWb0X9I3/Dv3uVwfKtqf+oyvYVvoFfLsu3of6/a8BbGhbAu8t1Mi2Q361mEja6
dtK/99tS/z314D1iSljvt6P+5rrwO6eUsrwJ9c/Uh4+topbE8e2p/7LW8IXHarJ8B+qvZwrf1K4+
fH+56SPqy+/WUWxiJ8X9jtQ/ujv8wPe6rPdNqb+bJbxPoAHLd6L+agPgD7Vrw/Kdqf/RofAJ8aYs
34X624yA/+3VA97EW6yen1hV/DCxGSMU97tS/3fj4FtqWrHeN6P+a93hnSMGsHw36t/aC365kwPL
d6f+D+fDny4Wvy9ObtO/8vcmLxKbu0Rxvwf191gKnxY8nvV+T+pf2x9e3Wwqy/ei/mfWw5umerF8
b+o/NBh+7EIfljen/l92wwfo/Ad/Ra6xgViV70axAZsV9/tQ/y2H4S9d8We9b0H9O52Cfz16A8tb
Uv9n5+A1yoLhe8o1rx8i/7vPi915UXHfivrPvwLfa98e1vt9qX/D2/BTLY6wfD/qf/kB/NZXp1i+
P/UfmQh/c8V5lrem/j/T4D8aXIXXNRSrYSpWFZIm9uhzxX0b6r/rFXyjmNus922pf688+P5THrL8
AOr/8jP87CpPWd6O+v/3HX7vsXSWH0j9m5fDPxiQDf9V7vfh2fLvrkxsWLni/iDqf6vKkAr/NT+P
9f5g6j9RA94g8AvL21P/Sg3hh7T7wfJDqP/hpvCL4sXv2yq3Ubr8vWEGydjrRsn/3h9K/fsbwx/z
qprMed+B+ue2g39Wpw7LO1L/NV3gy8MbsrwT9W/VG76tUzOWd6b+D/rBjyw2hl8vt225WFWUrdgH
dor7LtR/xiD4VcEmrPeHUf+azvDhXbuy/HDqf3oUfEZKb5YfQf3tJ8FXX9if5UdS/0/T4bvqDIYf
L/eYkVhVvIfYDC/FfVfqv3k2/MQrzqz3R1F/U1/4jaNHs/xo6v90OfyV0kksP4b6z10L/3bvDJYf
S/0bbIavbzEH3kJuP3uxqvQtYgu2Ku6Po/4Xt8NbvPJlvT+e+g/fDz9zxQqWn0D9v4fCbzcIYPmJ
1H/nGfiYO5tZfhL173kJ/svkHfCaU8S+89khv9sleTdKcd+N+r+4Dt+kygHW+5Op/5JYeLtjx1h+
CvVvGg8/f8BZlnen/jeS4A/mX2L5qdR//Ev4+HU34Ivk2u0Sq5r+SKxvvOL+NOr/Nwf+V9u7rPen
U/9DH+BbxIv7NnLPv5bvLf0idkuR4v4M6t+vGN7JK5n1/kzq/+YX/LI6GSzvQf39Kw2t8KfC37C8
J/VvUQM+1fEjy3tR/3t14SsXF8Mbyo0rL5bfTStF/PtRO+Xf+97Uf5oOfMfg36z3Z1H/6vrwY7pW
TuH42dT/VCv4tSk1WH4O9R/cEf7ignosP5f6F3SDz26kC19FR2wvI7Gqgz3FRvRW3J9H/TdawNe+
os96fz7172AL32N0a5b3of5PhsC7l3Zk+QXUf/Zw+KC93Vl+IfWvNw7+Rh9L+K9y4wZbyu82Xmzs
RMV9X+p/YQr8hyxb1vuLqP8wT3jtFUNZfjH1/zYPvp/BCJZfQv23L4H3vjOO5ZdS/+6r4PdMdoeP
l2s9x11+t1Vik1cr7v9H/dMD4e+re7HeX0b9F22FLwmdz/LLqX/j3fD6A5ay/Arqf/0QvH3+Kpb3
o/7jTsL7rlsPf0juzB3r5Xc7ITb3lOL+SupfHgF/tG0w6/1V1P9AFPzTuN0s70/9raLh/3geZvnV
1P/1ffg2dU6x/Brqv/IJ/Ijwc/A+chvePie/22OxP58o7q+l/kZp8Csdr7DeD6D+d7PgzxZFs/w6
6j/1HfyLrQ9YPpD6V/sMX61rIryJ3I5WifJ3F4ut/k1xfz31P/ENvktKGuv9DdR/4B/4CQtesfxG
6v9B3aHCb2iUx/KbqP/62vBRUZ9ZfjP1N9GCzx31HV59tNgR7t/lvzuqpWIv1kj99/4W6p/QBL5u
6R/W+0HUf5YRfJ+9VVI5fiv1r9sOfkYfDfhtci2cxaqiTMTGd1DcD6b+5zrDb8vSYr0fQv2de8Hf
Wd6U5bdR/5K+8J/1jVl+O/UPGQjf+E47lt9B/c2c4G0nd4F3lztzrljVAyexGS6K+zupf5or/Dz1
3qz3d1F/34nwB0L7sfxu6q87HT7OdhDL76H+V2fB/8xzYvm91H/MQnjjdaPgHeU+3i5WlbtA7E9f
xf191L9sGbxj20ms9/dT/31r4JfGTWf5A9TfYhP8Sc/ZLH+Q+mdvg0/R8GX5Q9Tfbx98pfDl8KZy
q9wQqyrbI7bufsX9w9TfMBS+g+Na1vtHqH9MGPzook0sf5T6T7kIv2brdpYPpf5VrsOf7yJ+X4rc
zZby92rdFts6RnH/GPU/FgP/KjmU9f5x6j8gDr7WgjMsf4L6v38G373RJZY/Sf0DX8BPibrO8qeo
f7sc+C2jYuFj5A51F6syeSfWKl9x/zT1j38Pf/13HOv9MOrvVQSfvyeJ5c9Q/zq/4Bv2ecnyZ6l/
uMqxwvfNymH5cOrvWB3ea/kH+CC5mYFiVda10rCuGmn/3o+g/sWa8Lv1i1nvn6P+wY3g793+xfLn
qX9XPfhit0ppHH+B+qe0hG+uXoPlL1L/BR3gB4fWhV8kd8OFuvK7mYr17Ky4f4n6N+oGv9BWh/X+
Zeof1Qf+SJ4ey0dS/1E28IkBrVg+ivqX2sOXtenI8leo/95h8K3jusHbyA1KF6sythXbw05x/yr1
7zMWfpinBev9a9Q/azK8n4Yty1+n/ss94M+cHQKfIPdAjFiVtYf8O/BS3L9B/fXnwT93GM56/yb1
v70YvmrRWJa/Rf3dVsJ33jqF5aOpv3og/Pgunix/m/qHBsEHJs+DvyQ34c08+d22yP9/tiru36H+
trvgI32WsN6Pof55B+HfaK9i+VjqH3ACXjMqkOXvUv82EfDmo7ay/D3q/ygSfvrvXfD+cp1q7xb3
Zl8SuyJScf8+9fe4BR+y5xDr/QfUX+M+fLT5SZZ/SP3PJsB/yoxg+UfU3yEVXnd5FLyZXNP1YlX+
L8TuzFDcj6P+hZnwNvrRrPfjqX/QW/i5t++z/GPq3/kT/H63JyyfQP2TvsI/Uktj+SfUf34Z/Pej
WfAtQ8VuP5clv9tfsWGV0v+9n0j9tdWdKryR7TvW+0+pf2QteIe8Tyz/jPq7NoBfEvCN5ZOo/6/G
8Cfa/GH5ZOq/2xA++ZE6vs9XuTapYlVhxmKjWyq+Xwr1790WXuVZO53zfir1z+gEb6KhxfJp1P+/
nvCjzjZh+XTqr9cXfrWDEcs/p/7RdvDnCtvCp8odV95WfreBYpMHK+6/oP6THOGzgjqz3n9J/Su7
wtfs0ovlM6j/kQnw3ZL7snwm9beeBu/mM5Dls6j/W2/4zdpO8LFyXYzFquK9xWbPVtx/Rf3XLIC/
FunKej+b+rdeBp/nOpHlX1P/h6vhtX5PY/kc6j9zI7zVnlks/4b619oG72m+ED5Q7uJBYlUX/cXG
rlHcz6X+YXvhd2YuY73/lvoPOQp/d9kaln9H/T+fhi/S2wTfQl/sLTOxqgcnxWacVtzPo/6bL8A3
u72N9X4+9e90DX6Q2z6Wf0/9n92BX6AWyvIfqP+8R/CHj4bBJ8udcC5M/u4EsYWJivsfqb/WM/gE
m4us9wuo/6Xn8KXvrrH8J+o/4jV8q4AYlv9M/X/kw7u0iWP5L9R/ZyH8ikfP4EPlrkgVq/paIrb6
d8X9Qurf6yd8mMcL1vtF1P/lX/j02jksX0z9l1ZzrvDqZ9+zfAn1b6YJ38mhiOW/Uv+b2vDjCn/C
r5Z7p/Sn/G66z7E6TZ7/e/8b9Z/QHH5dkOo55/3v1F/VEv5y5+os/4P6H2oPn5OkyfI/qX9/M/g6
Po1Y/hf1zzWH76WtBz9WrqaxnvxuFmJNrBT3f1P/1dbw0yJbst4vpf4t7eGDXTuwfBn1v+8Cf+uX
Gcv/of7Tx8AX7O7D8uXUv8ZkeB1zG3hLuXMdbOR3myzWyl1x/y/1PzUT3jrTnvW+Sl1MA/u58LOX
DWP5StJ3+bQIfp/eWJavLL3LJj/4h9GTWV5N+nkd18F/m+QBb+wmNm62h/xuAWKHBSruq0sfnLgF
3lBtHuv9KtJfmLMTfujRxSxfVfqk+gfhF9usZPlq0pdcOA5/7N06lq9O/YeHwyetDYIvlnthd5D8
bmfETglX3K9B/b9fhv/behfr/ZrUf8dN+HaPDrJ8Lerf4x68q8cJlq9N/Z8/hvevHQF/Uu42HbEq
8xix9ncV9zWo/+IU+Igzkaz361D/JpnwGUNvsbwm9b+eC1+j8B58Z7mT1O+Le475st8Hxf261H98
AbxZUALr/XrU/28J/KTOqSxfn/ofLIXflJTJ8g2of181lwp/df5bltei/jk14d81/ARfRVvsYUOx
qukaL7BLNV/8e78h9V9VH75+5FfW+9rU37gxvKVrGcs3ov53DeA9fqm94Hgd6j+tDfyO3bVYXpf6
V+8EH9u7Afw3uYcHNpDfrbPYLV0V9xtT/5M94AszGrPeb0L9B1nBN11myPJNqf/HAfB2em1Zvhn1
3+AA7xPdieWbU//2I+EPTeoJHyPXfZZYVchIsSdGKe7rUf+E8fCPK/dlva9P/WdPhf99xI7lDah/
PW/4ljaOLG9I/c/7wDu/+5+y+gzreQ/jOP5DNscqK1sLUVYqGQ2KsitZyS4jLaNURmWPrCQrO8qM
rEpm5lE2JU1C4iBldi6f7/e+Lr+H96PPdR687m//3/tynZEs35b6jwiCD142Hj5GbuBmsUpcoNiU
YNV9Her/JRQ+1mAa631d6r95NfyTm54sr0f9TTbBV5oxl+X1qf+TbfDGtYJZ3oD6+++FH3skDD5Y
rt7FMPnddot9uFd1vx31bxoLv3zwGtb77an/hZPwpz5sYvkO1H/sefic8O0sb0j9f12Cr91lH7yR
3Fe9xCpPr4stuqG635H677wJb/YglvV+J+rfJx1+il88yxtR/+yn8Bu0LrC8MfVfkg2fnHCZ5TtT
/7aF8G9H3oKv5iLWZpJY5eM7sRrFqvtdqP/VD/CNvqWz3u9K/aeUwltHPWP5btS/Sjn87J45LN+d
+h+s4vjHb8ssZHkT6m/3D/yNoI/w+XL7r/gov1+FDPH9NDL+vt+D+r/Rgv/Sooz1vin1X9UcvlVK
OcubUX9DXfhBE6ri7/OWe36uWEVHX6xpO9Xfb0797xrC+1esk8F5vyf19+wGv39vQ5a3oP51LODT
bVqwfC/qf9wa/neBLsv3pv7D7OHbL+sI7yw3OkKsYuEg1mGw6n4f6v9pOLyzQXfW+32p/6bR8CE3
LVjekvp3nwh/bLoNy1tR/8ce8Bk1HVjemvrP84avemQEfA+5nhfEKm7eYv18VfdtqH9jf/hug8ew
3u9H/c8tgnf7MJHl+1P/0cvhV4dPZ3lb6v9jHfy5zj4sb0f9d2yBL7jvD1/9gVinbLGKV4TY0EjV
/QHUv/cu+Hp+i1nvD6T+Lw/A99JawfL21H/RUfjpCeEs70D9WyfAR4yMZPlB1P9yEvzlsl3wOXId
a0fL73ZBbGSS6v5g6j/pGvyHrQdZ7w+h/hp34bV7HmP5odT/wEN428wElh9G/W0z4X2DkuHXy41b
kSx/d7bYuFzV/eHUvzAPPrrFddb7I6j/infwdy7eZXlH6t/+M3yZ2yOWd6L+t7/D61Z8wfLO1H9m
Rac/ftjefPhFcr8fFavEVM7EJlbN/Pv+SOpfuwZ8kE0R630X6n+sHvyhgs8sP4r6D20C/3jpD5Yf
Tf3/awVf0aBSJsePof4bDOA73awBP0BuzMMa8ru1F3vHUHV/LPXvagw/Znp91vvjqP/DHvDLajZl
eVfqP6cPfHxca5YfT/0b2sK/HNSO5d2o/9nB8LU+GMOby/38U6xytq/8flaq+xOo/yhneNNwU9b7
E6n/93Hwkzv3ZflJ1H/bFPj1923hz8s9XihWSZsiNn+a6v5k6m8xCz7Jdwjr/SnU/4Uf/BvNkSw/
lfoHB8JrJbiy/DTq3zIU3mrkVJZ3p/6XVsF7ls2C3yz3TRVP+d1Wii1brbrvQf0nboSP2jqH9f50
6l9pG3yqeRDLz6D++/bAf84IZfmZ1L/fYfiWQatZfhb1f3UC3r7FJvhFckcZilU0j4s1OKm670n9
l52Dn39xG+v92dTf4BL8Pre9LO9F/W/dgE+rEMvy3tR/Rhr8rz3i93XaK/beUfl7dR6JNX2iuu9D
/Ws9hW9nc571vi/1P/IS3qngEsv7Uf/Br+EXL73J8nOo/4di+KP66Sw/l/qHf4V/fuMp/C+5wx6J
Vbp9F2v3U3V/HvXv/Bu+yvRs1vvzqf+Dys5/fNeahSzvT/39asOPj/vA8gHUX0sLftWgUpZfQP0T
msGfKf4NnynX9rtYpW/LF1jH1i/+vh9I/UfqwOevq/KC834Q9S/rAF+38z8sH0z9t3aFt7ivxfIL
qb95T3gP3+Ysv4j6Z1rBb9bUhT8q91VrsYqLjVj3/qr7i6l/0ED4S6cNWe8vof4thsO/d+7G8iHU
/+Io+KZlPVk+lPq7TYDvv9Wa5cOofwUPeB9ze/itcp/bilW8PMSGzlDdX0r993jB78oYznp/GfW3
ng9/O3A0yy+n/gUL4UubT2T5FdR/6TL4thc9WH4l9ddfBz/UzRveT+6JWWIVt4Vi/Rar7q+i/jci
4AMr+LPeX039PXbCx+xZxPJrqH+NA/CPrJcLbyP23Wj53/P3iV19QHV/LfWPPQJfoWAd6/111N/h
NHzHpVtYPpz6FyfCj9LfxfLrqf+6q/BLb4jfFyv3brr8veE3xe67rbq/gfob34E/6XGU9f5G6p/+
AD6rRgLLb6L+PhnwNeOSWH4z9W+QB99j0DWWj6D+p97CTyq+A79IrvX3O/K7FYtN+6i6v4X6O32C
X7fuIev9SOpf+g0+0TiT5bdS/8gKI//4wvQ8lo+i/mbV4TV937H8Nur/vC68peZneC+5Z1qKVR42
yMIWamX9fX879V/QGH7W6e+s93dQ/2at4Lc6V8zi+J3UP0kf/lppdZbfRf1djeA/RdZj+Wjqr/SA
b2HeBL6v3Ge2TeR3MxX701x1fzf1390bfmBGK9b7e6i/VX/4eYEGLL+X+ucNgt/b3Jjl91H/UCf4
e8k9WH4/9dcdB/9jfB94fTexjrPEKo1dxRq6qe4foP7XJ8MbVLBlvX+Q+k+bCe+4ZzDLx1D/6n7w
i6ydWf4Q9T+8AP5I/jiWP0z97UPgn4VNgf8h9/LGKfK7hYi1CVPdj6X+RSvhK+vPYr0fR/3XbIDv
fMOP5Y9Q/05R8K4egSx/lPrf2w2/skYoyx+j/l6H4BNiV8Hnyz1yXqxiFyN27GHV/ePUv/4J+DyH
jaz3T1D/+LPwdYqjWP4k9XdMge+5bg/Lx1P/klT4acaHWf4U9Y+4B78p/QR8itzZeSfkd0sW65Wi
un+a+vd4Ap/ic471fgL1f5oFX9TgErymptilBmKVwDyx4QWq+2eov/8r+Canb7DeP0v9tYvh+zmn
sfw56p9YAu9d+oTlz1P/cb/gd0S+ZPkL1P+3hssff8vsNXyZ3G/9X8vvVu0lNqbGy7/vJ1L/XbXg
vz4vZr2fRP37asK3CfzK8snUP0cbfkjz3yx/kfovaQu/ILnyS45Pof46HeAPjq8Nf1du1xm15Xfr
KDbRSHX/EvW/1gX+gaLFev8y9Z9qDq/sacbyV6h/VSt4Q2sdlr9K/WMGwLvkd2D5a9R/wDD4sLCu
8PFyD2zsKr/bcLFpjqr716n/Wxf4E3o9We+nUv9VbvAvUq1Y/gb17+gOX91jIMvfpP7/zoY3qTGc
5W9R/9nz4CfGjoJfLDfq7Cj53eaJLfRX3b9N/esuhF/rMIH1/h3qf2Ip/IX37ix/l/oPXwv/eq0X
y/9L/T9vhm9gPJ/l71H/TTvg+6QvhJ8tV/PlQvndtov9uVN1P436m+yHn+mzjPV+OvV/Egcf2WAd
y9+n/vNPwV89FcHyD6h/k0T4/5x2svxD6n/+Cnzz0v3wPeVmVTsg710Wq3lVdf8R9R9zG35A5BHW
+4+p/8/78HPMTrP8E+q/4zn8nueJLP+U+vfJhf93gfh9JXKzlsnf2/i1WMM3qvvPqH/2G/jvze6w
3n9O/Rf/B6+f/IDlM6h/m2/wI8ZnsHwm9b+ijPrjFyp5LP+C+k+uBh+7+634/6fckjixisEvsabl
qvtZ1L9yXfinVp9Y77+k/gcawWvkf2P5bOpv1xLeOKxC9h/vLNd7q1ilbxuxjjrZf9/Pof5v9ODH
6VXP5ryfS/1XdoJfkVqX5fOofwcT+NPujVk+n/rf6QWfU70VyxdQ/1n94P+J1Yc3kht7Xl9+N1ux
7gNU919R/38GwZs7GLHef039jznCT31vwvKF1H/YWPiNa3uz/Bvq/2kS/EWj/iz/lvpvnAH/Lm0Q
fJ10sUlZYpWZM8Uu8lTdf0f9u/nCN/JxYr1fRP0fBcDbNBjH8u+p/9wl8F6nJrN8MfVvtBJ+u9NM
lv9A/c+uh7/51Rf+o9wdGn7iXsx6sYkbVfc/Uv/RW+FLtixgvf8f9f8RDd/aLITlP1H/7THwg56v
ZPnP1L/XcfiABRtY/gv1zzoDf6BZFPxNuc3ai1VSEsQ+PKu6X0L9F16Ev5+0m/X+V+rfKhW+3PUQ
y5dS/0v/wndQTrB8GfWf9Bh+5O6zLP+N+mtkwYdYpcAfkmszNEV+twyxhS9U979T//0F8MfzUlnv
/6D+/d/DZ4beY/mf1P/1F/hqek9Y/hf1X/4TvntqFryLXOWB3CIlR9ytlPP3/d/Uv53G6D9+gvsr
1vvl1P9WTfg11YtZXqkspsHMBvDnDpewfAXpu9bWhn9l/4vlK0o/4mgb+PrvNfB9zOQOLtGQ30tP
rKaB6vtVkt53SHv43mtr5XDe15B+48fO8DOMNFm+svTx683gt6Rps3wV6R90sYS/4t2W5atK//mB
HfyH+h3gGzUQu6KFWEXDQmzj3qr71aj/nKHwzU51Yb1fnfo3dIG3czJn+RrU/8x4eL+vlvBRcn1q
Wol7rSaI7TZJdb8m9XeZBr97ywDW+7Wo/zdP+Lumw1i+NvWPmgv/7ZkLy/9D/XsGw+sucGP5OtQ/
Mwx+eDN3+AC51h3c5XdbKtZuuep+XeofvAY+OGk26/161L/lZvjDrvNYvj71T9kO/6Q8mOUbUP8J
++Ar7V7K8prUv2IcvJHVWvgBcr2GiFUcYsW6HVHd16L+e+Phx+RtZr3fkPrbXIBfHrqD5RtR/4LL
8Kd097N8Y+q/7BZ89vU4lm9C/Q3uw9d2PwVvKFd7rlhlcprY+fdV95tS/5vP4M2qJ7Le16b+03Pg
pxy+wvLNqH/NN/Dr7W+zfHPqH/cRPrlI/L5suRO/yd8bWCI2vFR1vwX1H1QG/3bNc9b7Lal/cTl8
Q6Nclm9F/cOrjvnjrdPesHxr6t+5Dvxs7/9Yvg31v98Qflv9b/C35L5rKlbZ1DQXu69Z7t/321J/
3xbwqfFKLud9HeqvqQf/xbEay+tS/9Md4Vt9rcPyetTfuTu8w5ZGLK9P/Ust4P1NW8LvlPvSWqwS
00dsoqXqvgH132oDv/+ZHuv9dtTf3AE+PaATy7en/hkj4H9pm7B8B+ofOAa+fVIvljek/s0nwTu7
9oMPkZsyo5/8bpPFpk1V3e9I/ZOnwy8pd2C934n6j/eBPxbtyPJG1F8JgM+wHMvyxtR/z2L4qnmT
WL4z9bdeAd81dAb8cLmH14tVzgaIvROout+F+ueHw7vp+rLe70r9wyLhV18PYPlu1F8vGv7stCXi
343c5kFilaJd8u4e1f3u1D/1IHxBtZWs902ov/sx+HqH17N8D+pf/Qx8L/utLG9K/WOT4T2Kolne
jPo7XIePWBMDnyT39fYYee+aWM1U1X1z6v/+LvzlTsdZ7/ek/msfwRffO8PyFtTf6AW8tvdFlu9F
/dPy4W3rp7J8b+rvXQTvG/8vfIRcy2tilcZvxRoWqe73of71v8DvcnzMer8v9T/1A/5OyQuWt6T+
TpXG/vFlEQUsb0X9v9aA1zF9D28vd0NfsYpxnTysTb28v+9bU/8t9eGHPfvCet+G+ps2hQ8K+Mny
/aj/s9bwh7Q18ji+P/UPaAf/KLEmy9tSf+3O8BVdG8CbyM32EqvYdRPrYqK6b0f9k0zhO5U3Zb0/
gPq79oUfHd2G5QdS/3Jb+GWW7VnenvpHD4GPz+3M8g7U33Ik/MsQM/g6oWJPrDeT322U2JljVPcH
Uf9cV/iaupas9wdT/5Cp8KbX7Vh+CPXX8YSfPG0oyw+l/tfnwIdXc2H5YdR/WhB80qHx8HlyV58R
q3gFiw1dpLo/nPpXC4N/M3Aa6/0R1P/QanitIk+Wd6T+AzfBW66Zy/JO1P/dNnjPTsEs70z9V++F
j7oXBn9Nbs0sscryvWK371fdH0n9O8bCX/daw3rfhfrfOwn/ud5mlh9F/b3Ow7eM387yo6l/vcvw
9o77WH4M9T95E35eSSx8lFxjjThxL+6c2JQLqvtjqf+IdPh9EfGs98dR/y9P4dN6XGB5V+q/ORv+
59PL8K2eie3z4bL8u7PEPsxW3R9P/U0K4Q0CbrHed6P+Tz/AO2nfZ/kJ1N+/FH5x4jOWn0j9m5bD
HxmXA/9Y7u3pOfJ3V8rHFlbO//v+JOp/ocq4P/7570LW+5Op/9h/4KtEf2T5KdT/lxZ8F8sylp9K
/Xc2h3fNLWf5adS/jy78qpCq+D6H5LZeJ1YpMpDfrYPq+7lT/xxD+DM6dfI573tQ/yXd4POuNWT5
6dS/rQV83WktWH4G9b9qDW9RTY/lZ1L/Kfbw7oc6wq+Ue/JUR3lvsFjNoar7s6h/lRHwmwZ2Z73v
Sf0Pjoa/9M6C5WdTf7uJ8O9X27C8F/V/6wHfpJMDy3tT/1Xe8P3vjYD3kTvzhVilrq9YnTmq+z7U
39Af3sdrDOt9X+p/dxH8znqTWN6P+nsuh791cjrLz6H+dcLhS0f4sPxc6n98C3zbEn/4wXKvVAyQ
3y1SrGmU6v486j9sF/yQiMWs9+dT/88H4AN7rGB5f+q/6Sh8zNNwlg+g/t0T4B/6R7L8Aur/OAle
0Y6G15fbtF20/G5JYh0uqu4HUv951+A7Jh5kvR9E/RvfhR817hjLB1P/cw/hw34nsPxC6j86E/7k
rmSWX0T9f+bBZ/W9Dl8id/1wscrQXLGT81X3F1P/He/ga+TeZb2/hPr3/gxvEvKI5UP+p7y+o3ru
+ziO/4xkZquIq2Qms8goZZaddJOVVWaRkX0pZGdVZoWMCmmYFdEwomEUZbSMNJARupLcp9fn8z7H
98/3X69zH9fj/bn6PnHui/rnlMPPaZfF8h7U3726fZXfe0f8fFFy+z+WP++0MrEryhX3t1B/vbrw
1+d+YL2/lfrHN4YvUC9l+W3Uf442fLOzv+CN5AbFiFWtbv0O6/nPu7/vb6f+anrwFiNrvOO8v4P6
B3aCdyquy/I7qb9lD/gjnk1Yfhf1LzCBv9O1Jct7Uv8d5vBfUvXgNR6K7fdKT363wWJPDFXc3039
DSzh27h0Zr2/h/onjYUf2bgny++l/k4T4Vde7Mvy+6i/hj38yQkWLL+f+oc5wj8stYSv/11smxpW
4t7peWIjFyjue1F/a2f4XwfGsd73pv5fVsB3NJnE8j7U32s9vG2mPcsfoP5GHvDua+ay/EHqn74L
PqTlYvgsucs6LZbfzVNs8h7F/UPU39UbPvO6K+v9w9Rf0xdebfq/LH+E+keehO9Z6cHyR6n/5HPw
0497srwv9S+PgN9p4QMfJnf1WLGqggixFZcU9/2ov28U/NU8X9b7/tTfNA7+9aZTLH+M+mclwmu0
O8/yx6n/hkfwA+5cZPkT1F83E37e3Gj4/XLjlkfLexliGz1X3A+g/nE58N7q8az3T1L/2e/hY4Pv
s/wp6l+jBP7DiMcsf5r6n/4Br1WcyfJnqP+wSvihnrnwC+QOP5orv1uF2HaVivuB1D9fbUaVX9q1
gPV+EPXf1gDeP7WE5YOpf+fm8PeX/GT5s9T/gQ78j0Z/4Fs1Fmug/Uf+3Hr54v+H6+f/ff8c9V/U
Dr7txVr5nPfPU//6hvBjJ2iwfAj1v2AEv7a0OctfoP5jB8AHHWjN8qHUv2QwfFqf9vA/5dYaIlbV
yUR+v36K+2HUf99I+D8Zhqz3w6l/Lxt4wzXGLB9B/dMmw9u1NIVfKze0m1iV6TSx1vaK+xep/4pZ
8B7Xh7Dev0T9my+AD582iuUvU/+rLvBZv21Y/gr1n7Qavs7xKSx/lfqXucH3tpgNP0Xuz7FiVbYb
xc7frLh/jfof2QY/O28B6/1I6j9gL/yeTUtZPor6vzoIH62/huWjqf+/x+Dzb7uz/HXq3yYQvunc
7fCWcjOXi1W5BIr1CFbcv0H9b12AN1ffx3o/hvrPvAK/KPgQy9+k/tVi4A+POM7yt6j/ydvwt4sC
WT6W+g9Nhv+8KxS+oafYMUdD5XdLEns4RXE/jvq/S4PX6XqV9X489d/6En5EagzLJ1D/jm/gXZfc
Yfnb1D+xCD6gUQrL36H+C77Cp0akiz+3crNvpcvv9llsyFfF/bvUv245fLnNK9b796j/+Wozq3yH
0jcsn0j9x9SBtzlQzPL3qf+nRvBufb7Bn5Orbv5N/tzN32NjNd//ff8B9d+rBX8+o5z1fhL176EL
n7G6+nuOT6b+jzvC12xZl+VTqP+y7vA9rjdm+VTq39QEfto0bfgVcgfN15bfrb/YdFPF/YfU//JA
+O2/dVnvP6L+E4fDXznWieUfU/+fY+DzzHuw/BPqf/h/8A3yTFg+jfr3mw7ff5M5vLPcmN3m8rvN
EFswS3E/nfq/cICfq2/Jev8p9V/nBO91eyzLP6P+OivgbzpOZPkM6h+zDr64lj3LZ1L/GZvhNYMd
4U3kDrniKL+fq/x+qxT3n1N/1S74ISOcWe+/oP4BXvAuRStY/iX1H3wU3m/Xevibcj1PiFXV9BWr
5a+4/4r6vwmATzT0YL2fRf09zsKXpuxi+Wzq3z4CXm+JN8vnUP+7kfBjGvmyfC71nx8LvybiJLy/
3D6xYlU6sWJ7xCvu51H/OonwgTbnWO+/pv7nHsI/+RbB8m+o/6gM+EqfKJZ/S/0/ZMMb9Ilj+XfU
f3c+/KSMRHg3uc75ifK7vRM79L3ifj717/YJfvPqR6z331P/h9/hw7QzWb6A+i/9Df8qOoflC6l/
E7VZVb72NPHzGcsNcJQ/79C6Bdhp9Qv+vl9E/S/Vhzf+/Yn1fjH1t20GP/PYD5b/QP2/t4LfbV7J
8h+p/0F9+KhctQKO/0T9TbrAv9vYAF57k9jC3Q3kd+su1qWn4n4J9c/sBd9Evznr/c/Uf21/+IG3
dVj+C/VvNRh+oWM7lv9K/W+MgD9Yy5Dlv1H/6ePhE4KM4F/LdbpkJL+brViPiYr7pdS/0g6+xGoA
6/3v1P/4TPhWRYNZ/gf1t5gPb7VrJMv/pP55S+BXGNqwfBn137wK/kTKZPiHcpNfilW5rxHrs05x
/z/q384NPnnxLNb75dT/zlb4/xouYPlf1H/uHvj2ES4sX0H91Q/Cj7dZzfK/qX+wP/yGb27wQXLP
VXOX3+2Y2OATivuV1H/EGfhzPttY7/+h/kUh8M9672V5VS0xTT0vw1fPOMjy1aQ36noDvvvqYyxf
XfoJqQnwU7UD4d3lhnYIlL//LsvveFVxv4b0y5ckwW+LvsB6v6b03o3S4C9PvcLyatJfingBn1tx
A776b7FWTWLEPb/nYsNfKu7Xkj7N5jV8/WO3We+rS//tWyF8X/Nklq9N/Q98gXfMTWP5OtS/z3/w
+ze+ZPm61D9DNbvKx7R9A/9Fbs/eb+Sfm0qxN1SFf9+vR/1X14YvSihivV+f+ms3gm/h+JXlG1D/
aE34wbXKWV6D+k/9B35xUDX8fKfkzrskVhWrLza9veLnb0j9KzrA+1rVKeS834j6H+sGf6+wEcs3
pv7mfeC/7dRi+SbUP9cMXtdQl+WbUv+Nw+BHp3SEXya3MFOs6pGV2LcjFfebUf+2Y+BXL+7Oer85
9U+whT/d0ITlW1B/h2nwj8MHsrwm9VdzgP89fjjLa1H/oEXwnb+NgbeV61UpVlXgLLZsieK+NvW3
Wg4/0ed/rPdbUv/CtfCbek9n+VbUf+cm+NBnDiyvQ/277IR/scqJ5VtT/+T98OraK+A7yp3XYYX8
bl5i6x9Q3G9D/Z2PwBtFr2O9/w/11wiAnzF1M8vrUv/wYHjPip0sr0f9x4fDR/p7sXxb6v/1Gvzb
gUeFNxdrNVr+7/qRYnWjFff1qb/3LfhGuQGs99tRf+N78GYbz7J8e+r/NBV+QdsIlu9A/Vc+gz+Q
EMnyHam/ZjZ8vEMsfIHciGWx8rtlie2Ro7jfifpHvYP/pJbIer8z9Z/yEb5l0EOWN6D+v0rhh1tl
sHwX6u9XAb+8MJvlDam/Wc05Vf74znz4m3Lt/PLln9+vYmt/V9zvSv2z68EndfnEer8b9XdrCl+W
LO5rp4jdnCffq69VJDq2LPr7fnfqr9sKvt3i36z3e1D/+Lbw1g3Viji+J/WfYwC/Prw+y/ei/jV7
wZ8d34zljaj/mX7wT7+2gq+QW1ulI+7pmIntYa64b0z9hw+Cr+ajz3q/N/V/bwXfrXcXlu9D/bdb
w0951ovlTah/Zzv4rav6s3xf6p80A/6i1mD4h3L124lVGc8Wa+WguN+P+jvNg8+JGsF6vz/1b7AE
vt7U8Sw/gPqHroQ3qbBjeVPqP24DvIP/TJY3o/6ft8DvGzgf/qLcLpPEqoZuE2u3Q3F/IPXfvxv+
Rs4S1vvm1L/XAfgC91Usb0H90/3gm7d1Y/lB1N/1NPyghK0sP5j6twiBd3bYA79XbnCLveLe/BCx
60MV94dQ/2uX4I+qHWS9P5T6212Hvxvoz/LDqP9/8fBfLc+w/HDqf/QBfJvCEJa3pP4DnsCP2nkZ
fovc+C5XxD2Px2L90hT3rah/1nP4VV1usN4fQf035MGfSk5g+ZHU/59C+EfOSSw/ivrHfoav0Ehj
+dHUf1YZfKfwF/BD5PpavxT3wn+IvV2muD+G+ldXOVR52/GvWe+Ppf6n1OE3fi1k+XHUf2hD+Ave
X1jemvrnt4B/bvwffKlcvzSxqketisV/B7Yu/vv+eOq/rQ18rWeqYs77NtS/Uwf4Xqtqs/wE6n+/
K7y9ViOWt6X+C3vD74zSZPn/Uf96ZvDXpvwDny33qbquuOfSS6yHseL+ROofMhT+za8OrPcnUf8x
o+Eb+ndjeTvqXzIB3nRgH/i5ckcHmIh7PnKD+ynuT6b++6bCz88xw6+fkdvHdqD45+3kOlko/BTq
33MOvI/7MPx64Tg77P17k8U/Hyk3earCT6X+TxbCx+qNYf3806j/8mXwH+NtWX469W+2Fl7bYRr8
CLmzd4tVHZYbYq+4b0/9r2yEH6bmgF9fJDf/hFhV7Eax6ZsVfgb1n7gDflngIta//0zqX7YP/pjl
cpafRf2PHIZ/ULCW5WdT//4n4H/s2MTyc6j/yyB4/S474a3lbigWq3oVKPZzsOK+A/VfHwY/Lnk/
631H6t/6Gvw65yMsP5f637wJH6wRwPLzqP+Mu/DpYcEsP5/6V0uFV40PF3/u5b5NE6v6kCS2NEVx
fwH1P/kU3vDrNdb7C6n/kCz4yd63WH4R9X/7Fn6L8T2Wd6L+Wz7ARzxNhf8qN1H3ofz5P4st+6q4
70z9O5TCZ698xnp/MfW/9wu+rlY2yy+h/vNrOFb5PlHvWN6F+tetBz97ykeWX0r9zzeB3/urFP6e
3LEu3+Xvm+YfsBWaH/6+v4z6j24Jf92vgvX+cur/UQ/+vVnNDxy/gvrv6QzfLKcey7tS/+494S3c
m7L8Sur/qC+8k14reC+5LnfFqkr7y+9nqri/ivovtYA/HN+W9f5q6t/UCv7OHAOWX0P9L4+D/1Kz
F8uvpf7/mwTfOrAfy6+j/j/s4UdaDoJfIddgq1jV5xliy2Yp7q+n/ofmwq8ssGK9/y/177sY/uQO
a5bfQP2fu8KnGtixvBv1X/sv/K+kGSzvTv11tsB3dJ4HP0nuwBCxqg8e8vfhVsX9jdQ/xhN+gsYS
1vubqL+9D7x72EqW30z9//jCh1hvYHkP6n/iFHzmly0sv4X6DzoPX9N7N7yh3JJUsapXh8UWHFXc
30r9X1+E72l8gPX+Nuq/ORp++lM/eA+5s8b6i3u5MfL9W4r726l/+3j4HStPs97fQf3v3oe/qhnC
8jup/7zH8K8jL7H8Lupf+zm8xpTrLO9J/c/mwvf/FQ+/UG7AiARxL/O12LdvFfd3U/+RBfDz/B6w
3t9D/YtL4L3NnrD8Xurv+RP+VvZzlt9H/bv9gS92y2P5/dT/Ya25VV5LrxB+lNzQ/oXy97/6R/H3
R52Pf9/3ov4uGvBD4z+z3vem/o1bwLvMKWN5H+p/sTW8f03VR44/QP0ntIe/f0ad5Q9S/1JD+O/D
G8LrWor97d5Q3usqVqu74v4h6n/AGF6voAXr/cPU38QUfuyONix/hPpnDoFfa9CB5Y9S/zWj4AOT
urK8L/VvOQE+zak3/A+5V+LEqnRtxPa1Vdz3o/7Xp8D/aWDGet+f+k+bDd8lbCjLH6P+vxfAT7Ie
zfLHqf+xpfAeXyaw/Anqb7EGPtxrKvwzuennxapMV4m1XaO4H0D989zhXxnNYb1/kvpv2g5f5+lC
lj9F/fX3wfdeuYzlT1P/24fgZ2muhd8id19nsSoXP7Hbjynun6H+jsfhd0duZL0fSP1rBcFHT97B
8kHUPygUPr98H8sHU/8RV+Gb+B1m+bPUvygG3tzsBPwiuXMcxar2xYkNTlDcP0f9d92BX5QdxHr/
PPU3TIE/5BbG8iHUPyUdPkH3GstfoP6LX8F/jrvJ8qHUv+FbeJ05d+EHyjW/dlf+/ZUh//56rrgf
Rv3Di+Gtaqay3g+n/jbf4F3PPGX5COr/rRw+YHgW/H25e+3FqiwqxNpVKu5fpP4+1edV+ZT3b1nv
X6L+vevC/7f9A8tfpv7PGsN3MChl+SvUf5U2vE3SL5a/Sv219OA3ONX4VOWPy32xVazKTk+si/6n
v+9fo/5RneDPN6j3ifN+JPWf2gM+I7QJy0dR/woT+BrWLVk+mvr7m8N3/6LH8tep/0BL+GleneE3
yQ28JVblPlysj5Xi/g3qnzMWfrtRT9b7MdTffSL85fS+LH+T+uvZw+e5WrD8Leof7wjfQNOK5WOp
v4MzfL/IcfCL5L7Sshb3gheJjXVW3I+j/mqu8I6TJ7Hej6f+gevhvcrtWT6B+lt6wN/0ncvyt6l/
wS74ItPF8M3MxO6xXCx/7n1iM70U9+9Q/x3e8JrZrqz371J/A1/4IW7/svw96p90En6J7haWT6T+
zufgfeM8Wf4+9de4CJ842wf+h9xmG3zkd7si9vM1xf0H1D8sCr60hh/r/STqbx0Hr3vmFMsnU/8v
ifBjhp9n+RTq7/UIfs37iyyfSv2NMuHPbI+GvyM34KJYVekLsfWzFPcfUv/0HPjHneNZ7z+i/ivf
w1c+uM/yj6m/Zgm8gdNjln9C/SN/wE9s8Jzl06j/5Er4zaG58GFyn+jkiXvNVCXYTtVL/r6fTv3L
1eZX+bBxBaz3n1J/3wbwLz+XsPwz6m/aHF7d6yfLZ1D/LB14Y6M/LJ9J/d3awc9Mr4Xvs0PumH7q
4nud0BR7WVvx/Z5Tf11DeE9XjRLO+y+of5wRfFSLFiz/kvrPHgD/7lpr+Gbn+mHLxg6Q//5DxEYO
U9x/Rf1rDIFvPLk96/0s6n96JLxZuSHLZ1P/YTbwC32NWT6H+udPhj9oasryudR/+yz4+Kz/U2Kf
UTn3cRzHr0Ko0CQkyqishlGUWWSWEdmFpBJaZtlkq8xkJ7uslOzM4jairGQWkpZ2hPv0+f2/5/g/
/D76PHBe31/X9XbrnNuO5T9Sf1Mv+MKlQ8X3v0xss+9iFQ89xWZ7y+5/ov4PfOGbtxrNej+L+s9a
CO9wcwLLZ1N/9eXwAdOmsfxn6h+7Fv5gLW+W/0L9HUPhH0b7wf+U1tzDX9yr3ixWL0x2/yv1L9wJ
XzlgEev9HOofvh++7dflLP+N+lsehR+5bh3L51L/tFj4JaZhLP+d+gfGw594sAs+XVqHxRHSv/tx
Yu3jZffzqL/uNfgXsw6w3s+n/gl34JUbHGP5Aurv8hC+8+nTLF9I/SvT4Cc6JcCvkHbyVbGKca/E
+mbI7hdR/8g38GuLrrHe/0H9bbLg48Lvsnwx9c/MhX9v+YjlS6j/kmJ49fR0li+l/gY/4a3nZcJ7
SVvQ4J24t+639Hvkr+x+GfW/oeRV490bZ7PeL6f+bvXhwy9+Z/kK6q+kCX9tXAnLV1L/w3rw36p+
snwV9bdvBa+7R7moxttKa3WkFlZxx0hsZpuif+//pP6fjeH726oWcd7/Rf1DzODnvNVk+Wrqb2wF
H7m0Kcv/pv4pveGTWxqy/B/q7zUQviTJBN7wptiXL03FvVIHsRpDZPf/Un9VR/iW08xZ7yvqitGO
GQM/tJY1yytJvsvwyfALo/uwvLLkRxe4w0cPcGD5WpIPCPWBT/3iCF8qbdobJ3HPxE1s32my+7Ul
v808EP732rGs9+tIPu5pELyp6RSWV5F8mv8q+DEPZsBvkHZSjIe4d1zaJE/Z/bqSL9HeCL9i1mz8
uYd7EFYtWawiJ1Js9V6Zr0f947fCn1afx/r561P/sZHwGbHBLK9K/SsOwas4rWZ5NeofcQK+S9FG
llen/j3OwbuGb2P5BtQ/IxF+o+Uelm9I/YOS4C+mRcF/kPaiy2HpXpJYnVuy+42ov34KfHbgSdb7
GtT/+hN4jcbnWV6T+ru+hLe9eInltai/4j2817ibLK9N/Q99gd9RlQJ/SdoZ6++Le60+i+36VXZf
h/r3L4C/GZnKel+X+meVwefbvGL5xtR/9W/4Zm/fs3wT6t+2jneNH7hUfL4N0n66lyPuOav+wHqq
//j3vh71T1aH929ZyHq/KfX31IE/kFTO8s2of319+P+m/mH55tT/ZGv4CmWVHxyvT/2HdoBvHd0A
3knaoNqNxL2FZmLDLGT3W1D/PEv4EQN0We8bUP/NPeGDv+izfEvq37k//PG1bVi+FfVPHQz/3KQj
yxtSf7+R8EoPusBbSFuR2FXci3YWmzhWdt+I+muNh+80y4b1fmvqH+cGP17djuXbUH9nT/iQ2CEs
35b6l82FP+84iuXbUf+dC+DfFY6Hr1Mk9sSrCeJeyiKxmUGy+8bU32oZvFr4VNb7JtT/dQi8laUX
y5tS/8Vb4Ken+bJ8e+rffCd8aOBClu9A/a/ug7+quxx+YJ0T2LLFYhURZ8TGnJPd70j9Jx+Bz0lY
y3q/E/X/EwOvMy6U5TtT/wMX4PtV7WR5M+rf9yr87Mj9LG9O/T/dht9tc5TlLaj/qv/g72bGsrwl
9W+TBl+8JB6++VKxSrvFKi6ki73zQna/C/W/mwFv0PIa6/2u1N/jE/yQpDss3436182FXzD1Ict3
p/7Hf8AfVk5neSvqP7gK/snhN/B/pN3UM1PcS6oS+/CX7L419f+umFXjf9lnsd7vQf031YM3+ZLL
8j2pfycNeOe1xSxvQ/0fN4FfbvKT5W2p/9yW8LH3lYprfK60Rq7KxeLfXQOxOa2K/73fi/prGMO/
9q5fzHm/N/U/1xm+jromy/eh/qO6w1vE6rF8X+pf2gt+imMrlu9H/XcMgN9QaAx/U9qzKqbiXrWd
2HoDZff7U//uw+ETwsxY79tR/5fO8FkWVixvT/0XToJvlNab5QdQ/6bu8DaB4vOtkTZkv4O4p+8l
1mSW7P5A6n95FvxMXUfW+w7Uf2IA/PaEMSw/iPr/Xgyf5DKZ5QdT//0r4fMq3Vl+CPXvswG+aaQP
vLe0HxfNFvfMt4jtGya7P5T6fwiHH2ATyHp/GPVfsRveLzOI5YdTf6ND8PuWrGJ5R+p/+zj8A4ON
LO9E/d3Pwpff2ApvmCQ2/u42cc85Tqx7vOz+COqvkghvNDWS9f5I6n/sBryTchTLj6L+g5Lhgw6f
YPnR1P/bY/hj9udY3pn6b3gBn/Y5Eb75F7Enbl4S9zxfiQ3MkN0fQ/07vINXrE1ivT+W+j/8DN/R
JIXlXaj/7Hz4cfefsPw46t+oDH6N90uWH0/9z1bDn1N7D58trd+u99Lfv+9i3fJl9ydQ/5G1fWr8
25gvrPcnUv9iNfj6jgXw/aSN2iBW4atRgl2nVfLv/UnUf5s2fPfCMtb7k6l/1+bw08J+s/wU6v/c
CH6LRZ0Sjnel/vPbw195ps7ybtRfzxL+a4AOfNNAsR8/iFVEdBN71kp2fyr1v9QDXltXn/X+NOo/
oR98n4TWLD+d+v8aBO/j0oHl3an/3hHwEZWWLD+D+vcaB39nd0941UixVo1sxL3ECWJTJ8nue1D/
d67wP3r2Z70/k/ovmwnfInMwy3tSf8O58IOXjGR5L+p/az78PIPxLO9N/acvhY+64QafJe15p6ni
Xt4ysbVXyu7Pov61Q+Afu3my3veh/kc2w/9U8mX52dR/4A5448MLWH4O9f+6F360/TKWn0v910XD
L/scAv9IWoPQteKe3hGx5sdk932pf/sY+FMhW1jv+1H//+LgXxnvZHl/6u9zBb72/X0sH0D9G9yG
N/c+wvKB1P/0A/jJarHw+6S1vSlWYftArPND2f151N/pGfz6mAus9+dT/6LX8PHDr7L8Auof/hH+
Y8Ftll9I/bt8g28Y9h/LL6L+6UXwPS3S4DdK6x+bJn1vhWJ9fsjuL6b+8yrhPZ5lsN4Pov6NFbNr
/LaATywfTP0v1oW/oZPL8kuo/7hG8N/jxefrmCD2cudi6fenTqn4/dm49N/7S6l/VWP4Ji5VrPeX
Uf9IA3j7SkUpxy+n/rbt4H1312P5FdT/bSf4vT01WH4l9V/aDf7+mybw9TLFGqXoiXspHcV+6Cy7
v4r6t+wFXxbckvX+auqfZA9vaGDM8muo/9Rh8MNvdGb5EOqv7Ay/2K07vHKVBzb57kxx785isa+C
ZffXUv/DE+GPKvVmvb+O+g+YDv8sagDLr6f+X7zh/9oNZ/kN1H+tP3yHz84sv5H6myyGdwmZxPKb
qP/9FfCrjN1ZfjP1914PfzZlFstvof5q4fCZXgEsH0r9YyLg66kFsXwY9Xc8CN8tZiX8PGk7TVsl
7pUeEKseJbsfTv0Lj8FPHb6B9f5W6h92Bn5zQTjLb6P+FhfhL4XuZvnt1P/Zdfgv5odYfgf1D7gH
r/XsOPwgaXtFnhD3NO6K7Zgsu7+T+us8hu8dcJb1/i7qH/8cfpZOIstHUH+Xt/C74m+w/G7qX5kN
f3us+Hx1XMQ+z5U+r3muWPs82f1I6r87D76w4jHr/T3Uv2cpvP7uFyy/l/q/+QU/qOc7lt9H/YNr
zanxgW8+s/x+6t9CDf5QcD58vrTNdQvEvWGNysT/P9Es+/f+Aep/XQv+UYsy1vsHqb9bM/iq69Us
f4j6KxnBt3WrXcbxUdQ/yhR+lJI6yx+m/nYW8EujtOETpfXQ0hH33LuKXdhddj+a+mdbw5+0a856
/wj1X9MX/mW2Ecsfpf7tBsHXCmnP8seof7ITvJmxJcsfp/5eLvATU3rAH5d2Ufee4l7weLGbJsru
n6D+qq7w67z6sd4/Sf1PecBfUB3M8qeo/7A58B9OjWD5GOqfPw++wfBxLB9L/bcsge9R4Ao/V9p7
/m7iXupcsR/8ZPdPU3+zNfAzQmey3j9D/VM3wYebz2X5s9Tffzv89afz4X9L69tkgfRzbxdbulN2
/xz1194Ln+u/lPX+eep/4TB8Y50Qlo+j/mNOwdvFb2b5C9S//Dz83LE7WD6e+u+6DL+nYi/8B2nf
xe8T9/IuSXevyu4nUH/rW/DJEdGs9y9S/9f34Ut7xLB8IvUPegrf6k0cy1+i/vqv4YcFX2H5y9T/
2gf4RS1uw0dLO3KFWEX1O7HqH2X3r1D/KTnwR64/YL1/lfr/LYR/6vqM5a9R/4MV8L8VGSx/nfr3
+wvfPkp8vtHSep2VPm+92uVYPZXyf+/foP6fVObW+LF231jvJ1H/1Q3hV2YXsfxN6t+2MfzpNZUs
f4v632sB/6adopzjb1P/mW3h66bUhe8krXt6Xel7MxVr0kF2/w71r9cJvotXI9b7d6n/ia7wbqpN
WP4e9R9iC7/plAHLJ1P/73bwicPasXwK9d88FD47vxO8ZoHYGeViFW0cxXYdIbt/n/p3Hg2vGdqN
9f4D6v9kAnwv814s/x/1950G7/XUnuUfUn9Nb/id/sNY/hH1P+8Hf0vbGb5A2keGYhXWAWIHzZPd
f0z9Ry+CL7gwkfX+E+pfuhy+2djpLJ9K/Xeug3eo8Gb5p9TfKgw+IMKf5Z9R/1e74A/0WAx/T1oj
B7GKYRFi3SJl99Oo/6ID8A8zVrDeT6f+zY7BVwatZ/nn1P/Kafg2LcJZ/gX1n5QAP+J6BMu/pP6/
r8EvcT0If1Ta03vFKnRipf+Oz8juv6L+B+7Cn1AcZ73/mvr3fQT//JC4Xyzt39PSex2fibVPl93P
oP4f0+GV7S6y3n9D/VdmwnfOvs7ymdS/dTb8hDX3WP4t9b/zHT6k3WOWf0f9Z5TAxyU/h38urWrq
c+nfjQqxk6pk999Tf5Vf8O8937Le/0D9jyv71ng11c8s/5H6D1aFtz6Vx/KfqH+uJrz7sFKWz6L+
G5vCh+X/gr8qbd3yX9L3pl+B9TGo+Pd+NvXvaAh/dUutCs77n6n/IxP4b2ZqLP+F+s8xh9d9qsXy
X6l/I2v4fv7NWD6H+p/rAz9H2wg+TNrzhmIVC/uJXWcnu/+N+o9ygI+8YMp6P5f6lzjC3xtjwfLf
qf/2sfDF5dYsn0f9u02BbxnRl+Xzqf+LGfBDewyCd5f22UCxik0eYqM9ZfcLqP+C2fALMpxY7xdS
f7158NFBLixfRP0vB8On6ruy/A/qP3E1fPU1D5Yvpv7VG+FNXOfAO0i7w0esImaj2KTNsvsl1H/f
Nvgxivms90upf+898CsOLWH5Mur/Pgo+tv8ali+n/stPwmdkbWL5CupveB5eZc12eDNpo7dul763
s2LTz8vuV1L/25fgLdvtZb1fRf3db8JPST7M8j+pf5378Bs9T7H8L+p/NBX+Yv04+BxpB2jFSZ/7
udjsl7L71dTf4RV81snLrPd/U/+c9/Aaw26x/B/qv/4rvG3+fZb/S/3bF8J7bnnK8op6YrQflsNv
N3sNnyTtZSuxioPfxZ7Nl91XknyX2X/gb6Z+YL2vLPnRDVX8any+Xw7L15J8wJkG8E21i+A9pF02
TawiUaMSm6JV+e/92pLfNkIXfuCFCtb7dSQf90Mf3n/MX5ZXkXza1jbw+8tVKjm+ruRLunSEf7Cr
IcvXo/7Pu8BXWDeGb99D7JxEsYqcbmKrrWT361P/+TbwrTNasN5Xpf5N7OCdgtqyvBr1TxwCH6zf
ieXVqf/4UfDHr3Vl+QbU/+d4+PQptvD1XcW2WdpL3NOYKLbNZNn9htR/z1R4hcKe9X4j6m/rBd/p
0FCW16D+73zhx/cfzfKa1H/ZQvg1WRNYXov6t1oOf371NPhqaYubT5e+t+Viu66U3dem/jfXwr9r
6816X4f6TwuFV032Y3ld6l9rF3x3z0Us35j6R++Hn15/Bcs3of4DjsKHnlwHnyntV+P14p75EbF9
j8nu61H/r7HwV4aGsd5vSv3XxcPn5O1i+WbU3/QavM6WAyzfnPo/uAPf1+wYy+tT/1kP4X1ST8OP
0EzFzn0vVuGWK9Y3T3a/BfVXT4ff7ZfAet+A+se+gb+rdZ3lW1J/xyz4H3F3Wb4V9S/KhTcY84jl
Dal/eDH8kPJ0ljei/pY/4efvymT51tQ/Tcm/xkdZZ7N8G+ofWB/+yevvLN+W+utqwv9aXAJvFSTW
YX2puBfcqAobpln17/121D9BD95Y/xfrfWPq79IK3vmachXHm1D/KmP45VNUWd6U+keawcf8FZ+v
jkILaxIiVlGvjVj9drL77am/jRX8q4NNWe93oP6ZveHr9Ddk+Y7Uf8lAeIssE3g/aV3GmIp746T1
7CC734n6GzjCT15tjj8/KK1ljFiFj5PY4JEy35n63xgDv6GtNevnN6P+bpPhE+71YXlz6q88A/7T
TAeWt6D+h33gG9Z3YnlL6m8fCG9zcqz4/qU95+Mi7i0PFLt9vux+F+r/OQh+5tAprPe7Uv+QVfDb
8mawfDfqb7wRPmnzbJbvTv1TtsLndZ7H8lbU3ysSXi81GH6mtI4BS8S9C7vFpuyR3bem/mpR8PZ+
q1nv96D+MSfg/bQ2sXxP6j/8HPy+uG0sb0P9CxLh7zvvYXlb6h+aBF9eFgU/pFxsyPBoce/DdbGl
SbL7vai/eQq80a6TrPd7U/+nT+Adrc+zfB/q/z9ldR6V4/q2cfyRSIQikmTMWNKWkjlzZUhlrFAq
U0qIylhCoUglmRKSzFEoMlbGkCnJUObImCKafm/HdZ9ruf9617n/OdZe1ue89nN/19574RP4pU9T
Wd6c+mvmwx9cegW+QNpnw66Ke2pvxbZ9L7s/mPqffg//UOcm6/0h1H/iV/jqtGyWH0r9f5fCG0zL
Zflh1D+6En5ydT7LD6f+feosqvFrYj+I/25Jm+xVKO4Zqf7FDmvw99/7I6h/nhp84uBvrPdHUv9l
mvAvXv9ieQvqr9sKXnVNFctbUv+LHeBNOtb9y/FW1H+6PvyMaw3ht0l74l4jcc/VUKy3kez+KOqv
MIbfNKsZ6/3R1H9vX/hz9XRZfgz1HzIE/v0hPZYfS/3fWMI3HWXA8tbUf40N/KDPxvAh0p5sbCLu
rbETGzlBdn8c9e80Bd49tB/rfRvqf90JPtpwKMvbUv/Zs+Ez7lmxvB31V/WC/+5ly/Ljqf9hH/hW
TezhR0u7L1+sIm6O2BR32f0J1H/UKnjLJGfW+xOp/+d18IvHz2H5SdQ/dBP83lIv+Dxp3wUvEPfK
wsSqRcjuT6b+PaLg70b5st6fQv2zd8P/7e3P8vbUf8EB+E5Pg1jegfo3OQZvu3QzyztS/6Rk+FU6
2+Azpd1XJVbheEasV4rs/lTqPz4N/khaDOv9adS/NB3+ydR4lp9O/aNuwytXH2N5J+pv9hDeKPY0
yztT/6d58I6DL8BvljY354L0359nYqNfyO7PoP5LX8MHv85gve9C/XU+wZ8OzGJ5V+qf9gP+ld4j
lnej/lP/wDe89ozlZ1L/KoV3je876w28r7Qrc8UqbijKsblK5f/en0X999SDn1mviPX+bOo/WB0+
/FAxy8+h/q+14C9a/WX5udQ/sA18UVGtco53p/56neG1QlXhHy/uiY3pZizulQ0Xq2whuz+P+mca
wg811GC970H9Z5rCe91rwfKe1F9lIPwur7YsP5/6JwyHv6HRheW9qL/VGPiSUz1YfgH1LxoP3258
b5ZfSP1DHOHHlA5k+UXUv7srvF/UCJb3pv533eHje4+FL5O2uLW1uKfpLlbPQ3Z/MfWfvwj+Qe4E
1vtLqL/6Mvgqv6ks70P9T66G76bjxvK+1N9uA/yktHks70f9S7bAB071hj8nrW+2WIVRmFjzcNn9
pdR/63b4E1XLWO8vo/6me+Gf7wlk+eXU/0kCfL3BG1l+BfX3TYTv9Vr8PldpT/WOEPdc48R6x8vu
r6T+2inwToE7WO+vov7nLsGH6u1jeX/q73gdPjXzEHz9a2Jd/ohVVEirdlR2P4D6V96FfzfzJP68
4yyxquFiFdHSxiXJ/GrqH5MD36ReKv58sLQaZmIVXrli/fNkPpD6D3oJP/DQZdbvX0P9C97Bz7W6
wfJrqX/AF/ioonssv476ty+FTw95wvJB1D+9Av5b93z4xoZivaeKVYRVio2tlt0Ppv5uyotrvM69
96z311P/umrwFl5fWX4D9T/YFN5b4xfLb6T+FjrwsacqWT6E+n9sD59lV6eixr+VVttVrCKuvdhk
vYp/74dS/w3d4P+UqFVw3t9E/fV7wneM0mT5zdQ/qw+8Te9WLB9G/T0Hw6/M7cDyW6h/Y0v4w376
8E+knR8sVpEyUuwNS9n9cOqfOA4+p6Ux6/0I6m8zGV4prS/LR1L/4unwPaYOYfmt1D9iFrxDlfh9
i6X1ULES97Lmic31lN2Pov695sMH7bFhvb+N+j9eAp9sPoXlo6m/z0r4gldOLL+d+rdYB68WOJvl
d1D/1FB4Mz0v+InSXjHwkr7bFrGFEbL7O6m//VZ4t0wf1vu7qH/5LvgtM1ex/G7qvysO/oJKEMvH
UP8BR+E/JWxi+T3U/2USfHOrKHgjad1so6TvdkZsSYrsfiz19z8PP6RoN+v9vdS/XTq8Z8gBlt9H
/a/egt/Z/RjL76f+Lg/gr99NZvk46q+cB/9zfhq8ppfYJivEKr4/E1vxQnb/APU/8Aq+rUYG6/14
6j/iI/zoU7dZ/iD1//Ad3tfuIcsnUP/1ZfBxJXksf4j6d1MsqfH3t76Gr5b2bJxYRf9vYi1+yO4f
pv63VeArTT+x3j9C/ec1hu+aK+4Pl3baW+m90ZqV2MnNK/+9f5T6N9SCn+j3h/X+Mep/vDX86pa1
Kjn+OPW37gR//Hw9lj9B/b93h89zVGf5ROofbgKvUqUFbyDtctUW4t74PmJd+8nun6T+xgPgjfe0
Yb1/ivo/GgY/3bwzyydR/8Wj4UNeGbJ8MvVvPh4+ZbUpy5+m/mcd4N92GAjfWE/sG32xCqdpYuc5
ye6fof6TXeDVM4ez3j9L/f/MhR8wcwzLp1D/nQvh56hMYPlU6t9/KfzWBEeWP0f9XwTAX7V0hf8q
rdEksQrvQLH+a2X3z1P/levhv35yZ72fRv3bbIFvGbKI5S9Q/8vR8CO6L2P5i9TfORZ+0d3VLH+J
+islwO+ZvwH+irSDVopVrEkQG3ZYdv8y9Y87AX9bPZz1/hXqP/wsfNnJ7Sx/lfq/vwivZ7eX5dOp
f9A1+HElCSyfQf273IVfvjURPlzaV/vEKiLviI27J7ufSf1vPoY/ZJrCev8a9Z/7Av7xk0ssf536
N3gHX8vvOsvfoP7HPsMbtrzH8jep/9gSePvzOfCbpW11U6wioVhscons/i3q/60cfp3jS9b7t6l/
WG2fGn+q8h3LZ1H//xrA58d8Yfk71P9BE/gG5qXwU6V9HVsq/W6tKuxl7ap/79+l/otawvd+VcF6
/x7112wP77pauYrjs6n/ma7wYR3UWP4+9Z/0H3xaRlOWf0D9y8zgC9104LvNFNv6slhFcDexkQay
+w+p/3Zz+GYqHVjvP6L+fS3gByd0Y/nH1P+ZNbyHZU/449I6x4tVxFqLTbSR3c+h/ssnwe/41If1
/hPqrzsd/trGwSyfS/0vzYQvNrBk+afU38kTvvXdcSyfR/1rLYEfNX8y/AppjxpOEffSvMXeWCK7
/4z671sB76PuxHr/OfUfuhZ+/8lZLP+C+r8Ngc+2nc/yL6n/2kj4ip/i9w0qEese6SPuPd8u9vNO
2f186t9pF3yXrStZ7xdQ/xv74cebrmP5V9R/zhH4gCehLP+a+tdPgj/mu5Xl31D/I+fgn2rvhldr
Kba5Woy4V3ZRrNoV2f231H/0Vfi65+NY77+j/l9uwvd0PMry76n/pvvw0yqTWP4D9e/xFH5DzHmW
L6T+9wvgzw5Kh38vbbxGhrhX763YFu9l9z9S/4WF8G8KbrHe/0T9m36Hb7z6AcsXUf/k3/D9O+Sx
/GfqP6EafnbGK5b/Qv1/1fWt8ZFuH+GfS2uZK1bRSrUaa9Sg+t/7X6n/tkbwl+v+YL3/jfqbNYf/
crCM5b9T/zxdeG1LRTXH/6D+yzrCD/+kwvLF1L9Vd/iFGxvDJ0prUEtd3DMzFDvaSHb/J/W/0As+
xkCL9X4J9Z/WH/7WndYsX0r9q4fC//LsxPK/qH/sKPgO6oYs/5v6D7aDtz5pAh8hbceOpuLeODux
ThNk98uo/xt7+GW2A1jv/6H+a2bAH/w5jOX/Uv+Oc+EfRY5m+XLqf20BvMJ0PMtXUP9ZfvAGTxzg
naTNGeEo7pnPkr7jHNn9SupfLwB+iq8L6/0q6n8oGH6ttjt8irTFY8Uq5oWIXb5Jdr+a+luFwZ88
t5D1vkJVTNPP2+BfOCxl+VqSNw7dA1+/MoDllSRvZ3gQ3jRmPcvXlvyie8fhZwzaAn9YWnXncHEv
7KTYuCTZfWXJR3idgd9cEM16v47kkzQuwp8PiGX5upJ/eCoT/kP7BJZXkfxPuzvwTTNOsHw96l/6
CN7c7Sy8v7QWLVOk75YjNjlXdl+V+kc9h59X9xLr/frUv/db+OiD11i+AfXPLYLPtLjL8mrU3+8n
/I+Pj1m+IfVvWQ6vu/EF/FuXuoqw/9s9Q1SwilwdsYW6YqW/GlH/80p+Nd7S4B3r/cbU37E+/JI7
n1lenfpXacDv8yxheQ3qv0cb/m7jCpZvQv3N28GXJ9aWfZ//zzel/q+6wHe2bcDymtR/tRG83c8m
LN+M+ncwg18V2ZLlm1P/jEHwR03awz+XdlK8WMVbc7ElQ2T3tai/20j43JyurPdbUH8Va3hl3/9Y
Xpv6J0yE/0+7D8u3pP6W0+CnnjNneR3q/8kNfr2DBfwFaYMui1V8d5Puzpbdb0X9N3rAn66wZr2v
S/0NFsO/3j2J5VtT/zvL4RsNms7ybai/5xr4vgUzWb4t9VcPgZ8V4Am/RVrTp2IVFRvEqofK7rej
/icj4CPaL2G935762+6Ev5S+guU7UP+f++CLXNeyvB71jzwM36JuKMt3pP4mp+CHHYyEj5C2a/ut
4l5WjNjnsbL7nah/Tiq8l8Uu1vudqb/PFfjdH/fDP5A2xTlO+v9OutiyTNn9LtRf+yb8zQ1HWO93
pf7nsuFL9ZNYvhv1d8iFb3fnHMvrU/+KfPixnldZ3oD67/4Av7TxLfgr0to53pa+W6FY5SLZ/e7U
f+A3+PjE+6z3Dal//i/4hzZPWb4H9fevgq8uLmB5I+rfvu7SGq8fWcjy/1H/9Ibwk0y+w9tv/oNd
5P9X+m6NamE11Wv9e78n9XdtBr8m5zfrfWPqX0cXPtGnmuV7Uf94PfjnLVRqcbwJ9R9pAK96rhHL
m1L/QmN4E4fm8D7Spj0UqzAwFtvfRHa/N/Vf3w/euUKX9b4Z9dcfCh+6uyPL96H+WVbw5wZ2Z/m+
1N/DFv59fi+W70f9G9nDNwnoDx8lbXr9AeKexWSxk+1l9/tT/xPO8IPaD2O9P4D6j5sD754+iuUH
Uv8fXvDbXO1YfhD1D/eFT6/jAP9FWpdLDtLvXiF29irZfXPq38sf/nv8DNb7g6n/4yD4VhZzWX4I
9V+yGd7i4wKWH0r9tbbBL97gx/LDqH9KDPxe/QD4PGk148UqnPaJ9Y+T3R9O/afEw9/JCma9P4L6
/z0G/8cjjOVHUv+dp+E7NY5meQvqP+ACvG3iHpa3pP4vM+BX2hyET5BWbYFYhe91scE3ZfetqP+q
LPgjxcdZ74+i/m0fwT+JOMPyo6n/lWfwtU0usvwY6j/jDXyPnEyWH0v9axfBO/rcgV8tbWbQHenf
22fSd3whu29N/eOK4YNbPGa9P476j/gLn5z6nOVtqP+HWstq/Cv7t/BKDmJt3MUqvBRK4t8fJaV/
79tS/2BV+IYVRaz37ah/Vw34Prt/svx46n+rBbzbwHKWn0D93dvCh+eL35cs7dVC6ff6dxQb1ln2
+ydSf7Uu8Bf96ytx3p9E/Y/1gP/UrgnLT6b+1r3htdK1WX4K9f8+EH6oazuWt6f+W0bAz6/TFT5E
2gcNxSqCrcTuGi2770D9e46F3xlvxHrfkfo/nAB/Y6QZy0+l/t5T4UsKB7H8NOrfzA2+7YaRLD+d
+p+ZBz9G3xreV9oZxmIV0fPFJiyQ3Xei/pO94f2yJrLed6b+f5bBH/CYxvIzqP+OQPj7jWayvAv1
77cRvuqEB8u7Uv/n4fDdbBbDj5VWabpYxdFIsWlRsvtu1H/FDviJxctZ78+k/q33wQdGrGH5WdT/
0iH4E71CWH429Xc+Cf/scQTLz6H+SqnwKj474U2kTVm7U/puqWKzzsvuz6X++y/D92qxn/W+O/Uf
dgPeKfUwy8+j/u/uwYfYn2J5D+q/7gl8ankqy3tS/8758O92XRF+t9g9h6W/z34ptqBAdn8+9b/x
Hl5j4E3W+17Uf+5X+AH52Sy/gPo3+AU/1z+X5RdS/6OV8FHtClh+EfUfU2d5jb969QP8J2n3Z3+Q
vlvt2tjvdWr/e9+b+n9Vg//m8o31/mLqv1kTXqfOb5ZfQv2NWsGPjK9ieR/qf78D/KKRdfH7tkmb
ZS1W4a8lNkxb9vt9qf8iffjYwoa1Oe/7UX9NY/is9c1Yfin1P90XvqybLnxTfbEjzXSlf+7+YmMH
yu4vo/4Th8B3zNJjvb+c+v+2hLfxMGD5FdQ/2gZ+RaNeLL+S+veZAn/oRD+WX0X985zgc8YNhS+T
9uW0odJ3cxab6CK770/9l8+GVyq2Yr0fQP11veANI2xZfjX1v+gD79DLnuUDqf/0VfBBj51Zfg31
VwTBJy2ZA58vbVGgWEXyOrEZwbL7a6n/3k3w+VoLWO+vo/5DouDVUn1ZPoj6v9kNb2bvz/LB1H/t
AXjX8iCWX0/9Ox2D37JrM/x5ae0Oi1XcOCL2+THZ/Q3U/3oy/IUB21jvb6T+s9PgP76MYfkQ6q+a
Ad/MP57lQ6n/4dvwQ9odh3eRdktXsYrcbLGfH8jub6L+ox7Ce149zXp/M/X/nAe/w+UCy4dR/02v
4a8rZ7L8Furf4xP8zwNZLB9O/bN/wLcZ+Uh8P2l/uIpVlJSKrVcmux9B/Rf8gR9V+Iz1fiT1b1Jr
RY33Xf+G5bdS/6R68HHdilg+ivqPV4fPvl3M8tuof6kWfOW8v/BDPcQeHFAu7qnrKGPb6ir/ez+a
+m9rA9+1kZIy5/3t1N+sM/yEE6osv4P6PzWEDxinwfI7qf9SU/jjP1qw/C7qrzMQPi+8LXy7CLF1
bNv9j10zgZKiuvo4GFAcXEiEuBFSaVEQepralwGUgRFEwKAMuKFFT3fNTEtv9gKDzLhvCRg5ShI1
LggaweUTMRrEURCJwRgjKiqJfkgSjEYRTYJCFCX33XdfT9cscOo7HM75TqjDOf+u997vVdX9v33g
9cmjuNaM9tV/t/C/9QzkD9UHB3r+PcL/iychr705LBB/r/D/m1rk3VlWIH6R8H/RdOTnHXt6IP4+
4X91HPlfrxzL+ae5vjN7HL/fUMt1yzRf/YuF/3+ZifzWC84O9Pwlwv9r88j3+WpqIP5+4f/AuciP
uOti5E876xLU4a9x7db/cq7hZl/9Dwj/f3MN8omRXqDn/1L4X/9j5H+6ORmIf1D4f9ityD9/ZSEQ
v1T4v+wO5D+RmgPxy4T/Z92H/Alrr0V+CunNV13H6xtxL9eJ9/nqf0j4//FS5MfG5gV6/sPC//nL
kc/1uC0Q/4jwv3Il8vc+cGcg/lHh/x9WI//y2MXI9xvHtfrwJfTd67jOeNFX//8I/zO/RX7nB8sC
Pf8x4X+fV5E/6UePB+KXC/9XvIX85CFPB+IfF/5P2Yx888trAvErhP873kd+aXI98p+RDvnTeorb
37lmP/bV/4Tw/6efIP/mkRsCPf9Xwn/zc+S7P/Z2IP5J4f/bu5GvnPxeIP4p4X9TjysYf8E//haI
/7Xw//gjkL/h1u3IryW94uvtFLejevJzgD49y+tfKfx/5hjkV2hfBHr+08L/6Sciv3nj14H4VcL/
r0PI957Vs2cQ/hnh/z1DkLeOPTIQ3yr8P11FPrayL/ILSStP7Udx07guMHz1Pyv83+Igf8sF/QM9
/znh/9XVyLd+eVIgfrXwPzQe+Q9/MTQQv0b4v24y8n1HaoH454X/3vnIV2+uQn4B6W3ecIrb+VwX
Xeirf63w/9AZyKeuHB3o+S8I/x9sQP4O6axAfKZYGBbLFt1sLhNz8w1eKhW5NJ9J7wsPdMlwmbqO
Cld7NU1L6aYYqmFZpm4pZjdZ0TUQSd6vb9HFVcwXojlJ6pbLZAp7K7ev/P+n19xQZmaoqpAreuGQ
l8tlcqGqUCgcSmXiHvyClgE3yUw0DjfpTNpjd9E6L8nzyloNZDRA4arQ2dPG14yvlsZ5YzO5mCed
W3u+pMmmDPn5VKhKtcOheC4xy4PnKJqsyuFQrpguJFLwNEWFclBNMlMXTbKknFtIxGa66TzkyaoO
NSQzBbhRodGEQ7OjuVQxG6oy2E3WyyUycbeYp/u4F40nE2mvLSWfTaTxTsW7Qs6LpuD9E5lcojAn
VFVphEOJNLQFeJlogXGem4YglBXhQWrIRbONmAV1OeX3bmFOliXODc30cmkWI6eFv7M7K5pLQM0Y
RDdWrEtG8xCQbOMcVrq+HjJ02TGh8JxUXSbJvhe+FgAvnYaSVTqL+hwvx3/mi3WxaC6XwHtTUcOh
y6IstAZUkIxnY26sDu5UukkUsJxGt7nMbLiz6e5yyLB1uqlrgOdC9YmGVFQNVckRWXb4ZUH5vOfF
ef7MRNbFL8CItLC4YTuIZVLZpFfw4m68mEukG1xwFqop5VPzggSvyYsVC9AK3Gwmk3Tzics9TI9l
ch4+g3nV1i7rE/UZeGeZ/8KM+mgyDzmpZAYaSHlCNu9mE1nP9dKzqCVDSiyTLuTgQdmcl/eYDVQa
XtBl3b/gFgsxKK7KqlmpyJWyWqtY0FardDXiWNqFIV7US8e7LKhHNFUXBWdHk0mqGBuv5YC7qqKq
UJmjOzZzqlSO1eorpUNNhmk7KjTJnAcxibPIQyqPfRZ9gAKsURTTsUYe2DxGkHUbGNLpJlOIwnuU
d5pUIp9nbVRxHI3fuTlo7sxtxzENuewyWC9hn4DVY9eZG0rTi6QSadZhI47N3DJkVj/cWorulC7I
cFiGqjsR03FKFTPCcaDlKYoWcdT2GS5k6bqtQkBlf2WQ1UVeKtrUWUZLKUTgfCyRT2TSXXyHYfm+
Q7P08rdXLav8nQ29/EUV+Aaz9A2670U75IkXbZcBLwqhbvAK7EXjXUdcjmiy5vguem3IMc0OOQ7m
6NC0yi+bPgZyVLsjgx8GeZrcaV5XmfhpneS0+Ntp558lq4rTvkL6LllXZd+llT5MNm1/lkFfpsIX
Q6jaLrX0YZpi6xHLMtpFw3W6yMPP6pjR9lUx1ok7+Sg1wlsD+wotYvu/QqFv0O2I7fsIlb7AkSPQ
x8syzNIXKLIVsfSy1y4l4LvSXdsLFjJikOu86ctWqenLJkTNKjV9TY/optwuUizDNiKm0rF3YpYV
MUytQ1YXefjGHTNa+BzR6RtrWoTNefjGimZGFEftGFdFsyKqYrbLYLHS7Iiqt3eCxxVGe03rwPAQ
d5LHo90hAwMPM3dsjlufy6Rc6tidfYpuwacYIvoKNAZZaxdVlgFTNLQSq0Mb0VQDWomqdPItuqnY
EUNRO/Ohszw+LnXIaGFTbi5fcDP1boOX9mCuYGNop/OCDIVjOB/XJ3AcY+ltk3iUzzGwmDBgiFBk
w1Yt9sJs+nGzWVjAVKo6tALHdmC8Uh3bgq1AOFSHc6Ph6BFHNhQIke0ous7WXW7Oqy+bNWXVMWVD
tTSACjxPsy0FatF0xYR06IserAVYdTDoRXByzSfibi7FEzUFurisGgbYCRh2C14CgsPfwjDAIEM2
NRX2LIauGGikOzsRLzTyOdxgdqa8OKz2ypJVcDUMq8Jswe2Qx8bmMIsftmL45bJyOA/5A5rJF7qM
qCXrBjR5y9as9hFVHUO3TRU6A0w4bPnNIwrdyIjAeAafq5uGjY2yfUg1S4aBT9XahdSW4dNV2Ya5
sCykWichVU01YluwmVNk29FsHMT8IYVXi+i2Y8D2ULEtR7XUjiFlsesspGqXITUtHlJDLY+oobJp
dnYGQplIF8rWl21pbaGDyOm6LuumI2uWAiG0y5etfGRlCzEIRXlG2wLNMZzyjLI1Wlsi71udrYtj
jcX0zI7F04k8PlVpqdhP+79O9v/ROGzP8tHcnP11EoDTV9f7f+hMatv+X4V0xdRk/eD+/0Bcvv1/
U4J18yi4Dnsc2AfC1pFt7GdncjPpDEDs9eNFtiNWyrbeqby4h1soGffqo8VkIcQTYAecLPJNHt7m
oukGnCCS8LgCpjfAkwseu6k02L4Zdj7pOGxPvMuKkMpavdyWilsbNoPCUh1GDcs0dTE1iiLRGOs0
VAbGLM2weBnoyTwP5mf2I5MWAylMLxbsvwzo8Ww5VUwn2M7JYoMSP21wKUkRn41bdZhZMtBl2I6u
lCoTzlJcNndoEdO2WcUwEhuO4ii+AqW3ZeVgT6SzxZfDlkQ6LwfxhYEuylYNdsRUdajGUi0HPt42
y0rgssKKwNfKdmldoJYVwPUWbLt0C1enhfpkJsu+kcXRkBXLZrMohAIqbagTL58uJpOwEsi2/QQK
M1m9uNrSNRjFNZ2Fqm4O2FiWK4fpQKQ8EQ8aLufHJexHuc90FsJSISxFZjRPSiZTbjaai6Z8zaJt
/eMrIVBKFQcoCtXTmIjHvXQpe7aXaGgsuPjupcQ8rO3ZcUZmdrp0ZjCLbyMxCz+DEqDRzeJk3JuV
iHm8Khc2B5lYFN8THLVtdpDVQmdlMqqbjrLTr70cnLFCxWKC9b9xk6dWanHZ8xQ9Xml7ilKp64Za
6dlwa8WiaqxO1qNmlJ3T1ec8D5pMyq3z6vm5CkzosKqA2UwVZwOQzdJ1R4a5zmINIlaMR106knPZ
PIDdg47mMJMf35Xl8WO8/Jw0OxlhRWowAFPYBFlMeqPZEiaRbpgCBaShEiswBU/fWEJjLpMGn6Vo
PYw1kheNNUrYPsJ8pIH2WmiEWsdMHT2xeopbc8bY6qkTa91J1bVnSoPHToZFi5TOSLVjNfVUQBpx
iRSyogqEwLDqYSvDhh8WOMNkBxXsLIi6fqERXiHOGmTMSxeibDDiTRu/kXlal/RcbmWp2fN1Lz+t
7HgGBBsTWBayMyB2pNNVKVjka4rBSrES7IwSSg1js8uwfN2wvU7Hsfys0H6b+OliD2zo6oHJTMP+
eMY+5n8F1mtt879msflfUa2D8/+BuEpmV0nYuqW5Aad7mm5LU7tv6hfDHLSy9q28y0bHFp176R1d
cqx38Fmj43TRcZIonw46DOmsQNxj41yczU9iqoA9BzvQ8U8viqw4qmLYuEjwTSKqDBt3TbF0NuDT
M8pqpQlDazc9wpqEDRz4l5DSNEuJWgS2pjA3s8MdPj7uZSJuqSjzNp5Je5IwdiSyEjN1JMQFR9z8
SMtQJDoxHglrJkPWJRor6V6TyhYsIw0lYtlSxyUMZbRbEI2UJba6HEmLyv08iB28/s/XvrrU/njG
PsZ/Wde0DuO/dnD/d0CugpsPYycOl3XlCiXCtkmGETag41uOUqFGZEWlBBhi1AoNEkQJS1GMCh2P
uw0dEwzLrjDK6rAs2a4wAdFEgmzbFRY79kdEg6eoeoUNJUy4YwmqKZsVDvsbJCXAAlWrUNhfJbWw
psC/iAK7nwoF3lWxwroS1tnfMxynQmEvq9CrsD/YVCjwtrAL4imwy7ErFL3s7UyL1YxDXli1WIoO
bfK/Y4zqpP/vp1Vf27Wv/q+aRln/N9j//4A9ycH+fyAu8F6ScFHA/nuHJEn+xgAJpcN+KWvIErs0
6OBS1nEkSVUtK6Lr7CaCt44NfUdKRZugmAp9L6LBGiEvNUtlf4cV9UA1GuSw802epLCDCUhhf5aW
FNmRh7EzcYnOVCXbdCT2GvJ/R888MFcn/b8usX//+9fe+z87k4Df7fu/oh7s/wfi2kH/EfDhqlmr
TpnRvduDT11cfVuA/z/4Of14+Z0W5N84zwvEf0E/Pm6+HvlvdiUD8TvpR+8BNyM/5M4C5+8ivZ90
Ken8Wb76dxE/dPVC5KcNb+b5I0hrSM8kDV/h4/9N/IQZdyF/9bvX8vwtpB+SbiPdcL2P/5L4md3v
R/7Rlnk8/yrSm0jnk2Zv9vFfET9v8cPIbxpwG89f8wQ9j3QjaeuTPn638H/ME8j3WHNnoPh/Lfzf
ugr5YdHFgfhvhP/Xr0X+okMeCsTvEf4P+h3yNy55PBDf7RAuQ9e/hvyKmqfJb9LJpLWk9jO++rsT
PyHxR+Q3v7+GfCf9jHQH6aa1Pv4Q4mdW/Bn5w29cT76TLiBdSNr0Ox//LeLnPfwh8sbgDdROSXVS
m7T/6z6+B/EPT/wM+ehLb9PzvuC6iHQp6fxdPr4n8S9/shP5+Ze+Fyj+hxL/8U/2IL+y9weB+MOI
7y0f9gzj//rI9kB8L+H/a0chf/TZXwTiDxf+576L/PBPvybfSXeR7ibdssdXf4Xw/5gByNcv6Dma
x5/0LtJFpNcdNrqc7y38/9XJyN+qHMnzddIRpKNIBx7t448Q/k+tRP7Z1/vy/I2k75JuIZ1e5eOP
FP5/oSP/93z/0UHid5Tw/+cjkO/Xb2Ag/mjhv1OD/Kinhgbi+wj//zQB+eR5WiD+28L/uVOQ//ku
is9u0h7DufYi3TYCtQfx3xH+978I+RfuGE2+ky4iXUo6v8b3fscI/5+tQ3571VnkO2kN6Zmk4Yk+
vq/w/5JLkT/h3XPIb9IPSbeRbpji4/sJ//dchvzYlgt4fmMz1ybSZtIZV/j47wr/F81B/rIB0UDx
P1b4P/pq5O9e3RiIP074/9ebkF8/IxuIP174f90C5Hd0bwrEnyD8P/l25KUlV3L+ftJHSJeTLrza
V/+Jwv8X70V+Qs2N5DfpZNJaUvtHPr6/8L/hQeRnv/8T8p30M9IdpJsW+PjvCf97PYb84ht+xvNv
Il1AupC06XYfP0D4v+wp5P8w6B5qt6vp/UnPJx3xvI//vvB/wnPIf7n+gUDxl4T/236D/MmXPhqI
/4Hw/+ZXkD+n95OB+JDwP/Im8s2PtAbiTxL+v/ou8ksnraO4kZ5POp101Iu++gcK/7NbkX9j+8vk
O+ku0t2kW17x8ScL/7+9Dfk9t7xBvpPeTnoX6VVv+vhThP8r/oX8UOUdmr9IR5COIh34vz5+kPC/
9ivkp73+F56/7n2ax0g3kbZ+4OMHC/8/P6SV8dfkP+L5BdJm0qtI49t8/KnC/59VIP9o33/y/ONI
JdKBpL12+Pghwn/rO8j/8cl/8/yVpK2k60iXfuXjhwr/Nx2PfM/zuo/hvpPOII2TnvmtMeV8WPg/
5wfIy7t68fyFg7neT7qUdP4QH18p/D/hVOSn39HHl9/VJdpvRPj/jIz8jVXHBeKHCf8vtpF/4p3v
B+Jl4f83pyP/XvOgQLwi/L93HPIVA4ZxXiIdTBomPULx1a8K/0f9EHlztcnz15CuJ/096XLbx2vC
/z9PQz464zTymzRJmiWtHeXjdeH/NZcgf3P3sTy/B+kRpH1Id4zz8Ybw/6R65FcunsTzp8+k55Nm
SWtTPt4U/q9LIb91zNRA8beE//VF5Pu8Pz0Qbwv/D2tBfvgN8UC8I/xfeh3yDYOSgfgq4f/4+cjf
uj5PfpNuJN1E2lr01T9c+P/Rbcg/l5hLcSctkDaRTm/x8SOE//N+gfxHFdeS76R9SY8j3X2djx8p
/A8vQb7fIz+mdkq6krRV3D/m408T/r/yEPLVk24NFL/Thf+ZFcgnt98RiB8l/O+zCvnbb7kvEF8t
/H/8eeTXycsC8aOF/+e+hPynry0n30m3kG4lXb/CV/8Y4f+/NiB/Yn4l+U7aTHoVaXyVj68R/i/c
hPzYvmvIb1KJdCBpr7U+/gzhv7EF+dyTvyWfSdeQriNd+pKPHyv8f+sD5O+Z9iqNM5/ROPQPei7p
tn/6+HHC/6ZPkX9p51uB4n+m8P/4nch/fvvmQPx44f+qb5CXqv4WiD9L+H/Roc8yfuI7nwTiJwj/
dx+J/Ozmz8lv0ptI55Nmd/rqnyj8v7sf8ku+9zX5TjqYNEzaZ4+PnyT8P+17yL/6XI8a7jvpetLf
ky4/tKacP1v4/95A5L90j+D5M0jjpEnSyUf5+B8K/68OI39K9748f53GdQPpJtJWw8dPFv6HdOTP
WXxiTZD4nyP8f2E48i1jTgrEnyv8j49BftnWIYH4KcL/nhOQ33i9GoivFf7/8lzkuw2q4vxgUplU
Jz1uhK/+qcL/cRciP3R9NflNupF0E2nrGB8/Tfj/YRT58xLjyW/SAmnTfyg1o7Ca0y6OhoYQQjNC
CCEUIRQhCakQQiiFJEQhJCEKIWSE0BBzjCIUIYSYSkMIDSEmhIaDEELyPbPf334e78V38bpZF/us
nfb6nzoXgR7Okj+W+6+dTn54rRFirg8agkZgxUjJd+f+HeeQf/igu5hHLxCMA+PByGDJH8f9c4PJ
v+firXT/8dx/Vhj5P72epuRP4P51I8nvsjFAyffg/kc2ku9huVDJ9+T+rtvIj7yxFN3BQrAIzAiT
9k/k/m93kZ86dxW6g6FgGOgXKfle3H/zH+T/03ADuoPGoAmoFy353tzf6jD5tY9vEfM0MAPMBB3O
SP4k7v/3cfJ7jPlN6X6Tuf+Cs+RP/qRR8qdw/0ZZ5G+ITVLyfbh/Wi75p2xSlfyp3H9cPvlP7+E+
hWAJqAXzzkr7fbn/l/vkG4T+id5gJBgFBmZJ/jTuH/eEfNtmV9AbNAPNQYOrku/H/fu8JN/v3E10
BzPBXDA5X/Knc/+H78jf7HUPv78q8HMMDALdKyV/Bvdf9oX88zqPle4/k/ubVD1Hn9/3/Kvk+3P/
CzXJ/2XAWyV/FvefXJ98++JyJX8296/WmPxZK3UGiu5gNBgDBlcd+OP+AO6/z4T87W31xNwMtASt
QKNakh/I/QeZkZ95qZ6Y54B5YD6YVl/y53D/553JL/VrJOb+YCAYDHo0lvy53D+yJ/lNa7UQc5dW
eD3oDTqYSv487t++H/mDD7YV8yQwFUwD48wkP4j7Xx5E/jyXTmLuCrqDHqCdpeTP5/4zh5G/61V3
MS8Fy8EKsKin5C/g/vpjyL+8oQ+6g7FgHBjWT/IXcv/DnuR/6DxQzE2moj9oBRpNk/xg7j98Kvkt
b7hI8//3j5/fRdy/1J/8oXPdlPwQ7r8piPzghh5K/mLu3zWUfE3qFCU/lPvfCif/+uiZ6A56gz6g
4yxp/xLuH7SO/K8f56I7WAHqzhMsCZL8pdz/583kt4sNQW9QAyaAUaGSv4z7n9xB/kibFWJuCzqA
jqB5hOSHcX/3veQvvbdGzLX78X2AOgmCxYmSv5z7f04kP3HxJqX7r+D+O1LI/9t4u5Ifzv17nyJf
51y8kh/B/QszyDf3SlDyV3L/JTnku+skozeoDxqAZSnS/lXcv3ke+eF7TqI7mAQmgzGnJH8198+4
Q/4R+/PoDrqArqDVBcmP5P6T/iH/3pNsdAa1YCkYpJX8Ndy/6nPyq6+8pnS/tdz/99fkd217W8lf
x/0dPpLveemBkh/F/Z9+I3+N31Mlfz33X/XTefr8XvMVuoNGoDGo80bav4H7t6tDftGBMnQHU8E0
MP6j5G/k/n8Zkq/vUoHeoDvoAdpVSn40959hTH7PV9UGid5gOVgBFv006Ed/E/evbUr+lA21xTzN
QjAHzAVTO0v+r9w/qSP5Gzo3HKRy/83cf2g38k/nNVHyY7j/617kP53TSsnfwv032pNfv2EHJX8r
97d0Ir9PahfcD8wAM8GEbtL+bdz/5gjy/UbbiLk76AH6gI69JT+W+88bR37MRzt0B3X6C+qCJfaS
v537G04i//w2RzGPBeNBDRjpJPk7uP9xP/JfWruKeUSgYAwYC4bOlfyd3H9MIPmN7o1Vun8c9/+0
kHz7xV5K/m/cP3YZ+bONpyn5u7i/zWryt5+dreTv5v73N5CfNXGB8L1BP9AfdA2W9sdz/9Ct5L/9
vgTzpYJ6oD5Yukzy93D/ZrvIN96zEr3BJDAZjFkt+Xu5/7l95DvarxdzB9AFdAWtNkr+79zf6xD5
857E4Pk/huce9Addj0u+hvvrHCd/d0Sc0v33cf896eRfaaNR8v/g/vaZ5H/MPqjk7+f+xVfIb+V3
TMlP4P4rb5E/tOYZ9AYNQSOwIl3an8j9294nf9GBi+gOpoJpYFym5B/g/pcek69xvozuoBvoDtrm
Sv5B7u/3gvw87Q08p2A5WAGGfZL8JO5f8x35FevvKt3vEPc/8Jn8dp0fKfmHub9zlYz//FF5JUr+
Ee7/So/8pXNKlfxk7r/BgPwDDcrRHTQBTUG9L9L+FO7f2Yj828e+ozuYDmaAmiqDf/SPcv+8FuRX
GV1DzN1Bb9AHdKwp+ce4/5x25Ft8rCvm5WAFqFtPsMRA8lO5f4PO5Ltv+0XMzWwErUBb0LS35B/n
/sd6kB9h3Xywyv1PcH+3vuQn322j5J/k/h8Hkn8/xELJT+P+24aSX8O4u5J/ivtbjya/61lb4WeA
OWAumNxX2n+a+9/1IH/iRAd0B/1Af9B1kOSf4f4hPuSv+e6MuYugHqgPlg6V/HTu39Sf/OPxo8Rc
AyaByWDMaMk/y/3T55H/qP8EMXfzwnML+oEuk4j896/nuL/nYvL1n0wWrysGtWApmO8jff3z3P/7
CvKtI2aIeSQYDcaAof6Sn8H949eSP6XNXDz/oCVoBRoFSf4F7t//V/I3Zi9CdzAPzAdTF0v+Re7/
eDv5Z6Ytx9fdi/cd6ACaaST/T+4fvof8Z3prlJ7fTO5vmkh+gwPRSn4W989KJr+Pc6ySn839fdPI
n67dreRf4v56GeRvWb8f3cFYMA4MS5T253D/xEvkZ3Q6gvuD1qAtaJoi+X9xf6fr5Guvn0B3sAAs
BDPSJP8y9395m/xGc86JeRAYCoaBPhmSf4X7Rz0kf0CDbPzcL8b7/qmgAVj2TPJzub/FM/JnH7uq
dP+r3P/aK/J3uP2t5F/j/gEfyM/+UKjkX+f+9b+R/3ZrsZKfx/2P6l74z29mrUVv0A50BM1fS/tv
cP9R+uQ73n2P3mAxWALmfpD8m9y/rCH5QSFf0R2MACNB/2+Sf4v7b2lKfnzTao40NwZNQTMw1szx
Rz+f+/doTf6V9FqOKvf7m/vf6UD+J88GSv5t7h/clfxW3xsr+Xe4f5Ne5A+Lb6nkF3D/M/3JD+nf
XvgOoCvoBlp3lPbf5f4eQ8jf99hSzItBLVgK5neV/Hvc/5sr+TfCrcU8AowCo8GgXpJ/n/vvcie/
wtQOvUFL0Ao0spf8Qu7fz5t8s+zBYp4D5oFxM0B/yX/A/Yumke82bbjS/R9y/+UB5C/TG6vk/8P9
Wy8k/2DiRCW/iPtnLiX/tpOvkv+I+09dRX5V7Sz0BitAndmCJQHS/sfcv/oG8i3Wz0dvMBaMA8MW
Sv4T7r9/C/njOi1Bd9AatAVNlkl+Mfd3/I38ldcj0B0sAAvBjFWS/5T7/6shPzkwSswTDgmmgemg
5ojkP+P+a5PIL6wfo3T/59zfPJX8Gsd2Kvkl3P/qGfK7uf2u5P/L/Wf/Sb7XhwNK/gvuX+8K+Wu3
HkV3MB7UgJGp0v6X3D/5Jvknep5Gd9AOdADN0iVfy/1H3CP/UcEF9AaLwRIw90/Jf8X93z0iv07I
X2IeCkaAkaD/Fcl/zf03/0u+TdMb8EvhgdFg0DvJf8P9u78l3ye9QOn+pdz/djn50Z5FSv5b7r9Q
5yJ9fq98ruS/4/5GeuQ/3/1GyX/P/U/VI79B/0/oDbqArqDVZ2l/Gfcf34j8vo8r0R3UgqVgvs6Q
H/0P3P9rc/JnhFcX8wgwCowGg/Qk/yP3j2tL/hbTumJuBlqCVqCRgeR/4v59O5F/IetnMXfsJugO
eoAO3SW/nPv/0518rW+zISr3/8z9w/qQb6TXRsn/wv1bDiTfIdFcyf/K/S+6kB/gZKXkV3D/KW7k
73zZW/hasBQsBwv7SPu/cX9dD/KzowagNxgLxoFhAyW/kvvvm0L+OwtndAetQVvQZKjkf+f+g2eS
3/z6SDHPAwvAQjB/oXyfagIdS+aSPyRwvNL9qsB3XhNC/vz6k5X8qvBndlhBfvzR6Up+Nfjrrqwh
P3fUHCVfF/5B/03kfyoLRm9Qd5GgHqgNkfb/BP9Kne3kt94ahu5gPKgBI1dIfnX4Lw/Hkz+8ZyS6
g3agA2i6VvJrwK/tmkB+SMFG9AaLwRIwd5Pk63H/t0fI/2PRNjHXjxM0Bk1A3V2SX5P7/3qS/BtN
dsMDTUEzUH+P5Nfi/t3Ok//tzB9ing5mgjlgUoLk1+b++dnkt/c8LObeoB/oD7omS74+959/jXy3
yuOYn0B3UB8sPSn5dbj/L7fJD9t9Fu+7h7g7qAXziyS/Lvc/+YD8g3ZZSs9vPe4/7in5dx7lKvkG
3P+Llvxq4flKfn3uv7OM/E6mhUp+A+5vW0H++Kwn6A3mgflg2lNpf0Pu/6Dan/T53fcluoOBYBDo
/kryDbn/0trkp9R4j+6gAWgIlpdJ/s/cv0VD8h8kfMFzCqaCaWBcheT/wv0zmpCv51TVSfzcaCmY
DKaCsa2dfvQbcf/Jrci3elnTSeX+Rty/WgfyvaLqK/mNub+mC/nrLBor+U24/0Ab8k9cM1Hym3L/
Z3bkPw4wE34gGAyGgt4dpP3G3H+1I/l161uKuSFoDJqAul0lvxn3N3Ml3+ZoT/QC08AMUGMj+c25
/19jyZ86qp+Yu4EeoDfo0F/yW3D/mV7kR5cNEvMgH8EIMBL095V8E+6vP4389C3DlO7fkvsfmk1+
SY8xSn4r7j9sAfkNCzyV/Nbc/80S8vstmqrkm3L/6JXkz2gyC91BE9AM1A+Q9rfh/l3Wk7/1TJCY
p4OZYA6YvEDy23L/mzHkX/QIRW/QD/QHXZdKfjvuHxRH/qtv4ZhHCOqB+qBtouSbcf+fNeQ33r1O
6X7tuf+Jg+Q72G1W8jtw/7HHyA98tEPJ78j9y0+Tv3PFXiXfnPtvv0j+pdYHhG8KWoJWoFGStN+C
+/e6TP77zBT0BvPAfDDtmOR34v73b5Df3PcUuoOBYBDofkbyO3P/JXfJd6pxAd1BA9AQLL8o+Zbc
v/kj8ucn5Ii5+QtBa9AONNVKfhfuf76E/D1D8pTu35X7e5eSf/XFHSW/G/evUk5++bp/lHwr7r/3
O/mmFs+V/O7cf0CNTPr8fu01uoP5YCGYUSrt78H9i+uSvzjgI7qDwWAo6F0u+T25/6pfyN9vUIne
oDFoAurqOP/oW3P/ds3Jv5nyk5ingulgBqipIfk23D+nDfmVI+uIebm5oJ6FoD5Y2knye3H/6Rbk
ty8zdFa5f2/uX6s7+aO3GCv5ttz/oC35y3uYKvl9uL+LA/lJdzoq+X25/ytn8guCuwk/FIwAI0H/
7tL+ftx/4yjyqzXpLebGoCloBur3kXw77m85gfzOZ+zRHcwEc8AkB8nvz/1vTCZ/vIeTmHuDfqA/
6Ooi+fbcf+4M8ld9G4HnLUAwD8wH0+dI/gDu33Au+Ud3jVO6vwP3T11E/oN+k5T8gdx/9HLyaz7y
U/IHcf+PkeRbrQhU8gdz/9ho8r1bB6M7aA5agoYh0n5H7m8TS35U5jL0BvPAfDBtueQP4f73dpN/
cupqdAcDwSDQfY3kO3H/xfvJf1J9I35ugAagIRh3XPKdub/xEfLrJmxVup8L9z97gvxeQ3Yp+UO5
/8Rz5Pu+2KfkD+P+37PI37TukJI/nPvvuUr+WfPjSr4r97f/m/ySq+noDhaCRWDmOWn/CO7/pJB8
w4BMdAeDwVDQO1vyR3L/iGLy+xnkojdoDJqAutckfxT3b6Mlf2bKLbzuHvaARmDFfcl34/7Z78nf
NvK+0v1Gc/9pX8m/+P6x8MvAClDniWBxsbR/DPfXq5b1n/865oWYx4LxoAaM1Er+WO5/oBb5jXu8
E3Nr0A50AM3KJN+d+zs3IH/gnc94/zVzEfcDjUGdFi4/+uO4v7Yx+XOCq7io3G8891/fkvy4xjWV
/Ancv1N78nNOGyj5Htz/uiX57ycYKfme3D/QmvwW3/g+JoJ6oD5Y3lLaP5H717cj33lXOzGPBxPA
JDC6veR7cf9jg8lf0K+zmNuBjqALaNlF8r25v9tw8vcW9RDzYlALloL51pI/ift/GEP+1eV98Tov
7AFLwLxJkj+Z+2+dSP7nVoOU7j+F+/f0Jd80c6iS78P9C2aR7zp1tJI/lfsvmk9+aHVPJd+X+zdZ
Qv7+/T7oDiaDqWCsr7R/GvdPjyD/lqM/eoNuoDtoO1vy/bi/ZxT5lf/OQ3ewDCwHC+dL/nTuX7mZ
/A7rFot5FBgDxoKhSyR/BvffvZP8MebheP734vsHU8FYjeTP5P52v5O//Opapfv7c/9HB8g/NPtX
JX8W919xlPyCejuU/Nncv/Vp8nVT9ij5Adw/6wL5liMT0R10B71Bh4NE/vvjQO7v+xf5E94noztY
Aeqk4P18VPr/zeH+NW6QvzomDZ3AeFADRp6W/LncP6GA/KPdM8TcGrQDHUCzi5I/j/sPKSL/4e1L
Yh70VDAMjAT9n0t+EPd/8Zz8WsHXle4/n/uve0N+98Z3lPwF3N/8E/mTTj9U8hdy/2uV5EdNeKbk
B3P/gOrZ//lpFa/gv8bvL1AfLH0j7V/E/Q3qkv/ktw/oDiaASWD0J8kP4f4pP5Nfr983dAcdQRfQ
8rvkL+b+I5uR37tId6h4TsH/UWpGYTWmXRgOGSGEEBpCiEIlhBCSkBSbQgghFCGEZCMUIYQQQggh
I2SEEKKYENNQhBBCEjaa33/Nep91Xd7D9+g+WO5V1v31tQ8qBktAU8vBv/oh3P+TOfmTlxoOVrnf
Yu4fbUX+xubGSn4o9+9kR/75K42V/CXc/+/u5L/2baHka7l/cF/y6/1mqeQv5f4NB5HveNBW+Alg
MpgCxtpJ+5dx/z+Hku/v0k3MXUEN6AU6OEj+cu4/ehT5W1/3RnewDNSBeX0lP4z7l48n/8rqAWKe
OB3fN5gGxgdI/gruv3Mq+R8sPZTut5L795xFfqNbXkr+Ku5fEEy+8wwfJT+c+y/Vkj+rlp+SH8H9
m4eTvzNpJrqDqWAaGD9L2r+a+19ZT36Gx3x0B71BH9BpgeSv4f6+W8kvKw1Fd7Ac1FuC94JW8iO5
f+Xd5JtFrxTzGDAOjAfDwyV/Lfc/cID8QZ3WiXnwMcEwMBIMTJL8ddy//zHy5z/YrHT/9dz/9Sny
987fqeRHcf/V58m/bbJfyd/A/S2vkv/9bKKSv5H7Z2WR33J0MrqDvqAf6Hpa2r+J+wfkkO9Rfg7z
VEED0BAsOS/50dy/Zh75ITuvoDuYACaCUVclfzP3P/6c/ISemWLuCLqArqD1Lcnfwv3d35Kf8+Qu
nvOP+DkAvUCHT5K/lfuXlpL/U/tQ6f4x3H/Td/Itmz9T8rdxf7uK1+nz+5XXSv527n+/KvnLfD8q
+Tu4/7za5B+t/A3dQSPQGNR9l/bHcv8GDcn/54Cem+gOJoHJYExFt1/9ndw/xYz8yi4GYu4KakAv
0KGa5O/i/iMtyLd+XUvMi8EyUAe6NJT83dz/RwfyvVc3cFO5Xxz3j+1C/irLpsK3Au1BB9CsmbR/
D/fv0Yv8k1mtxDwbzAXzwDQLyd/L/R87k/8koL2YB4LBYAjoYy35+7j/Ejfyq9XqLOZGoAloCoaP
lvx47m82gvzOST2U7ref+18aQ/54j35K/gHuP2ES+WtLXZX8g9xfP4D8s5s0Sn4C998fRH6hnTe6
g06gC2g1Vtp/iPs7h5Bv9GAiuoMFYCGYMUnyD3P/V8vJ7z5/OrqDWjAM9AuQ/CPcP3wN+VNM5qA3
aA5agIZzJT+R+7fZRP6mswvFPBVMAzNATZzkH+X+N7eTf2HUMqX7H+P+0/eS/+ZHhJJ/nPvXOEx+
vZ0blPwk7n/sBPm9e25T8k9w/yFnyfd/gvsUgMVgCZizV9r/B/cvSSM/RpuA3mAkGAUGHZb8k9x/
Qwb56c2S0B20Aq1B4z8kP5n722aT/+HyGTFPB7PAbDD5rOSf4v73/ia/se9FzJ/ieQONQd0zyT/N
/YOekO9c+brS/c9w//qvyJ994LaSn8L9z7wnf1f/B0r+We7v9YX8G0X5Sv6f3P/bv+R/jniB7mA0
GAOGvJL2n+P+2ytn0Od3y3foDtqB9qDpB8lP5f7da5DvmlWG3mAumAemfZH889w/z5j84IBy/P4C
g8EQ0Od/kn+B+y82JX9fTf0h4uu3EMwDC8GMlkN+9S9y/6bm5P91vPoQlfuncf80S/K/u9dV8i9x
//EdyW9V2kjJv8z9K3Yn32NTcyX/Cvff14f8xXZthW8POoJOoIWVtD+d+zsNJP/QfRsxzwULwEIw
o6PkX+X+LzzIz5nXVcyDQS0YBvp1l/xr3H/lSPL1THqLOdMMNAcN+kr+de5vMZ58y7MuYh4/WTAZ
TAHj/CQ/g/vf8CPfc5S70v1vcP9pgeQv/+Gp5N/k/tWDyT8WO07Jz+T+iUvIf9hjipKfxf0HryK/
8pMZ6A4WgsVgdqC0/xb3f7+OfBvtPPQGI8EoMChY8m9z//VbyB/TLBS9QSvQGjTWSv5f3N9mF/nh
l1eIeTqYBWaDmiOSn8397+4nP3niWqX73eH+c46S/0R/s5J/l/sbnyK/+oFYJf8e9z+VSn7n/vFK
fg73H5FO/oQi3KcY1IHlYMFRaf997v81k/x1ESfRHYwGY8CQU5L/gPvH3CP/bNtz6A7agfag6XnJ
/5v7d3tE/ovMy+gOZoO5YGq65Ody/0fPyDcKuIn3VzGeYzASDHwv+f9w/5A35DvUvKt0/4fc//dS
8v2O/6PkP+L+F76Rv8n9qZKfx/3HVbjxn3/xY5GSn8/99aqS/2ZjCbqDsWAcGFYq7X/M/fcYkV/f
TofeoCPoBFp8l/wn3L+vCfl97v9Eb7AALAQzKrj/6hdw/8Km5AfMqyLmwaAWDAP9qkr+U+6/ojX5
2xrUEnOnDoIa0At0tJH8Z9y/VQfy01Pqu6vc/zn3v96Z/JKRTZT8Qu7v15N80x8tlfwX3L+qM/n9
Y9sp+S+5/+HB5M/p0Ql3Al1AV9C6i7T/Ffd3HU7+rscOYl4AFoHFYHZPyS/i/u+8yb+5xAndwTAw
Egx0lvzX3H+dL/mfzVzF3By0Aq1BYzfJf8P9O/iT3+zyMDFPGS6YDmaBiZ6S/5b7Z88hf/DE0WLu
C/qDgaBmjOQXc/9Zi8gP1p8o5gagEWgM6nwl/x33r7Oc/Pj908Q8AUwCk8EYf8l/z/1Prib/L+fZ
6A66gxrQPkjyP3D/4RvJ//FqgZiHx+DrgbGgdrvkl3D/L9vIbx2xVOn5/cj9t+4hf2jbCCW/lPvb
HyI/NDNKyf/E/f9JIv+Qf4ySX8b9F6aQf79GHLqDJqApqLdX2v+Z+zdOI7/C8YPoDqaAqWDcIcn/
wv1Tr5Nv5X4cvUFv0Ad0OiH5X7n/2L/I9/p4WszLwHJQ7wx+jvMkX8f9fz4gf/nGC0r3+8b94x6T
f7zjNSX/O/fv/ZL8hzm3lPwf3P/ZO/J/m3dfyS/n/ss/k2/bIB/dQXPQAjR8Iu3/l/ub/0v+mJRC
9AbTwQww8aXk/4/7X9W/+Z8fMbIY3UFf0A90eS/5P7n/FEPyk79/QndQvwzvM7D4s3wf/CGQpYEx
+QU7fuC92cSDGAJqQV8zj1/9CvAHHWpMvmGPSh4q968If/rAFuR3eVxNya8Ef83btuRPXFJHydeH
fyTSlvx1Zo2U/MrwM9t1I//PS82Enw5mgdlgcgtp/2/w397uTf7LCW1wZ9AfDAQ1lpJfBX71wAHk
19a3EXMD0BA0BnW2km/A/Wt7kN9jv72YJ4BJYDIY003yq3L/P7zI93N2FHO78YJOoAtoPVHyq3H/
YT7kR7/qr3T/6ty/bAr5aeFDlHxD7r95Jvlv23gq+TW4f+f55DfIHKvk1+T+f4eS38d/MnqDwWAI
6OMn7a/F/ResJH9GjRlibgSagKagXqDkG3H/RuvI33ZsLrqDKWAqGDdf8mtz/3Obyb86ZLGYu4Ne
oDfouETy63B/753kfywJE3P9eDy3oAlYvl/y63L/f+PJN90YqXR/Y+6/K5F8l47RSn497t8rmfw5
OTuU/Prcv+Ac+bvn7lPyG3D/ZVfIz6x/BPcCzUBz0OCotJ//ENSyRSb5X878ge5gKpgOJiRLfkPu
n36X/OYj/0Rv0Bf0A11TJb8R95/0kPzB3y+hM6h/Gd836P5K8htz/9+ekb9gxw2l+5ly/4Ovyd/v
cEfJ/537u3wkPzs/V8lvwv1f68gvDy1Q8pty/zV6mfT53awIvUFr0A40eSPtN+P+VgbkD7v0Ab3B
DDAbTP4o+c24/61a5IdO+IruoB8YCGq+Efnvj5tz/xkNyD9c6Se6g4agEVimN/TXr9+C+9dqSv6D
+N/EPAFMApNBVyvJN+f+Sa3Ir+Bcc6jK/Vtyf4/25Ld7VU/Jb8X9SzuR7xX+u5LfmvtH9yA/rE1L
Jd+C+3fqR37STdwnC8wF88C09tL+Ntz/gSv5j6bbibk/GAQGg96dJb8t95+vIb9KDQcxNwJNQFNQ
r6fkW3J/E2/ybY/1RXcwBUwF4/pJvhX3PzuR/LFDBmEeIGgIGoO6GZLfjvuPmk7+6pKhSvdvz/1/
zCb/1IZRSn4H7r9zIflPbSco+dbcv+cy8g1zpir5Ntz/SQT59nNnoTeoBcNAvznSflvur91A/sT6
C9AdNAPNQYNFkt+R+zfbRv76M1p0B1PBdDBhmeTbcf/LceSf8wrHcwr6gn6g62rJ78T9JyaQ//Lb
ejEP3yQYA8aC2s2S35n76yeRX2fHVvx7MB5MACO3SX4X7n/gDPk9HHaLuSPoArqC1nsk3577979I
/tT8A2JeABaBxWB2guR35f5F18jfHHoM/08wHIwEA5Mkvxv3j7hNflrT07j/A7xHwEBQkyv53bl/
2wfkF6edV3p+Hbh/Zj75DSZcVfJ7cH//F+T3rXRLye/J/Wu8I39mfI6S34v7Hy8jf3u/PHQHXUEN
6PBY2u/I/d3Lyb/28jm6gyVgGZj7QvJ7c/+PlbLo8/uqt+gORoHRYPA7ye/D/TdWJ//3Np/E3Aq0
A+1B08+S35f7d6xL/oCb38XcouEw4YMOoGnjYb/6Ttw/pxH5QdMrDlO5fz/uP7c5+XGG1ZR8Z+5f
vy35mUdrK/n9uX+KDflf3Roq+S7cf2RX8puXmAm/DCwH9ZoJFjaX9g/g/t8dyXfbYCHm0WAsGAeG
tZX8gdx/hwv5C22t0Q10AB1Bc1vJH8T9HdzJ33+vi5jngHlgAeg3RvJduX++J/l3gnop3W8w9w8d
R355vf5Kvhv3bzqFfIszbkr+EO5/aQb5Gq8RSr47958wj/wl33CfctBgrKAhWDJO2u/B/SuFkn9k
+yR0B+PBBDByiuQP5f7xK8h/0D0A3UEn0AW0min5w7h/v7XkV8wPQm+wCCwGs+dJvob7v4wmv31o
iJjrduH/v1vQCCyLk/zh3H9VLPkjm4Yp3X8E97eIJ39F2hol35P73zxCftL4TUq+F/effpL8vIo7
lPyR3N/wHPlV4veiN5gEJoMx8dL+Udz/6GXyO/Y7jN6gO6gB7RMlfzT3d7tJ/riXJ9AdLAHLwNyT
ku/N/T/cIX/1qrNiHg5GgtFg8DnJH8P9o/4h/7TFJTFPf4r3EJgLpj2X/LHc3+Yp+U9vZCjdfxz3
v1dEfo3p2Uq+D/cPKiG/q2Gukj+e+9fTke979ImSP4H7n/5JfpTbK3QHvUBv0PG1tH8i9/escos+
v394j+6gDiwHC0ok35f762qS/yrqC3qDsWAcGKaT/Encf1t98uva/g+/v0AH0BE019P86k/m/t2a
kN/zXmUxjzIXjAXjwfBWkj+F++e1JH9aUA2Nyv39uP/iduRvrldPyZ/K/Zt0Iv/SaVMlfxr3v+hA
frGnuZI/nfv7OJFv8s1S+OWgvpWgAVjcTtrvz/0ruJLvtL0j7g7GgwlgZCfJD+D+e4eRP7N7dzF3
AJ1AF9Cqh+TP4P59R5O/I6+PmBeARWAx6Osn+TO5/4sJ5F9bPFDpfoHcf+U08kubDFXyZ3H/1rPJ
b5I2Usmfzf0zFpA/YPx4JX8O95+6lPy5FaeiO2gEGoO6adL+IO5fLYL8uH2B6A4mgklg9GzJn8v9
j0SRn+UUjN6gO6gB7RdK/jzu7xpDvu7FEnQHS8AyMHep5M/n/u93k99i1Sox9zks6A8GgV6Jkh/M
/dcfJH+IxXql+y/g/tbHyV94Y4uSv5D73zlN/oFpu5T8Rdx/9gXy71Y/oOSHcP+618j/N/EoeoMp
YCoYd1zav5j7J98iv43bKXQHNaA36HhG8kO5//D75Gs+pKI7qAPLwYILkr+E+3/NI18blY7nFIwF
48Cwa5Kv5f4xheQfscnC75lswRgwFtTelfyl3L9rMfl/370n5jlgLlgApt+X/GXc/+En8isFPRLz
YFALhoF++ZK/nPsv+kF++3rPxdwENAPNQYMXkh/G/U0r3f7PH3X6DbqDaWA6mFAs+Su4//lq5K/w
LMXPWd3h4n0N+oPu9Yb/6q/k/mPrkH9C903p+V3F/fUakZ+/rcJwFT+c++9pRr5B96pKfgT379OG
fLs8IyV/Nfd/bk3+uMUmwteC4WAkGNhI2r+G+4fZk7+miZmYm4EWoBVo1FzyI7l/S0fyz1xsLeZp
YAaYBSa1kfy13P9af/Kf+XRAd9AfDAQ1NpK/jvtPGUJ+zYpd8P2PELQG7UATL8lfz/2repLfdV9P
pftHcf/DY8mf5OSs5G/g/oMmkx/1YrCSv5H7FweQn7pyuJK/ifuvnUt+Uesx6A5ag3agyThpfzT3
b7+Y/Lo3fNEbzAFzwdTJkr+Z+/8VRn6vaf7oDgaBwaD3DMnfwv0DI8mfVj1IzA1BY9AELIuR/K3c
v040+VsSFyndL4b7n9xB/uXBy5X8bdxfs4/8d+9XK/nbuf/nw+Q3jNqo5O/g/lv+IN/JZjt6g46g
E2gRK+2P5f5d/iQ/8O4edAfzwAIwfZ/k7+T+uZfIj51zCN3BEFAL+h6R/F3cf8EN8q8bn0Bv0Aw0
Bw1OSv5u7t/4DvmfTqWIeQqY/gjvMTAxX/LjuH9qLvlNPNOU7r+H+48pIH+g7rqS/3/KzS4s5rbr
wyGEUIQkhCKEQQghhBDylVAJIYQQBvkOIYQQQhIGIYRQhCSEEEIoQgghhPAc97p+6z1cG+/Gde+c
G2vONbXO/zHNhjuS+/95Tf6MLbeU/N3cf+dH8ne1e6DkR3F/h+/k33j8FN3BXDAPTMuS9u/h/tl/
yC8MeIXeYBAYDPrlSv5e7r+41K3/fMtaH9AdtAZtQKN8yd/H/S0rkN/v/Ff8/QJTwFQw5rvk67j/
5Srkz/X6jZ+7lisxDAwHAy1c//X3c/+xNcnfV6ykq8r9D3D/0lbk34k0VPIPcn+dDfl/upoo+dHc
v6ct+Q1f1lDyD3H/t+3JH7ysnvCDwBAwFNRaSfsPc/9VXclf1KCxmFuDGtAWNG0i+Ue4f5Pe5Een
tBDzVDAdzADjbSU/hvvfHEB+xvh2Yu4L+oFa0N1e8o9y/ynDyC9RrgteNxJ7QD9w0GjJP8b9jUaR
3yy6p9L9j3P/o+PJH96nv5Ify/0HTCV/2Qc3Jf8E9/+iJf/YWi8l/yT3D11I/hOND3qD9qADaDlB
2n+K+7cOIr/MnSnoDmaCWWDSVMmP4/4P1pJvO32WmPuDAeBC0Hu25J/m/trN5HuZLMBzClqAlqDB
Isk/w/2r7yQ/+MQyPP9RgnagPWi5V/LPcv8ze8k/5bpG6f7x3H/4YfJffN+o5Cdw/6IT5FfYsl3J
P8f9tyeQ367dHiX/PPfvdJn8sY+j0R3MAXPB1MPS/kTun5VK/rqAWPQGg8Bg0O+k5F/g/ovSyU+o
GY/uoDVoAxqdk/yL3L9uJvm55y6JeSKYAqaCfm8k/xL3v/SCfBOv60r3S+L+3u/Idyh2V8m/zP1L
fiF/YuQjJT+Z++/9Sf7mrs+V/Cvc36l4Gn1/z8F9csECsBDMfCftT+H+b8qQ/2HpJ3QHQ8BQUPtF
8q9y/5XG5Fdv8APdQQ1oC5r/kvxr3L9xdfK7pegNEb3BdDADjC8+5F//OvdPtSB/6ngDMfcuL+gP
akH3ipKfyv0nWZMfXtZIzA1BE9AULDKW/Bvcv4KG/JSD1cQ8GowB48Dw6kRoeje5/5E25H9xri1e
5wK6ge6gQx3p/W9x//6dyK/9ob6Y54OFYBGYZS35adz/c3fye69tKuZ2LoKOoDOoGSD5t7n/hr7k
z9S0lub/33//9///c39bV/Ijb3dQ8u9y/3se5N+Y1k3JT+f+M8eQ/6NyHyX/HvevNol8qxOD0BtM
BJNAnau0/z73j/Mn38XVHd1BL9AbdPKU/Afcf1gA+QHfR6M7qOctqA/mjpH8DO7/awn5+8Im4jkF
o0AdGDxJ8h9y//BV5N9tOx3vt0HQCDQFi0Il/xH377CB/D+P5ijd/zH3f7qV/EYBi5X8TO6/IJJ8
15orlfwn3N/iAPmLzq1T8p9y/wtHyT80Ygu6gz6gL+iyTdr/jPuPPk1+ht4u3B80BI3AgkjJz+L+
+hfI14/UoTsYDcaAoQckP5v770khX9M1Bp8boDPoAtoek/zn3L97GvnDc06Jedo9fF6BOWDqA8l/
wf1fPyB/+dLzSvfP4f5Bz8g/Vv+Kkv+S+zd8Tf7TKzeV/Ffc/9oH8suOv6/kv+b+vt/Ib1X2KbqD
JqApWPRM2p/L/cv/IX/kwZfoDsaCcWD4a8l/w/0Pl7xN39+d36M36Aa6gw4fJf8t9+9Xnvy49wX4
+wUWgkVgmJnbv/477p9vQn7OmiKl++Vx/3Xm5FfU6Lup+O+5fwtL8tvfLqfkf+D+dxuTP3ZaZSX/
I/ef0ZL89ZVrCN8EtAAtQYOa0v587l+1PfkJsXXFPA5MBJNAnaXkf+L+p7qQ/2ZwIzF3A71Ab9DJ
RvI/c3+3XuRX+d5czAtBvRaC+mBuS8n/wv1/9CffIaytmMcPF0wB08BYD8kv4P5bh5Lv27az0v2/
cv/2I8nf/MhJyf/G/TN9yL8010XJ/8795/uR/9HcTckv5P61teSbnRuB7mAKmArGjJT2/+D+iQvI
7z5iHLqDPqAv6DJe8n9y/5HLyZ+qNwW9QUPQCCzwk/xf3L/4WvK375op5lGgDowBQ7WSX8T9d28i
/2qX+XjdDuwBdWBIhOT/5v6OO8gveLFU6f5/uP/LPeRbLF2t5P/l/ssPkd+7/kYlX6+kQGPrE+TP
uhKu5BeD3/tqPPmRPlHoDfqDWtB9r7S/OPyJE5LIv1kmGt1BE9AULDok+SXgryqXSv7PA8fFPBqM
BePAiBOSrw//YPRd8q2cz+I5Bd1Ad9AhQfJLwr/e5zH5/d9fxOddNn5/UAt6vZD8UvDffXhOfsCa
a0r3Lw2/XMhb8nXN7ij5Bty/+Wfy09MeKvlluP+dH+T/nZqt5Jfl/tOL3fnPb1z5DbqD5qAFqP9O
2l+O+5uUId81Nh+9wUQwCdR9lnxD7n/CiPzFgwvRHfQCvUGnn5Jfnvu7mpJ/+Ntf/P36y68bKn5u
MNBq6L9+Be7/vTb5DzeXHqpyv4rcf0sD8ku2rajkG3H/ds3I1zyqquQbc//Hrcl3n1tLya/E/QM6
kh9kXl/4FqANqAFNrKX9lbl/ze7kH09oIuaJYBKYCsY0k3wT7n+uD/nPPFuJuRfoA/qCLm0kvwr3
HzGY/LJ6HdAbNASNwIKOkl+V++t5kN96l6OYW/cWtAPtQcs+kl+N+0d6kz+yi7PS/U25f1df8le/
GCj8HDAPzAfTB0v7q3P/nOnknw4cLuZBYAgYCmo9JN+M+y+dS36O1Wj8/qAGtAXNx0h+De5ffwn5
RlcmiHkKmAamg/4hkm/O/a+sJL+9zzSl+9Xk/j7ryR9XZo6SX4v7l9lK/oYDi5T82tz/4C7yz/Ve
oeRbcH/n/eS/zcN98sEivtc6PBfrpf11uP/7GPKrrAlDdzAMDAcXbpX8utx/TRz5nZtFoDtoB9qD
FpGSX4/7N0skf1LaPvQGM8EsMGW/5Fty/7Qr5IdNPYLn7DY+f0ANaHJX8q24/9Rb5CdVOqV0//rc
v9ID8j8eP6fkN+D+sU/JrzE4Wcm35v6DX5Hf/dsNJb8h9//2nvxpm++hOxgBRoFBD6T9jbj/5q/k
77B7gt6gI+gE2jyT/Mbc3+43+Vcf5qA7mAXmgqmvJN+G+z/Uv/uf/3VOnpgHgIFgEOj7QfKbcP85
huRbmBfg/SoPE98DQD0Twawqw/71m3L/GibkOyf8Urp/M+6fUIN8rWeJYSq+hvt71iN/99+ySn5z
7v+3Efm3Iiop+S24f0QL8n92NhO+I+gEuoC25tL+lty/czvy67+oI+Y5YB6YD6bXk3xb7v+8M/kD
AhuKeRAYAoaC2saS34r7L+lJ/jyr5mJuDWpAW9C0peS35v6W/cnfn2wn5rGugklgChjjJvltuH+y
G/np4xyU7m/H/cd5ka9XxknJb8v9DXzIb3ygn5Lfjvvvn0L+kN5DlPz23L/XLPKX5HmiN1gIFoFZ
XtJ+e+7/bj75h1ePRXcwDAwHA30kvwP3D15G/qOmk9EdtAPtQQs/ye/I/ZusIb9k2gw8p2AmmAV6
b5P8Ttz/1kbym0+dp3Q/B+7vt518j0pLlfzO3N94D/lBx4OV/C7c/1g0+bGDQpX8rtx/YCz5z77i
PoWgfrigAZi3XdrvyP0LzpJfbvNudAcjwCgwaI/kd+P+Gy+R38buIHqDjqATaHNI8rtz/9bXyR/1
8Bi6g1lgLpgaK/k9uH/GHfLXzDmD5zcTzy0YBQY9lXwn7j/7Efmna1xUun9P7m/2nPyX8VeV/F7c
/+wb8o09byv5vbm/+yfy7f9mKPnO3P93Ifk+EVm4F6gDY8DQ59L+Ptx/h146fX/vnIvuoDPoAtq+
lfy+3L+TAfnnn3/E3y8wD8wH0z9Jfj/un12R/LdLvuNzCgwGQ0DtD8l34f6Lq5Ff1eovnvvaw8Xv
DcaC4XWG/+v35/71apPfJbnUcJX7D+D+SfXJnzSugpI/kPuPaUr+FoOqSv4g7l+qNflJ+2sq+YO5
/74O5Of3shK+MzgIdAMdGkj7Xbm/UzfyzfNsxDwfLASLwKymkj+E+791Jr/HalsxDwHDwHAwsLXk
u3H/VYPIn97UXsw1oB1oD1p2lPyh3N/Gnfwdt7qKuXYU3g8MBv28JX8Y978xmvxrfr2V7j+c+0+e
SP4344FKvjv3rzid/DrHhyn5Htw/Zg75fQaNUvI9uX//xeRrv45Hd1BvgqA+mDtR2j+C+39ZQX7U
pqnoDkaAUWDQdMn34v6h68i/1WY2uoP2oCNoPVfyR3L/VlvI/5WxUMwzwRwwFzRfKfmjuP/9CPIb
zAlSut9o7j9LR/6AGiF4H9AatAGN1kv7vbm/aQz58+M3i3kimAKmgjFbJH8M9z99ivz9HjvF3Av0
AX1Bl12SP5b7DztP/r0/ezHfJ2gAGoL5Oskfx/2LkskvFnFYzE1SBS1AS9DwpuT7cP/tN8m36XxS
6f7juX/H++S7PU9Q8idw/2dPyF+y5LKSP5H7L3xJ/hHLG0q+L/ev8578x5fT0R1MA9PBuPvS/knc
/2IB+aXGZaI76Af6g25PJX8y9x9dRH4Lgxx0Ak1AU7DopeRP4f4l9e/R9/f978Q8GowF40B3Y/d/
fT/uv7cc+St6fVG631Tu36My+bHvfir507h/rhn5WcHF3VX86dx/RV3yDZuWVfL9uX+jRuS3uYX7
pIGZYBaYVFnaP4P7X29O/mi/6mLuDwaAC0HvGpI/k/v7tiV/jXEdMTcBTUELUL+e5M/i/hU6k3/m
mLWYx4LxYCKoayT5Wu5/xIn8VwM1Yp7fH68bgPcF8wZK/mzu7+JCvvHXNkr3n8P9Pw0hv8OmTkr+
XO6/fgT5Pm16KPkB3L/lOPJDM/oq+fO4f/pk8hNnu6I7GAgGgb5u0v753H/GTPLfmXmKuTloCVqD
hl6Sv4D7V5tPfrX4MegNJoGpYMw4Iv/744XcP24p+V08JonXeYE+oC/oMkV6/0Xcf+hq8if/8cf7
h+J9wXQwbpPkL+b+P0PJ37ozQOn+S7j/tnDyLzsEKvmB3N8+ivxP2auU/KXc/8lB8s2XbFDyl3H/
+cfJd7Lcht6gBrQFTbdL+5dzf4uz5E+/HCnmKWAamA7GRUl+EPe/cJH8nWMPoDvoB/qDbtGSv4L7
j7pG/vXSx8TcADQCTcDC45K/kvuXuEP+N91pMQ95IBgBRoHBDyV/FfePekh+3V4XlO4fzP27ZZPf
512Kkr+a+7/KJX92cJqSv4b7L88nf0+TDCV/LfdvWEh+2s1n6A5mgJlgYra0P4T7X/tLftGU1+gO
asEA0OuN5K/j/hNL36fv78Yf0Rs0BS1Ag0+Sv577G1Ykf+Cxb/j7BcaDiaCjuce//gbuf6gq+QsG
/lG6Xyj371uL/AMFJT1U/I3c/6MV+fc3llfyN3H/kCbkF2tTRcnfzP1btCK/SQbukwnmgnlgWi1p
fxj3v2tPvttsSzEPAAPBINC3vuRv4f7+juQHmtmIuTloCVqDhk0lfyv3r+JMfszZlmIeDyaBKWB0
K8nfxv1PDiT/sXt7MffxEPQHA0CvEZIfzv2HDCe/9J8uSvffzv0LR5HfYmcvJX8H998ygXxPhwFK
/k7u334a+Suzhyr5Edw/czb5JxaPRHcwGAwB/UdL+3dx/3mLyM+uNx7dQRtQA5pMlPxI7l9rBfmG
l/3QG0wD08G4aZK/m/ufDyHfbqwW/UE/0B90myP5UdzfK4x879ILxdw2QtARdAI1kZK/h/sXiyB/
rW650v33cv/IfeSf7blWyd/H/R2PkP/q7SYlX8f9X54kv1LwDiV/P/dfdo78Dk324k6gHWgPWuik
/Qe4f4Nk8sffPITuYAaYCSYekfyD3D/lBvkbp5xAd1ALBoBepyQ/mvuPv0d+olECnlPQHLQA9c9L
/iHuX/YJ+XlHk/D8JuPnBzOZKZJ/mPsfzCG/2sBUMR8EuoNeoONNyT/C/fvkkd+14K6YF4J66fi5
wdx7kh/D/T98IX/KxsdiHgZGgFFg4BPJP8r91/4if2vrF+gOOoCOoPVLyT/G/TUlHvznJz94i/cv
40nUgdFgSDnPf/3j3P92WfI/aT8rPb+x3H9aJfJrmv1U8k9w/8pm5Pc8W8xTxT/J/WPrkO/vXkbJ
P8X9XRuSH/HbCL6xoAFoCOZXkvbHcf/vGvKv7zAV8whQB0aDIWaSf5r7h9mR/72ThZg7gE6gM2hT
V/LPcP+2DuTXy24g5jlgHpgP+vWR/LPc/1EP8vsubqZ0v3juP7cf+XPqtVHyE7i/+RDy9yR1VPLP
cf8ET/Jvj+mu5J/n/iPGkl9Uqi+6gyagKVjUT9qfyP31JpNvrRuM3mAsGAeGD5H8C9x/1wzyB/X0
QG/QBXQD7UdI/kXu32Ue+QveeqM7WAAWgpljJf8S938RSP7BVb5ivnAtnlcwFAxYJ/lJ3D8wmPz7
Nv5K97/M/a1CyS9+c66Sn8z9k7eR33TKEiX/Cvf32U3+UKNVSn7K/yg3u7ga06gPhzQhhCKEjRBC
CCGEKIQkhNAXQsgIjWkIIQlFCCFEGSGEEEJDCCGEPjaSEKLMhJj3nXX/1/tzH7wHt5PrYLnu/bSu
Zz97HxT3r3aI/JXHNqI7mAKmgrGR0vnXuf+fx8lPdN4u5i6gG+gO2kVL/g3uP+ws+Tmle9AdrAB1
9uK5sE/yb3L/4kvk628+KOZRYAwYC4YckvwM7r/uOvldux/DfXoP9zHoBFplSf4t7t/xLvlTHiUr
7f8297+TTX5oQKqSf4f7z9OSf6phupKfyf3rFpH/7OwdJf8u9z/xgfyabo/QG/QBfUGnx9L597i/
yz/k9/yeh3k+nmOgAViilfz73P/zD/K9dxWiOxgPJoDhRZKfxf236GX/54f3e4/PL9ABdAQtSyT/
AffvUYv8c9rPuF7jKURTUAPqNpjys/+Q+2cbk/9q2Xel/T/i/oubkF+vZdUpKn4292/civy+aQZK
/mPun2JB/sypRkr+E+4/yYr8zXqmwtcHDUEjsLyJdP5T7v+jN/mX4lqKeTyYCCaBUa0kP4f77x5I
/juH9mLuCLqArqBNB8nP5f62w8g3edNFzIvBMrAcNB0v+Xnc/5kz+XZreyntL5/7r5hA/lyLAUq+
lvubeZK/49YQJf8Z9/9rBvnX5oxS8p9z/2nzyP9Ue7yS/4L7//Ib+U2PuaM3mAqmgfGe0vkF3D8+
iPwhzj7oDrqB7qDdTMl/yf2HhJC/oHQuuoMVoI6fYNE8yS/k/m82kB8TuQj3KRgNxoLmOyX/FfcP
20p+RrelSvsr4v4ddpNf/nCVkv+a+98+QH7LgPVK/hvuP/cI+SMbblHy33J/w1PkLz6L/aSA6WAG
mLhbOr+Y+x87T/6BifvRHfQGfUDHOMl/x/2d/yL/XkUC5ofxHAMNwJIjkv+e+5dmkP99Z5KYx4Dx
YAIYfkryP3D/zVnkt+2XIua2ebhe0AW01kp+CffvnkO+i/aK0v4/cv9HL8gPWnZTyf/E/QPekp/Q
4r6SX8r9G5aS/+jKEyW/jPuf/Up+lanP0Rv0A/1B1wLp/M/cf2Llx/T9Xe8NuoOGoBFY/lby/+b+
FdXInxD3Ed3BRDAJjCqV/H+4/6465K90+ILuoAvoCtp8k/xy7t+vIfnHXuu4i88vXcFyUKeqYIWe
+8/+F+6v1ZCfG6ov5mFgJBgFBlaX/K/cf5k5+foWhmJuCVqDNqCmruR/4/4tLMm3utVAzDPBbDAH
TG0o+RXc/0oP8qfMaSbmfqA/GAi6N5f879zfux/5a2u3EfMUe8F0MBNMGiL5P7h/VXvyTyd2lOb/
37//+/t/7h83gvzno7or+Tp6Au0dxpJfq7SPkl8J/rDXk8jvGTlIya8Mf1boVPKndhuO7qAtaAea
j5TOrwJ/bfvZ5Ec8dEF3UAsWgOljJV8X/qEMf/JTFrmJeQAYBAaD3pMlvyr8m7MDyS8y8RZzU9AM
NAcNpkm+Hvy3tYLJr3d2lpiHhOJ9A0aDwWGS/wv8Golrye83cb7S/vW5/6hN5M+sWKzkV+P+n7aT
v2XnciW/OvfftJf8y31Dlfwa3N/qT/Lf5UegO1gEFoMZm6TzDbj/g2PkN1y2DXsGw8Bw0H+H5Nfk
/gvPkG/XYg+6gxagJWi0T/Jrcf8Gl8j3uxIv5mlgOpgJOtyW/Nrc/0w6+dHeiUr7M+T+EzLJv1Y1
Wcmvw/2/PSK/9MBFJb8u94/OJ7+pwzUlvx737/OK/KGvsZ9isBysALWZ0vlG3D/vPfkLQx+iOxgJ
RoGB2ZJvzP2X/k3+nvZ56A5agdagqVby63N/zQ/yb2W8RG8wC8wBU19JfgPuf7nqE/r+PvsdPqcM
PYi+oD/oWtfjZ9+E+3vVJN+s9mel/Tfk/rrG5DslVij5jbj/flPyfx+l66HiN+b+g83Ij/tUQ8k3
5f6v2pN/b1M94UeC0WAMGGwsnd+E+4d0Jf+HVWMxtwZtQTvQvInkN+X+bXuT3/ZhCzHPBrVgAZhu
JvnNuP/NAeSPWdROzAPAIDAY9LGQfA339x1K/jKTLmJuNlrQCrQGNWMkvzn3r+lMfsKZnkr7b8H9
j4wnP3tCfyW/Jfcf6UF+lQoHJd+M+5f4kN9pp5OS34r7R/iRP7GvK7qDDqAjaDlBOr819+8SQP6q
/CnoDhaAxWCmh+S34f5ZS8k/HjQdvcEQMBz0nyH55tx/wWryc5vPRX/QArQEjeZJflvuX38D+dWu
LBTz8s2CulsEDcCSrZLfjvuf3kJ+N+8lSvtvz/1dd5HvXnWVkm/B/b/sJz/swDolvwP3336Y/NP2
m5X8jty/90nyXxRFozdYBpaD2l3S+Z24f24K+bVCY8U8DIwEo8DAA5Jvyf2XpJHfq30CuoOWoDVo
eoTIvz/cmfs3yyB/WsYJ3KdgNpgDpp6UXr8L90+9T37E7HNK++vK/T2ekn++1hUl34r7V35BftHR
G0p+N+6/7w35RqPuKfndub/dJ/JtPz1Gd1DnCd5HYPFT6fwe3L/wC/mzNj1DdzAajAGDX0i+Nfdf
Xenpf/5Wq9foDdqCdqD5W8nvyf3Nq5F/+UEJuoNasADM/CT5vbj/dUPy3y8sx+cXGAQGg5qmnj/7
vbn/TBPyG5noeKrs34b719CQP+jML0p+H+6f0Ib8eRNqK/l9uf/wTuRHf6uv5Pfj/h+6k58ejf3E
gAlgIhipkc635f7hfckv7dNazG1BB9ARtDSX/P7cv/Ng8pvldxBzLVgEFoOZnSR/APe/N5z8YUHd
xDwYDAHDQf8ekj+Q+88fQ/7C5n3E3HyAoBVoA5raSb4d9zeaRP7ey5ingRlgJpg0WPIHcf+T3uTf
8nIUc2/QF/QDXUZI/mDuP9aX/C+6LmKuDxqCRmD5GMm35/7l88lvdWCimMeDCWASGDVJ8h24/7bf
yXey98LrBAvqrhQ0AItXSf4Q7t9rBfmBRTOV7t+h3P9pKPlxa35V8odx/8CN5N9vt1jJd+T+TbaT
/+/NZUr+cO5/YQ/57WavQW8wAAwE3ddK54/g/lMOkj+2VgS6gyagKaizSfJHcv9Kx8hfdjQK73cw
GUwBY7ZLvhP335tM/mGnGNynoBvoDtrtlfxR3H9gKvmPP8bh9a7h/QNmgcnXJd+Z+xdcI19301Gl
/Y/m/ivvkG9pdVrJd+H+rR+RP/HBBSV/DPe/lkf+6oVXlfyx3N+nkPzjDW6jO6gBzUD9TOn8cdy/
+nvy85IfYP9gGpgOJjySfFfuf+gz+dUn5KI76A36gI75kj+e+zt+J7/btwIxrwB1X+K6weJCyZ/A
/d/p5vzne0QX47lf3Us8r8BoMMjA62d/Ivdfb0B+WJ8ypf27cf9ORuQn531T8idx/8zG5BcsreKl
4k/m/vNakl+7eQ0lfwr3r9ee/N6X6wo/DcwAM8EkI+l8d+6f1IX8aV6NxNwb9AX9QBdTyffg/mN6
kb9Rt4WY64OGoBFY3lLyPbn/3/3Jv7C/rZjHg4lgEmg9UvK9uP/WIeS/HtxZaX/e3N96FPnGRdZK
/lTu/9iVfNs1tkr+NO6/2J1833YOSv507m/qQ/7Wm9hPBpgN5oCpo6Tzfbj/+bnkX/Edh95gABgI
eo+X/Bncf/Ii8j/UnILuoAloCup4SP5M7v/vEvIbHZ2G7mAymALG+Ej+LO4fs4r8wU5zxNw1XNAH
9AVdNkq+L/fvv578eR8XKO1/Nvd/vpn8nRv/UPLncP8VO8m/3nWlkj+X+7faT35ZVpiS78f9ryaQ
r1kYie5gEBgM+myRzp/H/acnkT+sQTS6gxrQDNTfJfm/cn/9FPIXJe9DbzANTAcT9kv+fO5/8Ar5
+8YfEnM30Bv0AR0PS74/9x96k/zbX4/jeu8LWoE2oOaB5C/g/m/vkf91x1ml/S/k/mFPyG/V57KS
v4j7d3xO/qi860p+APe/85r8wKV3lfzfuL/fR/LjNY+xP9ACtASNnkrnL+b+db6Qn3VJi+5gBpgJ
Jj2X/N+5/3GdXPr+7lmE7qAv6Ae6vJH8QO4/Wp/89roluE9BQ9AILP8o+X9w/7La5I/d/4+Ylxh7
i/9XX1AXLG7g/bO/hPtvbkD+8sH/Ku1/Kffv0Yz8I6/0vFX8IO6f3Zr8xyG1lPxl3P+3juRXbVdf
yV/O/Rt1J9/yZhPhZ4BZYDaY0kw6fwX3P9eHfDffVmLuBwaAgaB7G8kP5v5ug8gPqdlBzA1BE9AU
1Okk+Su5/3dH8k8csRLzRDAZTAEdJ0j+Ku6/y4X8/JE2Svtbzf1t3civ/nGgkh/C/Z95kd994zAl
fw33Xz6LfM+uo5X8UO7fcj7567Kwn2ywACwCM9yk89dy/7TF5J9Z4InuYCAYDPp4S34Y95+6nPyC
+jPRHdSAZqC+r+Sv4/56oeQbJs9DbzANTAcT5kv+eu4fF0F+7/G/4edcgj2AWjAtSPI3cP8h28if
/hXzClB3Ga4bLF4u+eHc/00M+Zt2hIh5NBgDxoNhoZIfwf3XxpN/wSZczG1BB9ARtNwo+Ru5v0Ui
+W9yt+LnBQvAYjBzm+Rv4v63TpNvvHS3mEddwnWDCWD4FcmP5P5zLpLfXxOndP9u5v61r5E/+9IR
JX8L90+8TX6U5yklfyv3d35IflqVC0p+FPcvzSX/Q+xf2BuYACaBUdek87dx/8iX5DcefAvdQSfQ
BbS+I/nbuX+3d+Tbv8rC+x0sAcvA7IeSv4P7Pywj/9eQHNynYCQYBQbmSX40919UQf6utgV4TuhO
JfqDgaC73tSf/Z3c30Q3j76/33irtP9d3P9MDfI/zypV8ndz/4n1yNfU/Kbkx3D/ikbkOx6pPFXF
38P9d7YgP2BkdeE7ga6gG2hrIJ2/l/v3bUf+vpI6Yl4GVoA6dQUL6kn+Pu6f35n8OxENxTwSjAJj
wODGkh/L/YN6kv+1S3MxtwJtQFvQrKXk7+f+zfuT3zrLXMwt7eGBdqDFEMk/wP0vO5DvvMBSaf9x
3N/bifw/6lsr+fHcv6or+QdP91PyD3L/A1PIz3K1V/L/5P7208nX+ToC3UHdkYL6YLGTdP4h7l80
h3yLHWPFPBqMBePBMFfJT+D+axaSP85mMrqBDqAjaOku+Ye5f7sl5K/InSrmWrAILAaD1kr+Ee5/
cyX5R5bMVtrfUe4/ex35T5otUPITuX+tzeTrXQpU8o9x/6PR5Hf2DFbyj3N/p1jyJ1UJQ3fQEDQC
y9dJ55/g/h8PkR8Suwm9wUQwCYzaLPlJ3H/jCfKTBu1Ad9AJdAGtd0r+Se7f9Rz5+YV70R0sAcvA
7FjJP8X9sy6TXyPkT/y8twQ1oDlocEfyT3P/hTfI79H2uNL+k7l/g3vke944o+Sf4f7Jj8lfP+uS
kn+W+49/Rv4Zg+tK/jnu/7WI/JeHM9EdTAZTwJh70vkp3H9HCfl1RmajO+gKuoG2TyT/PPe3KSff
piQfvcEK8H8fCOLz65nkX+D+uf+S7xPxCp9fYDQYAwa/lvyL3H/pL/n0/b3LB7xO7WniOsByMKfO
tJ/9VO6vqU3+xft/K+3/Eve/VJ/8t/4/lPzL3N+zKfn16+tNU/GvcP8qrckfcLqmkp/G/WM7kD/b
1Vj4bqA36AM6NpDO/4v7D+pG/rYvpmJeAeo2EdQHi5tK/lXuX2hDftp2MzGPBmPBeDCsteRf4/4h
duSX9LYQcxvQDnQALTpKfjr3b+tIvmluVzFPchZMA9PBBBfJv879b4wm335Jb6X93+D+syaSP7/Z
QCX/Jvc38CJ/V+pQJT+D+x+eSf4ND2cl/xb3H/Er+X9XnoDuoAFoCJZNlM6/zf0//EZ+81gP9AYT
wSQwykvy73D/iGXkDx80A71BJ9AFtJol+Zncv8sa8gMK/cS8CCwBy0D/LZJ/l/vfDyc/dnWA0v7u
cX//KPIzzYOU/Pvc3ziG/G/XVyv5Wdz/VBz5bWZtUPIfcP9xR8l3NtiK3qApqAF1t0nnP+T+5afI
X3J4F7qDyWAKGBMj+Y+4//YL5B8ccQDdQRfQDbSNl/xs7t/7KvkPPhxGd7AMrAC1RyX/MffPuUV+
pYiT+Jw5h+cdWAZmnZf8J9z/jwfkW3Q5r7T/p9y/aS75rvfT8DpgDqgF065K5+dw/4sF5K/wzxDz
ADAIDAZ9bkt+Lvd3Lyb/qHGWmJuApqAZqP+QyL8/m8f9K5WR//TUU7z/f+B9D6aAMTrTf379fO6/
7xv5eq4vlPan5f52VbT/+V2+vFHyn3H/l9XJn7T9k5L/nPuvqkv+mt5flfwX3L9NI/JP5lQS+9GC
RWAxmFlF2l8B909vTr72j2piHgSGgGGgXw3Jf8n9Z7Ql36BZHTHXgOagBWhYT/ILuX/1zuT3SDUR
8zQwA8wEkxpJ/ivun2BNvpeHRswD++O6wXDQf6DkF3H/4bbkb6hsPl1l/6+5/3t78s/u66Tkv+H+
G0aSX2jXQ8l/y/0tx5Ffp7Cvkl/M/e9OJr/P6sHoDoaDkWDA/1Bqd1E5YG0Yx4uQCknGgxCKhiSj
GaEhhCiEEEIIfSHks4yQNIQQQgghhBAyQohqhCQUIQlRCCGEWXPv617LPtxH//WuPb+t9vVEB6+j
dP8r3n/mZPJeFgOxN2qN2qImLpJ/zfvXm0Y+MmMYdkdz0Fw0eYTk3/D+J2aTT/EZI8790AB0Huo+
TvJlvP/wheRL9CeJc+cQ/PeoB+oYKvm3vP+nEPINDvkpvf873j8qnHzPgQFK/j3v3zmS/LQ3gUq+
nPe/t5X8loilSv4D7x+4m/zlDiuFt0HtUHvUbJV0/0fe3+Qg+bfZ67A7mo8WoKmRkv/E+587Rt4k
YAv2RoPRENQrWvIVvP+4f8g71t8lzjWoKWqG6sZK/jPvr3WRfMDJ/XBp+DlArVFNhuS/8P47M8jv
GHFU6f2/8v49b5K/WpGk5Ct5/ye55D9uTlHy33j/kALyLbqmK/nvvL95MfkB+TewN1qMlqJZN6X7
f/D+aW/Iz194F7ujIWg46p8nf301RNp6fSK/p+kj7IdaoJao4WPJa8M71fxBPuv8M3GegqajmaiX
gdfPvgq874Hqj//3lR6vld6vKvxKp9rkW1f5qOR14A+W1ic/dPc3JV8N/uqqJuQXOVTzUvHV4Uus
zMkfeIr3KUbL0Qo0v7Z0fw14/SxL8ndCjcV5GBqBRqJBv0hel/efYUNe28JEnFuiNqgtatJU8jV5
fyM78u0yWorzTDQHzUWTzSWvx/sf70V+pE9bcW4wAH8eaorqDpK8Pu/v6kQ+RL+j0vsb8P4fhpBP
iO+i5Gvx/htHkb8/oKeSr837d5pAvsabfkq+Du+f503+t4jB2BuNRmPQkKHS/Ya8/4IZ5Md2GInd
UTvUHjUbLfm6vH/j+eRXZHtgdzQfLUBTJ0jeiPdPDiZ/YpaXOA9Ag9Bg1NNH8vV4/zFh5B8b++Pz
tgY/R2gpmrVW8sa8//c15A1OzlV6//q8/45N5G1HLFLyv/D+9jvIe1aEKvkGvH/hXvJrNq9W8hre
f+lh8me6bMTuqAPqiFpGSfc35P3NTpJ/dn8bdkeL0GI0c4fkG/H+l8+SN1q4B3ujYWg46r9P8o15
/8mXyXdregh/X6AWqCVqeETyJrx/jWvkvc8n4uclWzQBTUSjciTfhPePyyG/wSNZ6f2b8v798smn
aKcq+Wa8f8kT8qW7rip5U94/vIS8xuGWkm/O+7d7T77X03vYGy1Dy9HcfOn+Frz/9S/kp4cWYnc0
Ao1E5xVJviXvP71KIf3+3voldketURtUUyp5M97fUI/8lfS3+JyiOWguGvtF8ua8/9G65N96f1Z6
v1a8/5CG5Jvoa3uLf/9QDWqCalX1/vn+1rx/uSn5fvG64jwBTUKT0Rg9yVvw/hssyAcMMBTnLqgb
6o7aG0n+V97/D2vyMa8biPMytAKtRIP/lHwb3v9uJ/JX1zTzVnm/trz/vO7kP1m3VvKWvH/DvuRb
Zlsp+Xa8/z8DyQ+c9YeSt+L9Rw8nv8C4G3ZHzVAL1MBeur897/9tDPk9J3pjdzQFTUXj+kremvff
Pon8zeEDsDvqgXqijoMk34H37z6V/LdPrtgd1RomqoMWD5f8b7x/QQB5i83u4jz9L9FcNB9NDZZ8
R95/cRB51y6eSu9vw/u3CCG/6L6vkv+d97+0kvzBoFlK/g/e33M9+TtNApV8J96/+lbyVc4vwe5o
OpqJxodI99vy/vt2kbfyWIG9UT/UH3UNl3xn3t/xAPmR2uuwN2qAGqLl6yXfhfd/cZT8sl2bxXks
Go8moJFbJd+V919xmnxCr53iPOoCPu9oPBpxSfJ2vH/bC+Tzi+KU3v9P3j8znbxuaIKS78b7T80i
37F1kpLvzvvXySU/Lv28krfn/RMekV/hnYbd0QB0HuqWId3fg/cf/Jz8Sb0b2B01RjVoZZbke/L+
716TLzx4B3uhCWgSGp0r+V68//qP5GsNeIh/v1A31B21L5C8A+9v851859dP8f3r+IjvGw1GPav7
/Ox78/63qz2h39/XvFJ6/z68/5xa5COsPyj5vry/pj75Mzcrlbwj73/ahPzzmTo+Kr4f7z/KjHw9
YwPhNagpaobq1pbu78/7f21LvtuJeuI8CU1BU9G4+pJ34v2jO5L3Gd5YnLuhHqgn6thE8s68/59d
yW/41EKcV6BaLUV10DBHyQ/g/R/2JH8hqo3S+w3k/Rf1J/+q829KfhDv33wIec39zkrehfe/OJK8
Q1APJT+Y9584nvz0Jv2wO2qJWqMaJ+n+Iby/jjf5redcsDuajmaiCUMkP5T33+NPPm2cG3ZHvVA/
1GWU5F15/z7zyL/T8sDeqAFqiJaPl/ww3v/5IvJNd00R53YrRJ1RF9QmXPLDef+w5eT79Zqu9P4j
eP82a8jPLpqj5N14/6sbye9c9peSH8n7+20nn9kqVMmP4v1r7SVfkbYKu6OZaA6atEa6fzTvf/gQ
+ZbeG7A3GoDOQ903Sd6d9x90gvwgvW3YHTVGNWjldsmP4f3LkskvOBgrzuPRRDQJjd4r+bG8/9pU
8nud48W5wzVRV9QNtb8h+XG8f8dM8tmvjiu9vwfvn3OL/LfVZ5T8eN5/9n3yv1pfUvITeP9fnpB3
vfmvkp/I+596ST54ZjZ2R4PQYNQzR7rfk/d3e0c+vt497I6aoKaoTr7kJ/H+nz+Tv5v4GHujKWgq
Gv9E8pN5/y3aRf/7qsNfYG/UA/VEnUskP4X3t6tJ3upTGb5uQ1/x9y9qjRob+f7svXj/B4bkR0VV
KL2/N+//l4Z8aGctXxXvw/s3MyV/9F4NJe/L+6e0Jv8gsI6S9+P9x7cnr9ukgfCmqAVqiRo3lO6f
yvtX6UTe5lxTcZ6CpqOZaIKp5Kfx/ru7kR83rpU490C9UD/UxULy03n/3n3Ir9SyEuc6qAFqiGZ2
krw/7/9sAPlTO39Xer8ZvP/yYeQLe/4pvAPqgrqiNt2l+2fy/hZjyNcuchDnxWgZWo7m9pH8LN4/
w5N852XO4jwMjUAj0XkDJR/A+/v4kZ/UyhW7o9aoDaoZLvnZvL9+APm1aaPFedx80SQ0GY0JlPwc
3j8+kHyy10Sl95/L+w9cSr64pq+Sn8f7v1lBvt7BmUp+Pu8fsY58d+cFSn4B799hC3nfV4uxO1qB
VqIFS6X7A3n/7J3kN67+G7ujUWg0GrxS8kG8/6z95C+2X4vdUVvUDjVdL/mFvL/xUfKvsqLEeQ6a
jxag7uck/xfvfyKJfMOZMUrvt4j3H5FC3qFenJIP5v0r0sj7Jx5R8ot5/803yEcPO6Xkl/D+Xe6S
T/uI96lAdc6L6qKlKdL9S3n/+w/Jv990BbujMWgsGpYu+RDeP+gZ+aadr2Nv1AF1RC2zJL+M92/y
mnz/e7exO1qAFqOZdyUfyvuf+0B+TuAD/D31A18vGo76a/v97Jfz/h7fyO80ear0/mG8v3a1p//7
a2dLlfzfvP8uA/IVY8uV/Arev5cxeTOtSiW/kvcvakzeZWdV8T6xaDyagEZWk94vnPdf1pJ8YE99
ce6AOqMuqE0tya/i/Vu1Jb/viZE4L0JL0TI0x1jyq3n/tN/IZ4c0EudhaDgaic4zkfwa3t+7C/nv
5i3wdfcUdUM9UEcHKv//jyN4f72e5Nuk/eqn8v5ref+D/cgP8+qg5Nfx/s6DyS+u2VnJr+f9X7mR
jz9gr+Qjef/VHuRznRzxfqgL6oba9Zfu38D7t/ciX/XVIOyNVqCVaMFgyW/k/bOmk2+/eoQ4j0Cj
0Gg0eKTkN/H+M+eSH91+nDi3Rm1RO9R0vOSjeP96i8iHZk0W55plohaoJWq8XPKbef/EUPLHZkxT
ev8tvP+w1eQfGM1R8lt5/48byNdMXKjko3n/TdvI/z5smZLfxvvb7iHv8TEcu6Naq0R10OLV0v3b
ef+8ePLhmyKxOxqDxqJhGyW/g/cPTCR/yjYae6MOqCNquV3yMby/STL5J3m7xXk+WoQWowEZkt/J
+5+9RL5O4EGl99vF+4+9Sr6LyXElv5v3/5FNfvLZf5R8LO8fc4/82rEXlfwe3r9HIfmzP/h9/hU1
QA3R8qvS/Xt5/8IX5ItjbmJvNB5NQKNuSX4f7x/ylrxxzzzsjjqjLqjNfcnH8f7mn8nbPynA7mgp
WobmFEp+P+9/ResZ/f4eUozvU2+q+Nzri+qiZQZTf/YHeP8puuQ3mZcpvf9B3l/XkPzFK5+UfDzv
v78B+ddTfij5Q7x//2bkG9WsMVXFH+b9S1qR732gtvDxaCKahEYbSvcf4f1XWZGf4fSLOHdGXVE3
1E4j+QTe3+oP8tGlTbATWoFWogXNJH+U97/xJ/n0VebiPAKNQqPR4NaSP8b7+/cmX27VTpynDhDN
QXPRlEGSP8771x1AvlmWjdL7J/L+x1zJO82wU/IneP+h7uTnGDko+ZO8f/lE8ruOOyn5U7z/Rl/y
112HYm/UA/VEHYdJ9yfx/p1mkf/8YRR2R7VG4+cYLXaX/GneP3cBefNNE7A7GoPGomGekv+H95+/
hLyLrQ8+p6gD6oha+kn+DO/faAX5oLwZ4twlAN8/6smdI/lk3v/MWvL7FswX50FoCBqG+gVK/izv
776Z/K3Gi8W5CWqGWqAGSyV/jvf/FkP+R3IYPudoOpqJJqyQ/Hnef0cc+TZjI/B9o16oH+qyTvIp
vL99AvnhPzbh6z4lao3aoianJX+B9398ivzimB1Kn9+LvP+S8+QP9din5C/x/i3TyOcVHlbyqbx/
6nXyOiEnlfxl3n/SHfLW5uewN2qN2qCaFOn+K7x/9YfkR1+5jN3RLDQHTU6TfBrvH/eU/PIp17A7
6o8GoG43JJ/O+/d7Rf647m18TlFjVIN6fpV8Bu//spz8w/35Su/3L++/spK8nlORkr/K+1vqPKff
30tLlHwm739Nn/z4Ve+V/DXef1o98uFWX5X8dd6/TmPySTeqTBO7o/loAZqiM+3n+2/w/kdbkC/y
1xPnAWgQGox6Gkg+i/cf0oZ8HSMjcW6MmqCmqI6x5G/y/u87kO96vKE4T0ST0RTUq7vks3n/yM7k
J7s2n6byfrd4/997kF/3wULJ5/D+dxzJn9toreRv8/5zXci/6GSr5O/w/ho38vXz8D75aDFaimb1
kO6/y/v/M468/YK+2B0NQcNQ/36Sz+X9R08h79d4EHZHzVAL1GCw5PN4/8pp5KOSh2NvNB3NRBPc
JH+P9982h/ylMWPFeXiwaDQag4Yskfx93r/bX+TffJ+k9P75vP+jZeQbxUxV8g94/+BV5Pv0mK3k
H/L+zTeQn1EYpOQf8f6XoslvWxqCd0LD0Qg0IFS6v4D394wln2EWjr1Ra9QG1ayW/GPev1o8+fLL
67E7moXmoEkbJF/I++89Tt50ylb8PYH6owGo2zbJP+H9+54h76S7W5y7XxL1Q/1Rt8uSL+L9iy+S
n7v/gNL7P+X9//6X/O7+x5T8M96/TTb56yWnlfxz3j8zj/yX8AtKvpj3n/qYvLlVBnZHbVE71PSq
dP8L3r/2C/KDb2RhdzQXzUdTsiX/kvc/UkZ+oX8u9kaD0GDU857kS3h/lwrycXUL8O8XqkFNUZ1C
yZfy/m9/kM859lycW1afLr5/1B41053+s3/F+6+rUUy/vw99o/T+r3n/jnXIt/3wUcm/4f1v/0J+
xMbvSr6M95/TlPySTtWnq/i3vH+DVuQP59YSPh8tQovRzDrS/e94/6R25PPm1xfnQWgIGob6NZD8
e95/5O/kqzVuIs5NUDPUAjVoJvly3v+LHXnrZDNxnoKmopmoS3/Jf+D9tzqQdx9jqfR+H3l/O2fy
Yd87KvlPvP/DoeSP7+iq5Ct4/0WjyT+y76XkP/P+phPJ6xXifYrQMrQczXWW7v/C+1/wIf/H0iHY
HQ1HI9AAV8l/5f0nzCQ/wWwU9katURtU4y75St6/6gLyqy6PF+fpaBaagyZNlPw33j92MfnTk73x
OQvHn4eaojqrJf+d9+/9N/miGjOU3v8H7/88grzh/nlKXktXpG1YFHm7/sFKXhve6dcY8lNKliv5
KvC+/+4jvz58DfZGo9BoNHitdH9V+JW+R8ifa7cJu6O2qB1qulnyOvAHDU6Rf3l9O3ZHc9F8NCVG
8tXgrx46R76+/158TtEgNBj1jJN8dfiSgVfI96h7WJy7HsN/j3rx/06UfA14/bJr5KceOyHOE9Fk
NAWNOyV5Xd5/7W3yUUPP4s9H3VAP1OG85Gvy/r89IJ9anirOK1Cty/jco8VXJK/H+98qIv9mQyZ2
R2PQWDTsuuT1ef+AUvKNO+Xg7/0P+LlHbVHTT5I34P3rl5Pvm3tf6fNbi/c/+ZX8zPlPlHxt3n9E
1Rf/++2NSpR8Hd7/sx75jDPvlLwh77/FiPwH9y/YG/VC/VCXSun+urx/10bkm3/X9hfnVUR1UQO0
rKr/z96I989vTt55x3+Uml1YzVsXR0MISY6kCFEIIYR4k40ihBBCCHFCCH0hCiGEEEIIIYQ4IQkh
RCEUIYQQQhE6FO9z5vrN57Eu19W4mI25a47dv31RNTGPBmPBODC8huTX4f4LW5IfoKkt5vagE+gM
WteRfAPu36g9+XufG+H77IKvsxHUBgu6Sn5d7n/BhvzbS0y9Ve5vyP3dNeT/MLNQ8utx/4qO5De/
0k7JN+L+eweTP3RKFyXfmPvbjyR/YdUe6A7qgwZgqUbaX5/7vxpH/sHYPugNJoCJYJSj5Dfg/sun
kJ/VbxC6gy6gK2jrLPkm3L/FTPK13g8X80KwBCwFPRZIfkPun+ZLvmXYWKX7NeL+UxeSP7LNZCW/
MfevsYz8pbe8lHxT7h8XRv7RWT5KfhPuPzCC/Ef6gegNmoLmoM4iaX9T7v9xO/lVTixFdzAZTAFj
lkm+Gfdft5f89sNWozvoCrqD9msk35z7Wx0mf2zJBvQGtTbi9x8siJD8Ztz/zgnyQzdtE/NIMBqM
Aa1TJL8595+TRH5C5z1K92/B/Q0ukZ/34KCSb8H9T14nv8a840p+S+4/4g75XeqfUfJbcf/vOeRP
PIv7JINpYAYYf0na35r7R+aRv9YtDb1BD9ALdL4h+Zbcv2sB+WfKb2OeifcrqAsW3ZH8Ntz/0Sfy
X+18gO5gLBgHhj+U/Lbcf8F38mtrnol5vtZs8fwBS8G8irP/9Ntx/4a/ybd9/lrp/lbc/3yVd//5
nks+Kvntuf94PfI3mn1T8jtwfy1D8i+kliv5Hbn/7obkv59cWdzHE/QGfUDXqtL9rLl/r2bkG1at
KeY6oD5oAJbqSX4n7v/SkvxesQZiHgcmgIlglKHkd+b+Idbkz+hnIuZOoAvoCto2kvwu3L+5Lflb
35nhdXsLpoJpYLyD5Ntw/2u9yb+yuvVslft35f6eA8gvsuyo5Hfj/tWGkW9yq5uS/z/uf2g0+X1n
9VLybbn/gInkz9Xvj96gCWgKajtJ+7tz/8Kp5O88PgT3BxPBFDBmmOTbcf81s8m/MXQUuoOuoDto
P0bye3D/dvPI//bFHc8NsAzUmiCYP1HyNdw/M5j8Jps8xTx8Od6vYAwYGkrk/x/uyf1nh5I/sLO3
0v17cf+/wskPeOCv5Pfm/v9sIT8mIEjJt+f+LrvIzzReoeQ7cP+v+8n/mbRW+MlgCpgGxoVL+/tw
/81HyW/hthm9QU/QC3SOlPy+3N/mFPlDy3dgvhPPMVAXLNol+Y7c/+E58hft3Cfm0WAsGAfapkt+
P+4//wr5h3ocUbpff+7f4Cb52XkJSv4A7p+cRX6FJclKvhP3H5tLvqVZqpI/kPv/ekm+ayrukwZm
gTlg8k1p/yDuv+s9+Usn30N30Bv0AV2zJX8w9+/5hfxjVR6jO6gPGoCluZLvzP1f/CD/8YEX6A7G
gQlgZL7kD+H+Syu+p8/v/d7hc8onvN/AEjCnWPKHcn/z6uR3eFesdP9h3P9KbfLHrv5X+GFgBBgJ
Bv6U9rtw/ynG5K+0rDCH5lagDWgLmlaa86c/nPtXbUL+yZs6Yp4J5oC5YEp1yR/B/WMtyM+bqS/m
CR0EU8E0MM5a8kdy//5W5OvqG81RuZ8r93/fhfwuxxsr+aO4f1gP8icNbaHkj+b+bfqSv+5LWyV/
DPe/NYj8pIjOwo8Eo8EYMNRG2u/G/WeNIP91Jzt0BzWgPWihkfyx3F9/HPm1HzigO5gL5oNpfSV/
HPc/Ppn87gEDxTwQDAFDQa/Bkj+e+w+bQf5U4+HwfQXDwHAwwF/y3bl/iQ/5EUluSvefwP03BZKf
MsZDyZ/I/TuHkP++bLqSP4n7P1hNfr2dc5V8D+4fsJH8Xj0WoDvoCDqBVgul/ZO5v/F28mfmLUFv
sBAsArNCJH8K90/aQ/62xavQHQwDw0GfMMn/m/u7HSL/StMNYm4OWoJWoEGE5Hty//Lj5Bdf3irm
zomC7qAH6Jgk+VO5/84z5JtM3q10/2ncv8dF8h2rHFTyp3P/vDTyfQ7EK/le3H9xJvm7HBOV/Bnc
v2kO+elvL6A7WAKWgrkXpf0zuf/lZ+R/W3UN3cEIMBIMvC75s7j/5DfkN7W8jd6gDWgLmt6RfG/u
X+UT+YNu3sffLzAHzAVdyiR/Nvc/8I38eTOfKt1vDvd3/EX+vlqvlfy53P9t5UL6/B7/Qcn34f6r
apJfNuSrku/L/VvXJb/FF9ynhO9ULqgNFvyS9vtx/wwT8odFaM8VvcFoMAYMrTL3T9+f+880Jz+o
k66Y24Aa0B600JP8AO5fy5L8Q/friHkOmAfmg2l1JX8e94/vSP59/wZibm4naA3agKYayZ/P/Yf8
j/wKxmZzVe6/gPt/7kV+m6RWSn4g99/Yn/xRYzoo+Qu5v/VQ8kPKuir5i7h/9ijy43f0RHcwFowD
w3tL+4O4v/8E8h/b9UN30BF0Aq0GSH4w9zeaSn7VPGf0BgvBIjBrqOQv5v5nvMnvuNhVzEPAMDAc
9Bkt+Uu4/+gA8sc1dcfrBePrFgtqgwVLJH8p9/8ZRP6qy38r3T+E+0etIP+kxywlfxn3776O/OeV
/ZX85dz/6Wbyax5YpOSv4P7BO8m3cVyO3qAL6Arahkr7Q7l/k/3ke7xdg+5gCVgK5q6T/JXc/9IR
8tet2oTuYAQYCQZukfxV3H/SSfLPtt4h5pagNWgDmu6S/NXcX/sc+a8zYsQ88bJgKpgBxl+R/DDu
vy+V/L9mxindfw3375NBvl2tBCV/Lfd/c4/8qfFnlfx13H/lY/I3Dbms5Idz/1YvyU/5fAPdwTJQ
Kx3PhQxp/3run/6O/MKNd9EdjAKjwZAsyd/A/b0+k2/U6RF6gxrQHrTIlfyN3L/mD/J733+Ov19g
HpgPelb1+dOP4P5HK3z4z5/l/1bpfpu4/+Bq5G8zKlbyN3P/In3yr54pVfK3cP8NRuR/Hq3lo+JH
cv+OpuQ3LOP76AjqgvpgSTVp/1bun9WC/H47aol5NBgLxoHhtSV/G/f3bUe+j109MdeAjqATaGUs
+du5v2EX8qOfNRLzPLAALAQzTSU/ivuftiM/Pbi5mIeAYWA4aN5O8ndwf9c+5H9v0lbp/ju5/78D
yTe73En4qWAmmAUmd5H27+L+24eTP8iju5h7gt6gD+jaQ/Kjub/tWPLnV3YQcx1QHzQAS/tI/m7u
/8SD/H37ndAdjAcTwOjZkr+H+y/yIv9OXxel++3l/o19yC8vGKPkx3D/lAXkW6yapOTv4/4TlpLv
0nq6kr+f+1dcTX5Qxhx0B3PBPDDVR9p/gPvHbCD/8Iz56A76gIGge6Dkx3J/h23kP9Bbgu6gEWgC
aoVI/kHu/3o3+RXjV6I3mAymgDGrJf8Q919xkPy2Q9aLecQJfD0YC4YlSP5h7m9xnPxRnyOV7h/H
/a8nkr9sY7SSf4T7T0shP946Vsk/yv1rpJGfm31MyT/G/Y/cJl/H/7TwA8BgMAT0PCPtj+f+gx6Q
39HoAnqD5qAFqHtR8o9z/09PyR9/5iq6g6lgGhiXJvknuH/4a/JXjb4l5m6gB+gJOmVK/j/cv/1H
8k/9zMb7/Ct+D0Af0PW75Cdw/7tfyX8R9UTp/ie5/9xy8mvavVLyT3F/g8of//O7PitU8k9z/1O6
5HsElyj5idx/pAH54U3K0B20BK1Ag1/S/jPcv7QB+cmXKvmK7mAGmAkmVPb900/i/lvNyH8zqYaY
e4BeoDfoUlPyz3L/bq3Jr1O5jpjrgLqgAVhqIPnJ3P9xB/Lt9tcXc3sbvB7oBmq6Sf457h/Yjfxp
fZv6qtz/PPdv2Iv8zQUtlfwL3P9CP/Ivrmyv5Kdwf/ch5H9o1VXJv8j9K4wi3yhDg95gDpgLpvSS
9l/i/nvcybef4YjeYAAYCLr3l/zL3L+3J/mz9JzFXB80Ak1AraGSn8r982eRv/3YSDGPBxPBZDBq
oeRf4f7L/Mm/5jxe6X5XuX/zIPI/F09R8q9x/7Tl5DfaOFPJT+P+U9eS38/aT8m/zv2rbybfNxv3
yQHzwQIwI0jaf4P7H95B/m6/ZegOBoMhoOcKyU/n/k77yM+otwbdQVPQHNRZJ/kZ3P9DHPmliRHo
DaaCaWDcZsm/yf3XJpBvNjpKzJ3P4/0KeoBOKZJ/i/u3SyZ/8M+9Sve/zf3vXCZ/QdRhJT+T+89J
J39/93+U/Dvcv8498u8+TVLy73L/hEfklwddQncwFAwDvVOl/fe4//AX5LdscgO9QUvQCjTIkPws
7v/tLfkul+6gO5gBZoIJ9yQ/m/tvKSY/eNJD9Aa9QG/Q+bHk3+f+Nv+SH6f9XMwtKvgRrUFb0LSS
35/+A+7/SOsTfX7fV6B0/xzuv0CH/Ep9i5T8h9zfRJ/8tgXflfxH3P9cPfJHr/yt5D/m/uMak7+8
VVVxH0vQGrQBTapJ98vl/r+bk388XU/MM8AsMAdM1Jf8J9w/ui35T7wMxdwbDAADQXcjyX/K/Xt2
Jl9Hr5GY64NGoAmoZSr5z7j/y+7kWx9rJualvQW17QV1wSIHyc/j/iEO5Ls7t/FTuf9z7t9sIPmr
i62V/Bfc/6oL+ac32Cr5L7n/327kv+hor+Tnc38dD/L1sgegN5gH5oMZA6X9r7j/wenkd/Ubhu5g
MBgCeg6X/Nfcv/9c8ifXG4PuoCloDuqOlfw33L9wPvnrEyeKeTKYCqaBztMlv4D7r1lCfvKoaUr3
e8v9264iv+DHbOGXgTpz8H2DRXOl/e+4/+315NeJmifm0WAsGAeGL5D899zfeyv5PbovFnMN6Ag6
gVZLJb+Q+9feTf70p6HoDhaAhWDgUcn/wP1PxJK/OShc6X4fuf+wePIvmUYq+Z+4/9fT5H+4uEvJ
L+L+my+QbzzpgJJfzP27XCPfQfsYuoMGoBFYFi/t/8z9c26R773vFLqD8WACGJko+V+4/7z75Ef1
OY/uoBPoAtqkEPn/l0u4f/2n5F97cwXdwSKwBMy5Jr3+V+5/9hX5X0Jv4vftE/5+gLlgSrHkf+P+
bh/Ib9wqW+n+37n/rxLy+6fnKvml3H9XGfl+XvlK/r/cX6NdRJ/faxYq+T+4//Ma5N88+gXdwUQw
GYz+Ku3/yf2X1CG/dPBPPOdAV9AN1JRLfhn3N2tAvnlxRX/RGywDtSoJFmj7/+mXc//UpuQ7b6gu
5hFgFBgNhuhK/i/uP7kV+Qs6/iXmkR0EY8E4MMJa8n9z/6odyD+QZeyvcn+tagKtY7uSf9e3iZJf
Af6Afj3J/2XYUsmvCH/6O0fyWyVaKfmV4K9e7Uz+8FE2wncDPUBP0KmbtF8b/mFLV/IX/+iB7qC2
RlAHLOwp+ZXhp98cT37c9r7oDsaAsWBYP8mvAv/9zL/Jz7EdLOYa0B50Aq2GSH5V+DX0Z5Gv/XQE
fm5fQR8wAHT3l3wd7n/cj/x2QeOU7l+N+w9dRP4Y0ylKfnXu/2UZ+csvzlDya3D/iDXkn5joq+Tr
cv9Om8h/UmkhuoO6oD5YskjaX5P7348iv9q+EPQG48EEMHK55Otxf/8Y8jv1CRNzR9AZdAFt1kp+
Le5vHEe++5uNeE6BRWAJGHxG8vW5f9I/5IeFble6X23uP+Ys+adb7lXy/+L+ZZfIf3njkJJfh/vv
uEF+La8TSr4B97e7S363mknoDZqApqB2srS/Lvd/9pD8KUcvojuYCCaD0Zcl35D7Bz8nf/3g6+gO
uoJuoCZd8utx/6ZvyT9XlIneYBmodUcw/67kG3H/y0Xkv12fg+fOT7zvQFdQUy75xtzfo5R8g455
Svevz/0raxX/52uy3ij5Dbj//qrkT/f9pOSbcP++tcjfYvhdyW/I/QsMyb90+he6gylgKhirFfDn
/kbcf2Uj8j+6VhFzN9AD9ASddCS/Mfdv3Zz8+j9qinkZqK0nqAMW1pJ8U+6f0YZ8h+11xTwKjAFj
wbB6kt+E+8/oRP5s24ZibmInaAFagQYayW/K/fW6kx/1xDxA5f5m3P+YPflpiyyVfHPu7+xEfklj
ayW/GfcvHkZ+44v/U/Kbc/8NY8gfMLE3uoNeoDfo4iDtb8H9rSeR71dpALqDuqA+WOIk+RbcP3sa
+XtihqI3GA8mgJEukt+S+/vNIf+Ww2gxdwSdQRfQxk3yW3H/evPJ//f1BDHPCxYsAkvAnCWS35r7
Jy4mv1noVKX7W3L/USvJd245W8lvw/1/hJMfeCNAyW/L/bdHkh87PVjJb8f9u0eTf083FL1BI9AE
1Fol7bfi/k8PkP/7yDp0BxPBZDB6veS35/5Bx8hvNXgLuoOuoBuo2Sr5Hbi/6WnyRxTtRG+wFNTa
hX0HJL8j9794nvzF6/cr3c+a+0+8Sv6RDkeFbw1qQHvQIl7a34n7V7pF/sN7J8U8C8wF88DU05Lf
mfvHZJOv7XtOzAPAYDAE9Lwg+V24f58n5FsZXkF30BQ0B2PfSb4N93+TT/7/2Tf3KCmKe4+jotGV
RMxFD0bUcS9RvA5Dvx8LRB4roAKiIKBBm96Z3t2BeTEPdhd2DUaEjaKgoCLxgUIiKhiCQFBRUPEG
DCaomKCSyI1oUIkQxScY86tf/2p2aneB0+dwzL3n0v98p6vqU131+1ZXVdfCj3+zOVD8bO5/827k
Z47dGoiv4P5fsA/5J758KxDfm/v/0n7k/7LgnUB8H+7/xOM+ZnxZnw/Jd9KhpCNItb8L9ffl/nc6
GXn9zx+T36S7SHeTbtkn8D/i/i/7PvLu9V+R76TNpLNIMwcE/iLu/+U/QP7Wc45t8H0n7UEaJu3c
saGU78f933su8mvWn+TnLwn7upJ0LenCiMD35/7ffgHyO91TG4LEfwD3X5GRP+W4MwLxA7n/r1nI
914cCsRXcv/z/ZCvvrhHIP5i7v9pQ5C/471ePr+LdC/pPtJtslD/IO7/6suRf3am6ec3k84hnUda
bwv8YO7/2DHIv9/jIvKbVCO1SEP9BX4I9//L65A/7aVBfv5m0q2k20jXDhH4S7j/C6qR7zdxuJ+f
T/s6nbSZNDNJ4C/l/vdOIZ/oNDpQ/C/j/m8vID9/2bWB+KHc/6Ym5F8Y7gXih3H/z74J+T17EoH4
4dz/dbOQ/8HtefKb9F7ShaTTJwv1X879d+chP0hpJN9J+5D2I+1+vcCP4P4fey/y2dduJN9Jt5Pu
IN1wk8Bfwf1ftAj5+/K30DglnUY6nbT2VoG/kvtf+Rjym06b6+dXrvB1BOlY0j4rBX4k9//dFcjv
W70gUPxHcf9nPIV8aOxDgfiruP/nP4/80C8fCcSP5v5v3IR83YJfB+LHcP8nvIL8ot5PUpxIK0mH
kIafFuofy/0/+Q3kf799PflNuot0N+mW5wX+au7/0h3If9W0kXwnbSadRZp5SeCv4f4P24X8D8/Z
QvMUaQ/SMGnnVwX+x9z/j/Ygf8X6PwWK3zju/+zPkW9y3w7EX8v9l75BfsmxfwvEX8f9f+WETxi/
ddFHgXiH+5/7HvLfVH5GfpOOIh1LWvmFUP947n+X05G/8L2vyXfSvaT7SLd9I/Au93/VWciPmXn8
FN930jmk80jrvzOllK/i/o/+IfI/7fFdPz9MqpFapN1OEfgo9//zMPKPb+ri528m3Uq6jXSXLfAx
7v98Dfk3JnSbEiT+Hvff7oP88Z26B+Kruf9vDkReXnZhIL6G+994GfLjhquB+Fru/1kjkW/eU+Hz
e0kPkHbo7evOPkL9ce7/s9cg/8ScAeQ36b2kC0mnVwr8BO6/U4X82/Kl5DtpH9J+pN2HCvxE7n+H
CciXvXYF+U66jXQH6YaRAp/g/j84CXkjfzX1fwqVm+prR9LdjQKf5P4PaEC+6jQ3UPxT3P93piF/
6+raQHya+39TM/JPjskE4jPc//PmIL/zi7pA/CTu/2/vRr7zgp+Q76SLSZeQzrlBqD/L/a99APk+
vWeS76SVpENIwz8T+Bz3/6SHka/Zfhv5TbqLdDfpljkCn+f+P/o48nOb7vLzp5E2k84izcwX+AL3
/7LVyD979v1+/vpnaB4i3Uq6Zp3AT+b+734G+Q/W/SJQ/Ou4/7e9iPzp7rJAfD33v9fLyPc/dlUg
voH7v2Ur8slFawPxU7j/k7YjP79yA/lNOoJ0FKn130L9U7n/39+J/IZ3f0e+k+4l3Ue67WWBb+T+
P/Eh8ntmvEa+k84hnUfa+LrAN3H/R32C/Jk93qJxSqqRWqTd/izw13P/P/0K+cGb/krz7ju+dtrp
a2fSfe8K/E+4/3cfuw/37xM+8PMTpHnSetJxuwV+GvffKkP+/pM/pueSdiHtSnrgE4G/gfv/xqnI
b1r6pZ+/nHQN6VrShfsF/qfc/ylnIP/psGOm+r6TjiUdR1p53NRS/kbu/5nnIn/unhP9/C3n+bqd
dCfpxh4CP537v7YH8kPndBbyD3YV//8/9/9aCfl6uWsgfgb3/58m8otePScQP5P7v/Ai5P+QOz8Q
38z97z8Y+f1devl8V9IQaXfSE2Wh/p9x//86HPnzVht+/hrS9aQbSJdYAn8z9//G0chfOeZH5Dvp
eNIYaWU/gb+F+9/9OuSbvrjYzz9A2nEQtZu0eaLAz+L+v+gh/8g9wwLF71buf3US+dcrrgrE38b9
/04B+Q7bxwXiZ3P/H2lEPtwUC8TP4f5fOh35MWcnyHfSMKlE2iUl1H879//DW5C/cV2OfCfdSLqZ
dHlB4O/g/s+ai/zj46eS36QJ0gzpqCaBn8v97/lz5N885kbynbQTaWfSfdMFfh73//cPIX/Copv9
/IVLqb2kK0nnPy7wd3L/048iL1feESj+d3H/O69A/tp37wnE3839X/Ek8s0zHgzEz+f+j3wO+ZXn
PxKIv4f7v28j8js2Lie/SbeSbiNdu0KofwH3/84tyJ88YQ35TpohrScd95TA/5z7b2xD3jx5PflO
2pm0K+mB5wT+Xu7/n95Gvmrpb8l30jWka0kXbxL4+7j/9X9D/rZhf/Dz83t8nU7aTJr5h8Dfz/0/
Yw/yT330x0Dxf4D7//RnyL87+y+B+IXc/3H/RP5U+b1A/IPc/6+P/xT376/+PRD/EPf//u8iX5v7
lOJH2kg6jTT2uVD/Iu7/RachP7fL1+Q3aYi0O+mJ3wj8Yu7/jm7Ir1vVsdH3nXQt6QbSJSeg8n8/
/Avu/w3dkf9wdCe/3FjS8aQx0iHfayx9/i+5/+Vh5E//4j+onEL1kI4jrdQE/mHu/wYV+QH3nNkY
JP5LuP9eb+STFf8ZiH+E+3/CQOTveeu/AvGPcv8fvhT5FxuVQPxj3P8hVyK/96wKnw+R9iANk3bu
I9S/lPv//tXId1vX389fT7qRdDPp8oECv4z7f7OL/ODxl5DfpAnSDOmoywT+ce7/hXHkc8dc4ed3
JO1E2pl03mSB/xX3/+UM8g88NDZQ/JZz/1P1yL80cHwg/tfc/1OmIf/ZzppA/Aru//KZyJ87Ix2I
f4L7f8Vs5IedX0e+k2qkFmm3BqH+ldz/j+9Cvn7j9eQ36VbSbaRrpwn8Ku7/3PuRXxyfQb6T5knr
Scc1C/xq7r/2S+S3lN1GvpN2Ie1KemC2wP+G+//HZcjvf+xO6ucaGvekEmnXpwR+Dfe/bhXy5w+7
L1D8n+T+d30G+Ss/WhyIf4r7/+QG5K+fvTQQ/zT3/5rNyD8qrQzEr+X+738N+ddfeZp8J91OuoN0
/TNC/c9w/+99C/ljci+Q76SNpNNIYy8K/LPc/77vIB/u8jvyiTRE2p30xJcFfh33/+0PkB+76lVa
v0jXk24gXbJV4Ndz/6d9jPz00W/6+Xu/ovFG2nG/r7sOCPxz3P9zv0L+V5//T6D4P8/9f/6Yzxj/
1vz3A/EvcP+jJyF/QsU/AvHpQr5XTabgZLLpqJOr8ZLJyIRcOnU4PNAlwWVoGipcrdWUJL2DrCu6
aRqaqeodJFlTZbVDSDqirTjIVcjl3Wwo1CGbTucPVe5w+f9Hr6nl6YnlFflswQuXe9lsOlteUV4e
Lk+mYx78gpEBN4m0G4ObVDrlsTu3ykv4eSWjBjJY4Yry4aMvqbykf2iwNyidjXqhK0eNDamSIUF+
LlleoVjh8lg2PtmD58iqpEjh8mwhlY8n4WmyAuWgmkS6yk2wpKyTj0cnOqkc5EmKBjUk0nm4UWDQ
hMvr3GyykCmv0NlNxsvG0zGnkKP7mOfGEvGU15KSy8RTeKfgXT7ruUlofzydjecbyit66uHyeArG
AjTGzTPOc1IQhJIifpBqsm6mFrOgLrv03sk3ZFji1PKJXjbFYmQ3+W12JrvZONSMQXSihaqEm4OA
ZGobWOnqasjQJNuAwg3JqnSC9Rd6C4CXSkHJCo1FvcHL+j9zhaqom83G8d6QlXD5JJeFVocKErFM
1IlWwZ1CN/E8llPpNpuugzuL7qZAhqXRTVUNPBeqj9ckXaW8QopIku1fJpTPeV7Mz58YzzjYA4xI
E4sbjoNoOplJeHkv5sQK2XiqxgFnoZpiPg0vSPDqvWghD6PAyaTTCScXn8LsZ75E01kPn8LcahmZ
1fHqNLRa8n9hRrWbyEFOMpGGIVKakMk5mXjGc7zUZBrLkBJNp/JZeFQm6+U8ZgSVhiY6bALIO4V8
FIorkmL0lKWekjJKNmG0VuhmxDKMa8r9ol4qdtCCdkSRiwXr3ESCKsbha9rgryKrJlSm6rKpKiXl
WK1CKRtqMk3F1iEQWQ9iEsPYyyqFP8NuLcNmw6KQitb6oc1hbNmLA5M63aTzLrSj9LVJxnM5D98o
m+6cLAx45reu6VLpxcYadgGrx5dnanmKNyQZh59qRLJhaGV0if02NbuUZzbaEnuwKkc0NlAzts2G
pmlGNE3DWwcTbCuiSTyBpaiyHFFNo1gVsEm3vr2MpmIQwNtoPBdPpw7WUlNp3TpqtqK3zig2W7UM
odmyJZZr6YBq8dcFrtZd0XWhA7oOzYbQ1nh51uzYISIMr6FsU1Pht6JS69hvk5rGfluS1KYT2LhD
ZB40F5vaXlaTOOTab3GxtUZJRIphwcgqMgwcpVWDWCANM2LAe9A6kBhjKWKaanudUGCFiSiqXppH
0W6d0dKBKHv12ms/NI0tNtgHJSJpFrW63RHEHq9BX4y2Gc6hsvweGRFLlUs767e6TUZLq/NpPl8F
G+PtNR0y9IgspBf7dJAM3wlLiWgl3RL7BBOm3s6L2yajyV8H2rdAUSKWRY2XFTVi+7MD3mkRW7H4
gNEMLWIaVkvjdMmOWIrWbuNgjxmRLa1t49pkYMBh+Y02ONXZdNKhd7X9tuoR21LFUe6324yYaqsM
HP6KLUMszJY+mBFbbrG7tDcyTE+G0SbL740V0Y12hk+bjCa2bmZzeSdd7dR4KQ8mfDZNtj+5K8XB
JOvC+2sVB5Nhtftay7ZhQ0dU3i9ZVoqTlNM2QUjxW0630N4oruvVcZwfWdNaNgMum1pwW2JYCszH
lmSwDQpbxZxMBnZCPWHAyKYl27KtKoqk2Sq0sMpfYiHMEVk2YKWzJd3EtsNGxasuWX112ZJlTYNP
Fpij/TzVMmWYrmTLsk2VbdQ82FOw+ixTj+hskc7FY0426SfCrAlrlA7tgyUDXjxT5iWgl1hCt4wI
1ATth5BBD3QLg+7UxWP5Wr+hugqPT3ox2DeWJCsqm5omepm80yZPNtl+IeUv9DAJpxxWjt3KYkDT
ufxBI2qrqgarOOxT2oRUMgwdwgYRUjTdloshVeEFsHRJ1k1DtnSYwtuG1NJtVbIsnQ2u0pDqmipB
lHRLaQmpLaltQ6rKMCMaEvgCkG3BMtwmpCbM9PC+QJalWLahKW1Cqil2+yFVDhpSSzIxpLpSGlFd
Zct3XRpCGU/lS/apLWktocPBCF82NmwSYCUybbN0A+xP67i902Qhp7jRkyVLLc0o2ey1JPrvd3tb
7GhtITURR5RYPhXP+c9tKvt3f4Qevf5tVzvnP24MPs9zbrbhSJ0EsenoEOc/imHIJec/ZgdJNlTZ
PHr+821cwvlPfZxNzi64Dl+4uXhN3suyg526dHYinQHxs55YgZ2IyCVHL8kcv4dbKBnzqt1CIl/u
JziT3UTB878N2G3WTdXgsp6Ax+UxvQaenPfYTU/2dZSD795UDD5OvUkFSGUzldSSih+2bM6M6JKm
yfBgje/2eBE3yiY6KqPK8HGrWnzX5+fB1o79SKf48ierqqnqigYrMlvfCqk4+27GZdU/bXIoSebd
xmUFJtY0vDLse76YKhHOUhy2PMnw8YKVS4Yq6YqhCAWKrWXlLNmCplrQL1NT/WIQXlidXLY/syPw
CQkLq6pKsNaq7BSgWAL3o2YE9jCaqZeks82VCl9WsI3Witt6tr2pTqQzrItsTwSrKp5NWJalsTW8
irc9VUgkYAeZafkJFGayB7AdALTTsmHHYkKvqhrAxZJcKUznYaWJeM40xT8tYz9KbaajMJYKUSkw
n/2kRCLpZNysmxRGhVzctQslOEqp/PxMpnpq47GYlypm13nxmtq8g20vJubgE5GdZqXrUsUDo8n+
CQNmYTcoAcbcZJ+MeZPjUc+vyoFvzHTUxXYqqmZZ7ByziY5KJVQn5bLDz0Ocm7JChUKcvX6DR1zV
U41JnidrsZ6WJ8s9NU1XenoW3JpRV4lWSZpruOyYtjrreTBkkk6VV+0fqikqfAPKJsy0/GAIsvGD
ig0LyWQDIlqIuQ6dyDpsGcC3g05mMdM/vS3J809xcw0pdizGilRiAEayXU0h4Q1g+854qmYkFAhd
GGIFRuLhK0uozaZT4HPIrYapJuS50doQjo+wP9HAwM3XQq0DrxowtP9Ip/LiQf2vGjrKGdZ/1JBQ
j0EjVCUcSqVDowapygWA1OK+ttx0ZQiBblbD1pLNPixwuilL/kEgvfn5WmhCjA3IqJfKu2wu8oc2
9pF5WpXwHN/K4rD3v5f8w+q2B4CaFYGPUXYAyM7z2i9lV8DmVraxFCvBjqihVC+2uPTKVfU65Goc
zU0uP+J7NfZEiEskka45wjW3XIdZ//G3uP7Dhlk5uv5/GxfzPwojjr0brQfckRoTh/Eflp6Sv//p
zH+dyVH/v4Wr6HZFCKe30NSA2z3abhW3dsLWj69zMMpaT3MHG3Tsm+MQs+PBMDY5+puGtruFtnuE
0t1AmxWdFYh5bJmLse0J3ykoKp5BirsLWZJtRdYttvER9xCKpFoafMZobL2nZ5TUSvsFtdXuCHak
bN3Av4MWd1mUqEZUdqhnWE18eTzEPqyprMTZWDrlhbitfZENMUv7Qlxwwc31hX1hiP5a1Bd2zJJu
h2ippHsrVLJd7cv+oKOF2m5gKaPVdrivFGLfFn3pk+LoecP/nusw79QRecbh1n9NMdvM/6Z8dP7/
Nq68kwvjaxwueZnL2J/ArDDsr+F1lmXdKFMikgQJMkswdMUsU/HPkn4JQ4MSMEcoxQRTUst0KKES
ostKmVFSQIdVv8yEAgYVgK9Su8yKsAmaEiy7zIYCJhHw9V4ms7+FKlQAxohVJkNDYVb2UxQYPmX0
9wQfUixZLpNZU+VitZZexuazYhnN0vwU3Q77RWzV+v8zQ7V9/4/8l8Dh3n/FKNn/6+zff6mmfvT9
/1Yu8D4Uwm0B++ddoVBIGAxwHyr+lTCU+Rf7dh+W8/3+cfyNKJMJuRlNIbphSe6KWHyLEELIZEIm
E5qiEJKGKKsWCyGEWO5LUZvITYvRyM2a+7kbMW0Xi5V9dZ6v93E4j+8fv39+x/ef388/j3Fez3F4
fa5rDqybY/U3WHV/+3a1CnZxqf5np+rf16r+igN/tfrPtaxmTAynFzq5OHR7+6uEEKsIq3f+job+
97z917i8vVT/mQR/k1P1b129/Zbqv5Ri5dip+jeqrPCnIFZvfwXx9kfg+H/njflf+vKf7/9J0/53
//bn//D+70J/MeE/3v9vX/7/7///whcD/iKw4UzQRvvq//+h2SfW35wubX4fxn7EKmdY5sfiywv0
5tNCqX+RM5HuNkfY7EJWlcCgKaJ/ib7rexHUW30yje69tTNYFQ7zgkT/F3qfb5dS7/V3MN3DYKf3
vuDXm8PiENFXoA/1WkV9WEo43bfC1d+yKgeaRYj+Ffqkp4nUb+0dSfez0HEEq/yhSbToX6PPXL2e
+vM3l9P9OXz4jFWV0DtW9H+jL+m0lfpXi7+ie5NItk8cq5KhT6LoK/X+xbuot279Dd1HwxqdWOUK
968XfZXef/YB6r1PbKL7bJhWzKrrMGmL6N/o/RsfoX7B5B103wGdQ1gVCc12i/4fvX9mPvU7jPbS
/Ro83IRVVjD8gOhVTew/qpD6i9uz6G6AuVmsyocROaKvgT7p5QXqq/p/R/cOA9gYn++wP9yfL/qa
6DO/uUq97aOTdB8MDS9ZZXQKz2Gh6GuhL3G+Rb1PzDm6B8OmG1iVDh8Vi94IveHnB9Qvti+h+y64
2IVV7rDyiuhrozdf8Iz63Wd/oXsxvHSNVfegzy3R10Hf1eIl9VeCfqV77RnswQWsWgFdH4jeGL3P
d1XU13j/Cd1bw4YtWWULM56J3kTv/2ntTdV9x31/0N0Hjs1n1TmY+kL0dfX+/5hS7+v9mu7RsG4g
q4KhVZXo39P7p5pTv7S8Rrvq+174ombNdvzcw5NG7d7t6+n9+1pQvy+xLt1vwS9SWZUB/U1Fb6r3
v9uW+tIuDen+D8zsyyovaGIu+vp6/+gO1Ne+3JzudjDiLqvKoKeF6N/X+7frQn3nuVZ0/ww+Xsqq
eOhsLfoGev/TPan3a2ZL9+VwojWrHGFQB9Gb6f2n9qN+eU4nun8LR55m337AsrFOom+o9zcZRP2h
sT3o/hu8/BmrQmFxT9E30vvvGk79zdd96F7/b/ZHk4/59eYwp5/oG+v9B42lvm5Kf7o7QdddrMqE
FQNFb673f+JPfbfeQ+nuCw8OYpUvNB0u+iZ6/7hA6v1vjqL7lzDlySh8v9BtrOib6v0dgqlftXg8
3bPhiThWpUDPiaJvpve/EEZ9ttUUupfCHR+xyhXemyr65nr/4MXU3z0eRPdGJ9j4C6y6DuNnif4D
vX/D5dTXnxxK93/BccGsioDXw0TfQu9/cDX1LkYR/NxC00assoAli0TfUu8/ci31AduX0j0WLjnI
qnxovUL0Fnp/w0bqv+q/iu77YO7IVfjcgNGrRf+h3n/tdupzHybS/TbMNCTi9V+zeWtE30rv32MP
9Q9WrKe7cQzbfS2rUqHfJtFb6v2vZVLf0H4r3R2geQ9WucNH20Vvpfefl0d977O76D4ZZl3bhecG
Ou8VfWu9f4uT1AcGHaD7Jhg/7wB+3qBbpujb6P1zz1L/df0j/PMOL7VklS2MzxN9W72/3yXqj+3N
p/t9+F0uqwphZIHorfX+VaXUPx5WyM+dNzt+PKsCYeVZ0bfT+2++S32T8gv8/EOPNxfwuVGM/S6J
vr3e3+0x9X0Tr9I9AC7bzKoMGFgqehu9/51y6oO63KJ7ElzhxiovmHRX9LZ6/6hX1CeXPKD7cdjs
LqvKYPxj0dvp/dvW2FzdF8x5RvdymLX0GTp4/Q/R2+v9T5pQ/6zpS7pbNGPbWLPKEZZViL6D3n+K
GfUtcqroPgD2PcWqYuhco/27fUe9f53m1HuMrU33UNh2KqtCYUcT0X+k90+3pD74tSnd4+Fc4/r8
enOYbiZ6B73/QBvqUzaY0/0iPLiLVZnQrLnoO+n9HztQf8bVgu5P4PGBrPKB5paid9T7r+pO/R83
2tK94U120hNWVUAfG9F31vt37EN9q8Ud6N4bvhfLqmTo4yB6J73/jx7UD7Tqwj//sLEDq5xhSg/R
d9H7zxxCfejxnnRPhUVFrCqB1n1E31Xv32AU9amT+tH9e3hrFqsiYEB/0XfT+x/wo/5srUF0L4fz
zVhlAUu8RN9d7z8igPqXacPp/uF2tsMhVuVDv1Gi76H3/3M69W36j6W7BwwdwSp/GOoneme9f1II
9UMe+tP9C+hr8MfrJ7I5k0XvovfvtoD68BWBdF8DDyexKhUaBYm+p97/ShT1aXbBdP8JZvRglTus
mC36Xnr/sJXUXygKo/vv0Pkqq+7BgAWid9X7N0+k/vX0xXS3CmLd5rEqGuZFib633v/oOurb119O
9/7w+w9YZQuvx4i+j95/3Bbqh+9dTfcImJXLqkIYkSD6j/X+lenURwxbS/e1cKAfqwKhWi96N73/
xv3Upz/fSPdr8OcqVplswvO3RfR99f59cqi/lLCd7q+g3yZWZcCAdNH30/vfOkb9G6c9dO/YhV3n
xiovGL9f9P/S+0eeod6+JJPug+Gm26wqg6nZonfX+7e+QP2oOXl0nwejolgVC2/ni95D719whfrI
pifpvh2+bMMqR+h/RvT99f4BN6nPyD7LP+8w5RSriqHjBdEP0PvXfkD9Vd9LdP8DjpzCqmBofUX0
nnr/HU+pr/W6lO728HGdX/DfDXjypugH6v0HvKDeYcNdug+Fngfu4n0DQ++LfpDe/1El9WNdH9N9
MRw0mFW+MP+p6Afr/WOMUqv7L2+U8+c/nPa4HJ8bMMMgei+9v70p9fsXvaL7BWgdy6pk6FUp+iF6
/3ONqf/FsoYN3a3YKx3xdWf4vJbNu/1Qvf+MltQbHzehuyNMO8+q69DVVPTD9P7vt6XeaZIZ3YfD
v2ayKgJam4veW++/z5768bWa0301rDBjlQU810L0w/X+3k7Ux6RZ0j0LJhxgVR4MbSP6EXr/chfq
Mz1s6F4CI31Y5Q9z7EU/Uu+f2Jf6Ww8c6F73IVvwpwNe34nNcBK9j96/y0Dq663oTnd76L+GVanQ
4CL6UXr/y97Ud7frQ/cxsGF3VrlD1Vf0o/X+c32pn1jkQfdVMPcqq+7Bt79QfLcfo/dv5k993PQh
dD8CI8NZFQ0dh4veV++fM5X6HNNRdH8ArVuMwnMDI3xFP1bvP3YW9b/u8aN7rb3s5qOsKoSRE0T/
id7/9VzqGwwLoLsrTPdjVSDMnyr6cXr/DYuo7/l8Ot3HweZVrDIJwvMzS/R+en/XZdRPSQihexQ8
sSkEzw00hIl+vN7/Zhz1CU4L6J4HvT5mlRc0WST6T/X+i9dQn3cpiu6XYcqdKHxuQO9lop+g97fa
SP3D0JV0rz+H3bmEVbHQM070/nr/42nUN26aSHcn+GnbRDw3MH+N6Cfq/SdlUN8nex3dZ8CqAlYV
Q/ONop+k96+VSf003y103wBLp7AqGHZME/1kvX9aLvVrXqXz+wZ2rrML3y/0zRB9gN7fo4D6/PX7
6f4YVu5kVSb0zRT9FL3/wyLqy3rl0L2pK7vOk1U+MDJX9J/p/VdcpL7ZjWN0HwC9HrOqAmacEP1U
vb9dKfX9Fp3h3eDHX5/B5xesKBJ9oN6/6A71My0v0H0LDHRglSs0/CT6aXr/6b9Rvy7/Ct3Pwjc/
suoadP1F9J/r/U3LqT858Sbdn8GsmawKh4V3RD9d77+ngvrnNR/Q3bgWm2rGKgtY8kj0QXr/oWpL
dd8y7Sndk2Fp1lM89zDiuehn6P2fG1Pf3+MF3efAI6NZ5Q8rKkQ/U++f0ID62Q8q+XMT3jNU4vVV
eP6U7bv9LL2/UzPqNy43onsBHJ3EqlTobyz6YL3/pVbUF9qa0v0x/Kg7q9xgSgPRf6H3D21PveGH
xnS3K2JvX2HVPZjaVPSz9f5NHKi3nN6S7n1gXDirouE1S9GH6P0Pd6N+kGlbuofBzh+wyhrebif6
UL3/mN7Uz91jT/dt0HCUVYUwwkH0c/T+r9yp3zLUie4XoKcfqwKhRTfRz9X7r/ei/tzvLvz9wkFV
rDLpyab1Fn2Y3r+XD/UV8X3pbpPA1tjEqnSoPEQfrve/Po76tk4D+ccNT37MKi9o5CX6eXr/hZOp
H3rJm+5zoOVtVpVBdx/Rz9f7t5pO/fxQX7qvg7OXsCoWuo0T/QK9/7HZ1G9v4k/3H+DUNqxyhJEB
oo/Q+/vPp7748FS6G2WzTwpYVQzVdNEv1PvXjKK+cswsurfwZXcGsCoYuoWIfpHef1sM9Tav5tLd
Hb6pE8avN4fn5ol+sd7fPYH6EesX0X0mbJ3OqkzoHiX6SL3//WTqF/VaRvfdsNyTVT4wNkb0S/T+
y1Kp33U9ju6n4LDHrDLAzHjRR+n9bdKpv7xwDT+3i9jPV7EqGZYli36p3r9wH/XKciPdbWFeB1Y5
w9upoo/W+0/Lpr5Dfhrdh8K1P6bhcwda7xL9l3r/eseoHzMxg+5LYNeZrAqHXfeJfpneP+M09VE1
M+m+D15tkInPDRidLfrlev8h56nfsy2X7qfhyP2syoPB34t+hd7/2WXqf3YvoHsVrD+CVX6w+JTo
Y/T+X92g3uhBEd27wGGVRfj8Osu6nhf9Sr2/433qOy2/yD9uuH3NRfx3A/pdFv0qvf9PZdSPsy2l
+0L4T9dSvO+g4broY/X+sw3UL/vhDt0z4csrrLoHQ++LPk7vb15J/YHPf6P7LWgbzqoVML9M9Kv1
/lm1tlb3N+qV070SGn9QjucOJhlE/5Xef3Q96k32VPBzB3ceYVUhjPhb9PF6/78aUd9lqLKrvn8K
PxnHqkB4zsju3T5B75/cgvoJvxvTPRbOe8UqIxPWr57oE/X+Lm2oXxnfgO5HYd5GVqVD08ai/1rv
X2pHfVbnZnS/CT/twypPqFqIPknvv6Az9XcutqJ740vsB7dZVQaj24h+jd7/QxfqTUPb090Fno5k
VSx8ZCf6tXr/792o79HEge7j4eI2rHKEKZ1F/43ef4In9ZMPd6N7MmxdwKpiGO0s+mS9v/KmfvWY
3nTPhq8CWBUMTfqKfp3ef8sY6o9UuPPPP/So48GvN4OBnqJfr/fvN4H6++u86G66nm26k1WZsGSY
6Dfo/X/9jHqzXj50X9GXtRvmg+cOpo0RfYreP3om9b2uj6P7JBjzG6sMMGmC6Dfq/dvPpX7qwsl0
XwR7rpyMDj6aKvpNev8zC6lPbDWd7t/DPzqwyhkaZoh+s94/8Evqvzs2m+5DH7B1Kmbj/RfC5s0R
farev24c9b/5z+fnfyL7LJhVEdB5oei36P13J1H/9tdBdO8BLzdglQXM/1L0W/X+g1Ood9sWw+9b
2PBADH7c0ChO9Nv0/mXbqJ/unkD3FPjn8ATsD2OTRJ+m94/7lvq195PpfhwO/jMZr1/H+qaIfrve
v9Mh6k8sS6X7LTgviVWp0DNN9Dv0/sVHqX9qk053S1s2thur3GFyhuh36v2/OEF98x/20d0VRlxh
1T2YelD06Xr/RkXUu3+eTfdgeDssG58b0HBU9Lv0/od+on5WvWN03wwPNmeVNbx9XPS79f4+P1O/
PuM03XOh61FWFUL/ItF/q/d/cZv600PO070cWo87j88dmHFR9Bl6/7WPqC9/dpnu5r+zMZWX8bl3
hT15TfR79P7Oz6m3iL9B92Fw90ZWpUPTO6Lfq/f/+S/qPTvfp/ts+GcfVnnBikei36f3n/8P9SEX
y+i+FibcYlUZ9CkX/X69f0vjbdX9phADP/8wZCGrVsCSv0R/QO+f9z71ReaVdP8VhrdhlSO0Vfbv
9gf1/uObUv8iqxbdLQ+zcwpYVQxNjUV/SO//5kPqrcbUo/sAaBPAqmBo1kD0mXr/ze2o96poRPcg
qOo0RgcDmoo+S+/f9yPqw9a1oHsyXLmDVZkw+EPRH9b73+1K/daebej+A3zmySofmNdO9Nl6/6Wu
1J//xY7uz+GeR6wywIyOos/R+1u7U/8qojPdmy5kX6xkVTK83lX0R/T+pwZTb93Khe6D4OgOrHKG
z3uJ/qje/7OR1Hsfc6P7EujwI6uuwa7uos/V+xuPo36Bvyfdt8LCGawKh46DRZ+n90+fRP2OGt50
L4CHGrDq31TWeViPeRfH8a8lQhFCRgjZQ+ghhOzJThGyhyKEEEKjsu8aQkNjDWPPOjGWEDIyQsrS
kGUI2Xeecc7nXJfz1+uP83tPXb/P3W3sYXwP1R+V/T1HUP/3+l50/whjdvfCbtC2r+qPyf5PxlL/
pdUAutdozeaMZ00YTBqs+j9l/wWTqa9+fxjdO8LPVsP583YwJUD1x2X/Wj9T7zVrNN1nwkG/sCYW
dh2n+hOy/19zqJ9RdSLdY2FnF9a4w9DJqj8p+49ZQv32pGl0T4cVrrMmC8aGqf6U7G8TTf21gEi6
5xrBrp7ImgjoNlf1ibL/nnXU5yq0kO52cKMdaxxh5mLVn5b9e2yhvtbvUXTvAU8dYk0iDFup+jOy
/+ud1Pt0iqH7RLiyD2v8Ydw61Z+V/X85QH34sw38dw8XfWKN5Ub8d7aoPkn2b3CM+l2Lt9P9AvT9
dTt+Lkzcofpzsv/109SnO++j+ydYpN0+vL9g4gHVn5f9Qy5Sb/H3Ebo3gWcyWZMNNx5V/QXZv/RV
6uuOP0n37nB4OGuWQIczqk+W/Y/cpN7X9jzdp8OrFc/jvQHDLqr+ouzvm0X97P2X6b4L/nLyMv7u
4IJU1f8l+395Qv2+njfongrbDL2BfzdgtZuqvyT7r31F/e13mXS3es8WsviHP28D47JUnyL7N/9E
fYFVj/i9C1ttYc1u+PqJ6i/L/pm5N37v/9c4h59/2MwjB/tDq1eq/1v2/7kg9QMz3tF9Cjz6mDXv
YfxH1V+R/SsWo35+6De6H4TP5rImGrrkqfljnyr7nypN/cGy+el+Axon6ApDC6r+quw/tAL1d48V
pvtXuCGZNTdhVFHVX5P981Wn3npgSbo3gpNGsSYEJpZW/XXZf4sz9Y1ylaP7ANimMGvsYUIF1afJ
/h6u1Putr0z3uTD/7srooKmu+huy/7/NqV/cqhbdD8OUrqzxhXbOqk+X/ee1o/6PLBe634VzXrLm
M/RzVX2G7F+zC/UPIt3oXmQWm2c5a2KhT3PV35T9k3tSX6xqa7o3hcdcWOMOozxUf0v2H92f+qZJ
HejuB/NeZU0mtO2i+tuyf5Fh1PsH9KD7DDhtImsioFtP1d+R/XePoj6qYF+674HtS7HGEfr3V32m
7N9tAvV/bh9M93T476HBeO6g/zDV/yP7vwyl/nHHEXS36MT27zMCHdw9WvV3Zf/lEdSXfDaW7h5w
+ifWWI7D7xGs+nuyv8sC6lssnkz3ofDiGtbEQdtpqs+S/a8upz7Q+We6r4Mnm7KmIzQRqr8v+09a
Q3305Tl0Pw1r3mZNNgxdoPoHsr/dBupPjVtC9wxowuACmLlc9Q9l/8PbqH9WPJru9rbsSodovMfg
o9WqfyT799lL/U/719G9HZx8kjXJ0GmD6v+V/T8dpr5Nzy3cwTxDWBMEq21T/WPZP+YE9UHvdtJ9
NRxnsYs/bwNj9qr+iezf9Bz1MdEH6B4Px286gOcOvj6s+mzZ/3YK9WcbHePnHi5txxovaHNC9U9l
/7A06l+mn6Z7uQy28aPT+LkwLkn1z2T/CpnUlwu9yM8/XDT3It470OWy6p/L/icfUt++7FW6B8NX
1VnjCrOvqz5H9h/ynPrgYzfpHgOvXGBNGoy6o/oXsn/ed9THDsji5x8mBmbhuYc3H6r+pey/6Sv1
F0w23Z/DvIWz8e8GTH2m+leyf9t8m773b397Rffi69l7O1mTAD3eqf617P/QmvqKrT7R3R3W68oa
X7j7q+rfyP5zS1DfKSu30/f7WFj1BWs+wwQLpx/7t7J/jbLUh0QWpPsaeHsZa2JhjrXq38n+Fxyp
31ilGN0vwd71WeMOc0qo/r3sH+hE/aWzpen+Er5IZ80j6FxO9R9kf2sX6j/5V6C7XQAbMJE1YTDW
UfUfZf+dTaivUrA63b3hklKscYTZTqr/JPt3aUV9t+3OdB8Hmx5iTSIMra/6z7J/jif10zq60n0P
PNib/e//O9jXTVT/RfZf1p36uKfN6Z4IQz+yxtIdO7RS/VfZv34f6q8sakf3N3BvDGvioJ+n6r/J
/qmDqP9WpwvdHZzZ391Y4wF/7656kwf7TwigvsblnvzcwN9v98T3DmN7qz4X+qiSY6n3Htef7sEw
egZrFkDbwarPjT7+YAj1PxcfRvdYeMKBNU7QN0D1edCn+oRR/3v8KLpfht1PsCYZzglSfV70rz/M
pv669wS6f4Ifh7AmCO4OUb0Fets1i6nP8y6U/+7h0TzT+PM2MD5M9fnQu7itpL52dATde8LoTRH4
udDMVX1+9F631lLfu9ECukfCUm1Z0xVaLVa9pew/fTP1kenL6d7/KTssXxR+f5i5UvUFZP/yO6nf
PXUN3bNg8cWsiYF516m+oOx/fD/1GfYb6J6rLGtbkzWuMHWz6gvJ/oOOUp//2Da6V4dx51mTBp13
qt5K9s99mvp6A/bSvQtcEbgX7w34fr/qrWX/jcnU9zNH6D4LvrJijR0MO6r6wrJ/m1Tq5/52gt87
sPCuE/h3A4acVn0R2f9BBvXxLc/RPRN6djmHvxuYlKx6G9l/9j3q79xLoXv+LPb2ixR8/jL6K6ov
KvtXe0J9ocg0urvCIsvSsD/seFP1xWT/cy+pb1Alk+794Mz6mXhvwiX3VF9c9h/xkfpBZx/SPRw+
ufIQzy30yFa9rexfKPfm7/1C/+d0T4BHJzzHbtD2lepLyP47ClB/qMA7uv8DW5dkjQMM/KT6krJ/
56LU39v2le7f4IODrEmEjrlr/diXkv2f21FfpGM+urvCGB/W+EHLgqq3k/2XOFDf+Kk13QdCn4/W
6AqzwUVVX1r2r1uN+mGLStB9CaywhjVxMMhO9T/J/n/XoX5pnbJ0PwGvubGmIwyroPoysv/4htQn
pDjS/T4cfos1j6BLNdXby/62zal/NNaJ7nbj2LQZrFkAqzmrvqzsf6At9cWLu9C9MYwozxonGNNQ
9eVk/16dqW8W34Tu/nDNCdYkw6hmqi8v+7/3pn6Edyu6z4PtBrfC9w6z2qneQfZf1Y/6X9560j0e
1jYd+PNW0Lez6ivI/o2HUn98ZXe634QFNrEmHnr1VH1F2T8jkPps1z50L9yIndW2Dzpo1V/1lWT/
0GDqS6UP4ucf7nrAmtfwkJ/qHWX/sqHUt5waQPeR8Jc5AfjeodVo1VeW/f8Mp360/Vj+/uGCSqxx
htHBqq8i+w+cT/2qoyF0PwvfnmdNGgwJVX1V2T/XcuoT+4fR/QGsOzIMHUwKV3012X/9aupzvs2m
eykzh7xkzRp7+Gie6qvL/q3WU1/mt8V0rwcP7FiM7x0GRqm+huyftZX6ti1X8vcPTWfoA6NWq76m
7B+5h/px99bSfRmsnsOazzBmveqdZP8qh6n/NWIz3S/ChKWb0cHW21RfS/ZPOk59UuWddH8Cc+qx
xh1a7VF9bdk/IIn612f2073SWdY3lTWZ0OGI6uvI/gVTqC/vf5TureGz4KN4b8L446p3lv23X6fe
s8Bpfv/AIyVZ4wjTzqm+ruzf8Q71E7cl0z0Wrt/DmgSYdkn19WT/pw+o/61DKv9c+NqHNX7Q+brq
68v+i55Rn5ydwe9/OPIDa/LeZN0yVe8i+9d5S/37hffoXmURaxPDmjh484Hq/yf7X/5CfaU6T+je
Hl5uwhoPaJej+gay/ziLLd/7Likv6R4MbW++xN8ddH2r+oayf3Fr6qeM/Uj3ldBMh3Ng1y+qd5X9
422p31Qsd+3v99PwVnnWOMEQi9o/9o1kf2976i/vK0D3R9D/OGuSoZW16hvL/m8rUf/Zqyjdq3qz
/QezJggeL6H6JrL/yprUV31rR/fucHPu0vx5G+hrr3o32d+1PvU9VjrQPQxO28ia3TC0kuqbyv7p
jamf7lqN7jths56s8YMetVTfTPaf2pL6rTfq0P0sdHnA/veAsq3rq7657G/vSf3VKQ3pnmcqu2Y2
a6JgdhPVu8v+R7tRb+yb090RDq/OGhcY0VL1LWT//r2pr3m0Ld07w1XnWJMKo9urvqXs/20g9b36
d6Z7JAwf2RnPHQzrofpWsn+sP/Uzv3nTfSOcl68nf94WBvdWfWvZv0UQ9Tti+9E9HfbcyZpD0Gaw
6tvI/vcmUX+jxVD+/luyHToPxXMHTYDq28r+ETOoz3svkO7loH0Oaz7DxDGqbyf7V55NfZ2IYLq3
hX2XsiYGOk5WvYfsf2YR9X0rh9I9Cs5rGornFiZNV3172X/4CupnnQmn+1ZY4wZrsqDVbNV7yv6W
a6nfM3w+3a/C9hPnY3fotkj1HWT/rZuov2W5nO75C7AjKyzH+wsGrlB9R9nfcwf1lttW8+8ND+Va
w5+3hO5rVd9J9s+Op75+h/V07w0rx63H+wOGblZ9Z9l/YQL1A7K30j0UZvTaxp8fCO12qL6L7F87
kfp5C/fQ/SAcE78H700YHK/6rrL/pQvU7699mO5pMP+gw/jeoH2C6rvJ/kFXqP/n0nG6F0hhvxQ5
gd8bppxSfXfZv2gG9VZjk+heHc7fl4TfH4ZcUH0P2X/vXepdi6XQ3Qt6eLLGC5pU1XvJ/j0eUz9k
33X8XHbZk+t4/8KBGar3lv3fvKB+kdcduifA6vPv4P0Lu95VfU/Zf8UH6o+8eUD363BMnYd47mHU
Y9X3kv0b5or73t9f8Yzu+VayVc8/w/sXLniheh/ZP82SehvXt3R3gyMmvsXfH0z9qPresv9kG+rd
bnyh+zB4z/or9oeBuer82PeR/X+yo374FAu6L4ZF0lmTBb0KqL6v7P9HeeqXlbGm+z7YqC5r3ODn
Iqr3lf19q1J/LMGW7ndheDJr0qC7ner7yf5fa1P/bz97ulv0ZxuNYk0IdCmv+v6y/7oG1Nt+q0T3
xnCWtSN/3g7urqr6AbK/ezPq3WNr0t0PvtnBmgRoW0f1A2X/f9pQP7JFfbpHQbturPGF9g1UP0j2
n9mJ+hV3G9P9IHTNaYzvHQY1U/1g2b+SN/Unw1vS/TmMXMqaGOjVRvVDZP9EX+qfOnrSvWxl1que
J3aDjzqp3k/2H+pHvd2ZbnRvA0vd7oYOOnmrfqjsnz+Q+tbDe9M9CD4MZk0YdPdV/TDZP2489WMs
B9F9BcwowRoHeHOI6ofL/u2nUr96qz/dz8P4A6xJhLaBqveX/R/PpP6MZxDd78PHPqzxgzbBqg+Q
/efPo/7Fk0l0r5DNHvzIGssQtmuo6kfI/k7LqLdfOIPuTWCuLNZkQ69w1Y+U/S+uot6j9my6+8Oh
vWfj94fJ81QfKPuP/o368ZcW0X0tLJvFmhzYepnqR8n+NlupXxu0gu7noMcM1iyAHqtUP1r237Ob
+vNF19I9C/pXWIvnDkavV/0Y2b/7Ierf7N1Ed9t9bNofrEmClltVHyT7v/qTegevHXRvDqsO3oG/
W+i8W/VjZf+os9R3fBNP90mwXe79/HkrGHxI9eNk//9don7SigS6r4E/bUzAew/6/6n68bL/tWvU
b2iYSPdT0LlNIp47mH1W9cGy/6Tb1P+VdoHfP3DoQ9a8hq6XVD9B9i/9gPoPk6/QvfIUtsEc1kRB
r2uqnyj7H3lKfeUyGfy9wX+rZeDfDRh1W/WTZP++b6jvmnCX7hNh/DnWpMIl91UfIvt//kz91H6P
6b4J+o1kTQh0eKb6ybL/r3m3fu+3fH1B9yuwm9VL/rwd9Hur+imyfzMr6v9e94Hu2bDluw/4/EfW
94vqp8r+d4pT/8U9lzM9/y3YpiNYEwztLZx/7ENl/7Ay1Fe/a0l3XzjotSU+X4CNL6T6abJ/xUrU
e4Xb0H02jFzKmljoaqv66bL/qRrUz3C0o3ss/KM++9//d7ChZVQ/Q/b3q0f99tPl6X4Ozk1lTSaM
qaj6MNnfojH114ZVpfs3mDaBNWEwrYbqf5b9N7egPpdlHbrXgpElWeMIU+qqfqbs36499bW2NqB7
e/jrQdYkQocmqg+X/R91pd7HsxndZ8CX3qwZCH1aqD5C9p/rQ334kzZ03wzjP7LGsi1+Dw/VR8r+
NQdSv2tBJ7pnwNqrWRMHfbuqfpbsnzyc+vRa3nR/AcPcWOMBM31UP1v2HzWGeotLvnQvBz1vseYR
dB6o+jmyf+FJ1NcN8qN7DzhjIWuiYfZw1c+V/XdNp963aCDdl8BTDVnTGsYEqX6e7N91FvWz946n
+1ZY/ilr3sOEiaqfL/u/WPh/quo8LOf8C+P4Bw0he0hDdkLWKbKHIiOEhkaMfd/GHoMJ8XuQETJC
liGE0JC1KHtIyhpCTMgIISOE3+Wc+1yX89frj/N9X9M89/N8Ub+/1290T4Nh01kTCD0DVB8k+69Y
Rf29nHl0L/aWTfrCGpv5+Pwsql8q+zuvp77wn4vp3hAGbWBNJMxYqvo/ZP/r4dS7NFtB974w1oM1
3jDyT9Uvk/2nRVI/MHUN3RfDNY9ZkwND16s+WPYvH0190Iy/6B4HUyysCYHe21S/XPY/HEP9Ifsd
dL8Hp9VkjTMMjFT9Ctn/51PUP4yJonv+WLb/hSi8d2CrA6pfKft/uEB98f6H6V4bdh1xGO9/6H9M
9SGy/7or1Df/HEf3ITCpRDz+3YAZJ1W/SvZvfZv6oRvP0X0FfBh5Dt9b+OtF1f8p+997QH2w22W6
74cTu1/GewNarqh+tez/+1PqYx7c4O8/vPyCNXnQ547qQ2X/Kq+ofzzvHt2/n892Dr6H3y10e6j6
NbL/iVzqS9d4TPcW0LbxY+wGrZ6qfq3sP9js/Nq3PvOc7oPhj9Yv+PmSMDVb9etk/wLW1I8c/pbu
Fui+8S3ev3DgB9WHyf7hJagPKfSJ7vFwTGXWOMHAfI2/7dfL/h3LUx8XYUX359ASzZp4GGCt+g2y
/xMH6v/tbEP34j+yf/uyZiS0Kqn6jbK/pRb15Z6VobsrnPa+DDpbdpOd6jfJ/nUaUN8u6Hu6j4Dr
1rAmHOY6qP4v2f+CC/Vj61eneyAs1pI1ntDKUfWbZf8xrakPTapL93Mw+A5rMqFnA9Vvkf1tPKg/
NaEJ3XNhwGzWBMF+LqoPl/13e1H/omQLupcoxZ50YI0TjG6j+q2yf3cf6u33taN7B3jyKGsSoPFQ
/TbZP9uPeo9enek+Ea4cyJqxsGI31W+X/ZcPof7XHG+6r4ZXvrDGpgfr66P6CNm/yRjqw1b50v0C
PLiFNVHQ30/1O2T/q5OoP9d0IN1fQG931njDnKGq3yn7T5lJ/eubI+heJZXt8pI1edBqjOp3yf5l
51HvMGMC3d3hujTWpMPISaqPlP0PLqK+s/10uk+GL5uxxh16zlT9btnfdzn1U2Pm0H0zbJHAmmsw
dK7q98j+70Op39RvId2Pw72jF+Jzh7MWq36v7L92E/UXPy2lexasXvQPft4Ojl2u+ijZv2UE9e82
rKK73Ua2zm7WHIYBa1X/t+yftpf6am7r6e4Bl3myxgdGblb9Ptl/9iHquz4Ip/s4eDw7HPvDKhGq
3y/7O8RRP2NeJN23wm3BrAmDWVGqj5b9485SH149mu6JcI4za9yg+yHVH5D9ByVRf/l0DN0/QY+r
Mfj+weA41R+U/fPfoP7jsFP8uQ9n304+hc8dWhJUf0j233KX+lqFLvLvBn5X4iLeG2KS6g/L/u6P
qO8RcYXuv8N5B1gTD21vqv6I7P8oi/rZnW/TPRzG92bNUFjynuqPyv4Lc6iP+PcB3eNgjw+ssX7I
JmaoPkb2r51H/dUlT/l3C6esYU04zHiu+ljZP6HArq/9F6dXdHetz67p+ArvL1gxR/XHZP/RRamv
m5RL967wVl4u/v732P+z6o/L/kXLUP/TBNPk6/03+GQ2ayww1arJt32c7B9pT/3cktZ03wSXVGaN
E8wqovp42b9rNeoj/y5B90RY+gRrEuHAMqo/Ifu/qEP9zZ7l6W7Vi10yiDVj4WF71Z+U/Zc1pr5A
jgPdf4DT8lfm50vC1KqqPyX7N2pOfYNVtejuB0dsZk0UPFxP9adl/xQ36n9u2oDugbCgB2t8YMXG
qj8j+0/2pH7BTRe6b4c7M1iTDVu1UP1Z2d/Wm/oo/9Z0vwgjFrImBHq2U/052f9AH+rvVPCgu7U9
+742a5xhXifVJ8j+vQdQXyjGi+6NYdEkL3zuMLGb6s/L/u+GU9+knw/dh8HmM1gTCGP7qP6C7B86
nvr+n/zovgKut+nHz9vBa7+o/qLs33wa9Ys2DOHPH/bfNQS7w4ojVJ8o+9+eTX102zF0fwDHd2WN
L7Qdr/pLsv+sBdSnp0+ie74H7MsGk/l5V5g9VfVJsn+lpdQXnTeT7g1hgdMz8blDy2zVX5b9j4dQ
37T6PLr3hRW95uHvh4cXqD5Z9h8QRv3g04voboEDXy/C9wZGB6k+RfY34dQvHbac7vuhR/Ry7A6t
V6n+iuz/1y7qDxdcQ/e7cHEP1vSDtmGqvyr7t99Pfcb2TXS3jWDdYliTAGdtUf012f+fo9SX6BxB
d0c47GfWDIUJu1R/XfZfcJL6Fv/upfsQmJ7LGqsoNn6f6m/I/rUuUD98ySG6L4fBa1gTDm1iVH9T
9j+XQv1ypzi6H4GZLeLw3oCWk6pPlf1H3qI+9tJZur+ARdJYkwnDz6v+luxf+AH1meOT+P0/ge02
Kwn/XZiZovrbsv/OTOrLlLxB90YwzYE1TjAzVfV3ZP8u2dS3+fsu3cfBTfF38fuBYx+oPk32z3pH
/eiej+i+EBYe9AgdjH6q+ruy/x9fqF/1Jovu52B6vufYDSa/VP092b9hocivfXxIDu8GN29hTRQM
ylX9fdk/uTj1WS55dC/XlL3jzhpvGPZF9emy/8Ry1Je/WeCHr/dOMPIxa3JgaKEfvu0fyP6lHahv
71+U7r/APgmsSYbBxVX/UPbfX5P68RXK0H0D7NmTNf1glXKq/0f296lP/Zqj9nQ/AqMf2+Pvh/0c
VJ8h+791pv60XzW6P4Fbl7EmDPrWVP0j2X91K+qz8+rQ3f4Te7NtXX7eE1o3VP1j2d/VnfrvNzSm
uzu8lMGaLNjIRfVPZP9bXajv2LY53UfDqqNYMwXGtlJ9puw/sxf1k9Ld6L4SFnjFmjwY20H1T2X/
7/2oXz/Xk+7x8Mdlnvj8oJ2X6v+V/WMHU3++mjfdn8OkJqxpBfN6qv6Z7N9/NPU5p/rw53+arXuF
NekwwE/1WbL/54nUVx42gO7tYOPJA9DB5CGqfy77b5pBfZeCI+g+EZaxHYHvLRw7WvUvZP92c6mf
tn083TfDLgdYEw8DJ6r+pez/0EL9X57T6H4RluzNmoEwdobqs2X/+cHUX3o6mz9/6JvLGqs5+DsC
VP9K9q8RSn3u4gV0r7eEbb6GNeHQZrHqX8v+ZzZSX91pKd07wvTmS/H7gZZg1b+R/Ydvp777pRC6
T4NP01iTCSNWqz5H9i+0l/qZ48PovgZeTGFNKgzcpPq3sv+Og9RvLRFO9xNwYkfWeMPc7ar/T/b/
8Tj1KVG76P4fbPRwF37/0CtK9e9k/2dnqM/rsZ/uNXqynafvx/cXJh9Ufa7sH3SJ+tpvjtK9B+zq
GcPP+8Co46p/L/vXv059r5CTdJ8Nn907ic8fbjqj+g+yf1Ia9XNcLvD3H47py5qhsOIl1X+U/Sdk
UL/jRgrdr0O3Ryl4/8OI66rPk/1LZlF/ffotun+E/y1gTTDMvqv6T7L/vjfUmwoP6F4bdqjxAO9t
GJSh+s+yf6+P1Nc7mkn37jAvgTXXYMgz1X+R/XPy7/7a9/HLprs/nDsyG+9/mP5G9cYK+68qQv28
vHd03wj9i+Ty87Yw+YPq86EPaVqa+t3rv9D9Duy9mzWHoXcB52/7/Oijb1ag/labQnR/Cxd4scYX
hhRRfQH01/yrUm+VXpzudWDP56zJhYdLqd4KfU6FOtQ3nFuO7r5w2DLWhEFfe9V/h942phH1ftUc
6D4XnmvAmlZiVdUXRO/cz5X6hadq0n0HdElhTRoMqqP6Quh9PrWlft/Q+nS/BZ0nsSYApjZWvbXs
v6ET9Xe/c6F7HrxahjVVoG0z1ReW/dt2p956eyu6P4tjLfdZkwXd3FRfRPZP7029s6c73XvBkr+z
xgI9O6m+qOw/9xfqBzztQvdVMNrBi593hCHdVW8j+1cbTv3ixb3ovg/WOMCaeDirt+qLyf6nx1F/
sJ4f3e/Aib6sGQqtBqi+uOw/bCr1DxIH8//3JbZOxSH8fA2YMUz1JWT/grOptxk/mu6uMGjXaHzv
4ZRxqi8p+28PpN61xCS694GLmk7CbjB8qupLyf6eQdQPiZpB93mwXDxrEmGN2aovLfs/XUn9Hz3m
0n0vzB3EmrHQcYHqy8j+i9dRf/S1he7X4dZ8i/h5G+gepHpb2b/eFuofrQyme74QNnkza6Jg8krV
l5X9L+2kvqRLKN3bwMvtWeMN49epvpzsP34f9a1ubKT7rzA2gzXZMGKz6svL/iWOUj9i+nb+3cGo
QNYEQ9ddqreT/aNOUL/Cbi/dY2BkbdY4w1n7VF9B9u9xnvrjRw7S/T7ccI4112DwEdXby/6vk6l/
2vc4f2/82KzRrPGHmSdU/73svzKVetu8M3RvAgsWPov3FkxOUH1F2d85nXq39Zf4vQ/HR17C7wf6
pqi+kux/4wn1Y9pcp3sonOJ1HR2MTVW9g+w//SX1f95P4383YOoL1uTB6Puqryz7272j/mRABt2z
4V/HWHMaBjxRfRXZ/8hn6p9XzaJ7mWqs/QzWBMK0l6qvKvv3Lbjna2936g3dO8M92azJhZ7vVF9N
9v9YjHr3oR/pvgyOWcGaMNjvs+qry/5hZamf8F0Bl6/3bbBic9a4w5CCLt/2NWT/1pWoX7utCN3P
wk0prEmDAcVVX1P2v1+D+rOdStP9Jfw5gDUW2Kqs6mvJ/gFO1L/KrED3Sk/ZUbmssbJnB1ZSfW3Z
v6oz9ZUWV6V7V2gVyppwOLCG6h1l/5MtqfesV4fu4+AN1zr4/GCgk+rryP5DOlA/ObER3dfB+7dZ
kwmDnVVfV/a36kL9xnGudD8FO89iTRDMaqn6erL/1p7UXyjuRvcP8FhF1jjCjPaqd5L9O/al/u3e
TnSvGcVOPsaaBOjYRfX1Zf/MQdRX7dGd7h2g5RfWjIVVeqq+gey/aBT1Xq9703087JevDz9vA3/1
U31D2b/uROqnr/yF7quh9XrWRMDkQapvJPtf9Kd+i/Nwul+AZduzxgtaj1J9Y9l/bAD1SdfH0f0d
9P+HNdkw4lfVN5H9i1mofz9tKt2dprN7Fk7F9wY6zlD9D7L/nmXU17Sbzd9/6FGbNc5wVoDqnWX/
7qup9z4SSPdJsNgN1qTDsP+p3kX2f7WB+t/6BtF9Deway5rT0CtY9U1l/xXbqN/+cSXdz8D81UL4
eScYu1r1zWT/H/ZQfyVsHXfr2cJX1uH9BUM3qN5V9r92gPpPrbfQvVobdsBo1kyBjbapvrnsP/UY
9XXu76R7T1iqwS5+3hVm7VZ9C9m/3BnqfQL20X02tFu9D+8v6HtA9S1l/0OJ1P9e9Sjdw+C6xkfx
3oWJx1TfSvb3vUb9rpMn6H4dFrpyAp8ftDuj+tay/4c71N8Ycp7u72HcpPP4dwPmJqq+jey/7h/q
832Xwu8fOKhsCt4b8NpV1beV/Vs9o77+tlR+b0LHQ6n4/kHfNNW7yf53X1Pv2ymd7jPgoL6sGQo3
/aP6drL/nA/Uz898QvcIuDnvCd4bmWz8v6pvL/tXzr/3a7930Uu634bDz77EewtaXqu+g+wfX5j6
23Xf0f0LrO/2Dr87aPVB9e6y/6BS1BdM/MzvH+hzlzWZ0LVA0297D9m/QAXqG48rSPfusOks1lig
e2HVd5T9w6tQ3694cbovgkUcWOMIA0upvpPs7+FIvWVvWbofgKFxrEmEs+xU7yn7P25I/X7vSnS/
C5MHsWYsHFlZ9Z1l//81o/7eqxp0L/6arVW6Jj9fEabWVv2Psr9jW+qLrHSiezvot481sXBKQ9V3
kf3Pd6TexdmZ7n3hCC/W+EKbZqr3kv1Hd6N+4PWWdJ8Pjz9hTQ70bav6rrK/TW/qg6Z1oPt+6LiI
NSHQq6Pqu8n+u/tTf6h8F7rfgVPqssYZZndVfXfZv9sw6h8e7smf/xF29XnWXINBP6neW/Z/OZb6
4n370r0ubD+GNf4wrb/qe8j+wVOob/5xEH/+MKLoYH7eDiYMVX1P2b/xLOqHho2i+wo458oo/Heh
4zjV95L9r8ynPrj1RN4NPvJhzUBoN0X1PrL/5CXUx9zzp/sT6Jzjj+dnsD6zVP+T7F92JfWPfw+g
e8EAdv4K1oRBt0DV95b9D66lvnRVC93rQU8XCzoYvET1fWT/Ppupb31yGd37w8LXWJMOQ1eo3lf2
z91B/cghq+m+HuafvhrvHZiwVvU/y/7/p7LOo3rOvziOv4cQhYZGmEaW7IYQsk7GlsGIyR5CRgjZ
t+whIUUoQggZWSJkZMoIIWQPWSdLfsoWE5PxG/e+7jnuX4/j3O/z1Pm+vt+PIuKoD7PYRPckWNaO
NY4wZYvq+8v+LY5Qn7RtO92fw7jjrEmHc3eqfoDsfzuZ+mcd99DdqhN7ZfAePL+gY5zqPWV//1Tq
yz09yLvDC4UO8ettoOcR1Q+U/SulU992yTG6D4U1N7AmBnolq36Q7J90g3rfOifpvgZ+aHMSzw0Y
e0b1g2V/r3vUh59Lo/sRODKDNVnQJV31XrL/V0+oP+F7lT//cM28q/jcQfcM1Q+R/bfkUv+iZCbd
S5RiS1ZnjRPMuqv6obJ/u3fUV9z7F91dYO6pv/D8gpOeqH6Y7J/1kfoO7v/j9x82HM4aPxifq3pv
2X9hkX2f+/GvXtM9Gq4o8oZfbwvT3qp+uOxfsyT1kSs/0P0EvLbjA34utPlX9b/K/qm21J9uXKjZ
53s2tHFjjQe0LNLsy36E7D/Snvo3V4vTvdo19nk2a/KgWynV+8j+JRyprzTla7p3gqWCWBMGE21V
P1L231WX+s52Feg+DHZxYk0rGGuv+lGyf9fG1E9OqEz3zfDWc9bkw2hH1Y+W/XNaUB/VrxbdL8CY
ENZEQo+6qveV/YN/pP7chwZ0fwcLGjnh94f5jVQ/RvZ3+on6v9c3o3vVSLYgnTUZMKql6sfK/pd6
UF+19Q90bwPfz2PNMujcTvXjZP8J/ajvdrcj3cfCwSU68ettYfRPqveT/csOoX76nJ/pvgU238qa
fdCyp+rHy/7xPtRHV+5N90vwmBdrfOH9fqqfIPv38qP+4vGBdM+F9iUG8evLwwwv1U+U/d9Npf6f
ocPpXmEY2+sIa1Kg7SjVT5L9186hvobFGLr3huMajMH+0NNP9ZNl/+aLqe+xbRLdp8D+p1hzFYZM
Vf0U2f9WMPWzOvrTfQP8Y74/Opg5R/VTZf+Za6iPebKA7uegd/0A/P7w/mLVT5P97TdSfyVwKd3f
wO9iWZMA+65Q/XTZ/9g26j/VXkV3hzrsyZ9W4XsHY9aofobsP2g39XXOraN7P9j2MWtewpgNqp8p
+3+Kp76X7xa6T4S7prMmAGZuU72/7B+VSP28kr/x8wfeqsYaJ/g8VvWzZP8fU6iP3RNH94uww5+s
SYdeB1U/W/b/6xz1N7ofoXsRd7b50CP4/sBliaqfI/sHXKG+8KtkuleBiz+xxvo4m3pC9XNl/+q3
qa+/MpXufWC5zal4bsO8c6qfJ/ufekh9/8bpdJ8Fl7qypivMu6L6+bL/iGfUL7x6g+6H4JisG9gf
utxW/QLZ3/I19fsm3+P3H45ccA/fH9j1oeoDZP+d76nPLPeE7sXs2IE1n+C5C0OeqX6h7N/lq7jP
fbGEXLo7wroXcvHcgiGvVL9I9n9uSX2jfu/o/gtsOpI1k2DAe9Uvlv2X21A/6MNHus+GRSz/xXMP
phuXL/tA2b9+eeqXrC9C92iYsZM18TCmmOqXyP4XHaiPb1WS7nehTX/WeMPKNqoPkv39alJ//44t
3UveZUNzWFMA99mpfqns/3UD6q3m2NO9Jey9jDXh0N1B9ctk//1NqW9a2ZHuQ+HG+qxxgVE1Vb9c
9vdoQ/3Q43X594ZbLrAmE4bVV32w7P+2A/XLhzam+29wgR9r/KFzU9WvkP3XdKM+oXBLumfDVzas
sYdXW6s+RPZv1ov6rOgf6f71NjZ6P2uSYeWOqg+V/TM8qS/d8Se6N4G5PVnjBS1/Vv1K2X+6N/Ut
nvSguw8s87YHXt8Tn0MP1a+S/Sv6Uv9rYD+6h0CL1f2wG/T0VH2Y7H90IvWhtYfQPRE6NWNNe2g7
XPWrZf+BM6lPPOtD90wYeoM1WTDMV/VrZP9/51P/dLQf/96+7I/TWRMIsyaqfq3svymI+rIlp9G9
HXStyBpHeH+G6sNlf9eV1LfZM4fug6D/UdakQvsFqo+Q/R9EUD+q+2K6B0NnT9b4wPJLVb9O9p+/
mfrVL4PpfhA+/hiMz80K7LdK9etl/2o7qU8OXUP3WzBt4xo8t2BKhOojZf+UfdQ/b7SR7kUbs6Gu
rOkKYzerfoPs/2sC9XZXt9G9LbR8wJrnMCZG9Rtl/2LJ1LebvJvuv8KX81kTAp3iVL9J9o85Tf3Y
cgfpvglOrXYQHQxIUH2U7N/5IvURhxPpfhTWO5mI5wYMSVL9Ztn/2XXqT/ZNofsbeGM4a/zg1dOq
3yL7L71L/cv35+hu+4GtZZmG7x1Mu6D6rbJ/vcfUf7v+Cn9v4OUdV/DcgDYZqo+W/c/nUN+p1W26
e8OxnVnTF8beVf022X/cW+on3HlI93D4+hlr8mH8I9Vvl/1tPlK/YfYzfv/htaWsCYfeuarfIfvH
Wez/3J9xeM3PXRhRjzUuMPOt6mNk/57W1Oclv+fn7nF21YX36KDNR9XvlP3flKXeYehXzT/fO8Fi
fqzxhy4Wzb/sf5P9w76lvkvh4nSfDpfasMYezrVW/S7Zv0k16qdE29A9Gg6MY00inFRW9bGy//U6
1G/uUJ7uCfBmT9Z4QWd71e+W/ac1ov78Ywe6Z8Plbxzw+sps12qq3yP7V2hBff7imnQvG8g2Ws3+
93cH61lH9Xtl/9/bUl+tdgO6d4FPmrDGFeY3VP0+2X9AZ+q7n21K93Fw4g3WZEH/FqqPk/0L3Kmf
MboN3cPh5GmsCYBZbVW/X/bf0Jf6bdYd6Z4Gb1RkTS2Y5ab6A7J/Gy/qL+3uRvcXcP3vrEmFjj1U
Hy/73xtBfcHPveheozv7vSdrfGDlvqo/KPvPG0d9zZeedO8Jl3xkjeVAfI6GqP6Q7F91KvW/hHrT
3R8+2ciaWJg4QvWHZf8Ts6mf3ciX7lFw5g+++NzB5HGqT5D9vRdRv/PKRLrfgjMesOYljJqi+iOy
f5Fg6q9Nmkn3D3DDPNYsg45zVP+77L99NfWm3AK614Onq7HGCU5apPqjsn+nDdTXOxxE9x7wzQnW
pMPA5apPlP2fRlPfp+9Kuo+HK4azxg/GrFb9Mdk/KJb6+e8j6B4HXYqu49fbwNRI1f8h+9eNp37P
us10fwAdY1gTDy23qz5J9k87Sv3Nljvp/i9c68YaD2gTq/pk2X/MCeot7uyje33Y/Rlr8qBnvOqP
y/6lzlHvNDuB7r3h4yDWhEP3o6r/U/bfe5n6AQ7JdA+ET+ol4/8NmHpC9Sdkf/db1C9KPk33HbDx
edZkQPtzqk+R/V89oH7/kIt0T4cfxl7Ecw+6XFb9Sdl/VTb1dwrd4Hthdmtp/Nsept9U/SnZ3/kV
9ZbRd+neEIbE3cX3Hno9VP1p2f9aPvXOHR7TvT/8u8djdDA5W/Wpsv8Uc+BzP/hxDt2DYdm8HLw+
F5+DF6o/I/vbWVIftPgt3aPhpai3eH5Bn3zVn5X9E0pTf6jWR7o/hJ2bsaY9jDctvuzPyf797Kh/
cMaC7jZn2Y/XWZMFw4upPk32/1CJeuvR1nR3huumsSYA3rdR/XnZP7IG9S7WtnQfCttUYI0jbG+n
+guyf+v61A/b/S3dg+A3R1mTCus5qP6i7H+3CfXBP1ej+0EYPYA1PrByDdWny/5zWlP/+4s6dL8O
e31kjWVd1quB6i/J/pU7UP8opBHdC4Wy5TeyJgZ6NVH9Zdn/eFfqbRq1oHsjOOMH1nSFCa1Vf0X2
H+pBfasrbek+Hpa5z5rnMLq96q/K/oU9qR8xqTPdl8CoeaxZBt26qv6a7L9tGPUrv+lB99/gT1V7
YDeY9Yvqr8v+HUdT/8ehvnTPhmVSWJMOnT1Vf0P2fzKB+uw+XnQv1pdd4M0aP1hrmOozZP/AGdTb
vh9BdzdYv6gPv94Geo9W/U3Zv/Z86l3XjaO7Dyy2gzXxcNoE1d+S/c8uoX50y6l0XwNXu7GmL7SY
qfrbsv/oUOrXZs6mexIcl82aPBg7T/WZsr91BPV/zlpE95vwXtAiPDdgvSDV35H990RRn1MpmO52
Duy9uqxxgX6hqr8r+3ePob5C8mq6t4Ddz7MmA4aFq/6e7P9yL/Xth2yg+yhYZ+wGvO/QZbPq78v+
oYepH1doG90XwdDSrLGHiTGqfyD7N0qifv3WWLofgMP3xaKD1nGqfyj7XzlF/an28fy+wdY94/Hc
gOUPq/4v2X/SBepfPTpK9+KP2T2vj+L1ifj8Jqk+S/b/5jr13y0+wc9tOCqMNVHQ45TqH8n+h+9Q
71brHN1HwPvOrHGFkRdV/1j27/uI+olnLvPzH+6/fhnPDehyXfVPZP/3z6nfNOoW3c/AwVNZEwBd
76j+qey/Lo/6s1YP6f63WIE1jjAzS/XZsn/LAurfxmbzc2s3u+QIa1Kgd47qn8n+mYXjP/dVfn7F
7z90HMAaH5iSp/r/yf6zrKjv+iKf7iPhkwLWWL5nk/9R/XPZv1JZ6qeGmJb03IHDNrAmBhYUbvll
nyP7J1ekfmtDS7qfh25tWOMGLaxUnyv7D6lK/YXLpen+DHa8z5rn0NVW9S9k/0J1qH8/0Y7utSax
V+ayZhl0q6j6l7L/1obUV//Gge69oG9V9r+/O9jwqqp/Jfu3b069+6Ea3MFSJ1iTDgNrq/617P/I
lfqZferTfS8M9maNH7RopPo3sv8iN+p35DeheyocWaQpv94WejZXfZ7sX9Od+ssRren+Dm7czpp9
0MdV9W9l/zN9qP/YogPdq7RkozuxxgNau6n+new/ajD1tTO70r03XJzNmnwY6a76v2V/qxHUe8zy
oPtMWD+INWHQrY/q82X/2LHUz63kSfd9cHk91rSC+YNU/1727zaF+l1Jw+h+AU5KY00GdB6h+g+y
f+4s6q97jab739BtLGumQeexqv9H9l+xkPpChSbSvQncUJo19jBjsuoLZH+n5dR/v3UG3bvBcftY
kwgTZqn+o+x/OYz6vu3n0306zHGfj88dTFuo+n9l/4mR1Ac8WkL3nfDp6yV4fRB+/jLVf5L9baOp
37solO7X4JJVrImCzqtVb4pg/4O7qL9VM4Lff2jXJALPHRgYqfqv0If1PkB90TNRdK8Ot19jzX0Y
tVX1hdDH//079Q1HxdC9O/SdypoAmLlL9YXRXw3/k3pPq31094eW5VnjCFMOqN4CfV7zs9QHxh7m
5w88dIQ1qbB8ouqLoLe9fYn6A92S6H4VDuzP/vd3Bz6Hf6q+KHpn/5vU3809RXerF2yJAtZYnsZz
8Kzqi6H3+O4B9SVCLtD9e5gSyZoY6HlJ9Zay/x9PqW/S8Do/N2FEl+t4fsGMDNUXl/0Hv6Te6/Id
us+A0Y9YkwfrPVB9Cdnf5FO/bOIjuu+GN+axJgR2fap6K9l/8yfqD9vm0D0LxlXJwc+Fc1+q3lr2
/7HYwc/9w4N5dC9+iK1ygjXp0D9f9SVl/6xS1JfqU0B3J2jtXYDdYPIn1ZeS/ReWo755fuFW9LmB
QUUsSGMD04q2+rIvLfvXqES9d4QVd7DkdtbEQ4vSqreR/U9Xpz6kRVm6J8GSbqzxgJZ2qv9a9vf5
nvqjtyvS/RGc+pQ1edC1kurLyP7Fm1D/2L8q3W1msQ2C2P/+7mDdq6u+rOz/Wyvqy1SqQ3dXeLsO
a1xg2Peqt5X9u7SnvnVSQ7oPh35prMmA05qo/hvZP6cL9SO9mtM9GLqPaY4OxrZSfTnZP/gX6sO+
akv3U/BdKdbYw/R2qreT/RsMoD5pixvdn8Nte1mTCE1X1ZeX/dOHUv+/du50/7o9+10P1njCgl9U
X0H2Hz+K+nKP+tDdBea86oMOug5QfUXZv8wE6tsuGkz3cfDYKtZEQa+hqv9W9j8wnfoxNUfQfS30
dR6BnwujR6neXvb3mEd9eOpYuqfCGtdZcx9Gjlf9d7L/u0DqT4ycQveX8PgU1gRA1+mqryT7rw2h
/kWJ2XS3tGKtyrPGEbrOU72D7O8STn3F2IV0bwuPJbAmBc4NVH1l2f/mJuo7dFvO7z8c2Z81PrBy
iOqryP4zdlA/PjeM7pth+3/C8NxYjfc/XPVVZf9v91IfuSKS7kfhq0jWxECbKNVXk/0TD1F/2ima
7tlwdmvWuEHLHap3lP0H/kH9m0u76O54mXV/yJqX0G2v6qvL/p9OUl9p4gG6t4KF57JmGWx/SPU1
ZP+o89R3tj1K99FwdRXW1IMBSaqv+X+q6zws5/wL4/hnaIgfRrYJGRkhZISQZZKdbDF2IYSQEYoQ
QpYhhBAaa0xZsyVkiRBCCEnIMoTskd1vnHOf63L+el1znec98dzfniL7N71Cvf/eY3SPgBWOHcPP
DZh9QvX2sv/dDOrXdj9D93PwwyD2v9872DnnVF9V9p9xn/qzuRfpngtnWVzCbjA5VfXVZH+7bOpz
w6/zn3sF238Ta2Jg+5uqry77n3hN/a8N79C9Lfy3FWu6wsj7qneQ/Yd8pL7DjSy6j4Vzs1iTA/c8
UX0N2d8yb+y3fkLgC7qvgE5/sSYMZr9W/W+yf3RB6iPLvaN7KjxXnTXO8MUH1deU/d2KUX/h8Fe6
f4TRZ1mTBu0sfv++d5T9n5Sm/mP//HQv48m+9WFNAHQuqPpasn9IBeor//AT3d3g+yKssYFziqm+
tuxfoyr1ndeXovtIOHAHa+KhX2nV15H9zztSP7n5L3RfCV3dWeMB31VQvZPsP8qZ+qj7leh+Gma+
ZM0n2Kaq6uvK/lau1KfOrMH3WWzMYvz3WtjTUfX1ZP9dran/Wrku3ctVYXs7scYVhjurvr7s/0cn
6qslNeb3Hxa7wppMGN5E9c6yf0536rsPa0H3QDhsHGuCYGob1TeQ/Zf2o35awfZ0j4ZOP7PGDmZ0
VH1D2b/eEOq3bvmD7mkwMY41idCxh+obyf7XRlKf1r4P3b/Crr1Y4wVt+qm+sewf4E993mcD6V4B
FvnIGstBeP+GqP532b/MZOp/Wzic7u3htVWsiYLZI1XvIvsfDKa+t+MYugeJLmPw3EFLf9U3kf09
QqifeXEC3TfCsrdYkwUjJ6veVfb/vIT6mDHT6H4dvpvKmhDoOFP1TWX/1auozyj+F93zlGADbVnj
AINDVN9M9m+ygfr8e0Pp7gibH2NNCgxZovrmsn/mZuprdw+ney/4cCBrfGHSKtW3kP2n7aK+X+4a
uk+HBX9cy68vCpPWq76l7F/xAPV/hf9D9yjouok1MdByq+pbyf6JCdTvabCD7umwa1vWdIVFd6m+
tew/+DT1memxdP8M+2exJgf6HFB9G9k/30Xq/xd4mO714LbFrImA7gmqbyv7/5NGfb1yJ+neDb6u
dhI/N2DYGdW7yf5tMqkfePgc3efDN2dZkwZDU1TfTvZ/9JD6+f2v0P0YvObDmgCYmab69rL/3OfU
x5mbdM+Cq4rcxOcGTL2t+g6yv0Mu9ffX3efnfz0bt5018dDukeo7yv7nvlD/U/NsujeEHdxZ4wFL
PFd9J9n/z3z7vvUN77+muw+88fo1Xp/Deueq3l32/6kI9UNmfuTdl7DxGz7i+YWeX1XfWfaPKUn9
osp5Xb7dY2GCE2tcYXh+l+/7LrJ/53LUHzpVkO7P4IkrrMmEEYVV/4fs/8qO+izvYnS3GsaWHMea
IJhVUvVdZf8lDtQXL1iG7r/DUtassYMZNqrvJvvXdaK+yZYKdO8Fh8axJhEG2qm+u+x/tRH1w9tX
pftsmNCbNV7QxkH1PWT/8c2pX/rUke6H4JUPrLGsxXo6qb6n7G/djvqEBc50fw5DIlgTBT0aqb6X
7L+/C/XZNV3pXsyRzWjMmjawRAvV95b9e/em/ueLreneGE68xZpsGOWm+j6y/8cB1Dcf04nu3rDW
VNaEwKwuqveQ/SOGUf9n8R50D4W3bVnjADN7qb6v7O8ymvoVe/rR/SgcnMCaZOg9UPX9ZP/bAdSf
6DaE33/oPYg1vjBlmOr7y/5BQdS/eDuSn9tcNjPvn/z6ojDZV/Wesn+FOdSXDfenuwtcuJE1MTBo
guoHyP7HFlLfusFkfu5huVascYeFglQ/UPYftJz6MenBdF8La2axJgdGzFH9INnfYg31f08Koftp
uG4O+98/ULB/qOq9ZP+Nm6g/bRNG91fQqxprnGHgctUPlv1bb6c+59Aq/tw5zB44w5o0GLZa9UNk
/6y91Jfvv4HurWDbkawJgKmbVD9U9v/rEPXtzBa6+8NWhVljDdO2qd5b9q92gvpx63bRPRzW38Ga
eNgiVvXDZP+zydSva3aA7sfhtE4H8LkBjx5S/XDZ3yeV+nP3Evj5hxEvWfMJxieqfoTsXziD+nfB
p+n+80w2cdFpPDfQ8pzqfWT/7feor1j5It07wrQ6rHGFny6rfqTs7/6E+k6n0vjvDSunpuFzA87J
UP2fsv/LV9RP9M6k+yKY4Z+J7zuYcl/1o2T/xR+o31Qgi+6X4dJSrLGDTk9U7yv718kT962/uPk5
3Z/BjH2sSYRBr1Q/WvZPLUD9p3a5dK/Sno3uyRovGPdB9WNkf38r6u2ffqF7Xzjrwxfs9hX7/9Dk
+36s7F+qNPV/LMhHd3/YchVroqDF/1TvJ/vvs6V+Ss0idI+E+RqypgUMslK9v+zfy576zSkl6X4R
rr/J/vd7Bxtprfpxsv+HmtRfGV2O7p+h71TWhMD7tqofL/uvqk+9KV6J7uXgpfKscYBZVVQfIPs3
bkK9wx4HureHpxJYkwK9HFU/Qfa/2Yr6Ht2c6D4DVh3IGh+YWl/1E2X/KR2pn/62Ed3/gb9YNObX
F4VJLqqfJPuX70799uXN6Z4O10eyJga6tlZ9oOx/tC/1153b0b1AA7ZKK9a4Q8uOqp8s+w8cTL1F
ehe628IPD1iTA0O7q36K7J93JPWOk3rTvQ8cN4c1YfB+X9VPlf0j/ajvYzOQ7pNh6aqscYIvvFQf
JPu3DKR+1qFhdN8OU86wJg06j1T9NNn/wQzqd/UbTfebcMwI1gRARz/VT5f9Z8+j/ubXAH7fYPXC
E/j11jAuUPUzZH/7JdRbrguieyX4dlsQOvhuhuqDZf/TK6l3ajaH7oOgtztrPGCJeaqfKfuPWE99
/3sL6T4PVnjBmk/Qd4nqZ8n+hTZTPzd4Od33wOuLWBMBPVaqfrbsv20n9bGV1tA9A06rswbPPbTd
oPo5sn/H/dTfObmJ7hanWLebm/C5ASOiVf+X7P/8KPWFvLfTvQ60GLcdn5uw8U7Vz5X9Q5Oody4Q
y+8/LPYza+xgwH7Vz5P9a6VQP2jzIbrPhN32sSYR+iSoPkT2v3SN+gXtTtB9N7TuxRpvGJmk+vmy
v99t6g9kJ9P9LjzwPhmfG+fw57ig+gWyf8mH1P87P5XuxRew/qtYEwUt0lS/UPaPfUa9Vc0Muv8O
rzViTRtobqs+VPbv8Zb6xin36N4Xht68h/3h2geqXyT7v/tM/dDRT/j5h5WmsGYOTHym+sWy/4of
93/rlxR7TfdYaG/LGgeY/Ub1S2T/hoWpP7z7A/+9YYejrEmGwZ9VHyb73yhB/aOueVxp927s6IGs
8YWW+Vy/75fK/pNtqC/5tgDdXeH1PAX59UVh18KqXyb7/2JHvetyK7p7wyORrImBPiVUv1z2P1Kd
+hHOpem+DNZtWRpfF4bbqD5c9vesQ/3y67Z0T4L2D1mTA2Mqqn6F7P9DI+qPTbSney6Mnc2aMOjg
oPqVsv/6ZtQ/LetI9+I27MqqrHGCfnVUv0r2b+5GfelD9eleB+aeZk0aDGuo+gjZ/35n6lv0a0L3
ITB8BGsCYGYz1f8t+8/qRf2or63oHgHLFWrNr7eGKW1Vv1r2rzKA+lVrO9L9DPy0jTVx0KOL6tfI
/kne1J9s2p3uT+Gljt3RwbBeql8r+w/zpf7l3b50L3aPDXjBmk8wzlP162T/ggHUlwseTPfW8HYo
ayKgxTDVr5f9t0ylvk2lkXT3hxG1WeMKP41S/QbZv/1s6see9KP7fFj6sh92g0EBqo+U/Z8uoH7N
0ED+voOf/ALRwcSpqt8o+y9cRv0Zy2C6P4axJVljCzNmqX6T7O+4mvo30fPoXnYz22PfPHxd6LxQ
9f/I/hc3Ul+h3RK6t4O3e7DGC9osU32U7D9mG/Xts1fSfTA8934ldlvFbl2t+mjZv/he6sfPX0/3
pbDZStZEwRebVL9Z9t8TT/2G3zbz8w/9G7OmDey5TfVbZP9uidSfv7CT7m9gegZrsmDkHtVvlf3f
nqX+g+9+utuOZv2msCYEZsSrfpvsH36Z+krFEujeCOYvn4DPPZhxXPXbZf8GN6h3353E33ewWAJr
kqH9OdXvkP3T71If2DWF7tFwRD/WeMOYy6qPkf0nPab+nzfX+HMD/po3jV9fFCalq36n7G/zivpL
y27T/T38uuE2vi4sdE/1u2T/Q++p/1L/Id3tnNnJLVnjDi0fq3637N/vhwPf+qrXn/HnD3R58AzP
HQx8pfo9sv9XS+q7TnzLzx1cO/stPjdhxnvV75X91xWlPqjsF7pvgn72rHGCL0zT7/tY2b+ZNfVb
4n+kewqseIY1qdC5gOr3yf73ylN/tW9hun+FGcNZEwAdi6o+TvYPrkJ9nq8l6F4BTihUkl9vDaOs
Vb9f9q9Uk/oaa23o7gZL7WdNIvxUXvUHZP+T9ajv2dSO7uPhoM6s8YA2VVR/UPYf6kJ98N3qdN8C
Tzyvjq8LvWqqPl72t2xF/Y4ZdeieDGsvYs1a2LOe6g/J/ps7UJ9u14juRSqxjnVY4wozXVR/WPZv
1436fCebcQcTLzdDB51aqf6I7J/tQX2toW507wKvj2VNEHTuoPqjsv98L+o9LLvQfQF8V5I1tjCs
m+oTZP/ffKifE92L7rtglVjWHIWBHqo/JvtfGEv9brcBdL8Bs3sMwG7QDFb9cdnfdxL1t5540/0z
tHjP/vd7B+s+UvWJsr/VDOoLzveluwPssJI1kXDPWNWfkP13z6W+7m8BdPeEpxuypg00k1R/Uvbv
uph6zwtT6T4fXsxgTRaMmKH6U7L/mxXUh/jOpvtWmBPImjnQc57qk2T/Zeuo32e1kO534I7qC/Hc
waxFqj8t+9ePpv7ermV0t9rN9klkTQq0Xan6M7J/Wgz1RbqupntjGDqQNb7Qfp3qz8r+E+Kob/Bm
I92HQ4s8m/j1hWBSlOqTZf8yR6kfvGwb3ZfDhxtYEwN9Y1R/TvaPP0V9aP29dN8JO7fci+cOfopT
/XnZv+8F6g+mxdP9Nuz0gDU5cOsR1V+Q/b9cpf7hhES655vIJs1KxPctdExSfYrsv+YW9cXKJvP7
DzfbJ2N/GHxB9Rdlf9cH1P8ef5nu/WGN06xJhaFXVX9J9r/zlPphfW/QPRw+Gs6aAJh8S/WXZf/p
b6gP+3KX7ifhrP/d49dbw8QHqk+V/St+pv7Imsd0z4L221gTB32fqv6K7H/C4uC3/onrK37/m7JJ
HV7h5wa0fqP6q7L/kELUl7r7nu5t4PHn7/HcwIDPqr8m++cvQX3TGT80+3YfDceHsiYCvrBo9n2f
JvtHlaV+pF0Buq+CubVY4wpfFFL9ddm/bUXqw08UpfsZGH6JNZkwsITq02X/x9WoPz7Emu5v4E0/
1gTBF2VVf0P2n1eb+uf5beluZcmml2CNLWxTUfUZsr9DQ+rLRFehuxuMjmVNIgyupvqbsv/5ptS3
dKtJdy/4ew/2v9878P+prfpbsv+ottSPflKP7uth1jvWWNRH30D1t2X/op2pjwhxofsxGLiCNZHQ
vZnqM2X/nT2pP1WjFd1fwcaNWuF9g5Fuqr8j+3fxpP71+Q50L3uBvZrGmvuwfWfV35X9Xw+l/hff
bnRvCn0nsyYEtuip+nuyf9go6tta9eX3H1r9whoH6Omp+vuyf93x1Pvv8qL7Anj+CGuSob236v+V
/a9NoX7tHz50PwGHe7LGB9qPUv0D2T9gFvVnc8by+w9d8vjx6wvBqPGqfyj7l15Afe7SSXQvuYy9
uZ41MdB7iuqzZP8DS6n/tf4Mfv7hohYz8NzAErNU/0j27/M39R3T5tJ9Kuz671x838KY+ap/LPt/
iqR+woTF/PkDa89mTRjMWar6J7L/31upjyyzkj9/4PQqrHGC2RGqz5b9XfZQn3JwHd1fw4dnWZMG
Azeq/qnsn3mQ+o8e0XS37cuWGs6aAJi6TfXPZP9px6mv/CWG7r3hBcudeN+h7x7VP5f9fz1LfZc1
cXSfBLttZU08DDio+hey//FL1E92PUr3SLi3A2s8YIlE1b+U/b3SqY+6c4rul6DPM9a8g+5nVf9K
9v/xLvWp0y/QPRcOCGVNBOx5SfWvZf9Nj6j/WvEaPzd2bLwjaxrDzHTV58j+rV9SX+3ELbp7wlmX
bqGDDndV/0b2f/SO+u5DHtB92v+prPewnu83juPvkYSckvNhMSzkXISQCaFNDiM5jhASWk4tVshC
CJkQGg2jKeckCTG2GFuZLOQnWyZkGiH6cd+v+7rcfz3+uL/Pq+3z+vYRfBHAmhDoel/1z2T/FSbl
XR9a/hHdD8DaNVljB3MLVf9c9m9lRX38nv/ongW3HmFNGrR/ofpi2T+jKvXX+7+m+2s4dARrfGAD
0/v9/oXsP6M29WUfWNC9FUx6zhqLcmyilepfyv5VPqS+TYQ13UfAyE2siYPW1VX/SvZPaE69d2tb
ugfDI51Y4wbja6u+RPb3bEN92OX6dI+H5/5kTT6Ma6T617L/v07UJ878iO6Z8Otg1oRDq49V/0b2
X9+d+pxqreheqTr7aSPW2MPgNqovlf0d+1Bf/mAHureA+amsyYAhTqo3ltg/y4P6DkO70t0XBo1n
jR+06qH6D9BHzR1G/diiXnRfAZ0++AS7QZ++qi+D/nDt0dQv39Cf7vvhfzv643sD8zxUXxZ9ZtJE
6g93Gkz3azCqN2s8odUw1VugLxo5nfrcP7z4+V9nHe+xphCOHq36cuhtXwVQX2nBeLp3hZWXsSYS
ek5UvSV6x5gg6jvX86W7F0z/mDWOMG+66sujH9Z9MfUTTsyk+zI45gJrMqFdoOqtZP9by6lfNXoe
3VPgo6msCYSzFqi+guz/9Vrqj79eRPdb0N7ma/xcGLxY9RVlf7tN1OdtW0b3MttZ5x9ZkwTnL1d9
Jdn/dCz1VV1X0703LPVgjRe0Xat6a9l/wh7qu93ZwM8Npj9iTQn03KT6yrK/RSL1kxdvpXsEHLmG
NTHQK1b1VWT/749Rv/aj7+l+EL5uxxoXGP2D6qvK/n1PUX8yPZ7ut+H5q6zJgXaJqq8m+/99nvr8
SYfpbjmZ7R94GO8N6HJM9dVl//DL1Ncon8K/N/BmjRT8XBhySvU2sn+La9T33HOW7n4w7Qhr0mDw
edXXkP1/vkn9tP6/0H0zdBvxC9470PpX1dvK/tPvUb/hn9/4ucHnz1lj8TubkqX6mrJ/5YfUn155
g+7/wtXRN/DvBvS5qfpasv/+IuoLHP5H9+qt2QVdWeMu/qX62rL/oBLqa1++T/c+8MkN1uTDdg9V
X0f2Lyx78l3fe+YTuk+G8cGsCYduRaqvK/uvrUS9f7UXdI+B4xuyb//uwI4lqq8n+3eoQf2mA8bt
3f0KbHKKNRnQwsLt/b6+7P97PerPDbGi+18wbBxr/KBDJdU3kP0Dm1Bf+LQq3WsXsbM/qMaft4YZ
NqpvKPvXakl9/Q216d4DXvuOfft3B2tVX/WNZP9j7anv1+lD/rkwtzdrPKFVE9V/KPt7daE+4I/m
dP8W1s1jTSGMaql6O9n/hSv1W+e3oXsatF3WBh3M66D6xrL/ZnfqL9btRPciGNGcNY4wuovqm8j+
3TypL0ruTvcGJ1jXC6zJhNGuqv9I9s8ZQb3d6D50/wyW+LImEBa6q76p7L9wHPUDX3vQfSFsUelT
/nwdOMtT9c1k/w+nUD932zB+/rDcAdakwFkjVN9c9k/zp35Hz9F0T4VOnuzbvzvYgnGq/1j2/2Iu
9ZdyJ9L9IUx9xJoSOHqK6u1l/zKLqC8Onc7f/8XsjTWsiYHj/VXfQvbfGUZ904++pLsn9GjHGhdY
PEf1LWV/t1XUD0oPonswzL7Kmlzotkj1rWT/e1HUB01aTPd4mB3AmhDoHKZ6B9l/WQz1uyxX0P0i
dLJljR1MX6X61rK/fRz1V3evpXv5PWyZI2vRwabfqr6N7H9xH/Ul7pvo3qw/6zp0E547jIlRfVvZ
f9oh6u3/ieXvPyx8Fov35nds2k7Vt5P9K52gfujKPfz+gaHRrImDdvGqby/7x5+hfpFDIt13wgFd
ErEbjDik+g6y/6c/U7/30jG6n4d2f7ImH8Ymq76j7P/oKvVZ/qfo/gLu+Yo14dDhrOodZf812dSb
aj/R/WPYryFr7GHeRdU7yf7t71DvcOAy3YfD5qmsuQAjrqq+k+z/Wz71I4Zco/s38Nw41vhBh2zV
d5b9vyykfvHTm3Q/BH8wt/jz1tD3juqdZX/bYur3R92j+23Yfwdr4qFfvuq7yP5HSqnPdnpI91K4
7hPWeMCSQtV3lf2Hl09911v8UcTvXdgxrwjvbej+QvXdZP/nVahvN7+E7mNguTDWRML8UtW7yP7R
tagfVdeiz7v7XNjoY9Y4wiLLPu/33WX/ro2oX5Zcie6HYd+fWJMJo6qovofs/2cz6g+OqkH3P2HN
qawJhJm1VN9T9g9uTf3Nknp0t37NXqhQnz9vC680VL2r7N/QiXqrbU3o7gy997EmCQ5rrvpesn+q
C/WOPVvSfRp8NZA1XjC+jeo/kf3HuVE/Lrc93dfD0oesKYYuTqrvLfsbD+pXhnahezz8ajX79u8O
/Pe7qN5N9v9uKPVHm/Siezb8r20v/Fx42E31fWT/3qOov3PWnXdLZ09cYU0OjBmo+r6yf94E6itP
8qS7I/QLYE0IdBmq+n6yf9g06p0tvej+BaxdgzV2MGmU6t1l/+YB1E/cPY7uS+Hhw6xJg+kTVN9f
9v9pAfVr3KfQ/QgcMIY1vtBumuoHyP6+odQn3/en+z9wVzFrLGayiQGqHyj7V1hO/b0Vc+ledSVb
tJE1cXD8AtV7yP57I6mv7rCI7j3guS7s27872OBQ1X8q+3tEU+9yKYx3g/Y3WJMP94Sr/jPZ/+F2
6qf4r6L7ZpjyFWvCYXGk6gfJ/qt3U7++6ga6p8GMBqyxh/kbVe8p+7dNoD41MYbuudAilTUZcOl2
1Q+W/a8cpf7+4Di6Ww1h/xzLGj9osUf1Q2T/2anU13y6j58/DDXx/Hlr6JOg+qGyv8156l2jDvHz
h3W+O4T3Dsw4qvphsv+hS9RPdzpB963w3ies8YTWqar/XPb/PIv6jdfO8PcGDr7LmkLodV71w2X/
ZznUn5n3M93/gv3DWBMJPS+pfoTsvzGP+od1fqO7bV32RDPWtIP5War3kv2dC6ivm5xNdxcY/hNr
MqHLLdWPlP2zn1LvNuoO3QOg34Q72B+m31O9t+wf9Ir6mSX5/Pzhsgr3+fO2cHyB6kfJ/vXLnnrX
b9layM8fTttbiPc2nP9U9aNl/5SK1J/vUUz3p3CSRzF2g7mvVD9G9h9rQ/2T26V0r5bLri0oxe8t
9Crb9/1+rOxfWpf6hqHl6d4F+qxmTTQcX0n142T/2MbUuzepSveZMKAta1xgSXXVj5f9e7WgPvBs
Lbp/Cw9eYU0OjKin+i9k//+1o367TyO6X4bjZ7MmGF5vovoJsv8SZ+p/Ltec7v/CpzassYNLW6h+
ouzf1JX6Z7ta091mN7v+EGvSYHE71fvI/uf6Ud/Y3YnuveC8z53w3KG9s+onyf5TBlHvcd+F7lNh
lWessejOhriqfrLsbzWC+vkr3Oi+DfpvZE0crOOu+imy/w9jqd/ZyoPuF2ArZ9a4wehBqveV/QdM
pv5yxlC6/wddb7AmD0aPUP1U2f/BDOpfzhhF9xb+7IqgUdgNOoxT/TTZP2IO9c2qTqT7p9C5wUQ8
dxgxRfXTZf/WC6n3TJxG90A4+zhr0qGDv+r9ZP/LS6kPHhxA9+0wYCxr/GDaHNXPkP1nRVC/+98F
dL8EXUtZYx3EXglWvb/sXz2K+t/Wh/L3H2bHsiYeJoWpfqbsf3AL9W8cl9O9mRO7uRdrPGBShOpn
yf5Dd1Lf4lok3XvD9ndZUwhjo1Q/W/Yv2kv9sHnR/Nyg9VLWREK3GNUHyP4bDlIfUieWv/9wTTPW
tIM+car/UvbvlEz9vuO76X4R9j6/G88dNo1XfaDs/8dp6q95J9C94ij2zRTWBMLDB1U/R/ZfcJH6
MiVH6e4AF1sd48/bwpzjqp8r+9e7Sn3rral094Qhe1Pxc2HMGdXPk/1PXKfeq8d5/v7DhwPYt393
sCkXVT9f9h+dS/3S25foHg8bPLyE9yb0u6r6BbL/67+pTwjJ4vc/7LkqC+8N6Jmt+iDZf9tj6m80
vkn3UlinLWtcYGau6r+S/Xs+p97ybB7dG8LNv+bhucOSfNUHy/65b6hv71NA95Gw22zWBMOUx6pf
KPsvtkx7148pV0T3UFjRhjV2cP5z1S+S/T+qQn34rld0T4HRh17hvQOXvlH917J/ek3qD/Ur2+/d
/SpcN4w142GSZb/3+xDZf1JD6m/nV6R72fts7WessajEpldWfajsb9mM+oorbOjeHv7+LWviYH5N
1S+W/Xc7UO/Uqh7dh8NAZ9a4wYKGql8i+7s7Uv9FRmO6L4bVslmTB12bq36p7H+/G/URM1rQPQGe
CGJNOIxtrfow2X9lb+qPVWlP93twTn3W2MOCjqpfJvs7DKT+boIz3S0T2YYnWXMBFnZT/Tey/6Uh
1FcZ7Ep3R5g8hjW+0MtN9eGyv7839V3+7Uf3kXB2KWus3VmfgapfLvtXnUD9pPWD6B4Cu8WyJh7u
Gaz6FbJ/4lTqIx1H8H83LD+ANcOgrbfqV8r+g2dTfyJrLN3/gd3zWVMEYyaoPkL2/3c+9X/PnUz3
TvPY26dYkwGjpqp+lewfFUK9TR1/uneAG5uxxhEGz1b9atnfKZz67sfn0H0SLDjPmkwYPV/1a2T/
a2uon+q9kH/v4Q5f1gTC4hDVR8r+8zZSH/VqKd0vwuQKYXju0Ddc9Wtl/zrbqT8VE8H/3bDl3gi8
d+D8NapfJ/sf30X9g+5RdK/Tg709MArfW2gVrfr1sr/3fupr3d5C996wS8EW/H/DpG2qj5L9Xx2h
vlfITv69hdVW78T3BubtUv0G2X/rSepnNN5H9w3wYhvWOMPiH1X/rezf4xz10WcOcgebXmVNDhx2
VPUbZf/bGdSfnZhM9ztw56xkfO9g5knVR8v+IZnUP7Y4Q/fq5djZNqxpAHPSVb9J9m+cQ329XRf5
9wc+PMiaNOh7SfWbZf8zd6nv0+8q3SfDK8NYMx6mZ6l+i+w/8QH1s/Ov030tTHlyHZ/PZt1zVB8j
+1s8pT5meS7d06DlRtbEQZ+7qt8q++96Sf2Flvl0L4Q/dWaNGzQPVL9N9u9X5vS7/ukvj+leI4MN
zX6M7x0c/VT122X//ArUN5rxnO6DYM0g1iyFeS9VHyv7L69O/YAqpXRfAP+pzxp7mPeB+/v9d7J/
y7rUz0mwpPsO6J/CmgswpKLqd8j+v9hRH+tZhe6/wkljWeMHLWxUv1P297OnPuNJTbrnwcVvWGNV
i/Wpp/o42b9yO+qfr2tId5v17MJY1sTDPDvVfy/7J3SmvoljM7p7wK69WOMBre1Vv0v29+xJ/WdZ
DnRfBNf9jzWFMLGt6nfL/k/6Ur9griPdt8DWS9i3/7CyxZ1Vv0f2X/cZ9XG1XeieAbs0Y007WNBD
9T/I/h2HU38lqTfdX8HMc6y5AiP7qn6v7J85hvpXIwfS3cGb/XwKawJhtUGq3yf7z5lEffNXQ+je
B7a2Gsqft4WzRqg+XvavNYP6ITHedP8SXt/ljecOS8ao/kfZPymQ+oXdJ9A9FvoMYI0XrDNJ9ftl
/5HB1O+5NZXuV6FFwVTsBpP8VJ8g+79cQn3m17Pp/gJGR7AmGlrNUX2i7L9lJfWldgvo3qYxG9aG
NS6w+CvVH5D9XdZT3/JMCN37wqeXWZMDY5ao/qDsf3Mz9cMnhtN9DoyZxZpgaBeh+kOy/6Id1Ida
RNJ9J1xQnTUNYESU6g/L/h/upT7++410vwUHHWFNGmywRfVHZP/TB6i/3nc73V/C5sNYMx423aH6
o7L/hOPUl83fRfcOcPB/u/D53Wz6D6o/JvuXPU19m+X7+f0D8zawJg5GHFR9kuwfd4F675ZH6R4E
l3ZmjRvcc1z1x2X/PleoD/vlJN0ToM/1k3hvwrg01SfL/n/9Qf0Bv3N0/w2WD2JNOHS9qPoTsv83
t6nPqXyJuyrspnqssYdJV1SfIvvb/019+YRMujvCL1JYcwE2zVb9Sdn/50fUd/TMoftIeH80a3xh
ym3Vp8r+059RP/bJXbpHwNNv7uLfjTw24y/Vn5L9rd9Qv3zdA7onw4DtrImHsx6pPk32/7HcmXf9
kY5P6V4Ay/VijQdMfKb607L/Z5Wpz818SfeyWeyhOy/x7wZMfK36M7L/Y1vqK80t0//dvR30W8Ka
SOhs2f//VNZ5WI95F8fxLzKFjBCyh+wxIWuWkD179lDW7A2hiGiyhxBjick6zUxGCBkhhJBlrA0R
oyhPTIgJ4RnnfM51OX+9/jj3+9J1f3798nV/RvYPq0R983JF6T4AvqrBGieYUlz1ibJ/IwfqR8WV
pPtKuP0sa65Bp7KqPyv736hP/coh5el+AJ4bxRpfmFBJ9edkf78m1B99b0/3NJhgWY2ft4WODqo/
L/uXcaE+fUsduhePYPtGsSYW+tVXfZLsf7gD9SXaOPH7h7W6s8YDJjRR/QXZf1B36l0eNKe7D8x5
xv73/w68BxfVX5T98/pSPy6oHd3Xw6xVrNkIB3dQ/SXZf9MQ6tfYd6H7Pvg/Z9a4wpjuqk+W/Vt5
U3/8VC9+//DVVdakwtB+qr8s+6f6UJ85aiDdy41mo6axJhBmD1X9Fdl/ni/1pS1G0L0VPGHNGjv4
0Fv1V2X/Kv7Ut9s9lu4j4JP9rIkXJ6r+mux/Moj6iZ2n0H0tdO7NGk8Y66v6P2V/ryXUr3/qR/cj
0DvXD8/PZG0CVH9d9i+wmvpTSwPpng2LbmBNJAxcoPobsv+ODdRn1w2he6l6rH8z1rjB2CWqvyn7
d9xGfblLK+jeGnZNYU06jFit+luyf8Zu6jtOXkf3adAigDUhsOsG1d+W/RfvpX5q8S103wT3VWBN
HTj4J9Xfkf1rH6J+8+876H4SzjrGmiTovEf1KbJ/Ujz1Z3v/SvfXMGw4a3xg1F7V/yX7T0ikPidn
P92rvWSvfmSN1QF0h1V/V/Yvmkx9pbVH6d4C9vuJNdHQ8bjq78n+v92gvkuTU3SfA9e6ssYdxiWq
PlX2d79H/fSbSXT/EcY8SsLvLYy5pPr7sv+Lv6nfNvMa3U/DacGsCYNON1X/QPZf/Yz6C2VT6J4L
rR1S0MGwVNWnyf5Or6jPPZJGd9s4ts0p1iRDx3TVP5T9/3xHvf2Qp3TvDjuMe4q/GzDxmeofyf7T
C5z50vd4/4LuAbCk5T/8vC289lL1f8v+pYtQP2vLW/78w4NRb/F7C/3fqf6x7B9rQ/2O1p/ofhnO
6sYaD5hcoPvXfbrsP8CO+sv3C9P9Nfz4jDV50KOI6jNk/3+rUp83vzjdywaxx8JYEwE9bVT/RPbf
WJt6B/sydO8DezixpjXMtFP9U9m/5XfU9z5Vie7TYacrrEmBIfaqz5T97zajfs4oB7pHwyq+rAmE
D+uoPkv2n9uW+j2FHOmeAgvbsKYSTGmo+meyf6XO1P+5qwndn0OLg+x//+/Av99M9f+T/Y/3pD6/
kwvdq3Zm2/RnjRe0b6v6bNl/xADq6zztQPe+sEluBzzfET9HJ9U/l/3NcOr7L+1O9yB4O5w1kdC6
l+pfyP7bx1A/v24/uu+FRZuzxg0uHaD6f2T/DpOp//XiELqfhl3usCYdRnqqPkf2fzyD+luTvOme
A1sEeONzA1uMVf1L2T9kLvWm+AS614Q7yrPGAWZOUv0r2b/mD9Q7/u5L9+5w0THWJEFnP9W/lv3P
Lad+UG9/us+GH4axxgdGzlV9ruw/fi31wTlBdP8Jpn0Mwm4L8HMEq/6N7F9kM/W/r1lC96tw4DbW
RMPJy1X/Vvb/dTv1fzVeTfe38BtX1rjDuLWq/1f27/EL9YVvbqB7DRj0kDXZ0HWz6vNk/+wY6p1m
bqN7bzgymDWh0H276t/J/ivjqB9Wdg/d50FTAzrBlF9U/172b5hA/ZIje+m+E4adZc016HxA9R9k
/6vnqT8w+BDdr8M870N47zAuTvX5sr/vVervv4vn7533rKXlcX7eFvonqP6j7F/qDvVFtiTSvSVc
/jNrYqH/edV/kv0PPqDeuXUy3cfAgG6s8YB2V1X/Wfb3eEL9yPs3uIP5WazJhYPvqN5YYv83z6lf
Mf8e3X+FyStYsxFOTlN9AfThG95Qf7jqY7rfhX6Oj/G9AXMzVF8QfWzzj9Q/SnhG90Kn2NeXn+Fz
A0NeqL4Q+pspFolf+uKjXtG9LkydyppAmPJW9RbocwOsqW9R6D3dR8CZxd/jvUOfT6ovjN62oi31
o3cV6PHlHgwd97MmHloU7vF1/w165/iK1K/uVITu0XBtP9Z4wUrWqrdE7zG8BvV/PLGheyr0e22D
50uyCaVVbyX7f6pHfcYSO7pbLmVfh7MmEmZXVH0R2f+nxtSXrGtP9xZwfVPWuEJTQ/VFZX/XVtS3
vlib7pPh5jusSYdJ9VRfTPZ/1J768ZO+o/saaLeLNdFwaRPVW8v+wd2oX2fdnO4HYKg9axxhtIvq
i8v+Dn2pP7G3Ld3Txdi2eO8wpqPqv5X9zw6mPqtXZ7oX6c0eGMSaMbBOd9WXkP3HeVFfJqcn3ZvC
8h9ZY9UL+/VTvY3sb+lDveuaAXQfDdM2sWYXtBqi+pKyf9Q06ic1Hs7vDRZoxxp3mO6l+lKyf7fZ
1P94Ywzdj8G0h2Pwc0M3H9WXlv2fzaf+tN9kuj+BvgtZEwrtfFVvK/uvWEz9izJ+dC9Vli1TgzVO
MNZf9WVk/warqC9/ZC5//mHJE6xJhq0XqL6s7H9lPfVug3+g+zCY7MWaybDOEtWXk/2nbaXe991y
ui+Bzwuv4OdtYOZq1dvJ/ja7qd+yeS3dY2G1nWvxuYW2G1RfXvbfH039OZfN/LmHjl1ZMxgmb1V9
Bdm/Xyz1r1K3093hPuvyjDV50G236ivK/q+PUV95/i90bw1PLWfNRmi9V/WVZP/wM9R3rbqf7uPh
REfWtIC7YlVfWfZvdol6v4Q4um+DNpdZkwIXxKu+iux/5zr1P3kn0D0RLp7GmkD4MFH1VWV//7vU
XyyYRPc3MLdYEj730C9Z9fayf/m/qX+78yrdy+1iP8ewJh4m3lB9Ndn/jyzqq3W6Q/d2cHg/1njB
xLuqry77D3tJvfuTB3SfDiNeP8DzaazD36qvIfvn51Hvv+QJ3XfDtuGsiYRjslTvIPtvNWe/9Dvr
vKB7ArzRlDWu0OqV6mvK/u2sqL9y4Q1//8D2t9/gew/2eaf6WrL/wxLUv5/4ke61JrGt/VkTAuON
+9d9bdl/YTnqa1oXprsHPGbHGgd4zUr1dWT/6lWp77PXmu6LYMAfrEmCXjaqryv7n6lFfWAvW7pH
wSrDWOMDk+1UX0/2H9OQ+p//qUj3G3DUO9ZYVWLdq6q+vuxfuBn118Nq0P0lnLWVNVFwci3VO8r+
e9pQ/6lRfbrXaMxWbVcf/y60aqj6BrJ/107U173RmO69YGIaa7JhcjPVN5T9s9yp9/BrRfdAWDiY
NaEwvY3qv5P9l3tQv6BMB7r/CC2rs8YR5rip3kn2r+9J/W+Hu9H9Lsw+0w2fGxjqrvpGsn/yaOrv
DOpL98/QYixrfKHdANU3lv2nTKK+4LvBdG8IK38zhJ+3gdeGqb6J7P/tDOobbPaiew94cA9rYmHe
aNU7y/775lA/xMWH7vNg766s8YChk1TfVPbvG0x9SOo0uv8CHbNYkwvjp6u+mez/ahn1++bNpvsl
+Gk5azZCzzmqby77r1tD/b0qQXR/D2Pqs6YFjAhWfQvZ33kT9d8kLKZ7Pdj4T9akwohlqm8p+9+K
pL6R9yq694fuU1njD53XqL6V7D8rivrhBTfQPRgurMEaJ5i0SfUusn+5GOqX7txK92i4ZT9rEqDn
dtW3lv3jjlB/0G03v384oN9ufO/BpVGqbyP7Dz1JfVpGNL9/uPdVNJ7fix1iVN9W9v9wjvqiS2Lp
3gpOCWdNJPQ6ovp2sn/EFeqb1omn+0ho25Q1rtDipOpdZf82t6n3vnCG7qtg4ztn8L0D3c6rvr3s
/+A+9aETL9H9dzhtNmtCoNsV1XeQ/YMyqD9S7Abdn0Hb8qxxgOm3VN9R9rd/Tv3j6Lt0L7CXnXOU
/e//HWzgA9W7yf6ncqn/ttffdHeBQcNY4wPzMlTfSfYfnU99y3+y6O4Ja+dn4e/GM3wOs1XfWfa3
sDj3pR8b9pLu4TB5K2uiYH6u6rvI/ruLUR/W6B3dD8HKbVnjDq3zVd9V9u9cmvpj101Pev+w9EPW
ZMOoQj2/7rvJ/k8rUP90hhXdrfxY/wWsCYWZxVTfXfZfWp36UmVs6N4Afl+dNU4wu5Tqe8j+detR
3+ZwObpPgq5nWHMN5ldQvbvsf7ER9RMGVaX7Nth8Gmv8YXJ11feU/Se3pD48rxbdj8LWxWrz83bQ
r57qe8n+xdtTn7CpIb9/+PJn1sRC30aq7y37/96V+v+1akb3ki7shi6s8YA2LVXfR/bv3Yf6sqlt
6N4GBmSxJhd6tFd9X9k/ZxD1HeZ1ors3fL6MNeHQo6vq+8n+a0ZSP6VKT7qHw98as6Y1zO6j+v6y
f+Px1G886UH3I/DyZdakQLchqveQ/W9MpT7Ry5PfPwyf6on9YeJI1Q+Q/WfOov6fAmPoXqYg+60t
a+xh6jjVD5T9y86nvsLOSfy5g6v3syYeJk5T/SDZ/8gi6ju7zaD7ONi9L2s84bVZqh8s+w9eSf33
GXPovgpavZ6D5+fi55in+iGy/7tw6iMWB9M9EaatY00k9Fyk+qGy/+YI6pNqL6f7W7i8KWtcYepK
1Q+T/V12Uf86aQ3d7S6ww2+z5iEMC1e9p+yf+hv1VSZuontHGDybNSEwJUL1w2X/+Qep715sO91n
wE/lWOMAM3eqfoTsX/UY9TOjo+i+Dp48GoXdYWS06kfK/gmnqY/sGUP3ZLh6KGt8YMpB1XvJ/t4X
qU9+cYTfP6yWzxqrOPwcf6jeW/YveJ36f1efpHutMDYn4iT+bkCf06ofJfvv/Iv66o3O070zXNqW
Ne4w56LqR8v+bo+o73X9Ct0DYf+0K/jegP7XVT9G9s/IpD5gxm1+/9B3IWtCobmr+rGy/5Ic6nfZ
PqD7JTi2Gmscofsj1Y+T/evkUX/tUAbdP8D80xn4vYVhmaofL/tf+Ez9h4HP6V51ELthzHP83YA5
Oar3kf0nWp7/0tfKy6V7Dzjkmzf8vC0MzFP9BNm/WAnq+23Kp/tc6L2HNbFw8mfVT5T9o8tSP6+V
Ra8v913wbBfWeEAby15f95Nk/55VqI+6V4zuV+D3mazJhWElVD9Z9n9Rk/qbgaXpXmAeO2E5azZC
CzvVT5H9wxpQ/7lyRbo7VGE9arLGGS6tqvqpsn+jptTXP1md7u7wYDJrUqB9LdVPk/2vt6Z+oFc9
ugfAfyezJhC2aKB6X9l/hhv1Cws0pvseePJb1lSCD51V/73sb+tO/d4dLel+Ebbdx5p4WKeN6qfL
/of6U5/SsT3d30KrvqzxhPFuqp8h+w8cRn2hjK50bwxDXrImH8b3UL2f7P/vKOq/W9yH7t7w7TrW
REJ3D9XPlP03TaR+aO3BdF8NnzZhjStMGab6WbJ/q+nUL0oaSfcYuOfWSLx3uHGU6mfL/vcCqN8/
YTzdL8MHs1gTAhMmqt5f9g9cSH1q0Wl0z4cOdqxxgL7TVR8g+1deRr1l9Cy6N4TBcaxJhEsDVD9H
9j8RRn2TnvPpPhKOHcoaH5i6UPVzZf+RG6kf8WIR3UNhznvWWC3G52iZ6gNlfxNJ/bLVK+n+CzRb
YRT0CVP9PNl/x8/UH3JaT/fHsL7renxuoNUm1c+X/Tvuo/7hnxF0fwdj0liTDRdEqj5I9k8/TH2x
GbvoXgfuD2JNKEyNUv0C2X/RCeqb20bTvS88Vo01jjBsn+oXyv61zlE/6tBBuv8Au55mTTIMO6z6
YNn//GXqVw48xt87MH/0MXzuoPMJ1f8g+/vcov7ov6fpfgsusziDvxsw5JzqQ2T/IvepT994ke6F
NrFt97AmBlpfUf0i2f+3dOpLtLpO9ybwTmf2vy9o/By3VL9Y9nfPpt7l3l90HwSPZrImF0bfV/0S
2f/5a+rHBT6i+xrYeRlrwqFzhuqXyv6rPlC/pnIW3eNhTr0s/N2AEc9Vv0z2/65Q0pf++IkcuqfD
/kmsuQmtc1W/XPa/VpT6zJF5dLf1YptPYY0/jPug+hWy//elqLctYHp/uTeCccVZUwmmFuz9dR8q
+5eqQH27HZZ0Hw7D97EmHnoUU/1K2T+2GvUTO5ag+48wawhrxkCPUqpfJfsPqEv9hvSydD8O3V+X
xfPl2Ljyql8t+791ov7Uoip0z4Ab1rImAnpVU32Y7P9jC+qz/09lvYf1fL9xHH87l+VchJAJIYRG
ZEQOKYeQ89liIRYry2m/Npk2oZHDHHPOqSUhFmKxkHMIIYfR1AhJTvnNfb/u63L/9fjj/j6vte/r
41MNGtC9fEN2mQtr3GF0I9X/Kvu7ulNvm9qU7u3g+XTWZME1zqpfIvtf7069x4Qv6D4KHpnOmlDo
1Fb1S2X/mX2on1L2S7pHQJtqrHGAEZ1UHyX71xxE/aqdXei+H57ex5pkaOup+mWy/+GR1J/o2ZPu
L+GWIT2xP7Tvo/rlsv/I8dTn/duf7nZP2DFvWWPhywYNUv0K2f/DZOrtFg+juzeMWc2aGFhylOpX
yv7RwdR3d/6K7t/CmC9Z4wnNeNX/Jvt3mkP9tIsT6b4Wdr7NmlwYOUX1q2T/e2HUr5s2je6nYPHQ
adgNegarfrXsPzeC+lNVZtL9IfS3n4nnBgbNUf0a2d8hivr8hB/obr2P3XacNWkwIkz1a2X/k6up
tx/4M927wZNjWRMIey5U/TrZ/+tN1Hu/iqT7FJhc8lf+fEUYEqX69bK/xU7qp69cSffVsHAza+Kg
/2rVR8v+2+Op39g2mp97aN09Gu8t+G6T6jfI/l6HqD97Yxvd38JfHrEmH0bsVP1G2T/nGPWFs36n
e9XZ7PyfWRMFs+NVv0n2jzhFvUOtA3T3hFcascYFFh5U/WbZv+lF6vscOUL36fDaGdZkwKhjqt8i
+5/PoH7mqJN03wx7BZzEbvDdKdVvlf0Ds6jfas7R/TJ8U+4c3jsw5KLqt8n+lbKpv7jhCt2LoF8s
a5JgSIbqY2T/+KfUv+98i+71PNjePqwZDm3vqn677N//FfWODx7Q3Qsey3uAz//NrsxW/Q7ZP7+I
+v7zcuk+A85dyppomP5U9Ttl/2WlT33s/9cgn+5rYM1WrHGHs1+pfpfs37o89Tv+ekv3q9DmCmuy
4Joi1e+W/TNsqL/iX8Ln473YBHbIdNaEQlPG59M+VvafUYv6YmU/o3sDGFqNNQ4wvLzqf5f9a9Sn
3mlnZboPg5UTWZMCQ21UHyf7/+FE/aCeNegeCK8NYY0ftK+l+j2y/3AX6uf+W5fuMbDPG9ZYfM7u
qq/6eNn/vRv1sYsa0f0qdFvDmhj4zkn1e2X/dR7UX2/egu4lndnt7VnjCa1cVJ8g+3f0pr7URVe6
N4ZRt1mTDTe7qX6f7H+3H/XO09z5/xvmfs+aCJjnofr9sv+PQ6kfVsWT7gvhVXvWOMFcL9UfkP3r
jaV+fkIfum+DXx1jTRoM7a/6RNk/ZQL18QMG0f08tP+KNYHQcajqD8r+46ZSf6tgJN1LvGJPlBjF
n68I/caq/pDsX3oG9ZYrx9PdCTbZypo4GDhB9X/I/ttCqXdpO4XuY2DpbqzxgQlTVZ8k+3uGUz/q
RjDdf4X3ngfjuYOJIao/LPs/Xkz9gllz6L4fVljImpXQ5QfVH5H9F6ygfr/dPLpnwZeNWeMKU8NV
f1T2d1pP/d3DEXT/AJNPsyYDOkaqPln2P7uV+nKjoujeGkYHsP/93YGfY4Xqj8n+U2KpdzVr6D4I
Vi/HGls4e73qj8v+FfZT/9WGTXSfC4/EsiYJ+m1T/Z+yf9xh6hd33kn3YzC4D2uGQ+tY1afI/n1P
UH/ofjx//7DMs3jsD8P3q/6E7P8ijfq/ww7R3WYee+hX1kTDzMOqPyn7R6VTX6nBcbq7w1GtWOMO
zQnV/yX7f5FJffu/TtF9NCy4zJosmHhW9amy/9X71Pv7X6T7z/BG8EW8N2B6uupPyf7f5VC/1PI6
3ePhkKqscYCZN1V/Wva3fUH9kR1ZdP8Hlk1kTQr0faD6M7L/wTfUP/bO5n93Pdn6w1jjDy/kqD5N
9h9a/PTH3ubfp3TvDpe8Z41FHv79PVf9Wdn/nSX17ote0X02rPToFd770OeN6s/J/msrUR/Q/APd
18JnXT6gg1HF+37an5f9O1SnfsWF0nTfDx/dYk0u3GWp+guy/x176o9PLU/3AugSypoImF9J9Rdl
/1BH6p9Urkr3ClXYQ3VY4wTzbFV/Sfav60x99YRadHeFNn+y5gIMqKv6y7L/8TbUdxlQn+4BcN5Y
1gRCn8aqT5f9v+pIfWCBE90jYW6Jpvz5inCws+qvyP6lulO/eoUL3U/DbZtZEwcD26j+quy/tTf1
J13b0z0HpnVjjS9M6Kj6a7J/94HUP7/uwd/bDfbQQw/sBuO6qT5D9s8eQX2tWd507wpfhrMmCjr3
Uf112f/ncdR72vWn+2jYohFrXODKgaq/Ifs3nkx90OGhdF8MPc6wJgNGjlD9Tdn/TBD160eOpftF
GDyJNSHwwTjVZ8r+AbOpP/1hAt2fwJxyE/nztvBCgOpvyf7lw6gviJ5K99obYCxrEqF/sOpvy/6/
L6C+bucZdO8Np/uwZjh8MFv1d2R/n6XU97wfSvcZsFcea95B/zDVZ8n+z1ZRHxIWTvfVsPoS1kTD
4QtUf1f2X7KR+k31I+n+JxzVkjXtYeES1d+T/VvtoP7cyRV0fw2D01mTBZ1Xq/6+7J++h/o3X6+n
u6M/axXMmlDoslH1D2T/4IPU17fcRndv2Ksqaxxgyg7V/y37VztGfd8dsfz+gY0PxKKD9ntV/1D2
T0ylfrb3frpvgrGDWeMHUw+q/pHsP+QC9dtyD9P9KlzymjUlj+DnSFZ9tuz/5hr1lxeeoHuJReyd
VayJgf6pqv9H9l99h/qiZmfpXq85G+vGGk+4+YLqH8v+7R9R3+hCOj//cNIt1mTDmGuqz5H9bz2h
fsDUTH5uYK3vWRMOnbNUnyv7f19AfWjlB3TfAU/WYY0TjMhW/b+yv30R9Tv35tD9HLyWlIPdoONT
1T+R/Y+VOvOxv+b7gu7FB7C/jGVNAHQsUP1T2X9sOeqLF7yheyN4qPhb/nxF+K5I9Xmyfwkb6puu
KN7v470H9NnCmjhoVbrfp/0z2X+zHfVDXMvSfQ506MoaH1ixnOqfy/5dHagPu16J7jth0UP2v787
2JU2qn8h+z9sQv3vM6vT/TpsG86aKFhYS/X5sv/8VtTfrFmX7pZ2bEF91jjDEAfVv5T9G7lRX/qw
I91bw1enWJMOo5qovkD2P92Z+hYjnek+DB6Z5Iz/LnRtpfpXsv8kL+pHfGhD99nQ18qVP28Lg9xU
Xyj7W/WjPjy6I933wmaxrEmCQZ1V/1r23z2E+r2dutP9CvylN2sGw5Leqn8j+/ceQ/2de73pXuw+
653HmndwcH/Vv5X9n/pTXzZsIN0bwysLB+K5ge+GqP6d7B8ZSP0X9UfSfRQMb8kad2jGqP697N8y
hPoxJ8fRfTF8fIk1WTBhguqLZP/L/6M+4uvJdI+Dx4NYEwozAlX/QfYPmk/9AYtgut+Gg21YYw8z
vlO9scD+Noupv799Nt0r7mDzDrAmBY4OVX0x9FH7l1Nf3juM7h1g2CDW+MGUcNUXR58waB317XIX
0H0g3FOwAM9NBDt8sepLoE8v3EL9uIVLeTd4exVrYqD/ctWXRJ//227qI5ut5ucfnnJjjae4XvWl
0Fu77aM+6fxGumfBtZmsyYbuW1VfGr1LZhL1jwJ30L3sVNbje9aEwy67VV8Gve+cFOorV46nuytM
qM0aJ5i2T/UWsn/tNOo77D1I98kwKvkgOuh4RPWWsv/Ry9RP8D3Gzz/sMZI1AfBCiurLyv6jb1If
9TKV7kehZYlT+L0B086o/jPZv9h96pOXX6D7I7hmE2vioGO66q1k/42Pqc9pk0F3a1e2XlfW+MCY
m6ovJ/t3eU591et36O4MSz9kTR60u6/68rL/36+p7zzzEd2DYdaiR3h/QZOj+gqy/0/F0j72k2s+
pftSGNGINS4w6rnqK8r+DS2pX5lUQPdDcOvpArw3YORr1VeS/VMrUp8yoojud+HmiawJgRnF+3/a
V5b9J9hS/7SoFN2tP7BLLEvz562hr6Xqq8j+Ze2prxFdju494P1drEmEQRVVby3772xIfbdONnSf
BM/0Zs1wmGyrehvZv1dz6qfes6P7aljjKWvewYQ6qq8q+z9pTf2auQ50T4UfIlmzBro7qr6a7L+4
A/WpDk50vwtntmBNe7imueptZX/nbtS/ONGK7tVOsq6XWZMF17RWfXXZ/2Iv6mt/7cYdTP6WNaEw
r4Pqa8j+0wZQ72XhQfeJcJ8Na+xhZlfV15T9q4ygPni7F92Xwar7vbAbDOqtejvZP8GP+mivfnRP
gTUGs8YPJg5UfS3Zf2AA9Wk5Q+heBL8pZE3JodhvhOpry/6vvqX+VcQYutddyE5axZoY6Oen+jqy
/8pZ1H/ebALdvaFxg54wJkD19rJ/27nU9z4fSPdgeDmTNdlw87eqryv73/iF+hmBIXTfCp3nsCYc
Os1W/eey/6wl1G+pFEr3S7BsnVB0MCpM9fVkf7tV1F+In8/fP2x9iDUp0GqB6h1k/8MbqH/bfzHd
bXzZtmNYEwAdl6i+vuw/ajv1DV8up7svvGK5Au8vGLZK9Q1kf7OH+n7L19F9Dpy3dR3eGzBgg+ob
yv4bEqmf02Yr3WPhBy/WDIZmh+odZf/OydRvz9hN91uwfA5rCqFvvOobyf73/6I+fcY+ur+A0XNZ
EwnfJaq+sewfdp76DzUO83NTk73iyBpXmHdU9U1k//rXqG+SlEJ3L3gilTXpMPIv1TvJ/idvUz9w
RBp/77DGJNaEwNTzqm8q+/s/pP6Host03wkTPkvnz9vC9Kuqbyb7Wz6hfvf6m3TPhCN2syYJ+txR
fXPZf8dL6jPc79PdohNboh9rhsPoh6p3lv2931Nf4t5jujeBC549xm4w6V/Vt5D9c0ue/dg3n/uc
7oOgfeRz/N6Ag1+qvqXsv9CK+qEOb+g+HRa2YE17uPm96lvJ/s2sqZ93opgvfe8w8hJrMuGakr6f
9i6y//ma1O8Zb0n3i3BoMGtCoV051X8h+0+tR31mmUp0/wCfWLPGHs62UX1r2b9yE+rLbLeleyM4
9ABrUmB+TdW3kf33tqS+lZc93YdD30Gs8YMO9VTvKvv7tqN+ZE5Duv8C3xeypqQjG9hE9W1l/5ed
qP85ojndE+EXq1izGY5uqfp2sv/yHtTva9qG7rfgMDfWeML8dqp3k/3b9KU+61wHupc6z565yZps
2N5D9e1l/4zB1H8W2I3uzWH4HNaEw9Qeqv9S9p85mvo2lXrTfSxsWZs1TjDXR/UdZP+a/tSPjR/A
zy2MS2ZNGnQaovqOsn/SN9Qv6j+C7klww2jWBMDk0ap3l/1HfEf9wXw/umfDrsXH8eetYOrXqu8k
+xd9T/2DZQF0L7mcXbSRNXHQM1D1nWX/9T9RX7FNEN1bwR+7sMYHJnyneg/Z330R9W4Zs/i5gTkP
WJMH475XfRfZ/+4y6sfPmEv3+fDlT6yJhD4/qb6r7D93LfVLaiyg+1H4bWPWuMLwRarvJvs7bKH+
8B9L+OeGeadYkw4jl6m+u+x/Yhf12cNX0d1iBLt/AmuCoNU61XvK/uMTqLcu2sDfP5z/2Ub+vC0M
2KL6HrJ/mSTqO67fTvcxMG8XaxJhyC7Ve8n+MX9SP9F9D91/gsd7sWY4tE5Qvbfs3+MM9cvvJtL9
EPR7wppCODhJ9T1l/8eXqD/2YzLdn0GvyGT83oC+f6q+l+wfcYP63HqpdLdyYHc4p+K9Ay3SVN9b
9m96j3rbE+fp3hdOzmTNAxhwSfV9ZP9z/1DvMf4av3/g0RDWhEH3G6r3kf2/eUb9lDJ36L4eXrdh
jT0MuKf6vrJ/xdfUr4p5SPeD8Oi+h3jvwNB/VN9P9t9jzn3sT/R4Qvd/YP9BrPGDqc9U31/272dB
fd7jl3SvksOef8WakgX4OQpV7yv7v6hAvV3Ee7q3h/N+Y//7u4MdbQZ82g+Q/ZdVo75701J0nwhb
tWNNFxhhofqBsn/rOtRPO2dF9yXw0k3WZMPoCqofJPtfa0D9um+s6X4EjpvNmnCYV031g2X/kGbU
n6poR/fnsGpt1jjCvNqqHyL7V29Nff6eenS3j2cvHWFNGgxpqPqhsv+hL6m379+E7u3grNGsCYBJ
zVQ/TPYf1pV67/yW/P3DKsVa8eet4OjWqh8u+7/rSf13y9rR/TeYvpE1cTDgS9X/n8o6D8s5/8I4
/kH2XZbs2UNGZjLyEzIaMpoRGrIbspMoezNCTPbsGSGEhhBClmmyh1IoihAyQkxoiMKPc+5zXc5f
rz/O877iuZ++PYNk/03u1G/99ju6x8GpnVnjBiO+V/1g2b/jQOoTbnSj+2vY9mE3vO8w0lX1Q2T/
jOHUv53ek9//GWzSfNYEQbufVT9U9p8zjvqGNfrRvTc82YQ19jB3gOp/kf3r+1Df4/hQuk+A5eJY
kwxXD1f9MNn/9EzqZw0cTfdN8MgY1vhCh3GqHy77e86lfsf7iXS/CANLefPrraCfj+o9Zf+ii6i/
smka3fNhym7WREPvmaofIfvvXEH9+46z6V7biX3vyhoPaDFP9SNlf5f11NvcW0D3QXD4c9bkQffF
qh8l+z8Opb733GV0/w12Xc6aEJi1QvWjZf9F4dTPbrCW7ltggh1rHKFZr/oxsn/zSOp3ndnI7xvs
eYU1GdBli+rHyv7xR6hPGbGd7nmwgQ9r/GF6uOrHyf4T/qa+UPE9dLeFtyxZYw3T96l+vOxf7jz1
tuFRdO8DFxxiTSz0jFb9BNk/8jL1fbudoLsfbNTnBJ47MDpW9V6yf8/r1M97cprue6BV3ml8bs7g
OXxe9RNl/5e3qd+7+BLdU+HCYNaEQc/LqveW/Vc9pD7N9hrdS7Zg2/7vGnaDkddVP0n2t39GfdHL
N+leB165eROfOxh2W/WTZf+UXOrtJt6n+xC4yY81gdDhH9X7yP5TC6gfUOEJ3efByrWf4H2DWdmq
95X9q1kkfu5/3/+C7pEwM4Y18bDyf6qfIvsfLU39gV5v6X4V/jbkLf5uQNsC1U+V/ftbUn/7lelD
zx/YoFAh0pSB4RZ9vuynyf75NagvuaYE3TvA61tYEwHHl1b9dNk/pD719t9WoPtwuL4za9xgGUvV
z5D92zejfsiNanQPgI0y2U/fO1i/mqqfKfvfaUX94ul16X4A5s5nTRDMqK/6WbL/7LbUH67ehO4Z
0LMxa+yhczPV+8n+1p2ov3/sK7oXOs52usCaZBjcSvW/yv6nXKgvO/BbujeEe0azxhemtlX9b7L/
cDfqHd63p/sQuKZUB369FUxyUv1s2d/Cg3rPTd/TfRGsvZs10XBgN9X7y/7bh1C/vOOPdN8HU11Z
4wEjeqp+juzfZRT1xzLc6X4DTn7Gmjzo4KH6ubL/Iy/q/5kzkO5l5rJdlrMmBHoMUf082T9wKvUV
G3jSvQ2MbckaRxgxSvUBsn/T36h3PDOO7hPh2yvj8LmDIV6qny/7X5pP/egRPnRfCPtM9sHnHjpM
U/0C2X/8UupXFZtF9yMww5I11nD8bNX/LvuXXUN9zM65dL8L90WxJhZaL1B9oOy/N4T6Jy6L6F6t
Gzu4D2s8YcOlql8o+/cIo77KkxV0bw/fvWaNxUp8/lerfpHsn7ObeqfF6+neF14MZk0YHLhR9Ytl
/xUHqR9vu4XuC6BTW/bT9w78O8JUv0T2//o49esSwun+F7x5izVZcHqE6pfK/smnqD/lFUn3N3DX
LNYEwpyDql8m+0+5SP3z8tF0r1uB9a7NGhtofUz1y2X/qlepr77/b7p3hD5n/8bzC1qfVn2Q7H8k
jXrnXufpPh4GDz2Pzx1seFH1K2R/j3vUe7+6TPflsL9JxN8NOP2a6lfK/m+zqN+w+jrdT8N+G1kT
DgvSVL9K9v8jh/pzre/QPRvu+o41brDCPdWvlv3b5VH/8vpDule5wXbOfIjdoMdj1a+R/W9/pL72
9Gf8uYOF5rMmCLrmqH6t7P9b8aTPvUv1/+g+Cf7emDV2MD5P9etk/7rlqfc9VkD3jbD9+QLsXyBd
3y/7YNk/tir1mwdY0D0RjvRhjT90LK769bL/L3Wov1RQmu5F3rOJ5crw62vBJeVV/4fsX7gx9a83
WtK97ib2pz2siYbeVVW/Qfbf1oL6eh1r0t0dTnBljQe0qKv6ENnfuTX1P2bUp/tEuPE5a/JgVCPV
b5T9/3GkfvqcZnQPh41WsiYEJrVQ/SbZ/3dn6rfV/5ruKbBWq6/xvsMCe9Vvlv1tXKlPPN2W7q9g
UhJr0qFze9WHyv4XelP/zrMT3euNYNMmd8L+0MlZ9Vtk/7EDqG9UrBvd+0IPS9ZYw3hX1W+V/UsP
p77nTje6e8OUKNbEwlo/q36b7B8xlno/Fw+6h8ExP7NmKAwboPow2f/HydTvfDyE7heh3Zsh+NwM
xb9jmOq3y/7/zqD+2qJRdH8B564bhZ8LS4xT/Q7ZP2gO9R+aT6S7jS27qe1E7AYtJqt+p+zfaiH1
TROm0r0TPJvGmkzoP1P14bL/1SDqf/b6je4BcOss1gTCjDmq/1P29wmm3r/8ArpvhvdqssYGui5U
/S7Zv3Io9bsjl/JzA34VsxSfGxiyQvW7Zf9DO6m/0XMN3fNg5GDWjIe2waqPkP377KO+8KsQutvC
cWYjv74MjA1V/R7ZP+8w9S1Wh9HdFV4OZU0EtPhT9Xtl//Ux1PdrHUF3fxjUmTVucMk+1e+T/f93
jvqA6wf5/w0nPmA/fe/Av+Ow6iNl/1sJ1O+bdpzuV2Hz+awJgjkxqt8v+/ulUH/L6jTdP8JLjVhj
B7POqv6A7F/7NvXFjl3k5w8ceZ41ydDzsuoPyv4xmdS3GnCV7oOgy2j20wecjUtRfZTsPySb+kEF
aXSfDuNK3uTXV4bJ6ao/JPsXyqU+cOM9uh+Dy3axJhpaP1T9Ydl/az71UR0e83MPWruyn753sBWy
VX9E9u9c5Mrn/u7dHLp/gInZrMmDwbmqj5b9M0tRX2pOHt1bwZbL8vB7B3PyVX9U9p9fifpv6xuP
z/dRsHFL1jjCvMIeX/bHZP/GNaj/5XRxui+C0UmsSYcupVV/XPY/X4/6JZ7l6X4QTpnEGj9oZ6n6
E7L/6KbURxetRver8GQl1ljDuBqq/0v2L9WK+gc76tC9yk728EHWxELrBqqPkf13O1BfzqUx3dvA
db1YMxCGNlX937K/qxP1/3vcgu7usPPrFnj9V+wZO9XHyv7PulI/YlFrus+F59exJgyWaav6k7L/
sh7UBzVvT/dzcKED++l7B1vQUfWnZP+Wfak/Ee9M98ew+S3WZMFPf+C/7E/L/kmDqX80wZXuxbzY
4JmsCYBJPVR/RvafNJL6SuXd6e4CJ9dijQ3M7KP6s7K/pRf1HSIH0N0HmhgYBx2HqP6c7B81hfox
PYfTfQk8NJg146H1SNWfl/1//pX61S/H0v0Y7P5xLHYbx0Z6qT5O9n8dQH3sqsl0fwCttrAmApaY
pvoLsv+6JdQ/tZ9J91qt2bWdWOMKQ39V/UXZ32E19VWvz6G7PWzxgDU5MCJA9Zdk/7QN1H83bSHd
h8OvA1gTBHOXqD5e9p+5jfoJVivovgD6N1qB5wbMXKX6BNm/1m7qg48G0z0K9j7HmmToHaL6y7L/
XweoP9M/lN9/aD2aNb7Qe5vqE2X/wceo/zd/J90bFrClKobz62vB+N2qT5L9P56kvsbGfXR3hZYR
rImG1lGqvyL7h16gvkuHI3QfAy98zxo3GHJM9Vdl/05XqJ90N4buf8CUZzH4uwEjT6r+mux/P5X6
EP9zdD8Oey5lTTDMvaD6ZNl/Xgb1cfUu0/01tGx5Gb+3MPuK6lNk/0ZZ1L86lcLP/9PsqkTWpMPV
qaq/Lvuf+5f6up636e4Ix026jecedMhQ/Q3Zf9Qb6n8o+pDu42FaxYfYHwZlqT5V9i/xkfopO7Lp
vhQeOciaWDj9X9Wnyf5/Frv6ud/SNZfuifBbd9YMhWXyVH9T9v+hHPXxWfl0z4NlX7PGooB1+aj6
W7L/0yrUv1lYpN/ne+NF7Om1rAmDQ4v1+7JPl/2X1Ka+QfPSdHeBgxxY4wwjyqn+tuz/VSPqf4qv
RPd5sFMaazJhaBXV35H9E22pnzGhBt3XQatZrAmE2XVUf1f297anfnu5+nSPg02sWNMQ+jdSfYbs
X9GR+qR9TemeC/1OsCYO+tuq/p7sf6Az9flurehu3ZM9Oog142Gqvervy/69u1Pf5KUD3XvC2h/Z
T9872DPtVP9A9s/tRX2vVU50nw5LhTphN+jqrPpM2X9Nf+p/tXeh+xa4oxNr3GB0d9U/lP3bDKP+
z5QedI+Hv99nTQ6M6KX6f2T/1DHUJ0/tS/cP8OsA1gTBMgNU/0j2nzGJ+o/VhtC9rhV7qSFr7GDA
MNVnyf41ZlDf/OhIug+Ea86xJglOH6v6x7L/cX/q+/T3ovtc2HIUa3xh8mTVP5H9BwZSPyd/Cr/v
cFPRqfz6CtB9huqfyv7vl1O/J+RXuidA+z9ZEwV9/VWfLftvWkd9avv5dC/cgS3enTUeMCpQ9c9k
f6fN1Be5u4TuTWHYU9bkwajlqn8u+9/bQX1L/9V0d4ftlrImGNoGq/5f2X/uXur71wuh+0x4pgVr
HKDfZtXnyP4NDlM//9Q2um+FKxJZkw6Dd6j+hex/5i/q9w/fTfcbcJz3bvxcmLFX9S9l/xFnqU+3
OMjPH1i1EmusYeoh1b+S/YslUF9ixzH+vYFrD7AmFnrGqD5X9t+ZTP03XU/RfTBs734Kfzdg+FnV
/yf7d0unfnDWBbovg3dzL+D1F9kT8ap/Lfs/eUD9ooVX6L4fRqy9gr8bsEKK6t/I/oufUn+oWRr/
XDizDWucoUlXfZ7sb/uK+oxLGfy5j2drp7EmEwZlqv6t7J/wjvoyE7Lo3gYemJGF5w5Mz1b9O9nf
q/C1z32bcjl0Hwrda7LGBrq/Un2+7F++FPXD9r2h+wJY8wRr4mDgO9UXyP6RFalf5vaR7kdgxiDW
jIZnCvf/sn8v+/eqTv3RF8Xofgc6fGBNieLsmZKq/yD7v7KmPnNlObpbrmK/CWU/fe9gXSqp/qPs
v9qG+gr2VeneHl52Yo0rDK+uelMS+7e2o75dSm2694M+91mTDcOtVV8I/errbagfObUR3QNg3lzW
BMFcG9UXRh81rSP1K6u1oHsMvNCQNXYwq6Xqi6BPtupK/V/R9nTPhh3OsiYZejqo3gJ97tGfqM/q
50j3Gv3ZXqNY4wujOqq+KPrKA/pQXzm/M907wdltnPn1zjCiq+qLobcvGER9x5DudPeFrQ+y5gS0
6qH64ujdN46gfmz73nRfCSv+xBoPWLmP6kvI/h0mUL/2Tn+6H4Kzn7EmD4YOVn1J2f+uL/UnZw+j
+z1YfSlrgmHeSNWXkv39/ajPth7LXT22a0vWOMLpE1RfWvavF0C91alJ/HsD7ZJYkw6DfVVfRvY/
tZj6zsNn0H0UXDGJNX4w1U/1ZWV/z1XUe1nMoXsIbFuZNdYwfZ7qy8n+RTdQ/8f2QLpHwyJRrImF
S5aovrzsv2Mr9We7BNHdrSv7UxhrAqHjatVXkP277qL+xaN1dC+fxTZ5vw7Pr2A26Q/VV5T9s/ZT
X2vhZrq3gzFrN+NzA7O2qb6S7L/wKPVdm+2k+1hY2WEnfn9gwC7VW8r+zU5S73NpL93Xwy2prMmE
4ftVX1n2vxRH/abxh/nfDX1mHsb7B80J1VeR/SckUX+hbAzdX8JyVWKwP/Q9qfqqsn+5VOr/23uW
7pX2sbknWBMHbS+qvprsv+8u9dZuCXR3hUf6JeC5B32vqt5K9nd7RH33F8l094I5b1ljkcI6pKq+
uuz/4jn101am030DnLk5Hc896JSh+hqy/8rX1G/9JpPu8fBNJ9a4wqBHqq8p+3/zgfqE5Kd0fwdP
3mdNNox6rvpasn9y0eTP/dspr+hebSq7dt4r/FxY5q3qa8v+U8tS37BaPt27wL518rGb+EH1dWT/
alWo7xFdeMDn+ziYf5Y1SdCp+IAv+7qyf3Qt6mf1K0X3YHh0KGvGw+SyqreW/fs1pH7Hu4p0T4QV
SlTi11eGGZVVX0/2f9ec+isbqtP9DbwTzpoo6FtH9fVl/w3fUP/esR7dW7Rnd7iyxgMObKz6BrK/
Yzvqbe7Y0L0L7PqQNTlwqK3qG8r+t7+jvvdsO7rPhfdXsCYEOturvpHsP/sH6mdbO9A9FN5vwRpH
GOyo+sayv3Uv6ned7Ej3yzAtnjWpMKiz6pvI/if7UZ8yrCvdP8Kkiazxgy4/qN5G9h/2C/WFLHrQ
vR6cW5E1tWBUb9U3lf2LjKHednsfurvBEntYEw1DB6i+mewf5k193y6D6f5/ass9Lqpq7eNLMw8W
FhWWHT1JIyc1cZz7BU3MgyTm/XhBQ8cBBhiZmzODooJXUl6lVNLKu6bmJTQtvFOS0sdrxglSVLxk
SqloZlZYWu/az/MsYSnnvP+cf97558ue3/ruWXv/1tqbOcTn+o+i3olhSZLfUfTfMwv8Gd858P4T
9bccND6V+h8j+VGi/+op4G/Oc+P6J+YUuGneRDZW8juJ/vNmgX+yQybkf3kROcGUSfuWGJol+WrR
f4e54D98JBvyKGK/SiS7SGw9TfI7i/4Pvw2+xpULeTxxWxaS5RJD8yRfI/rPWA5+YvN8yPOIo/6K
ZJHEkPmSrxX9h74P/qzNb0G+mVixDclKiOnvSL5O9L9pE/gf9V8CeRWxJHEJecTQFZKvF/332wb+
2Rvv4XOTuOHuezTv1fQcXSv5BtH/D8XgNyvYiOuf2HIFkhUS72yWfKPof34p+Ab9R5D3IZ6MQbI+
xJDtkm8S/euOgj+6YhfuO2L2N0hWQ9xZLPlm0X95OfhzMj/D6ybqpiNZPjHyc8m3iP6Dp8Hf/vQh
yK8QH4pEMg1x6lHJt4r+W3wL/oUdZZA33olcW1pG9524tFzyo0X/26+A33x4JeRdiaNTK+m9QSyp
kvwuov9hN8G3/HYO1y3x56bncXw4MfSS5HcV/dfeBj9lyXeQTyOeWY1kW4hhVyX/JdH/4kZfK/7c
rj9A/gHxhXgkG0y8dVPyu4n+uzQDf/eZX/B3iR2uIlkt0XVH8mNE/1Vh4FdP/gOf/8THZv5B7w1i
TaPE+n530X9OS/CfiGgKeXtieCcksxBrQyT/ZdH/cxHgd/2sOeQ24m9fIFklMfRJye8h+t/bDvz0
pBaQv05c7kWybGJVS8n/h+h/dGfw33rob5DvIGrCkKw1cd7zkh8r+m9kBv/TNZGQ3yTmbEKyncTa
9pLfU/S/uhv4V3pGQf5IHLLnICT/vwNZ3Fny40T/sXHgt/hOD7meGHdLT+MNyKMmyX9F9H+pL/jd
87pAnkI8uADJVhJrYiS/l+h/5hDwXR3+Aflc4gcmJIsl5sdJfrzov91I8N853Bvyz4lxJ5DsIrGw
r+T3Fv0fTAF/X8YgyK8RL2YhWS6xdKjkvyr6d7rAvx46AvJWzZFrnkWySGK+TfL7iP4fCYL/7GY7
5DHE89vt9LvEvBTJ7yv6L5wEfs/+Tlz/xNLXkCydWOqW/H6i/74zwPfd8EG+mLjnNyQLGYscHJT8
/qL/67PBXzI/C/LDxPjlSLaeWDhR8geI/ucWgH9ANxXy74lfvzKVfpcYNkPyB4r+NYvBv1k+C/Jn
K5D6C7No3RET8iV/kOj/X6vA/1vmXMgHENlkYh6xokDy/yn6928AP/7pdyBPJRraIpmGWLNI8geL
/p/aCn5wx3J87hBPlSJZGTHsPckfIvrfthP8FQnvQ76P2MqBZD5i5EbJHyr6H1oC/pHbmyC/Qfyj
6WYcH048uEXyh4n+fz0A/i+Lt0HeZgny5jokKyIGd0p+guj/3S/Bf77rJ5DHEhPiP6H+iSUlkj9c
9G89AX7fM6WQO4lfXEayW8SiA5I/QvR/6iz4WZOPQr6OeHIOkr1LtJRJ/mui/0nV4K9uUwH5EaI5
qoI8Yu4JyU8U/be+Dv6XJach/5H42DEkqyQuOCv5I0X/n/4M/m/2b3H9JyE3epAsm3i+WvJHif5t
d8H/+0NX8b4T24YhWWti5TXJt4n+2cPHFX/gmpuQu4nlW5CsmBjxq+SPFv2vCgU/u+dvkK8gPtof
yRKJ6+9Kvl303yMc/HXVjUYq+SGi/SckY42RJU1G1veTRP/ftgK/fFYzyG8Sf12AZCuJIc0lP1n0
n9sW/D/aPwH5Cx2Q+4xIFktk4ZKfIvr/e0fwOxxuCXkcce4JJLtIDLaWfIfo/4AO/CEZEZD7iNYs
JMsllrWV/FTRf3o0+FND20O+hLjjWSSLJF58UfLTRP/NeoD/wabOkB8gvr0byUqJEXrJTxf9b4wH
/0Q/M+RN+yNDEpEsnRgRLflO0f+rA8FvfKMb5M8RV93pRr3FUI89JH+M6L8mAXz1/DjIBxDdy5Gs
kNikt+RniP7fGA3+cF0/yPOJ3WOQrA8xdKDku0T/6nTwc8uHQP4hsfA8ktUQY4dLvlv0X+YFf0tw
JOTHiTHTkCyfGDta8j2i/7HjwT/dwgF5LfGMCsk0xIPpku8V/T85BfymO1yQdyNe+ArJqoh3vJLv
E/1/PBN8XUIQ8n7EtulBWvdEzXjJHyv6H/wm+CNvT4J8DjG7aTaODyemTJF8v+j/54Xg5y2egfed
2Gs9khURE2ZJfkD0//Yy8Iu6zIH8NHFJLyQbTFw5V/KDon/zWvDPVRXguj+DtFxBslvEwoWSnyn6
P1kI/iOTF+N9I1bPRrJ3iWy55I8T/U8sAt/U5j3IncSKKCSzEG+skfzxov9WxeDbSzZAPoM44gsk
qyS6Nkl+lui/eD/4+fateP+JTb1Ilk08WiT5E0T/I4+Av7PxLly3xAmPI1lrYsUeyZ8o+v/jK/C/
XV0C+UNrkL6tSFZMDO6X/Emi/xWnwH+s50HIuxD3DkSyRGLtEcnPFv13vwB+dPWXeP+Jn/z0JY0v
Qw4ol/wc0f+Fy+A7Zp2A/HVivwUnaN0RE09J/mTR/4wfwZ/X/hzku4lNTefouUFcekHyp4j+I2+D
X3yoGvJviVnHkfz/DvIvS/5U0f/n7ITifzfmOuThGciCLCTLJV68KfnTRP+pIeA/GfoL5F2JLZ/+
hd4bxKpayZ8u+v9LGPjdNt3F5z5x4+679NwjljQaVd+fIfpf/wz4zn4PQ76HWDIPyYJESzPJzxX9
x7cBf8EPoZBvJ75wF8n/70CuDJP810X/V18Av2ReOOTVxC3LkGw98c4zkj9T9J+vBv+qtjXkT+uQ
5hgk60Ns0kbyZ4n+O5nAf7q8LeQxxDPnkKyGmNtO8vNE/8deAr9HsCPkScRd05Asnxirlvz/Ef17
e4LvbqGHfD6xvwrJooh5ZsmfLfoP6wv+ou3RkO8nHtyPZGXE/Jckf47of+tg8EuH9YD8MnFKCpL5
iAlxkp8v+h+UCP4PtfGQt7mNHNC0N44PIx7sI/lviP5vJYPfavFA7I147H0kKyIOHiL5b4r+F2aA
H9dlON5/4pu9hpNH3Jko+XNF/6YA+GOrRkO+gNjzMpLdIkYmS/480f+JieAvy0mHvJx4rgDJlhJr
MyR/vug/azr4B5/zQX6dmBDlo31H/N4v+QWi/2dng//T3vGQty5Bnv8CySqJhmzJf0v0v3s++G3s
UyCPJvbKQLIs4tLpkr9A9P/aIvB7N54FuZ9Y+jiStSZOnS35C0X/d1eCn7n6TcjfIvbZgmTFxOB8
yX9b9L98PfirYt+GfB/RMAjJEolFiyX/HdF/zBbwj15aBvnvxFM3l9H45fT8WCX574r+z+8A/9eZ
ayFvMQv5yoK19Nwjhm6Q/EWi/2l7wW/bfhOuO+JtA5J1J975UPIXi/5VB8Dvd6gI8mziMyeQ7CKx
YpfkLxH97z8G/oQxxZAvIh4bi2TZxOK9kr9U9J9yHPy1j5bi/SeeaVlK+4Y474DkLxP9Nz0Lflnh
EVz/xB93IVkpMfuY5C8X/a+7BP7vfcshb9cP6XsNydKJR09I/grRf69r4Lf74RQ+t4hTa09R76dp
H56V/JWi/8u3wB807wLkQeIby5BsPTG2WvJXif5n3wE/R3sF8uVEazck60Vsck3y3xP9d2xSqfgb
vvoR8iPElueRrIa44GfJXy36P/oo+BWB25DXEl+adpveG8SqO5K/RvTvfgr8P8Mb2ZS8VQtkSSSS
aYi3HrLV99eK/h9vBX7H7SGQDyHqSpGsjBgVKvnvi/63qMAfOiwM8hnE1alI5iO2f0ry14n+B74I
/vTaZyB/n5gV0hLHhxPL/ir560X/N7Xgb1rUBvIK4oANSFZEDKokf4Po/y0r+JXR7TDvgtzbm44T
iGEdJX+j6N/wMvhNqtSQdyKm1SBZLbFIK/kfiP6/7gV+5xwT5IOJF+cg2btEQ7TkF4r+xw0Af8Rz
3SCfSHxFjWQWYvBlyd8k+m+ZAP7MvT0h/5D46jEkqyTO6yX5m0X/u2zgbx3dF/KDxKtjkSybWDlA
8j8U/Y9IA7+q0RDIQxoj5z2BZK2JlcMkf4vo/3cP+CGrEyHvQOxahGQlxAi75G8V/S8dB74+NgXy
UcTkwUg2mrgyTfI/Ev2/NBn8UZcyIG/xPfKfd5EsxIWs8Ur+x6L/s6+DP3tmAPJi4rCVSFZITB8n
+UWi/ylvgL+t3STIq4lruyBZL+L3kyV/m+j/+YXgnz84HfLGh5BDTiLZRWLkTMnfLvrftxT80DGz
IbcQB01Eslxi7BuSv0P0n7wGfPOjBXjfiZNaFdBzgzh1oeTvFP03KQQ/qXAR5CuJvQ8hWQUxf6nk
7xL9r/0Y/Df7rsJ9T1w5CslcxFtrJH+36D9uD/i7rq+H/DQxu/EGHB9KHF0o+XtE/9/tA//i3C2Q
PzkPOX7FFuqfmP6x5BeL/vMOgx+m3Ynrnrj0ZSTrQ1y5R/I/Ef2/+BX4Xb7aC7mHGP7NXlq3xHn7
Jf9T0f+Rk+CnBg5APpd4NfcAecTKw5K/V/Tv+gb8gvAvId9HvBaJZBpizb8kv0T03/wy+J9sOw55
DXHf58fpvUGMOiX5n4n+N98A//uhZyFvPgz5Z+pZem4So76R/H2i//614IfXXsL1T3Q1q8bx4cT0
K5K/X/R/40/wYxZdg9xO3LjuGr03iHduSL43M9g52Zdpc/sCtkCaw+1Wjwl4Pey/+tHwj8lgAPLP
/TSZ9TqmNeqMZrPJYDYamUZr0Br1LELz351Gw5/MQNDuj4hgfq83+J/G/V/5/9PPJJU3QxUd9Gc6
olQOv9/rV0WrVFEqtzfFwf/iK4MfuLz2FH7g8XocypE9yeHCrG7V8O/T+NhoVb+h8bHxL0e84ojz
+pMdEYMGJ0ToNSYNzwNuVbTOEqVK8TvHOfjPaPUanSZK5c/0BJ1u/mNaHR/HT+PyJtldyld+W9CZ
nGHzBHim0Rn4GVzeID/Q8TUTpRpv97szfapoo3Lgc/id3hRbZoCOUxz2FJfT46j7JuBzeuBIB0dB
v8Putvm45XcGJ6iiOxmjVE4PXwp8Mvag4jlsHn4P6g3Be5Tmt/vSIeLnstY/tgUn+JQvJ6kyHH6P
cousOThn2zi738nPDPfQlpyZ5LIH+A3xpU9QRqem8sCgsZr44AnuJK9LuV5+tVxweDx8ZLRBuekT
HH78M5CZlGz3+51wbNLqolRj7cqtNfITuFJ8ybbkJH6kowNnEMbp6dDvHc+PLHQ0kQcWAx0kpfHf
5ad3prntOlW0Rq3RWPFj5uMDDkcK5hlOnw2uAO5IjnLffH4v/1mv2+dyBB0ptpRMv9OTZuPN8tPc
y2l18S8cWY7kzCBfBTaf1+uyBZwTHfB9stfvgN9QuqpblqnOVC+fswb/giDV7grwxO3y8gVS/wu+
Hn1On8Pm8Izjd7tz0O3rHEjqpAwLBB2+TjxXe4caxvR0dVaGqdBI9nqCfj4Rn98RcCg14e/y+duU
h0PQlhlM5mfTaXSmTlpNJ41usNYcrbPyltRGo3WECoc6PCn/dqBRbdXcGzje7nLRiWFtm3lm0mmN
Bn4yo9Zo1mvrjVPOKo0ycupMBp2yRPwOfstSlGJwTyjd+JRDjbJiMj3J6XjXA/CNsqf4454OvEE7
n0X9HeV2BgIOTJU/bX6+EeAI5wpngi00SeWpc/ifBjWfjbX+h1do1PDVqebzrP+9mQdWHpjVRpPu
gcDKz6pVm81aTd1HC4FNiUxqq9lAh8qxVW006OoN5Uvebc9qKMi5dzt4xcnOgNPr+XcXYtHXn5al
7kKsGo38W3QhJp3+gQAvxKKvP4l6F2JWa/T6BiK8KNO9fUe3UlzUfQG/KN5LmiOoXFTKf6inE9/K
Znn68JPKhSmZySxnBro2JTNa5ExPlweZ8d4lSYf1jmHqeJAjL8kGZ8oHyuulbinxSG9+MLJiZLhv
mlqapjxLk1ovrS1NvdVkVVvM0orU0+wfDOquJFnZoQ1dCF/FRt39c1UuQ6/Wm8QmUJ4eJpqo1qrW
as0PXAEsF6PaoG9oS+BSMlhM8oLF5fJAUDfroFc81hreAnrL/feItoBRWn+mur1saeCu4l62Gh/Y
G2IvW6UbJO9rs1bO7u1rOcjBd0nDFejE5tVp+YazmO/7MSWwaPgZTfdPkLek44G2brp6o5U/yeo9
GSx109WbdPzhYHywggcDqIC/1JMn2FL9XreNtm+Ds9cb1PJOEBejM/CLuX81wMXw5W203D9H5WJM
/GlraKgGvcmkvv9pc++6zGa1zqCRMryuB4Ic5c3sDwRt3lRbmsPj4C8O5Qnb4GtDwwcnw2s71QlP
LuX7une9XdmzyjnN/DWoNWn409XMF5ryKrL5fPzfnE46ndpk4U9p/j2fBV+T/HKS4BVp0mrUJpNF
YzAbdBYt1/l/Zza/I7Xey1Nr1Rl1en7ZfI0GMdPz7c1Xh0ln0uh1Rr7r/5edsw+Lssr7OBUpIRUZ
mS9Yk2JhAs49c8/MPQWJSaZGqwkWJYXADAw6DgiDomH5gkWJhuULtVpUlrixZUotKVtWZvSm1Fpi
UQ+2tFlSD22YtmLuOb/zPTonVut5Li//Wcfr6sPcv/OZl/t73+cNrtxsRsBfzrDyN3YX5bkyCqeL
QxanJc7J393QdJvT0M2GbMHODLWwGQa/8XSbxv5j0S3UCbLZzKw8l98jBnJ2kB1zu9iMMOCwRbOy
LzLNXeDP6FbT7A5WwwXCrhBfBm/Hn2rq2cwv8p/wdOqa2W5YbQ6zQ/v1+WRXjVVjH9dpMQwnPzVZ
mHTrTn4bWB1sGLBbnfzk/PqE2iyGzeHUDc2unFCN/bPys6prASfUYsTZup1SQ4vTzA6Hmb23xaEb
Tku3U+pgN6POwnU6Nd3hcNrt3U+pbv3Pp9R+4lNqc9AptVkCz6iNTxX8s/LZqczz+QPmoMePHT91
7Mw5NIvutNvY9eBgcxNn4NRWdLY0N6MFyPFK4Czt+NGAidrxg+K2+k8z52xPsW9a9+a+vCJ6T21u
6O9b/3Vf/2e62PKsKLNw9inbCeBX7UnW/xa7XQtY/zvY+t/ObtUz6//T8VDW/yV5/B7OZLGzVQxb
CLK1I1/Zz8ovnIY9ALnYdxXzJbEWsPaeXiSfs6espcudk1ns9Q8SB9gS2FssVhP0tDDTl0tdv5e9
nZ+O57J39rv5k1g+WSxiaxufi61C3DOK2VHcL/IoLV/4nc8meE7NabbaNTkayiaZ2fyeQBuH02LW
MYFknYKosVGY/5Dvk70k69PYsMN6O81pZT1VsS+Pr4503SK3GzJwSJNfm3of9iyf3TN8zXbsqBk6
P5LBF+Aam8UZNs3M+kWHhX0Ui9Lg2Kfl7XTNauPt2IyDjSOiHTu/rBfL9FELw2xj/Y5hczpY92u2
BLTIEw1Yh8zmP3LAtwU0oBHcxua0hpW/tD/Hm1/Av2OclXXZdrvFoVmdZgcb3VggWfLD+4q9XjbG
Fxz/kVlU5K/LZysO9uXYAKHzr5U1m8UYUDXHYEck8CDtNMwR+yX8h8CcsRnCj7LTUsyDFoe83ukZ
BZmFmdOVy+L45FNpIVUclTsoGl7Hk+dyuX3HyrPcebkefwZ99mMHi9gEn+9n5M/yHdtimCmWj1Si
r4ED7KKbKUyXe2Zetlu8VAZbIeRnZ9LntFh1w+A7WXOxWWYmZvgy+fbXSXbOeKPi4jx+/904YVKs
1WV2uzXdFWu4NS1W122WWLfBnjqyMy3ZWWY9057JdzZyCt1udslMz8hy54iNFTazt9jshq4bcv3P
yvw4W9zqutnBZ+7Zxa7MDOzJZfCBgG4P7M1RUezfBdTEPl7RbB/f++BNkugEpPDRr9jrvp7PT/J8
uSmsgWmYiTdIoe03fsBTmO9jOZsyc1hfY3JnZntMdH3EiJ6GXa9+D3vVUZOuTx6ZkpF0w+iRk5JT
M24emTrGFD16ApsymXz5ptTRVstQpnho/jPIkamxU2Bz5LA7jXc//MTZHLpdbPbg1vd72Edw8Qsy
2+3zZ/LOaJCNn2z6jjzTLK87Q0R57LIXM1qxXdl9l8dsi2M3Ad/l4Zs2J2rFVnqG3cZb8RZ8k5Jv
VPHRZXhR1vCTDcfZRTMH/d5h/Xc/+BvmnuANvfm5p+Q9fmP8Z/N82/Hx32Fn4z9blelnxv/T8TiW
9jUmurpNd/8fh3sMt8eGdmXol90cu8p+fZWf6KLjk86T3Bwn0vjNIcaM7oNF9yEicDDo1qHzBi43
7+VcfHSSAwUbkPnOhjq4aGa2pNRsBh/31CHEYrYaulVz6Ly7x3sEvCqGC+uvBkc2I+HdBv0i5Ngg
i4N870hj0xe+jyB6x5MMw3NDA5J15fvcJhlrArkmHmkCOy/U3xYlsIW0CXvCCRqfDZhN6CnFc80w
BUxXEmg6Y+o+gUHhV9OhBLOJzy0TMKU81X3Ymcf///Eb99QpeY/f6P/ZxNzSrf93WM70/6fj4c8o
iqHbOCbgZg7V4syaNYZNr9jtbHOajVBLnJl1VeKAbteMUCtrYWPPxAGrLZStsljvKg8Y9lAba+GQ
isNmCeV7jRpa2MxWPdQRZ7YYaKE5bHqoIRRqYbU49VBnHN+uxIsazlCN/4bADoV1yOwI/6i6dAy7
I1Tjn1U79lnZJ9H4hzXky5gdrI0e+MJOizVU9HkxmlkccVj/Szqp7vf/qZr1HX/81v1vsZsD7n/W
jg1kNvuZ+/90PFj2JhNNC/ifd5hMJuViYM9Nx7bxTQVsjsAf1jjDaipwOumJLU6z8ydx8imbOUzP
LDHJZ5qpuMhUagr4/at8HWucw8oqfPtSHLJYrHEWdoT/9tlkHs53u03YLDWxGQT7BOb/krvy9D26
3/9Zeaf4z79Ofv9bHTzn7vf/mf3f0/LoPEtwUv5zPeL4/79j+5olj/G/D2wEd4HN4NpqYjD8A/CL
wzeR/27uM6KdBywAS8CW9YJ4/AR/xYubyT8Q8mdRDwMjwEiw5QXFPwj/pYlvkH/Fn+pEvRasA+tB
U73iH4L/8Y/vkJ98U4OoJ4OpYDoY+Zri/wz/wPIPyZ/V/qaod4CHwKBtgvrbiv8v+JfY95D/1JL3
RL0SrAJXg64din8Yvm13K/kfxP1N1M2gAcaD9Z8ofpfMv2Qf+Yd2firqTWAz2ApWf674R2T+/TrI
j5rxpaj7wVJwHmj6h+L/IvPffJD88b2/Re5gJGgC532n+Edl/pOPkj9n0w/IHWwAt4LlnYofdDby
7+rRk/vPpP4s6mngFNAF1nUp/lnwD6y5gPymA0FLRe5g0FmCweCG4KWB/tnwLxnRh/yulSGiXgVW
g2vB8DDFPwe+rXUg+VcZ4aIeDyaByWD4xYofDH/S/CHkT9xzqai3gG3gPjB1gOKfC794UCz5c+dc
LuqlYBlYDo4ZrPg94K94Uye/ZsBVoh4JRoExYMUwxe8J/yVXPPm7GuJEfSvYCL4PVmqKHyLzPzeJ
/KN32kV9CugBveA+p+KfJ/N/9ibyrz6agPp1giFgGNiUqPihMv8xKeRPqr4BeYO14AYwdazi95L5
f3MH+fNG3ozcwWRwAlg+QfHDZP4PZpFf+2UqcgfbwQ6wNE3xz5f5D5tK/u6F6cgdrAArwbQMxb9A
5v/+DPLPHuIS9WjQDBpga67iXyjznz6b/Njt05A72ATuAqPzFT9c5n/BfPLTcouQO1gA+sH4mYp/
kcz/hXLyy0LuRt5gBNgXnHeP4veW+d9SSf4L6xcgd7AOrAc99yn+xTL/f64i/9NxDyJ3MBVMAzcs
VfwImf8jT5B/bvsy5A0eArvAxuWKf4nMX19HvnnJo8gbrAJXg5FrFL+PzP/j58mfHPckcgcNMB4M
Wqv4l8r8Z75M/v07a5A72Ay2gAW1it9X5n/pq+RvLNiAvMFScB44ZpPi95P5179F/ucX1SN3MBI0
gfs2K35/mf8dH5Afsuk15A42gNvA8jcUf4DM//Au8q2pbyNvcAroAsPeU/xImf/qFvIzDuxA7mDQ
TsFg0PuR4g+U+Se0kf/gyk+QO1gN1oAFexT/Mpn/F/vJf8nxBXIHE8EkcO1exb9c5n/vj+S3Nn+F
vME2sB1c/Y3im2T+psPk95rzHXIHy8BysO0Hxb9C5v/62SHcdww4gNzBKDAG7Dio+INk/tmh5Gc1
dIn6VrARfB/Ugx4K9AfL/IN7k7/kzmBRnwJ6QC8Y3VPxo2T+z/Qjv/6XXqiHCYaAYaAnXPGHyPxH
X0H+35+4WNSrwRqwFizoo/hXyvy/jib/wpEDRD0JTAYngI2XKf5VMv9yM/nXfDlI1NvAdrATrBui
+NEy/6EG+e6FV4t6GVgBVoKeOMUfKvN/dwT5lVEWnGfQDOpgiE3xr5b5e28kf8tbTnxPsAncBZYl
KP4wmf/548n/OmckPidYAPrBiBsUP0bm//yt5PcOGYu8wQiwL+hKVvxYmf/4u8hPWD8BeYN1YD0Y
mar4cTL/Djf5nnFpyB1MBdPArsmKP1zmv2w6+Y/sz0DuYCd4CKzOVnyzzN9STP5rFbnIG6wCV0tO
U3xN5v+3UvK/jc1H7qABxoM1hYpvkfkXl5F/yc6ZyB1sBlvAyjmKb5X596kgP7HgHuQNloJloGeh
4usy/788Qv60i+5D7mAkaALbH1B8m8w/7Y/kr9y4BLmDDeBWMGaZ4ttl/j8/Rf4bKSuQO5gOusC+
jyq+Q+b/2J/I/65zNfIGg9YIBoP1Tyq+IfO/diP5fVeuRe5gNbgW9K5TfKfMv+UV8kc5apE7mAgm
gRteUPxrZP73vE6+r3kT8gbbwH3ghpcV/1qZ/+XvkP/Y7C3IHSwDK8CqVxU/Xua/tYn8t/q/idzB
KDAa9G5X/ASZf2Yz+R1b3kXu4DawEZy3Q/Gvk/mf3Ur+gDs/EvUpoAf0gtGfKP4Imf/TX5M/+pc9
qH+K/hYMAxs/V/xEmX/S/5Jf+MRe5A7WgLVg0FeKP1Lm/9VP5K9J/AZ5g8ngBDCyXfGvl/nf/wv5
jXs7kDvYDnaA6Z2KP0rmH93jPO7/uOAQcgcrwEow9bDiJ8n83zmf/MuigirFeQbNoA6WBVcG+jfI
/KdeQv64t3qKeiPYBO4Cq0IVf7TMv9dA8otzLhR1D1gA+sHm3op/o8y/Nor86p6XinoIGA5GgM39
FH+MzP/mGPLfq7lM1GvBOrAeTB+k+GNl/t9byf9p7JWingymgmlgzVDFHyfzr7yW/EH7Y0W9HewE
D4FbzYp/k8xfG0X+zRU2Ua8Eq8DVYJeh+Mky/4/GkV8Sm4DcQQNMBIMSFf9mmX/RRPKf3pGE3MFm
sAWMH6v4f5D5R9xB/o78ZOQOloClYOJ4xR8v838pk/yfw1ORNxgJmsCq2xR/gsz/1jzyh2ycjNzB
BnArWHaX4t8i8z9YQP6ElGzkDqaDLrArR/EnyvwfLSH/7s6pyBsMmiYYDBo+xU+R+V8zj/xnVxTi
e4LVYA3oLVb8VJn/Z/eT/6F9Dt4HTASTwOq5ij9J5l/6EPlHds9H7mAr2AZWL1L8W2X+A1eRHz37
AeQNloHlYOsSxb9N5v/q4+Sn9F+G3MEoMBrseETx02T+Gc+Sf8+WKuQObgMbQWM1Uf7+43aZf9Dz
5K9PrxbtpoAe0Auan1be/w6Z/1Mvkf/xkXWo16AfA8PA6ucUf7LMf9RfyQ964gW0A2vAWrBjo+Kn
y/zbtpE/LPEvyBtMBlPBXZsV/06Z/6L3yb9176vIG2wHO8C61xX/Lpn/lbvIn79gO3IHK8BKMP5d
xc+Q+b/9Gfl/HrwDuYMxoBks/0jxp8j8PX8nv3nbx8gbbAKbwapmxc+U+Z+3n/xzcj5H7mAB6Adb
WhU/S+b/3D/Jj+v5FXIHw8EIsPlrxc+W+Sf/i/zba9qRN1gH1oPhHYrvkvl/d1Yo9xeN7UTuYCqY
BpoOKr5b5r/0PPI3fHsYuYOd4CHQdVTxc2T+wy8i/7PF5ywTuYPLwSowvceyQD9X5t/Ul/wesb1E
3QwaYDy47wLF98j8Z5jI13b0FvUmsBlsAZP6KH6ezL93NPnp+f1FvQAsAUvB8oGKP1XmXzec/PLw
QaIeAUaCJjB+iOJPk/lPcpC/6cWhol4HNoBbQVOc4ntl/j9dR/4XEzVRTwXTwSngal3xp8v8V40m
/7xOQ9QPgUFOwRAwMUHxfTJ/4w/k6ysSkTdYDa4FD41S/HyZ/55J5E+xj0HuYCKYBG5IVvwCmf+c
O8lfvHs8cgdbwTYwKUXxZ8j8B7jJf7nkNuQNloEVYNBkxS+U+f/VS/7efhnIHYwCY8Bgl+IXyfzv
8pMftiUHuYPbwEbQP1Xx/TL/o3eTb6T7kDfoAb1gWaHiF8v8qxeSn32kGPWZyB0MBytmK/5Mmf/I
xeQvfXwucgdrwFoweb7iz5L5f/kw+a+MWITcwTFgMhj0gOKXyPwXPkZ+W2sF8gbbwQ4wvlLxZ8v8
o54iP3zBcpwnsAKsBNNXKf4cmf/29eRfO3g1cgdjQDNY/YTi3y3zz32R/JxtTyNvsAlsBqvWKX6p
zD/kFfKXuZ9D7mAB6AcTNyj+XJn/+q3kN/TYhNzBcDAC3PWy4t8j8x/XSP6+dZuRO7gBrAPrX1X8
e2X++3eSf/HYN5A3mAqmgUHbFX+ezL9iN/nXffsOcgc7wS6w/gPFny/zj/0f8vMWf4jcweVgFVjy
ieIvkPnv/Af5y2P2IG/QAOPB9hbFXyjzL/ie/Nc+aEXuYDPYAqa3KX6ZzP+in8jf79uH3MESsBQ0
tSv+Ipn/xiPk9wnvQN5gJBgFTuhU/Ptk/inn9uL+yBcPIm+wAdwKhhxW/Ptl/p1h5HsnHkXuYDro
AhuCHw70y2X+KyLIX/VjD1HvBLvAoJ6CJaGK/4DM3x5J/pvLLxD1KrAaXAvG91b8B2X+zYPJ/97W
R9QNMBFMAlP7K/5imf/sYeT32z1Q1JvBVrANNK5Q/AqZf38r+UklQ0S9FCwDy8HwoYq/ROa/5Rry
8/vFinokGAVGg36z4i+V+adfT/4fN+ui3gBuAxvBYKfiPyTzPzKW/O2T40U9HXSBHjB1pOJXyvwf
v4X8H7pGoZ4kGAKGgc2jFX+ZzH/E7eRHPn4TcgdrwFrQPF7xH5b5751C/o0jUpA7OAZMBsNvVfxH
ZP4LPOQXtd6BvMF2sAMck6H4y2X+gwvIf3x+FnIHK8BKsNOt+Ctk/ttmkf/OoKnIHYwBzWC4T/FX
yvzd95Lf+eYM5A6+DzaBerHir5L597if/Mvds5E3WAD6wfC5il8l81+3lPybesxH7mA4GAF6Fin+
ozL/MSvJn7muHLmDG8A6sHSx4j8m8/92DflPjqlE3mDqv6my/+gcCzeO45PJ0rBEVq1MVoYlMZqM
Vg1Li6nFsGpYWhlWDSuLR62MVg2TYWpltGpYWUxWhpVhshjtq2HVMLUyv2ryVN/jut/XOa6/Xufs
2vvcz7k/7J8HY7BiselX6P5vrpa+4tRSdsfz6MbS5abP0f2D1kr/14L32R2zMBsDVpl+pe6/t0j6
24I+Ym8MwVD0/MT07+n+U0ukH753HXtjNdZg2eemf1/3b1sm/UtTN7I7pmAqhm82fa7uX7hH+ry2
X7M7+qIflm8z/Qe6/8gD0u8r/Ia9sQRL0XeX6T/U/c8dlv7vkXvZHWMxDgMrTb9K98/6Wfo7zlWx
O7rR4yD/fqtNn6f79/1V+pFZNeyNuZiPEbWmX637HzojfWrfOnbHMIzA3HrTr9H9Z16U/qNDv7E7
1mIdFvxh+o90f99m3pf7/TPPsTu6MA29/jJ9vu6/2Uv6f30vsTcGYCDW/2P6j3X/sT7Sd/vyqsXO
7liG5VjpufjK/hPd391R+uhxrZx7LMZjAga1Nv2nuv/KTtLPcV/HvZ2jF3pjUgfTF+j+g7pK/8nK
G517LuZjIcbfYvq1uv+xntIfGtTZuYdhBEZidoDp1+n+rn7SN6sNdO512ICNWNzD9Ot1/86DpA+a
28u5p2EGZmJMH9MX6v7bB0s/+rYQ5x6AQdgLawaY/jPdf+Ij0r+64z52xwqsxMAHTf+57t/icenX
xQ9lb0zCZGwaZvoNuv+aWOn/12IEu6MP+mLtSNMX6f5D46X3/GgUu2MhFmHsWNN/ofvXT5b+rogn
2RujMQbTx5t+o+4//0Xpx556mt3xPDZh4rOm36T7d58l/esLprA7ZmEOxiaZvlj33/Oq9J/1mM7u
GIwhmPWS6Tfr/okLpK+pSGVvrMYazJ1j+i91/zaLpG85NY3dMQVTsWme6bfo/uuXSd+7bQa7oy/6
Ye3bpi/R/aM+kP6JwsXsjSVYitFLRf3+4yvd/0y+9PNHruD3MBbjsOA98/yvdf9FhdIXnf2Q3dGN
HqvYdY3pt+r+fYqlP7b4E3bCHMzFqHWmL9X9q7ZK36rv5+yNYRiOjV+YfpvuP32n9H0PbWZ3rMV6
DP3K9Nt1/477pB8/cxu7owvTMKrM9Dt0/+JD0mf47mJvDMBATK8wfZnuP+ao9Js2V7I7lmEFplaZ
/hvd/+/j0v88tprdMR4TsKzG9N/q/it+l761+xj3Wv6OoTdW/2z6nbp/6AXp+688yd6YjwXo95vp
y3X/I27p4wedZneMwCj0OWv6Xbr/bM/Wl/t3jv3J7liPDRhzyfS7dX9/b+m/dP3L3piBmRjdLOvK
fo/uv+166Y93vtq5B2AQ9sK8a0xfoftPuFn663a0du5lWIGVmOlj+r26f/Mu0ofGd3DuCZiEyeh7
o+m/0/3zukv/TItbnLsX+mB7jPM3/T7df3Bv6RetCXDu+ViIRejqavpK3f9Ef+m/Ghrk3CMwCqPR
7y7Tf6/7z7tf+vr6Ps69Ac+jG/PuMf1+3b/bQ9K3XzDAuWdgFmZj/SDTH9D9d0dJf1+PB9kdgzEE
3YNNX6X7T46R/rmKYeyN1ViDIcNNf1D3946TfsmUR9kdU9CFYaNMf0j3X/uM9KVtxrI7+qIfJj9p
+h90/+HTpG9YP57dsRhLMC3e9NW6/+kZ0ncc+Sx7YyzGYWWi6f+n+2fOlv6Bs0nsjm70fN6x/EXT
H9b9e78h/ZTFKeyOOZiLCbNM/6Puf+At6bODXeyEYRiOXq+Zvkb3T14ifdnBeeyOtViHJW+a/oju
32Gl9KdnvMPu6MI0DF9k+qO6/8Y86W/yXcreGICBWLbc9Md0/9EF0g/e/B6fE8uwHN0fmL5W92/a
IH3S2DXsjvGYgMEfm/4n3X/ZFulzLq3lOei5jveO8Z+Z/mfdf8AO6XfmfMHemI+FGLPZ9L/o/jW7
pT878Ct2xwiMxOxS09fp/q/sl/6WY2XsjvXYgEU7TX9c97/1sPQRrgr2xgzMwsZ9pj+h+2/9Sfrk
zlXsjkEYjA0/mP6k7h93Svr3t//I7liBlRhca/p63b/ZGel3T/yFnTARk7DihOlP6f4fNkl/wfM3
9kYfbK/+bvpfdf9wjzaXe/81Z9kdC7EIUy+Y/jfd/3hL6R8e+je7YxRGY8U/pm/Q/d9oK/3M+mZL
nPeM57EJSzyXXNn/rvt37Sj9h/Ovce4ZmIU5WOtt+j90//Jbpd/b/TrnHoTBGILu601/Wvd/9g7p
m/b4OvcKrMJqjPIzfaPu36qn9F2m+Dv3JExBF4Z1Mf0Z3f/TvtKPaBPo3H3QF/0wvYfpz+r+jwyU
/uX1dzn3QizGEkzrbfpzuv8f4dKvjrrHuUdjLMZh+b2mP6/7vxMpfeWZQeyObvS8j8/zgOkv6P69
oqW/tGgIu2MO5qLPMNP/qft/P076rsHD2RvDMBy9Rpr+L93/hYnSP3rwcfbGWqzHXmNM36T7Xz9Z
+ldmPMHu6MI0DBlv+ou6f9EL0ud3fJrd0R8DMD3B9H/r/qNelv5AcSJ7YxmWY+Y001/S/f+aK/1/
Y5LZHeMxAStmmt6t+2fPl777pVnsjp6pvHcsnmP6f3T//gulfzznNfbGfCxE73TT/6v7H86W3jXw
TXbHCIxEn7dN/5/uPytX+k+PLmJ3rMdGTHzX9B7N2d8vX/of5ixnd0zHDIxeafpm9Be+Wi/9VZ0/
ZG8MwmCsXG36q+g7PLVJ+ju3f8zuWIGVGLDW9M3p+3pslT5m4mfsjomYhCFFpvekf/yDb6V/zXMz
e6MPtseaLaZvQT/9ge+kX7e6lN2xEIswocz0V9Mv+eWg9IeHlLM7RmE05u0xfUv6L9KOSN+ifp9z
b8Dz2IRl+03vpfvfflz6XvN/YG/Mwmz0+tH01+j+3zZIP677MXbHYAxB90+mb6X7J5yX/o09J9gd
q7AaQ34z/bW6/zVu6T9P/IO9MQVTMeyM6b11/0+at73cH2n9J7ujL/ph+kXTt9b9H75Weq/1/7A7
FmMJujzevbJvo/s3tJO+T1QL5x6NsRiPgV6mb6v7v3WT9E+e8Xbu59GNHq0dK9qa3kf373mb9AsW
tXfuWZiDuejta/rrdP993aT/oo+fcw/GUAxDz06mb6f7P3+39LVVXZx7NdZiPWZ0Nf31un+7/tJf
O6OHc09BF6ZhTU/Tt9f9N4RJ369jH+fui/4YgPV9Td9B94+OkH5C8b3OvQTLsBy9B5n+Bt3/wgjp
3xrzALtjPCai/xDTd9T93x0tffHfD7E7eg7juRj7iOl9df97npL+lxUj2R3zMB+Tok1/o+5fPUn6
NgPHsDdGYCQWxpr+Jt3/5anS33s0jt2xHhuxIN70N+v+N8+Q/uk5CeyO6ZiBdYmm99P9S16RPtM/
ib0xCHth0wumv0X3f+J16bdsm8nuWIGVGD7L9Lfq/v9mSH9iwhx2x0RMwl6vmr6T7v9+lvTXec5z
7l7og75YM9/0/rp/WI70A1e/zd5YiEWYulDU7z866/4/rZI+Yci77I5RGIPFy8zzb9P9X/tU+sUn
V7I7NmITFuWavovuH7BB+q/TV7M3ZmE2hnxs+gDd/5svpT/VbS27YzCGYE6h6W/X/Sdtl77DniJ2
xyqsxrxNpr9D92+5W/qwxBL2xhR0YehW03fV/fO/l35y6zJ2R1/0x8qdpg/U/R/6n/TvrtvD7liM
JRi4z/TddP9fa6XfNuIAu2MMxqL7oOm76/4Z9dL/3njYuZ9HN3r86Jh81PQ9dP87G6X3XfQzu2MO
5mLYCdMH6f7f/SX9g31+ZXcMxXD0O236O3X/af9JP7XqDHtjLdZh0wXT99T9fVr6XO6XTb/I7ujC
NGxym/4u3f+zNtJ/c0Ozpc7u6I+BWO659Mq+l+7/6A3SN27ycu7FWIplWNDa9Hfr/udukf7mMT7O
PRbjMQED2pu+t+6/5Hbph/zd0bm70dPX0RuTbzZ9H92/353SP7+ik3PPwTzMx5gupg/W/X8Iln5l
aFfnHoYRGIn5PUzfV/dPCZW+/EhP516L9diAdb1N30/3vzFc+nOz+zl3F6ZjJrr7m/4e3f/Lh6W/
1X8Q7xmDsBfW3m/6EN1/3GPSP7RtMHtjBVZi6DDT99f93WOlnz7hEXbHREzC4CjT36v7vzdB+tzm
j7M7eqMPumJMP0D3v+856ffkxbITFmIxpj5l+lDdv/Z56f8cHM/uGIXR6JFg+oG6/9yXpO98cjK7
YyM2YcI00w/S/W+bK31k+ovOPQOzMBvjZpj+Pt1/R7r0Kd1msTsGYwjmzzZ9mO4fnyn9qt2vsjtW
YTXmvG76+3X/FtnSfzd5AbtjMqZg5lumf0D3/+h96S96L2Jv9EU/jFhi+gd1/4iPpA9Yt4zdsRhL
MGSl6cN1/1PrpI8a8QG7YwzGon+e6Qfr/gs2Sj+rMd+5n0c3en7M+y8w/RDdv8fX0q9ZWMjumIN5
2LjB9EN1/4pvpP++dzG7YyiGodcW00fo/lP2Su8+sJXdsQZrMXqH6R/S/dsclD5w+k72RhemY8Ru
0w/T/QtrpH/shn3sjv4YiA3fm/5h3X9knfSzNx1idyzFMvQ+bPpI3f/sb9J/HHOUvTEeEzDyZ9M/
ovsvPid91cXj7I6eJ3jvGHXK9MN1/+BL0nus+J3dMQ/zMf6M6Ufo/gevuu5y3yP0AntjBEZi7kXT
R+n+M1pJP+qIm72xHhuw6D/Tj9T9O7aTfu5sz2xnd0zHDDzfMvvK/lHdf/ON0hd08nbu/hiIQXi+
jekf0/3Hdpa+uvR6516GFViFyR1NH637XwqUvvmEm517PCZiEpbcavrHdf+cXtL3bN7FuXuiN/pg
3e2mH6X7DwyRfkxed+eej4VYhH49TT9a9z96n/Rpg3s79wiMwmhs38/0Mbr/nKHSrz/R37nXYyM2
YdQg04/R/f1HSP/jvPvZHTMxCyvDTT9W998+Svqruz3E3hiMIVgaafpxuv/EJ6W/e3cUu2MVVmNQ
tOljdX/PSdLHTo5hd0zGVAyINf0Tuv/qKdLP845jb/RFP0yYaPondf8h06XfsPYZdsdiLEHXc6Z/
Svc/mSr90eHT2AljMBbLXjB9nO6fnib9NY0z+H+GbvSYSf+S6cfr/t0ypA9eOJu9MQdz0es100/Q
/fcslv6p3m+wO4ZiGHrNN/1E3T9xhfRvHniL3bEGazFqoenjdf/Wq6TfmLzEuaegC9MxItv0T+v+
6z6R/qcOK9kd/TEQq3JNP0n3H/G59N6b8tgdS7EM/fJN/4zu37hZ+ntiCtgb4zEBe603fYLuv3Cb
9BMvbmB39CzivaN7k+mf1f1775L+7eVb2B3zMB/Dvjb9c7p/VaX0mwfsYHcMxwgs+db0k3X/6dXS
19XsZm+sx0Ys3Gv6RN3/hlrp287ez+6YjhlYeMj0U3T/TSelH9DpMLtjIAZhwhHTT9X9Y05LP6n0
J/bGCqzE2OOmn6b7X/xT+oXjT7E7JmIyhjaYPkn3X/6v9CVXnWF39EYfjLtg+ud1/wFXt7vcn1zV
xO5YgIWYfMn0L+j+R1pL326wxzJnb4zCaCxvvuzK/kXdf3YH6QedaOnc67ERm7CklemTdf9Ot0j/
7Ly2zj0dMzFLf97e9NN1/9IA6bMCOzr3IAzGEIy6yfQzdP/xQdJv3XWrc6/AKqzGyNtMP1P3vypY
+l+fu8O5J2IypmJYN9On6P6rBkh/g3dP5+6DvuiHqb1N/5LuH/6g9Pev7evcC7EYS9AVYvqXdf8T
w6RPHD6Q94QxGIvB95t+lu4/71Hpl54OZ3dsQo/BjqVDTZ+q+weOlX57ZiR7Yw7mYniU6V/R/XeN
l/6Pu6P5nBiKYZg+2vSzdf/nnpX+xgPj2B1rsBZznzT9HN3/2uelD0+e6NxT0IVpWDfJ9C7dvyBF
+mkdJrM7+mMA1k0x/Vzd/xGX9Ms3vsDuWIpl6DfT9K/q/qfnSf/t6JfZHeMwHgNfMf1run/mO9Kf
aZrr3N3o+aqjF6a9bvo03f/updL7LZ/P7piHBZiUIer3H6/r/vvfk37ogIXsjuEYgY1Z5vlv6P7/
p8r+o2su/DiOj1ZGo2FqMlqZTA2TldHKMBqmlkYrv1YtplZNVsT1bWW0algaRothaVhamVoaVi2W
VqamhqnFaGW0NNxq8j3en+f7HO+/HufsfZ/nbp/X2T07ZzM3SP9sTTZ7Yz02YESO6V/R/X23SL96
Xi67YzpmYNx606fr/tu2Sf9Vt3x2xyAMxqzNpn9V9x+/Q/qmXe+zO5ZjBbq2mv413d9dJv0Nj3zM
3piEyVjxqelf1/1XVkg/quUudkdv9MHqz0yfofsPqpL+ufW72R0LsBD99pp+ke5/+LD0ayO/ZW+M
wTj032/6xbq/65j0FccPsDs2YhOmHzT9Et2/60npzy88wuswE7Owptb0mbr/zjPS3xR0nL0xFMPQ
o970b+j+U/6RfsxXDeyEVViD2X+Yfqnu36Jlx0v9C080sTum4GwMcZv+Td1/XWvp865uZnf0RT+M
u2j6LN1/WHvp9xVcscrZG4uxBOtarbq8X6b71/lJ/8+Yq517DMbhRCxvZ/rluv+CAOl7/NHBuTei
G5uxtJPpV+j+NwdJf3/m9c49C3MwFz1uMH227r+nr/Sufjc591AMxwiM62H6lbp/4gDp3/2ul3Ov
whqsxajepl+l+7cZLP13M/s59xR0YSpGhpr+Ld1/8wjpL/gOdO5+GIBBWB5u+hzdP/pe6Xt9FMHu
WIpl6BVp+rd1/1PjpI99MIrnhPGYgIGjTb9a9188SfoX3fexN3rGOHpjwgOmX6P7931c+k0rH2R3
zMN8THrY9Lm6f2WS9AcGTWF3jMQozHnM9Gt1/xkp0reomcreWI8NWDTd9Ot0/44u6YPnPc3emI4Z
2DTD9Ot1/6L50j/Y7Xl2xyAMxobZps/T/ce9Lv3Lu+axO5ZjBSa/ZPp3dP9zS6V/L34BO2ESJmNp
uuk36P4rVklf3WIRu6M3+mD1EtO/q/uHrZPec30Wu2MBFqJvtunzdf+DG6XvG5nD3hiDcRica/qN
uv+cD6R/+Ph6dsdGbMKid02/Sff3/0T6BQs3sztmYhY2bDH9Zt1/R6n0hT23sjuGYBh6fWT6At1/
crn0NeXb2RursBrzdpj+Pd3/4j7pWz3xObtjCrqwdLfpt+j+uT9Kf9vVe9kdfdEP074x/fu6/5Cf
pZ9UsJ+9sRhL9Os/mL5Q9z96Qvr0MQfZHeMwHv2PmP4D3X/+aemLTteyO7rR4xfH2OOm/1D373FO
+p+X1LM7ZmMO1p80/Vbdf/cF6dv0a3TuoRiOEVjYZPoi3X/alb6X+tu/O8/uWIO1GPuv6bfp/l5t
pY+feZHd0YWp2HDFW5f3H+n+G32lz/Bt5dz9MAADMbmN6T/W/Uf5S//xtnbOvRhLsQwz25u+WPc/
2V36o+Ovde5xGI+JWNXZ9J/o/hm3St/W3dW5N6NnN0cvrA4w/Xbdv09/6cNW9nDuOZiH+VjTy/Sf
6v77BkmfMKi3cw/HSIzCghDTl+j+yUOlX3I4lPfBOmzAqIGm36H7tx8l/XZXuHNPxXTMxNgI0+/U
/T+8X/rjXSPZHYMwGN0jTL9L93/gIel9do1mdyzHCqyPMX2p7t8UL/2d8Q849wRMwmSMHG/6z3T/
ZYnST2sxgd3RG30wcYrpP9f9ByRLv3Tdo+yOBViEPlNN/4XuXz1L+h3DnuD7xGiMwdKnTV+m+7/w
ovT1dTN4TtiITeg1y/Rf6v7XvyJ9x4UvsDtmYjYmuky/W/f/dLH0g3u+xO4YgqGYscD0e3T/icul
f6I8nb2xCmvQL8P05br/hbelXzY9k90xBWdjUJbpv9L9V78jfWmbbHZHX/TD9LdMv1f3j3hP+pOb
17A7FmExZqwz/de6/y9F0l835l32xjiciMWbTF+h+79cIv3Q01vYHd3o8T7P9QPTf6P7dy+T/qkl
H7E7ZmMORm43/be6f9nX0meH7GRvDMcIzPzM9Pt0/8e/l/6L/V+yO9ZgLUbtNX2l7n/VYen/ePYb
dkcXpmHmd6bfr/u/e1T6630PsDcGYCA2/Wj673T/kb9LP3xbDTthKZZhyC+m/173//1P6ZPH17E7
xmMClvxq+ird//W/pX/r/El2R48Gfu+x/LTpD+j+wS06Xer3ZP/F3piHBZjvNv0Puv83XtKfGfgv
u2MkRqHXRdP/qPs/7SN918Mtc5zdsQ7rMaZVzuV9te5/jZ/0Ua42zj0V0zEDQ9uZ/qDuX3iD9DO7
dnDuARiEwZjdyfSHdP+xPaVfvbOzcy/FcqxAv66mP6z7/9VH+r1TbnTu8ZiISRjYw/Q1un/WHdKf
9ejl3D3RG30wqbfpj+j+t98tfcC6EOeehwVYiE39Tf+T7v/DcOlHDwtz7pEYjTGYF276n3X/WWOk
f75uMHtjIzZh9DDT1+r+fuOkX7fgHnbHTMzCyNGm/0X3/2Si9N/cfB+7YwiGYv5Y0x/V/SckSO/e
M57dsRKrMf8h0x/T/ZuflL779MnshCnowvxHTV+n+789U/p720xld/RFf8yYbvrjuv/dc6Wfs/kp
dsciLMaYGaY/ofv//LL070Q/x+swDidi2WzT/6r7p74mfeUpF7ujG5ux8kXT1+v+Ny6V/t/FaeyO
2ZiDqemi/v/jN93/85XS3xySwd4YjhFYsdi8/++6f8Ja6cfuf9O5V2EN1mLICtOf1P2v3Cj9vGff
Ynd0YSpGrzZ9g+6/oVD6/I7r2R39MQDTNpj+lO5/T7H03xdtYm8sxTJM2WL607p//S7p/xv3Ibtj
PCZg3jbT/6H7v7pH+lvOf8Lu6LGdzzOsKDF9o+5/yz7px2V/xt6YhwXo8aXp/9T9v/5B+tSBX7E7
RmI0NleY/ozu/9RP0m8+VMnuWIcNGF5l+r90/3YnpP9hbjW7YxqmY/Rh0zfp/u+fkr5F11r2xiAM
xrRjpj+r+8eclb73zl/ZHcuxEjNPmv6c7v9ns/RxU/5gd0zEJCw/Y/rzuv9Sz2sv9fM9zrM3eqMP
1vxterfu399b+i1r/2N3LMBC9Gr59uX937p/VUfpDw69yrlHYjTGoGcb0/+j+z/fRfor69o693ps
RDdGdTD9v7r/dd2lD1nQybmnYyZm4UQ/0zfr/sW3SD/h5q7OPQhDMBTzA0x/Qfd/6DbpF+4JdO7l
WInVmNPT9P/p/v8MlP6DxGDnnoQp6MK6ENNf1P3fGiL9kdahzt0bfdEP4waY3oMP8gPhI6X32nyn
cy/AIixWB5u+Bf3ZIzHS948ext4YhxMxcITpW9J3ejFO+smnRrE7urEZC+81/RX0twfES//q4rHs
jtmYi+7xpvekH/fZNOm39X2Y3TEMw9FrkumvpH/u0Wekr618xLlXYQ3WYezjpr+KftkVs6S/+tnp
7I4uTMXIJNO3ot+W9z/p7+g4g93RHwMw6znTe+n+wxdK/0jRbHbGUizDprmmb637n1gk/aJxqeyO
8ZiAyWmmb6P7py+TvvjcK+yEHul8bmDS66a/Wvfv9bb0x1YsYXfMxXyMfdP03rr/3jzp2w1cwd4Y
iVHol2P6trr/kwXSDzy0mt2xDuuxaK3p2+n+3kXSJ8zdwO6Yhunoscn01+j+730qfab/FvbGIAzG
pkLT++j+934h/ac7trE7lmMlhm03fXvd/4+90p+YvIPdMRGTMKfU9B10/ze+k769x5fsjd7og1Xl
pu+o+992SPrwtRXOPQ8LsBBn7zO9r+7//S/SJw6tYneMxlj0qjZ9J90/5Tfp3zx2mN2xARsxstb0
1+r+nf6UfmfaMfbGTMzC+BOmv073/8gt/W89TrI7hmAoFp42vf4hf+BBj+su9b57zrA7VmI1pp0z
fWfd391K+ojEf9gbU9CF1f+Z/nrdf9U10j/ZuuVqZ3f0RT+s81x9ed9F97/zOumXb2rt3AuwCIux
tK3p/XX/mm7Sfza6vXOPxliMw0Jf03fV/efdLH1Dg59zb0Q3enTm+/E3fTfdv1sf6f0WBzj3TMzG
HGwMNP0Nuv+u26Uf1jfIuYdgGIaj962mD9D94++S/unKvs69CmuwFmP7m/5G3b/FcOlXzhjg3FPQ
hakYNcj0N+n+66OlL+swmN3RHwPRNcz03XX/yFjpG7eO4DljCZai/yjTB+r+xydI32XcveyN8ZiA
UWNN30P3X/iY9CPOjWN39Bjv6IkVcaa/Wffv+aT0M1ZMYnfMxXyMecT0PXX/8melzwl7nL0xEqMw
f7rpg3T/6XOk33Mwid2xDuvRP9n0vXT/Ni9L/9ecFHbCNEzH6Fmmv0X3L3hV+m7+LucegEEYgo3/
M/2tuv+YN6QfuWM+e2M5VqDrFdMH6/6ns6VPmfw6u2MiJmHRYtP31v2X5Eq/5uJS7m86eqE3Vi4z
fR/dPyRf+q9zVzn3PCzAQvRcbfq+uv/+96U/N2Qdu2M0xqDnBtOH6P7Pfiz9jcc2sjs2YCOGvGf6
frp/x13SR6d9wN6YiVnov830t+n+23ZLP6vHJ+yOIRiGHiWm76/7j/9W+vW7S9kdK7EKU8pMH6r7
nz8g/bfTytkdkzEFi782/e26f/YR6f/2qmRv9EU/tcr0d+j+A49LH7jpR3bHIixG9yHTD9D9DzVI
f9/on9kdYzEOy4+ZPkz3n9sk/dyGE+yNbmzG4N9NP1D392+WfsOi0+yO2ZiDrjOmH6T777zC71K/
v885dscwDEfPv01/p+4/5Wrpm/ddYHesxhrMbLHm8j5c9/foKH3PGVc69xR0YSqWe5n+Lt1/7fXS
P9ChrXP3RX8MwIZrTH+37j/0Jun/t9XXuRdhCZZisJ/pB+v+x3pJvzHW37nHYTwmoH+A6SN0/7R+
0led7e7c3egR6OiJiUGmH6L79xgo/cXltzr3bMzFPEzqY/qhuv+eCOlvDevv3MMxEqOw7A7TD9P9
E6OkH39wkHOvwTqsx8K7TB+p+7eOkf6lOUPZHdMwHd0jTD9c99/0oPQFXUbxnDEQgzBtjOlH6P6j
p0j/Y8n97I3lWIFZsaa/R/dvmCp9y8kPsTsmYjKGTjR9lO6/6Gnp+1yM5/6Ioxf6YHGC6Ufq/n2e
l/6h3ET2xgIsQp8k04/S/SvnSZ82JJndMRpj0H+m6Ufr/jMWSP/+0Vnsjg3YiNFzTR+t+3dYJP2h
+S+yE2ZgFkbOF/X/H2N0/61Z0l/V4xX2xhAMw8zXzfvfq/vH5kjfb/didsdKrMKcN0x/n+5/dr30
E6ctZ3dMxhSsXWn6GN1/+WbpX/Fa7dy90Rf9sCbX9Pfr/gO2Sv/hxnfYHYuwBAM2mX6s7n9wu/Q/
jXqPnTAW49C/0PQP6P5zPpe+dUMRe6Mbm3F2seljdf8ue6UPXVTCTpiNuThxl+nH6f4l+6Wf0qeM
3TEMw7F+j+nH6/6TDkr/2r6v2R2rsQYj9pn+Qd3/v1rpP0r+nr3RhakY/YPp43T/NfXS/9L+MLuj
PwZi3RHTP6T7RzRK7731KLtjCZZi4gnTP6z7Hz0v/YDY39kb4zEBS0+ZfoLuP/+i9I+e/ZPd0eOM
oydWNpl+ou4f2KrzpX7x8r/ZHXMxDz0umH6S7v9lO+k/GdAi19kdIzAS3Z65l/eTdf+p10pfV+3l
3GuwDusxoq3pp+j+rbpJf80cH+fuwjRMx5iOpo/X/fN7SD+oi59z98dADMLsLqZ/RPcf2Vv6x0tu
cO6lWI4VmHGT6R/V/U+GSv/GpJ7OPR4TMRmrbjX9Y7p/Rrj0Jf/14d7X0Qt9sLKf6RN0/96R0v+6
5g7nnov5WIgFg0z/uO7/7WjpOwy5m70xGmPQd4jpp+r+zzwg/V1Hh7M7NmATZo40/TTd32eC9NPn
j2F3zMBMbIgxfaLu/8Gj0mcFjmNvDMFQLIgz/XTdf+wT0u/6ciK7YyVWYdYU0z+h+zfNkP73qQns
jsmYgmHTTP+k7r/sBek7eSU5d2/0RT9Mf8b0Sbr/HS9JP2TjTH5OLMJinP286Z/S/X9Mlz5p1Fx2
x1iMw5IXTf+07j87U/oVJ19mJ2xCN5YsMP0zun/nbOk/z3iNvTEbc9BzsemTdf/ta6Q/1Xspu2MY
hqN7meln6P4T3pW+876V7I7/p8qOo3Ms3DiML42WhslkNBpWDSsro5VhZTK1NLxpWLUyWjVaWkxN
llYNU4upYVgMqxajyWJlGE2mlkarFlOLyfoZrZpM/Y77ue5z3H99ztm967zb893ef95qrMHglaaf
oftf3Ch9eOJ77I0pmIrheaZ/Xvdf9Yn0z3Z8n93RF/0wpcD0Sbr/sM+lX76lkN2xBMswpcj0L+j+
tXul3zuumN0xBmOxYofpZ+r+rxyU/mzTTp4zupWyG1bsNv0s3b/XYel93/mC3TEX89D9gOmTdf89
NdKPvONrdscwDMeWQ6afrfvH1Uk/o/oIe2Md1mPoD6Z/Ufdv0yD9ytlHec6YhhkYddz0L+n+G/6Q
vrzbCXZHfwzAjFOmT9H9Iy5I37Tjd3bHMizHjEbTz9H9T7Xqdqm/4ZE/2RvjMQErzpv+Zd1/QVvp
7/u3hftFRw/0xKr/TD9X9+93rfQvrHZ/z9kd87EQfTzeu7xP1f0rukqfG+bp3MMxEl3o08H0r+j+
03pKX3G8k3OvwwZsxOwupp+n+3foI/3f86537mmYgVnY0sP0r+r+hUHS9/Lv7dwDMAiDseVG06fp
/mNCpH9gb1/nXo6VWIUht5r+Nd3/3DDpk6fe7tzjMRGTMGSg6V/X/ZeMlD7vqrucuwd6oTfGDzX9
G7p/8IPSf51/t3MvwCIsxtRw06fr/ofHS//PqFHsji6MxqpI08/X/Wc+Kv2Np6PYHZuwBUvHmX6B
7u8zVfqojGjnnonZmINhMaZfqPt/Ok36lFti2R1DMBQzJ5s+Q/ef+IL0G756kt2xGmv068+YfpHu
fyFF+kPPPsvumIwpWD/D9G/q/jlp0l/0msXe6Iv+WPmi6d/S/YdkSB+w5WV2xxIsQ/95ps/U/Y8u
kd417nV2xxiMxYD5pn9b95+7Qvq5TYucezO6venojolvm36x7t9zrfQfLF3K7piL+RizzPRLdP/d
H0h/eNBKdscwjMDKXNNn6f6Tt0jvVp3H7liLdViwwfRLdX/37dL3m13A3piG6ehWaPp3dP91u6R/
uFsRu6M/BmLjJ6Z/V/e/d7/083bsYHcsw3JM3Gn6bN3/ZKX0H8XsYW+MxwQs2Gf6Zbp/erX01Re/
5H6A9zH0xKqDpl+u+/etlf7K1YfYHfOxAD2PmH6F7n/gpPT9w35w7uEYiS70PGr6HN0/4Yz0E48f
Z29swEaMPGH6lbp/u7+lf23eKXbHDMxEV4PpV+n+G/+VvrD3WXbHQAzC/CbTr9b9H2xz/aX+x7Jm
9sZKrMLsC6bP1f0b20l/1VS3Nc7umIjJWOO+5vL+Pd3/7c7S336Vh3P3QC/0xuq2pl+j+w/oLv0j
+R2cewEWYTGmdDL9Wt2/yl/69FFdnHskujAa/bqZPk/3fyFQ+o9/6+HcG7AJmzGvl+nX6f7XBUt/
bOFNzj0DszAbG/qYfr3uv22w9G1vudW5B2EIhqLHbabfoPtHD5d+4FcDnXslVmMNht5p+nzd//x9
0sc+O4TdMRlTMD/M9O/r/svHSr/QawR7oy/6YV6E6T/Q/UMnSr9tcyS7YwmWon+U6T/U/X96XPqf
x7rYHWMwDj2jTV+g+7/8lPTtmiaxN7rF8Nwx8jHTf6T73/Cc9CFLJ7M35mIexk81/UbdvzRZ+smD
nmF3DMNw9Jxu+k26/+Op0r/53Qx2x1qsw/SZpi/U/VulS789+UX2xjTMwPo5on7+sVn3X/uW9L92
ncfu6I8BmPeaef0tuv+Id6X32jGf3bEMKzAjw/Qf6/4nVkk/OOZt5x6L8ZiAgVmmL9L931gv/dSL
2dyXsTt6ok+O6bfq/gEbpV+8KpfdMR8L0CfP9J/o/vu3Sv/ZsHx2xwiMRK8PTb9N93/6M+nrazex
NzZgI0Z8bPpi3f+avdJ3mreN3TEDM9G13fSf6v4FFdIP7b2T3TEQgzB7t+m36/6jq6R/umyfcy/H
SqzCnP2m36H7n/lR+qVTvmJ3TMQkrDlk+hLdP/MX6UvbHGF39EJvrKk2/We6/22npT+94Sd2x0Is
wuDjpv9c9z90TvrrRv3K3ujCaPStN/1O3f/5f6S/57cGdscmbMHsRtOX6v7erXwv9dMWNrE7ZmE2
Nvxt+l26/9arpc8ObGFvDMFQdP/P9Lt1/4c7Sr/n4JVrnd2xGmswt83ay/s9un+zj/T/m36Nc0/E
ZEzBoA6mL9P9l/lJ382rk3P3Rl/0w/jrTL9X978rQPoRm7s59yIswVJM7276fbr/j/2lTxzby7m7
MAZjsexG03+h+6fcIf2KP/o49yZsQfe+/Dy3mL5c9+8+TPp9Wbc592zMxXx0G2T6/br/5/dKf3bg
nc49BMMwHD1CTf+l7h87Wvru34WxO9ZiPUaGm/6A7n/FeOkjkiPYG9MwHSPvN32F7r/mEemf7xrF
7uiPAZjuMv1B3X/4FOlXbX+Y54xlWI6+k0z/le5flyD9/kmPsTvGYbx+fbLpv9b9X0uS/s+Wqdyf
5HmjJ1Y+ZfpK3f+mFOn9Vk1nd8zHAnTNMP03uv8Xr0p//7CZ7I4RGIkFs01/SPd/aqH0M2vnOPc6
bMBGLE41/be6f9sl0r/3ymvsjhmYibXppq/S/T9cLv3BXovYHQMxCBszTX9Y949cI33znix2xwqs
RL9lpj+i+//+vvS9p+SwNyZiEoavNv13uv+bm6Uf3SaP3dELvTF1g+mrdf/+n0o/e8OH7I6FWITJ
G03/ve5fWSr9uoiP2RtdGI2l20z/g+4/o1z6ylPb2R2bsBnLPjP9j7p/p0rpLyzYze6Yhdnotc/0
Nbp/0XfS3xT4JXtjCIah+0HT/6T7P3RM+jEHv2FvrMZaTDps+qO6/18npJ8z/Xt2x2RMwYIa0x/T
/d/9n/T5HY7ze6IP+qq/mr5W9w/5S/pvC+vZG0uwDNNOm/647v/9Ren/HdPI7hiDcejRZPqfdf+X
Wne/1Pf54292xxZ0a+a5XDD9L7q/bzvpXVn/sTfmYh7Gt8q7vK/T/T/zlj514FXOPQTDMByz2pr+
V93/UV/pPzzS3rlXYy3WYda1pj+h+//XW/ojs65z7smYimlY0830J3X/3H7SX9G1h3P3RX8MwEY/
09fr/ncPkD5w+43OvQTLsBwLAkx/Svf/+S7poyfd4txjMA7jseo20/+m+6fdI/2rLcHcBzp6oCdG
hZj+tO5/433Sb1wZ6txzMR8LMCjM9A26/74x0n8/NJzdMQIj0Wuk6X/X/Z+cIL177f3sjQ3YiNFR
pv+f7u/xuPRBr4xjb8zATCweb/ozuv/78dJP6jWJ3TEQg7DgUdM36v73JUr/+p4n2B0rsBKzppj+
rO5/epb0m+OeZm9MxCSsnm76c7r/ornS17Sewe7ohd5Yk2T6P3T/W9+Q3mPDbHbHQizCoDmmb9L9
v35T+gERr7A3ujAafdNM/6fun/iO9I+eSmd3bMJmdC0y/V+6f8dV0s9fkMnumIXZGLvE9H/r/lvW
SV/UL5vdMRhDsGCF6Zt1/3EfSV9bsZq9sRprMHeN6c/r/k1F0l8zfQO7YzKmYO2Hpv9H93+nRPpB
HTaxO/qgL8ZtMf0F3f+OMukfL/yEvbEESzF0u+lbdP/qA9JnjPmcnTAGY9F/l+kv6v6zv5V+27m9
7I4t6LaPn2u/6f/V/bv9KP0vSw6yO+ZgLnp8Y/r/dP8dP0vffuBh9sYwDEevatO7tWb/mN+kv/NI
DbtjLdZheK3pr6D/8+JZ6eNm1bE7pmIaRpw0fSv6zqvPS/+WTwN7oz8GYlqj6a+kHxh2RY9L/Y5P
/2B3LMNyzPzL9O70Dx33kP7ExAvsjnGYgHX/mr41/QvzvKTv2NJqnXO/0tEDvbCq9brL+zb0S3v7
SB+6sq1zz8V8LMTq9qa/in5r2Q3SPzn0WucehhEYibmdTe+h+0+5Wfolx7o691qsxwYs6m76q3X/
Nv2l/zy1p3NPwwzMxCp/07fV/fMHSX+qZx/n7o+BGITVgaa/RvcfNVR67z1Bzr0MK7ASfYNN76n7
/zZC+mFxIc49HhMxCUMHm76d7r/wAemfaR3G7uiFPpg83PTtdf/Ah6R/Z/1IdsdCLMaE+03fQfc/
GCP9rpEPsjtGYTSWjjO9l+4/PU76hvrx7I1N2IylE0zfUffvkCB9lwWPsjtmYQ56PGH6a3X/zc9L
P7zfVHbHYAzBlnjTd9L9x74k/fSKaeyN1ViDuYmm99b9/5gn/bJpL7A7JmMKRiSL+vlHZ90/a4H0
Ze3nsDv6oC/mpprXv073H7hY+jOb0tgdi7EUU94wfRfd/8gy6buNyXDuLozBWHTLNL2P7j/rPenv
PbeE3bEF3bJ4X3nX9F11f5/3pX9uyQp2xxzMxZpVpu+m+28vlD4neC17YxiGY/1601+v+08qlv6L
wx+wO9ZiPWZuNL2v7t+yU/pzM7ewO6ZiGlZuNX133X/lF9L38NnO3uiPAdhYYvoeuv/Qr6Uf9eku
516CZViBgXtNf4Puf+yI9EkT97M7xmEC+h00vZ/un3pU+tUXKtkd3b/h/xbjDpu+p+7f84T0X+ZU
szfmYwEm/Wj6Xrr/nt+l/2tILbtjBEZi+S+m7637x/0pfc9jJ9kd67ERC38zvb/u3/qi9JGpZ9gb
MzAT3ZpMf6Puv979hkv9rJ5/szsGYhA2nzf9Tbr/SE/p1+z+l92xAisxqtX6y/ubdf/6TtJ/NbmN
c4/DBEzEkKtNH6D7z79e+vPu7Z27B3qhN+Z7mb6P7t+3t/T+6zvzfViIRZjsY/q+un9FX+kfHNnd
uUdgFLqwzM/0/XT/abdL/2K9v3NvwCZsxqIA0wfq/u3vkn79/EDnnoFZmI3N/U1/i+6/6W7pv+kb
7NwDMRhDsGWQ6W/V/aNGSd9yYLBzr8AqrMaMYabvr/ufjZL+5mnD2RuTMQUDR5o+SPdfHC392Pb3
szv6oC8mjzb9bbr/gFjp52way+5YjCWY9pDpb9f9Dz8p/ftRE9kbYzAW/R8x/QDdf+az0ledfZzd
sQXdnuDvcorpg3X/LrOk/2/xU+yOOZiLjQmmH6j7F78sfd/g59gbwzAcy5NMP0j3n/C69A8dTmZv
rMU6LHjJ9Hfo/v8skv6VmanshKmYhg1ppg/R/Vcslb6gSzq7ox/6Y8pC09+p+4eulP674rfYG8uw
HAOXmP4u3f9onvStJr7L7hiH8Ri43PSDdf+5BdLfcmEVu6P7at7PsHCN6UN1f78i6SfkrGdvzMdC
9P7A9EN0/107pE8bspHdMQIj0Wez6Yfq/k/skX7T0a3sjvXYgLGfmn6Y7n/lAel/mPsZu2M6ZqCr
1PRhun/eIelb99zL3hiIwVhVbvq7df8RP0h/2+4KdscKrMSgStPfo/ufPC59zOQqdscETMSw70w/
XPdPPyX9G+417I1e6I0Zx0wfrvv3OSv9lnW/sDsWYhGmnDD9CN3/y2bpf7r3NLtjFLrQ84zp79X9
n3Hzu9RfXX+OvbEJmzH8L9OP1P09PaQPnv8PvydmYTbGXjR9hO7/UQfpH+vbaoOzOwZjCJa03nB5
P0r3H91F+gUHrnbuFViF1Zjrafr7dP/GHtJvTejo3BMxGVMwuLPp79f9375J+uPtujp3L/RBX0zt
bvpI3f/2W6X33OTn3AuxGEuwobfpH9D9vx0o/R1RAc7dhTEYi7X9TD9a908aIv0TZ/s79yZsQbcg
x7gBpn9Q9+88QvpFi+9w7lmYg3noGmz6KN3/k0jpiwcM4zljKIZhwXDTj9H9H3ZJX1d1L3tjLdah
332mH6v7n58kfYeZo9kdUzENXWNMP073Xz5Z+ru6jGd39EN/TJ9gepfuP/gZ6acUP8LeWIblmPK4
6R/S/WtmSJ85YQq7YxzGY/VTph+v+895UfqSfxLYHd2nOXpgYqLpH9b9e8yT/uSKJHbHPMzHpFmm
j9b9d86X/tohKeyNERiJRXNNP0H3j31b+iFHX2V3rMcGLHrd9BN1/1bLpI+fu5DdMR0zMfQt00/S
/dfmSp/lt4S9MRCDMOkd08fo/uH50u/ctZzdsQIrMXel6R/R/X/d9H+q7D+65sKP4/iwWKysjO/S
ZBhGk8nSsGo0tWpYtVi1GK2MVi0mK6OVYdXSaGlYfk4No1XD0uKmxWLVsGrlqqlh1bA0mVr6Hu/P
832O91+Pc8/b8+zu85r7z5X+t8lr2R2TMQXr1pt+gu6/YLv0nT03sjf6oC+6i0w/Uffvu0v6iPXv
szcWYwkmbDV9gu5fsUf65Ds+YneMwVgsLDP9JN1/6lfSv3XCxe7YiE3o+sz0k3X/Dt9Kvzurwrln
Yy7moVel6R/V/YuOSH+yXxW7YyiGYfYh0yfq/qOPSe+3/zt2x2qswezDpn9M9z/VIH1k8k/sjWmY
gTW/mP5x3f/1JumfvuIEu6Mf+mPKb6afovuHtEi/fMspdsdSLMOcP0yfpPsfaNPjYv/52L/YHeMw
HqvOm36q7j+9g/SNjf+yN7agxwU+Rz0KL+2n6f6+naS/dsllzj0X83E1+l9u+id0/61dpb9z8BXO
PRTDMQK9fEyfrPuP6yn99Gpf516DtViH+X6mf1L3P9dP+rdn+jv3NMzATGwOMP1Tun/eIOkrugQ6
dz8MwEBM6mv6p3X/oUOl/3P79c69FF1Yjtk3mD5F9/8hQvruDw527vGYiElYN8T0z+j+s6Okv/vv
Yc69BT2HO3pj9S2mn677d4uRfuaKkTxnLMAibLnD9DN0/53jpV8dfjd7YxRGo99Y06fq/hMnSr//
yL3sjvXYgK5Y08/U/T2mSH9u7oPsjlmYjT6PmP5Z3X/NU9L3DJjE3hiMIZiXaPpZuv/IZ6Uf/WkS
e2MlVmN2sunTdP9f5kifNjmF3TEZU7Fihqjffzyn+2fOl35dmzR2R2/00dfp5uc/r/v3eU36rwte
cO6FWIyl6D3P9LN1/7250v89aiG7YwzGYvKrpk/X/ZPype99YhG7YyM2Y8Vi08/R/S8vkD4maynP
GXMxD2OXm36u7r9xk/Sz+61kdwzFMHSvMf0Luv89H0r/7r717I7V6MbIDabP0P0bdkh/8InNPCdM
xTSsLTb9i7r/a7ul/9d7K3ujH/pjdqnpX9L9B+6TPmhLGbtjKbow0GX6ebp/1QHp7x9bzu4Yh/EY
utf0mbr/M99LP7dxv3Nvwhb0rOT5VZl+vu5/9VHpNy4+xO6Yj6vRq8b0C3T/D+ul/+bGw7xPDMcI
9PzJ9At1/9hG6T2qf2Z3dGMtlh4zfZbuf/ac9NfP/I29MQMz0euU6V/W/Zf+J/24LmfYHQMwEJub
TP+K7h/WrufF/qXt53mf6MIKzLxg+ld1/++vlH5zXKsNzt6YiEn6uu2GS/ts3f/5LtLXnPdy7i3o
ebmjF+Z6m/413f/a66Rvs8LHuedjARZiRifTL9L9y3pLf0O4n3OPwCiMxoZrTf+67v/IAOkfOtLd
uddiPTZgbC/T5+j+F0Klnz+3L+8TszAHE/qbfrHuvypc+uLuA517AAZhMHqGmn6J7j8iUvrDriHO
vRwrsQr9h5n+Dd3/53ukbzv5VnbGZEzByBGmz9X9590v/Y1t7uB9ojf6YPFdpn9T9w98WPpHCkaz
NxZjKfrea/qluv/nk6XPGvUAu2MMxmJgnOnf0v0fnyb9h8fj2R0bsQnjJ5k+T/dvN136Hxcmsjvm
YC7mTTX9Mt2/8Dnp2/dLZm8MxTD0ftr0y3X/u1+U/qZ9M9gdq7EGI9JMv0L3/z1L+oQnZrM7pmIa
5maYPl/3z86R/lXveeyNfuiPkQtM/7buPyBP+m2bX2F3LMUyTF9k+pW6/1erpD86Zgm7YxzGY9pb
pl+l+z/9rvRXNC5jb2xBj+X8/b1t+tW6v8970octXsNzwnwsQP93TL9G939/m/SP3riB3TEcIzFv
s+nX6v7375R+0aFidkc31mJkienX6f5Nn0v/UWopzwkzMBMjy0xfoPu/+aX0xzq72B0DMBBdn5l+
ve4/5BvpfbbvZXd0YTmG7jf9O7r/d27ph8d9zd6YiEkYcdD07+r+aXXSP37+W3ZHz+8cvTDxsOkL
df9rGqRfvPxHdscCLMTco6bfoPvv+FP6T4YfZ3eMxCi13vQbdf/4f6Svd59kb6zHBixtNP0m3f/f
1r0u9p3mnmV3zMJsdJ83fZHuv7K99Ld2/5fdMQiDMc1j46X9Zt3/tquln+rydO7lWIlVmNfO9Ft0
/9prpH9zkrdzT8RkTMG6jqZ/T/d/sYf0rta+zt0TvdEHa7qYvlj379lP+t/XXevcC7AISzChu+nf
1/0/C5G+y6hezj0KYzAWS/uY/gPd/7Ew6Ucc7+/c67ERm7BsgOk/1P3bRkj/5MIbnXsW5mAu+g0x
fYnu/+6d0ucFDXPuwRiKYdgSbvqtun/UWOk/+2IEu2M1ujF/lOm36f6/jpP+1LS72B1TMQ3rRpt+
u+7/ygTpr/G+l73RD/0xNtb0pbr/9Y9LH7k5zrkXYymWYfbDpv9I9698UvqUMQnsjnEYj1WPmn6H
7v/UTOlXnJ7C7tiMHkn8XT5h+o91/45zpN+T8zR7Yz6uxsQZpi/T/Yszpf9j0Cx2x3CMxKLZpv9E
9783W3r/Q3PZHd1Yi6EvmX6n7n/mDemjUhewN2ZgJsa9bPpduv8bK6Sf0XkRu2MABqHHEtO7dP/Q
ddKv3PYmu6MLyzF0mek/1f2/2Sj9F+Pf5n1iAiZi6GrT79b9Z30gfVNzAf/P0HM9n2NYXGj6z3R/
vx3SBywvYncswEIMLzZ9ue7/0afS3zO8hH+HkRiFpdtN/7nu/9AX0j/r/pi9sR4b9PUu0+/R/f+p
kn7NnM/YHbMwB9P3mn6v7p9fI33ldfvZHYMwGLO+Mn2F7n9LrfTNuw6yO1ZgJWZ8a/ovdP8fT0jf
a9IP7I3JmII1P5p+n+6fcVr6Ma1/Znf0Rl/1uOn36/49zkn/3Lpf2R2LsBi9T5q+UvfffUH6gsg/
2BtjMBaTz5r+S93/0baBF/uqY83sjI3YjKUtpv9K9/e8Uvp/FnhscnbCHMxFX89Nl/Zf6/7rO0vf
J8jLuQdjKIZhXQfTV+n+d3ST/t4vOjr3SqzGGvTzNf0B3f9EoPTp0/7n3JMxFdMwxd/0B3X/l4Ol
f7dDd+fujb7ohzk9TX9I9+8fKv2hoj7OvRhLsQx9+5u+WvffP1z6C6NvcO4xGIfxWDHI9N/o/sm3
S9/v9E3OvRGbsQVLhpr+W93/inukj825hb0xH1ej50jTf6f7b7lP+hcGjWJ3DMcIrI8yfY3uP/Yh
6TcdjGZ3dGMthseY/nvdv3GS9N/OiGV3TMcMfR1n+h90/yVTpW/VOZ69MQCDsHmC6Q/r/oOfkT54
26Psji6swOwppnfr/tVp0o8f/wS7YwImYtXTon7/cUT3n5kh/bzm6eyNnjMcvTB6lvn5P+r+XbKk
37LseXbHAizCkLmm/0n33/669N8Pe4mdMBKjsWi+6Wt1/7i3pPd0v8zeWI+N6Mo2/VHd//xK6QfO
WczemIXZGLXU9D/r/ivekf7h65axOwZhMHrkm/4X3T98i/QLdq3mfWIFVmJmgenrdP8jW6V/P6GQ
vTEZU7C2yPTHdP+5n0jvblXM7uiNPpj1oemP6/7dP5e+3brt7I5FWIyZO0x/Qvd3VUo/OHIXzxlj
MBbrdpu+XvefVC39hGN72B0bsRnD95n+V92/tVv6lxd8xe+JOZiLBQdM/5vuX/CL9CV9v2V3DMFQ
9Pze9L/r/qN+l/6niiPsjdXoxoSjpm/Q/Y+fkb79tGPsjqmYhmG/mv6k7r/wb+mHdDjJ7uiLfuhu
NP0p3T+ode+L/aSiJvbGUnRh1XnTn9b9v7hc+uzRLeyOcRiPZf+ZvlH3n3aV9NtPtSlydsdmbMHy
tkWX9n/o/h2ukf7n1zs49xzMw3z06mj6M7r/5gDprxzUybmHYjhGoHcX0/+p+48Jkn7owa7OvRrd
WIuN15m+Sfc/PVD6xBk9nXsqpmMGVvY2/VndP+dm6V/37e/c/TAAA7Eh2PR/6f6DbpN+x9ZBzr0U
XViOUTeZ/pzuf/AO6Y+PG+rc4zABEzEo3PTNuv+MMdJf1RzB3ug5gt0wbpTpz+v+vuOkD18Wxd5Y
gEXYfI/p/9b9tz0i/ZRhMeyOkRiFfveb/h/df/xj0i85PJ7dsQ7rseQh07fo/s3J0u9Mn8jemIXZ
2DTZ9P/q/stSpf+12xR2xyAMweappr+g+w9Ll95311PsjhVYhRnTTf+f7n94nvS3JTzL3piMKVj1
vOk92rJ/+qvST2s1l93RG30w/kXTt6I/2+0N6Zeunc/uWITFmJFl+tb0nXctl/7T219jd4zGGKzM
MX0b+psS1krfUJfL3tiITeh6y/Se9A+02ij9/xbkszvmYB5GrTb9ZfQz174v/ci+BeyOIRiGqwtN
35b+zds/kv7Jik38nliNNRj6nunb0W+tc0m/bOqH7I6pmIYR20zvpfvPr5C+vP3H7I6+6Ie5O01/
ue7fp0r605t2szuWYCn67TF9e92/4jvpu47ex94Yhwno+5XpO+j+U3+SftSpA+yOzdiCldWm99b9
25+Q/pnXv2d3zMN89D5i+it0/02npM8POcpOGI4R6FVn+it1/+i/pN97oJ7d0Y11mNhg+o66/8l/
pT8zvZHdMR0z0f2n6X10/0WX9bnYd/NtZicMwECs/cf0V+n+A6+Q/q6t/7E3urAcQ9psvrS/Wvc/
4Ct96rh2zj0OEzARK9qbvpPuP91f+lXnrnTuzejR0dELK68yva/u3ylQ+n15XZx7PhZgEQZ3NX1n
3b/keunPDr3OuYdjJEZhYw/Td9H9HxgsfY/DvZ27G+uwHouDTP8/3f+vYdJHpw9w7hmYhdkYF2J6
P93/rZHSz+p2k3MPwCAMxuww01+j+4fdLf3aneHO3YUVWIn5t5m+q+7/w73Sfzkxkt0xCZOx4U7T
X6v7z35Q+vMe0c7dE73RB2vGmN5f9/efJH3g2vvZHYuwGNPGmb6b7v9JkvRjb3+Y3TEaY7Blgumv
0/0npEj/fN1k9sZGbMaox03fXff/b5b06+dPY3fMwVyMf9L0Abr/6hekr+oznd0xBEOxbKbpe+j+
IxZK37L3OXbHKqzG8Dmm76n7/7JI+r5TX2RvTMU0jMg0fS/dP3Op9Pe1f5nd0Rf9sCLb9IG6f++V
0s/ZlMPuWIKl6Jtr+t66/5710hdG57E3xmE8Bq0wfR/df8pm6atPrmJ3bMYWTF9n+r66v9dW6f9b
9C67Yx7mo8cm0wfp/hvKpO8f8h57YzhGovcHpu+n+99dLv0DB7axN7qxFst2mL6/7t+wX/qM6TvZ
HdMxQ19/avrrdf/XDklf1GkPO6E/BmB9hemDdf8bDkv/XcmX7I0uLMfwA6YfoPt//bP0rcd9w+6Y
gIkYXGP6G3T/lN+kH3DOze7ocYTPMyyrNf1A3f+qM9LH5dWxNxZgIVb/avoQ3f+D89JnDm3g98RI
jELv06YfpPvf36rvxf69H/5kd6zDegw5Z/obdf+zXtL/MPsfdsZMzMLGC6YfrPsv9ZH+sm5ttjh7
YxAGY1PbLZf2obr/zX7Sh+xs79xdWIFVmHKl6W/S/Wu6Sx8/8WrnnoBJmIw1nU0/RPd/rq/0Cz26
OndP9EYfrPE3/c26f9eB0n+wpodzL8AiLEb/3qYP0/0/HiL9kZH9nHskRmMs+gebfqjuH3+r9F51
Ic69HhuxCVeHmn6Y7n9hlPSD54c59yzMwVx0Dzf9cN1/1WjpJ/aJYHcMwVD0uN304bp/xAPSv7L3
TnbHKqzGxHtMf4vufzRe+q1JY9kbUzEN6+4z/a26/0uJ0tdePp7d0Rf9sfZB09+m+/dKlr7Dpgns
jiVYhkmTTR+h+5fPkP7m6MedewzGYQJWThP1+48Ruv9js6WffPJJdsdmbMHgZ8zPH6n7t5sn/WuL
ZrI75mE+JqWZ/nbdv/AV6UsHzmF3DMMILM4wfaTuf9cS6X+pymRvdGMtFi00/Sjd/7dl0necns3u
mI4ZGJZj+jt0/1fXSD+sUy67oz8GYG6e6e/U/YM3SP9YyQrnXoouLEffVaaP0v2/LJY+54F17I4J
mIQh75j+Lt3/qf9TZf/RNRd+HMdXDVMrU1OTFXHVYrRqdH2tTC0NU4ullalVw9KwshgWi6VhMZos
TVZNRivDVYtVK8PK0qrF0sqwapiaTC0N3+P9eb7P8f7rca6357k/Xrv7ZyXSb/t7Pbuj13v8PsOk
D0w/TPf3K5P+9xWb2B3zsQCTt5h+uO6/cZf0Vw7Y6tzDMAKj0PtT00fp/iO/kf7O/Z+zO9ZjI8bt
NP0I3f/kXukTZ33J7piBmdhcafr7df+cX6R/NfBb9sYgDMaW703/gO7f7zfpP/ukht2xAisxstb0
0br/3uPSH32sjt0xEZOx5LDpH9T9p5+SvpNXA58z+qIfVh4z/Ujdv/MZ6cPf+pO9sQg9GHbS9KN0
/63eQef7Z+7+h90xCqOx4LTpY3T/Mb7Srzh8lt2xEZux9KINF/YP6f6tV0n/RUZb556J2ZiLfpea
frTuv6qL9Md7XuHcgzAEQ7G1o+kf1v3v6iF9wK5Ozr0Cq7Aa8wJMH6v7H+gl/T2J1zn3JEzBNAy4
wfSP6P7pt0k/uX1P5+6L/hiIaUGmf1T37/4/6VeuD3buRejBEky7xfRjdP/tg6XfMTzUuUdhDMZi
5R2mj9P9E4ZK39Q40Lk3YQu2YsVdph+r+7d5UPoui+9hd8zFfIy+z/SP6f7vxko/5Jbh7I5uDEOf
+03/uO5/X7z0z1WNZG+sxTp0jzZ9vO7fMEH6Vc8+yu6YhukYOdb0T+j+C6ZIX3Hlk+yOgdgN88eZ
/kndv/d06U9ufprdsRTLMGuS6Z/S/StnS3/9Q8+yN8ZjIganmD5B9580X/phf6eyO3rNcPTG6lmm
H6f7X7FY+udXpLM75mMBBmSYfrzuv2G59PnuTPbGCIxEv0Wmn6D7R6+SfvePS9gd67EB4181faLu
f6JA+r9nrmB3zMBMrF5p+qd1/2VF0ncPXM3eGIQh6P+O6Sfq/qEe6Ud88i57YwVWYtQ60z+j+/+w
TfrUxz7gfWIiJmHTRtMn6f7Ttkv/zrkt3D/k+4a+WFNi+km6/zW7pd+T/wl7YxF6sPVz00/W/Uu+
k/704B3sjlEYje6vTD9F939kv/Q9D1eyOzZiE0ZUmT5Z9z99UProjGr2xmzMwdQa0z+r+79xRPpZ
PWvZHUPQjQUHTP+c7n/nCenf3XmY3bEKqzHnd9NP1f1/aZH+2wnH2B2TMRXr/jR9iu4/x+vm8/0Z
n5Psjf4YgFF/m/553b+bj/RB60+zO3qwBDPOmH6a7v95B+lHDb+42HkejMFYrGlTfGE/Xfd/8hrp
Zze2d+5N2IJelzpW+Jo+Vfe/pKv0617p6NyzMRfzsLqT6Wfo/gU3Sv9D387OPQTdGI5F15l+pu4/
pK/0XlXdnLtag7UY6jL9LN3/937S9342yLmnYBqmY1Rv06fp/pl3Sj/6yhDn7o+B2A0Lbjf9C7r/
zfdK/+LmO5y7B0uxDIMHmn627v9VlPTvxwxib4zHBAy52/RzdP9nYqSvOTWE3dHrPkdvLB9m+nTd
3zdO+ktW3M/umI+F6B5p+hd1//efkr6ve7RzD8MIjETPI6afq/s/8Iz0j/w4lr2xHhuwJN7083T/
puekf2nmOHbHDMzUxxNNn6H7L50pfXGXSeyOLgzC5GTTv6T73zZX+p9KU9gbK7AKw1NNP1/3/36B
9G0fS2N3TMQkdM8x/cu6f8pS6W89N497hqMP+mLNfNNn6v6dXpd+bP4ifs6xCIsxYYnpF+j+H+ZL
nzn4VXbHKIzG8hWmX6j7xxZKv/nQSnbHRmzC6NWmX6T7/7tB+l/mvc3OmIXZWL3G9Fm6/8qPpG/f
cz17YwiGonuD6V/R/Qd+Jn3ozo3sjlVYjfke0y/W/Wt3Sh8/4WN2x2RMwcZS0y/R/V/YI/0in8/Z
G/0xABu2mz5b979+r/Qfrqtgd/RgCWbtNv1S3f+zn6U/OKyK3TEGYzGg2vTLdP8nfpXet3Efe2ML
etXwPag1/au6/8XHpXe/coC9MRfzsOGQ6XN0/3eapX+q7+/sjm4MQ9+jpl+u+0e0Sr/4mz/YHWuw
FotOmP413f/XS3qd7z9O/pu9MQ3T0fu06Vfo/vMvk76+41l2x0B0Yc5FGy/sc3X/m66S3m9zG+fu
wVIsw2wf07+u+1dcK/3AmMudeyzGYyIGdTT9St1/Ynfpx5/yd+4t6NXJ0RtLA0z/hu5/WS/pl74W
6NxzMR8L0PcG0+fp/kW3Sl96h8u5uzEcIzD/JtOv0v1HDJC+oaa3c6/FemxAT1/Tv6n7/xEu/VUz
b3fuaZiBmZjlNv1q3X9JpPR3dRno3APRhcHYeJfp83X/kGjpny69m72xAisxbIjp39L9v31Y+pyx
w9gdEzEJw0aY/m3df+rj0pedfZD7SEcf9MWaGNO/o/v7T5D+2OpH2AkLsRgTx5q+QPffMln6qwc/
wd4YhdFYNk7Uv3+s0f1HT5N+8KFEdsdGbMaEJPP87+r+/7wgfdK8ZHbHLMxBrxTTr9X9c1+SfoUr
le8ZhmAoes8yfaHuP+AV6bfvmMPuWIU1WJ9h+nW6//4c6f8Y/zKfMyZjKoYvNP163T8tT/rOPkvY
G/0xAJOXmf493f+6Aukj1r3m3IvQgyWY8brpi3T/T9+TfsqwN9kdYzAOq982/fu6/+ObpX/j2Bp2
x2Zswfh1pv9A9/faJv3OrPf5PYu5mIeNxabfoPu/9YX0J/psYXd0Yxj6lZi+WPe/+yvpA78pZXes
wTosKjP9Rt3/8LfS35dc7txTMA3TsWWX6Tfp/i/9KP3UjpXsjoHYDZv2mH6z7n/jQenf3PQ9u2Mp
lmH2XtN7dP9dDdJ/Oeondsc4jMfAA6bfovsnNknf3HyI94leh/neoavB9B/q/u1bpO/62lF2x3ws
RNcfpv9I919/Tvrhd/zF7hiOEVh6yvQluv/wdr3P99Nq/nXutViPDehpNf3Hun/jFdK/NeOiTc7u
mIGZ6NNm04X9Vt1/8dXSV17b3rkHoguDsMjX9Nt0/1uul/6fbX7OvRTLsRJd/qYv1f2rekrfY2yA
c4/HREzCsC6m/0T3f7aP9Pef7cq9G+8XfbGyh+k/1f2v7Cf9jNU3Ofd8LMRirO1t+s90/81h0heE
3+LcIzAKY7DsdtOX6f4xEdJ/c7C/c6/HRmzC2IGm/1z3PzVc+tNz72J3zMJsbB5s+i90/xWjpL/R
NYS9MQRDMXWo6bfr/u4x0j+4Y4Rzr8AqrMaiaNOX6/4/Pil92viH2B2TMUUfP2L6Hbr/zInSr203
lt3RD/3R9YTpd+r+XZ6T/rvCBF4nerAE3Ymm36X7l86Q/uzQJHbHGIzFiimmr9D9x74o/c3HprI7
NmMrVk4z/Ze6/9lM6WOyZrE35mIeRs8x/Ve6f3629HP6zGN3dGM4Zr1s+t26/+Bc6dfvWcjuWIN1
6Fpi+krd/9Bq6fdOWcbOmIrpGLvc9F/r/vPWSn9Rx5XsjYHYDTNWmX6P7u/aIH3wprfYHUuxDP3X
mP4b3X/Hh9I/PGodu2Mcxuu/v2/6Kt1//KfSz20udu4t6LWRn2d1i+m/1f3b7ZT+g+Ul7I75WIjp
20z/ne6/7mvpf+xfxu4YjhFYvd303+v+w36Q3rtmF78nsR4bsGi36at1/2O10t8y4xvnnoYZmIlh
35v+B90/q176R6/dx+7owiDM+8n0e3X/Po3Sz9/2C7tjOVZi6GHT79P995yUfmPcb+yNiZiM3Y6a
vkb3n/Kf9LVnjnP/g73RF+ubTP+j7u93SfD5vt3qU+yOhViEPv+afr/uv+lS6W8LP8PeGIXRWOW1
+cL+J91/1JXSjz3o7dzrsRGbsMTH9LW6f3Nn6RfM9XXuGZiF2djUwfQ/6/7Lb5De08PfubswGEPR
+xrT/6L7979Z+gPlXZx7BVZhNUZ0Nf0B3X9fiPSXju/h3BMxGVMwJMj0dbp/qlv6fu16O3cf9EN/
TA8x/UHdv3O49E8U3ubci9CDJRjV3/SHdP9t90mfNfR//D+MwVgsvtP0h3X/uAek/+joYHbHZmxB
z72mr9f9z4yW/tCioeyOOZiL0SNM/6vu/+Zj0l/e50E+Z3RjGLaMNv1vuv+g8dIP2BPL7liDtRgb
Z/rfdf+6SdInTIlnd0zFNKx5yvQNuv+Lz0u/xC+RvTEQXdgy0fRHdP/uL0i/deMUPmcsxTLMfc70
R3X/8gzpfx05nd0xDhOwYpbpj+n+47Kk79g8m9eJXnP43mH1XNM36v5tc6QPWz6f14n5WIBJC0x/
XPdf+4b0E/ovZncMxwgsXWr6P3T/yHekX7ZvOTthHdZj1uum/1P3P7Je+k9SV7E3ZmAmxuabvkn3
X7hJ+iOd17A7ujAY6wtNf0L3771Vev9tRbxPLMcKjNho+r90/68/l35QnMe5x2MiJmHZR6Y/qftP
/lL6iWe2cS/l9xj6Yvhnpm/W/Tt8K/3yN7ezOxZiEabtNP0p3b+4RvqyQbt5HozEKKzbY/q/df8H
66RvrPuOzxkbsQkT95r+H93/r9+lv2bufnbHLMzG+J9N36L7v/qn9Hf3OMTuGIyhmPOb6f/V/UP/
kX5S+RH2xiqswYbjpj+t++89K33uuBO8T0zGVKw9Zfr/dP/pbfuc78vb/svu6If+GN9q+lbdP+AK
6f9c6+Vxdsdi9GCgt+fC/ozu/3En6a8d6uPcozAGYzH4MtOf1f0fvU76e492cO6N2IwtmH6V6c/p
/v+5pE9edI1zz8IczEX/Lqb3asf+ecHS5wV3de4h6MYwzOlu+ovoT90ZKv2ur2907lVYg3VYdLPp
L6bvdGCg9H9N7uvckzEV0zHiNtNfQt8v/R7pr/Prz/vEQHRh9QDTe9M/dMNw6SM33sneWIplGHq3
6dvQP//FSOlTRt7L7hiH8Vg+1PRt6Zc/9aj0q09GsTu2otcIx4Ro07ej3+L9pPRf5cSwN+ZjAVY9
bHof3X/N09Kf6hfH7hiOERj4uKh//2iv+w95Vvpu+55id6zDemydYJ7/Ut2/IVX6qNRnnHsaZmAm
Jk0x/WW6/4J06ad3nsrrRBcGYe400/vq/r0ypX9760x2x3KsRPds01+u++9eIv3XY+ayOyZgIgbN
N/0Vun/SCulbWhdwX+jog34Yvdj0HXT/y1dL3+PNpeyOhViMAa+Z3k/3/+Bd6R8Y9Dq7YyRGoWeV
6Tvq/g98IP3Munz2xkZswrAC01+p+5/YIv2aFwvZHbMwG0veM/1Vuv+yT6Sv6l7M7hiMIei92fT+
uv/tO6T/b/tH7I6VWKWPt5m+k+5fXSn9TeM+Y29MxlR0bTf91br/89XSj2y7i93RD/0x+yvTX6P7
X10r/Qtr97A7FmMJxn1n+gDd/6PD0hdG7mVvjME4DNhv+s66f+wx6b8/8jO7YzO2YPFB01+r+5/+
S/pzC39ld8zBPKw7Yvouuv8bp6XvFXycvdGNYZhwwvSBun/YxX3P9w993czeWIO1GNFi+ut0/5/b
S58+uZXdMRXTsPyc6a/X/Wd3lP69Dt5bnN0xAAMxyGfLhX1X3b9rZ+n3FV/m3D1YimVY3sH03XT/
sm7SXzzyKuceg3GYgLVXm/4G3f+JIOn7nLzWuTdjK3p34fmvN3133f+SEOljc7o791zMx0L0vsn0
PXT/gjukn9evl3N3YzhGYHpf07t0/3sHSb9h763OvQbrsB6r+5u+p+7/2xDp908f4NxTMR0zsDrM
9Dfq/i/fL32bzoPZG10YpI/vNf1Nun/QaOlDtkayO5ZjBeZHmT5I9/9yrPRjxkSzOyZgIjaNMv3N
uv/EcdLPb32Ye6yjD/pixRjT99L9fSdJv2nV47xOLMRi9E8wfW/d//0U6X++awK7YyRGYd4zpg/W
/e9Pk96nbjJ7YyM2YcBzpu+j+/85T/rbX5zG3piF2Rg7w/R9df/sRdI/1n02O2MwhmLhXNPfovvf
+qr0C7e/xO5YiVUYvMD0Ibr/dyul35LwCntjMqZgWLbpb9X9p74tfV2b5eyOfuiPdStMf5vu32m9
9JetzeN9YjF60JVv+tt1/w83St8/soC9MQbj0LXW9KG6/8MfS//kkffYHZuxFYv/T5X9R9dc+HEc
n8y3pWFqsrSYWjVZEZPFpaVhZWlqMhoNS6PJymjVYtViWBpGYrQyGk1WLSZTo1V+TFamJsOqxU3D
YjSsfI/35/k+x/uvx7nnvefZ7ue13X+2wfS9dP/GUunfmvsZu2M25qBHsenv1f3f3SF9cdct7IQh
GIqZX5q+t+7fp0L638u3szdWYTXmfWP6UN3/4M/St35uF7tjCqZiwx7T36f7px6Rvk+bH9kd/dAf
aytN30f373hM+qcLD7A3lmAZZhwyfV/d/6uT0mcN+5XdMRbjMeKo6V26f9w56becdvM+sQk9/nSM
qjN9P92/2X/SH11Uz+6Yg7mYeMb0/XX/D1p0u9xf16uRvTEMw9H3ounv1/0fbCV9v58usTvWYC3G
Nt94ZR+m+9f6Sp/w4tXOPQXTMANd15r+Ad3/TX/pF/m1ce7+GIhB2NDW9AN0/zsCpf9y8w3OvQTL
sByTO5j+Qd1/R1fp/xzV0bnHYjwmYNUtpg/X/Sf2lL5d023cb3f0Qm9M6mL6gbp/y77Sh624y7nn
Yj4WYEp30w/S/T8aIP2z/Xs59zCMwEisDDX9YN0/8mHplxxxOfcadGMdRoWZPkL3PzFM+m1p4c49
HTMxC6MjTP+Q7j9/pPQnOkeyOwZjCDYONf3Dun/3sdL7ff04u2M5VqJrhOmH6P4/JEj/YPyT7I1J
mIyuMaaP1P1fSJL+uRbj2R190BdTJ5j+Ed3/+hTp310zid2xEIsxdbLph+r+RTOl/2bwC+yOURiD
vtNN/6juP3y29PXul9gbG7AJE2aYPkr3Pzdf+pvmvsbumI1LsTHd9MN0/3eWSD+o6xx2xxAMRc9M
0z+m+9+3Uvrny7OcewVWYTXGZJv+cd3/l9XSr5i8lN0xBVMxYrnpo3X/V9ZLv6N1LrujH/pj+SrT
D9f9/T+X/syGD9kdi7EEm9aZ/gndf2uJ9B2HbeDvDGMxDvM/Nf0I3X9MmfQPnd7I7tiEHpv4+Teb
Pkb3v7Rb+mmLvmR3zMFc9Ntu+pG6f+4+6XNDvmVvDMNw9N5p+lG6/4CD0u/ev4fdsQbduPQH0z+p
+//+m/Tnpu9nd0zDdPQ/YPpY3T/9uPSd/Q7xdRiIQRhfY/rRuv9tp6V/ZHMte2MZ7sCsY6Yfo/t/
e176lFF17I7xmIA1p0z/lO7/TLPul/tVF8+wO3o28Nyx4pzp43R/r2uk/z7nIntjPhZiwiXTj9X9
1/pIf75f803O7hiBUVh09aYr+3G6/xA/6QOPtHTuNejGeoxobfrxun9dJ+mj0q5z7umYiVkY2870
8br/W3dI/0rnDs49EIOxOxbcbPqndf+7u0m/Zntn516G5ViBOYGmn6D7771X+h/Gd3Hu8ZiIyRh0
l+mf0f2T+kvf5HmPc/dCH/TD5F6mT9D92w6SPmhNqHPPx0IsQj+X6Sfq/p8+Iv3jg8PYCaMwGv0f
NP0k3T96uPQz3IOdex02YCMmDTH9s7r/2Vjp1855lN0xG5di/GOmT9T9l8RLX3nnCHbHEHRhwyhR
//8xWffvnSi9R/kYdsdKrNLXceb7P6f7V02VvuvkCbxPTMFUdE8y/RTd/6VXpH+i9XPsjn7oj+HP
mz5J9+/whvSvbZjG7liMJZiRYvrndf8tc6UviHqVvTEW47AszfQv6P6jF0pf9Xc6zxmb0ONNnuts
00/V/f97V/rmizLZHXMwD30XmD5Z93/vfenvDsl27qEYhhGY+I7pp+n+YWulH7l/OXtjDdZi0UrT
T9f9fy2UPn36KnbHNEzHhjWmf1H3f71Y+sL2H7E7BmAQ1q83fYruf2up9AeLP2VvLMNyjN9o+pd0
/7LvpP/fqC/YHeMxAUu2mv5l3X/CXunvubiN3dFzO59nWFFm+ld0/6t/lj42Z6dzz8V8LEDvPaZP
1f3zD0s/u98P7I4RGIm+laZ/Vfd/6Kj0nx2uYnd0Yz36HTL9DN3/+AnpD8+sYXfMwEysqzX9TN1/
3lnpr+nsdu6BGIzdsem46dN0/+B/pQ/ZfordsRwrMOaM6V/T/fd43nO5f2r8P+yOiZiE1RdM/7ru
P8Vb+nmel9gbfdAXa5oVX9m/ofv7+Eq/cfX/nHs+FmIRxrQ0fbru/8lN0v86qLVzj8AojMbStqZ/
U/d/7Fbpvd3tnHsdNmAjlvqZfpbuf+ZO6XvPudm5Z2I25qBXZ9PP1v2ze0g//s7bnHswhmAoNgWZ
PkP379VH+vm7g517OVZiFeZ1M/0c3f+nB6TfnBji3JMwBVMxsrfp5+r+KQ9JX9vK5dx90A/9MfF+
08/T/W8cJn2bDQ+yOxZjCaYPMn2m7v9FjPR9o4awN8ZiHFYMNf1buv+TcdJP+Psxdscm9Hic5zrc
9PN1/6ZnpF+wcBS7Yw7mYuwY07+t+6+YIn1Jz3Hsji4Mx6qnTZ+l+/d/UfpjlRP5OqzBWgydbPoF
uv+RGdJfP/15dsc0TMfIZNMv1P1fmyV9//YvsTsGYCDmppp+ke5/y3zpJxansTeWYTlmv2H6bN3/
68XSZ4/M4DljPCZi90zTL9b941dI/9WFt9kdPbMcvTEp2/RLdP8Wq6U/vvwddsc8zEfP5aZ/R/df
UyD9Df3ec+5hGIGR6P+B6Zfq/oOLpH/g8Bp2RzfWY9I607+r+7u3SJ8482N2xwzMxJhPTL9M95/7
tfTvBGxkbwzGEGwsNv1y3b/rbum3b9vK7liOFRix3fQ5un/5j9KfHPcNu2MiJmPpDtOv0P0n/yL9
jZ57+JxGH/TFmr2mX6n7t/5N+vDVleyNhViEwVWmf0/33/Cn9FMGVfM+MQpj0P+I6XN1/6i/pV92
7Hd2x3psxJKjpn9f9/+7UfpvM/5ib8zGHEw4afoPdP9FHj0u9393OcP7xBAMxcRzpl+l+4d4Se+/
+wK7YyVWYcG/ps/T/fe3kX5w4lWbnd9zTMFUbGyx+cp+te4/vb30L7Rq6dx90A/9sdbb9Gt0//ad
pF/5cVvnXojFWILJ7Uz/oe5ffLv0Ox+90blHYQzG4Y6bTZ+v+4+8W/qG+gDn3oBN6NHZMSHQ9Gt1
/wu9pO+0MMi5Z2MO5mFSV9Ov0/1z+kn/cM/uzj0EXRiGpT1N/5Hu32+g9NMrezv3KqzBWizoY/oC
3f9wpPTvT7uf3TEN0zHiQdOv1/1nRktffsNgdscADMS6h03/se4fECv9P5uGsjuWYhlmDDP9Bt1/
23jpbxn5hHOPxXhMwOKRpi/U/cc9K/0jF0azO3qOcfTCHXGm/0T3bz5V+peWP83umIf56DvR9J/q
/qtflj7PNZm9MQIj0SfJ9J/p/oNel37voWR2RzfWYVaK6Yt0/2NzpL8wI5XdMQMzsW6m6T/X/TMW
SH9bQDp7YzB2x8ZZpt+o+3d5V/ph2+axN5ZjBbreNv0m3X9XrvSp4xaxOyZiMrqWmL5Y9382X/oP
my9nd/RGXyxZafrNur93ofQ/5n3A3liIReizxvRf6P4fb5L+34Hr2B2jMBr915t+i+7/6FfSdzn2
CbtjPTZg8uemL9H967+VPjpjM3tjNi7FuBLTb9X9F3wv/cwu29gdQ9CFDWWm/1L37/GT9Ot27WB3
rMQqdO0x/Ve6/75D0u9/toLdMRlTsGif6Ut1/+Q/pG/Wqoqd0A/90f2L6bfp/u1OSB/88RF2x2Is
weDfTb9d99/UIP2IR4+xO8ZgLAYdN/3Xun9Mk/Sv15/kOWMTep7i8/S06ct0//PNe17u1y84x+6Y
g3nofdH03+j+y66V/kCP/9gdXRiGuc2+uLL/Vvfve730npUtnHsV1mAtFnqZ/jvdv7qD9N2mtXLu
KZiG6ejR1vQ7dP9Xb5F+1A3tnLsfBmAQ1rc3/U7dv+Od0r+5yd+5F2MplmFmJ9Pv0v1L75G+MCbQ
ucdiPCZgVZDpd+v+Y++Tvvp8V+fehJ7Bjl6Y3M305br/VQ9If/Xyns49B/MwH5PvNf0e3X9VhPQ9
XH2dexhGYCSW9Df997p/eJT0ow8NYHd0Yx0WDTT9Xt3/jxHSZ8x4mN0xAzMxbKjpK3T/WU9JX9Tp
MXbHIOyO2U+I+v+PH3T/O56R/kjpSPbGcqzAgNHm+/+o++98TvqW48ayOyZiErriTb9P9580Xfpe
zSeyO3qjD2Ymmr5S9792hvRxeUnsjYVYjClTTb9f9y94U/rMgSnsjlEYjb6ppv9J93/kLek3HZ3J
7liPDZiYbvqfdf+T2dL/Nns2u2MWZqN7rumrdP+3c6Rv1eVt5x6MIehCz4WmP6D7d8+TPnTXEnbH
SqzC8GWm/0X3//Ej6eOfXcn7xGRMwbD3TX9Q95/6mfRve69hb/TDAKxda/pq3d93i/RfrF/P7liM
pZhRaPpDuv/n26X/Y+jn7I4xGIsFxaY/rPs/sUt6n/oS9sYm9NjKc/3K9Ed0/39+kN61oIy9MQdz
MWCH6Wt0/6UHpH+mRzm7owvD0Guv6X/V/e/7VfqF+/axO1ZjLeb/bPrfdP+Dbum3Jh9kb0zDdGw4
Yvrfdf/Ueund7X5ndwzAQEw5avpa3f/mRumv33Sc3bEUyzDzhOn/0P2/vCT9/TGn2RvjMQHdZ01/
VPd/6uqQy/2k8+fZHT0v8NyxvMn0x3R/jzbSL17WbIuzO+ZhPia02HJl79b9379B+tK+1zh3F4Zj
JLq9Tf+n7j+go/R/Vfs49xp0Yx1G+Jr+uO5fe5v07Wf4Ofc0zMBMjLnJ9H/p/m/eJf2ATgHOPQCD
MBgLbzV9ne5/ey/pJ5fe4dzLsBwrcOmdpj+h+3/nkn7p2G7OPR4TMQmjepr+pO6fEC7911f1du6e
6I0+WNfH9Kd0/2sipT+1qj+7YwEWYtAA09fr/usel77DwEHshFEYjTVDTP+37j/kSekHHn2E3bEe
GzB2mOlP6/4nxkmfNHs4u2MWZqNrpOnP6P7zJ0m/PGg0e2MIhmLNWNM36P7dXpD+u53x7I6VWI2l
E01/VveveEn605MS2R2TMRULppj+nO7//GvS3+ydzN7oh/6YlmL6f3T/6+ZIH7H+FfbGYizR1zNN
36j7f5Yl/dShb7A7xmAchs4y/XndP3qp9O+dmsvu2Ige83h+801/Qfc/9570u7IWsjfmYC66F5v+
ou7/zofSn71nGbujC8OwYYXpm3T/0A3SB+x7n92xGmsxco3p/9X9D2yUfkjyWueegmmYgXUFpv9P
93/5S+mnt/uE3TEAA7HxM9Nf0v1v+lb6DzYWszOWYhl6bTW9hxf7l+yRfs+IUnbHOIzX19+Yvhn9
2dH7pW9s/M65N6HnDj7HsHy36a+ib3epWvpbl+1ld8zDfIzeZ/rm9L1ya6Uf2vdndsdwjMDCg6b3
pB/+QJ30L1cf5nMC3ViHZb+avgX9tN/OSL/61aPsjhmYifXHTf8/+sVvXJS+ouNJdscgDMa006a/
mv7zwOa9LvcXvzrL7rgDyzHvvOm9dP9vWkp/+9h/2RsTMQnrm5Vc2V+j+0+4TvrHrmrh3D3RG30w
8RrTt9T9vTpI/+oqb+eehwVYhH4+pr9W91/bWfr8cF/nHoFRGI2B7U3vrfs/3EX6fX/c5NzdWI8N
GBlg+la6/1/dpf9v1q3OPQOzMBsLgkzfWvfPDJX+zqCuzj0YQzAUU+42fRvd/64w6Yfv7OHcy7ES
q7C0t+l9dP/vB0ufNqkPO2EypmBZf9O31f2nPCr9R9cOYHf0RX9MG2j663T/tiOk/6ngIedeiMVY
ipmRpr9e9/90jPRXDR3G7hiDsdgYbXpf3f/xCdLfdSqG3bERmzA61vTtdP+GydLHZMWxN+ZgHqaM
N/0Nuv/iadK/cU8Cu6MLwzEv0fTtdf97X5X+4x+nsDtWYw26ppreT/f/OV36A1NfZHdMxTSsftn0
N+r+KZnSt2g3k79TDMBArHnd9B10/w7Z0nffOIvdsRTLsG6e6W/S/bcsl/7JEfPZHeMwHisXmN5f
949dJf2sxsXsjZ5LHL2wYZnpb9b9/10n/SfvrmB3zMN89P7A9B11/5WfSn+oz2p2wnCMxPS1pu+k
+9//hfRe1QU8Z3RjHUYWmj5A96/ZJv3/qbL76B4LN47jo6VhCS2tTFHDqtHU5CurhpXF1Kph5GF5
nEwNw9LSYliZrCxWFqPJsLSYTIZ5ytTSsDKsLE0mU5NhaT9+x3W/r3Ncf72Oc+19bt/7c7Z/vo++
lcfemIwpGJhv+na6/zv7pR9+TwG7ox/6Y3qh6e/T/e8/KP27O3azOxZhMXrtM/39uv+eMuk3RX3P
3hiDsRh6wPS+uv+YCukrGhxmd/TE5hh1xPTtdf9GVdI3/ewYu2MO5uq/T5i+g+6/+m/pHws5yf8T
wzESc06ZvqPuH3pZ+ldOnWF3rMFaLKo2vZ/uf+aq9Avmnmd3TMU0rK01/QO6/3uNHrve53f8l90x
AAOxut70D+r+/s2k/73IbZuzN5ZiGUa6b7uxf0j3/+EO6Zu96uHcYzAOE9Df0/T+uv9rbaTv3rS5
c/dEL/TGZC/Td9L9b2sv/ZicO517LuZjIca2Nn1n3T/XX/rU/vc693CMxKGY1c70D+v+LwRKv/Wv
Ds69BuvQraPj6IdMH6D7/9ND+j8WdnbuqZiOGVjdxfRddP9FvaVv0eUx5x6IQRiMnt1N/4ju37Wf
9EGHnmB3LMcKDO1p+kd1/59flD56ytPsjgmYiGGhpg/U/acPkX6RV3/2xrboh5kviPr9R1fd33uk
9Ns3RbA7FmIRekea5z+m+28ZL/2ZgUPZHaNwNAaMMH033X/IJOm96kY593p0H+3ogYnjTO/S/f+L
lz744wnsjVmYjbGvmb677p+RKP2Ex6ewO4ZgGLpNN/3juv+TydIvPj6D3bESqzB4pul76P4nFkq/
M2EWnxOTMQUj5pg+SPdPXCJ9dZv32B39MADzFpj+Cd2/3XLpvXd8wO5YhMWYlmb6J3X/XZ9L3zvq
Y/bGGIxD/09N/5TuP2q99K81WMHu6IleGL/K9MG6v/vX0n+8MpvdMQdz0S3H9D11/1XbpN/TO5fd
MQzD0Wej6Xvp/n32Sl9TuZm9sQZrMW6r6Xvr/lXF0reeu4PdMRXTcOgu04fo/u+WSv9Mx33sjgHo
wvr9pn9a93+wXPpJRQfYG0uxDEMPm/4Z3f/736XPGP8zu2McxmPJUdP30f1jzkpf1ORXdkcv9Maq
CtOH6v63XpD+wrpT7I55mI/+Z0z/rO6//or09/Q/x94YiVEYeN70fXX/8IbdrvfP/lXL7liH9Vh0
2fT9dP/zjaWPW1jP7piOmdjcbfuNfZju/2EL6ZcHuDv3QAzCYEy6xfT9df9H75L++4NNnXsplmMF
5jYz/XO6f2lb6S9Nvt25x2ECJqL7naZ/Xvef6id9O6/Wzt0b26If1t9j+nDdv1WA9GGb7nPu+ViI
ezC1velf0P03d5N++sAHnXskRmE01nUy/Yu6/+CnpP/schd+Dt0e4XNjXFfTv6T7X3lG+gPp3Z17
BmZhNsYFmT5C91/6nPT/du/J7hiCoVgSYvoBun/QQOl9j4eyO1ZiFYaEmX6g7v/LMOmfTwhnb0zG
FAyLMP0g3X/mGOnfbBPJ7uiH/ljwsukjdf97J0r/+fYR7I5FWIxBo0w/WPcvjJP+4Ihx7I7RGIOu
V00/RPcfmSB9vdvr7I2e6IVpk03/su5/U5L0HVdOY3fMwVz0mmH6obp/1nzpX+o9k50wDMPR5x3T
D9P9n14k/czKOeyNNViHKe+afrju/8cn0q+Zs4DdMRXT0O0D04/Q/eetlL60w0fsjgEYiPVLTB+l
+/utlf7avgx2xxIsxYhM07+i++//SvqHxmexN8ZhPBasNv1I3X/CFukHNslhd/RCHyz70vSjdH/P
ndK/s24ju2Me5mPoZtOP1v2/KJI+J2wre2MkDsW87aYfo/s/VyL9kXO72B3r0G0373Wv6cfq/n8f
kf6mhd+xO6ZjJnofMP043T/1hPSdAw6xNwZhMHr8ZPpo3b/LaekHHzzK3liOlZjxi+nH6/6H/pI+
afJv7I4JmIgVp0z/qu4fd0n6L28/w+7og20xttr0E3T/O65Kfyyvhr2xEPdg6gXTx+j+X9/sut43
GljH7hiFo7H8P9NP1P0H3Sp9l8vX2P2a/twO5+8ZFjfccWP/mu5f5yX90PRbnHsGZmEOpjU1/eu6
/8c+0s/rfptzD8IQDEXPlqaP1f0f95V+w7FWzr0cK7EKw+82/STd//hD0v/65j3OPQGTMAXD2pl+
su7/1qPSN27Twbm3RT/0x9IHTD9F97+nh/SB2zs590IswhJ0dTF9nO6/o5f0I0Z0de5RGI0xGOAy
/VTdP6qv9O+5PcHe6InNMS3Y9NN0/wYvSv/1ihB2xxzMxfg+pp+u+68cLP1vvcLYHcMwAj3CTR+v
+/d+RXrPypfYG2uwFmMHmf4N3b8yWvpuc1527smYimk4dLjpZ+j+c2OlH9lhFLtjAAZi/ljTv6n7
d4yX/v19r7I7lmApZkw0fYLuX/S29FuiJ7M3xmECBkwz/Vu6//h50lc2nsHu6IXemDDT9DN1/yYL
pb9t3TvsjnmYj83nmP5t3X/dYukfD3uX31OMxKHol2L6RN0/bJn0Y8+lsjvWYT3Gppn+Hd3/3Crp
P3g/nd0xHTMweqnpZ+n+C7+QvuDhTN4zujAIaz4z/WzdP2CT9KdLVrM3lmMFhuSYPkn3P1ggfcvJ
X7I7JmAiFm0w/Rzdf/Ie6Z+4fTO7ow/6YtUW08/V/W8vln583nb2xkLcg0G7TD9P9887LH3agG/Z
HaNwNPrvN32y7j/guPQ7Lv3A7uh2gL9nGHvI9O/q/pdOSv/nkp/YHTMxC6PLTP+e7p/+p/R3dP+F
z4khGIp7Kkw/X/fv/o/0PY9VsjtWYjXmnDZ9iu5/7F/pY96sZndMwmT0qzH9At3/zQbdr/dLfGqd
e1v0Q39MvWz693V/n8bS79r2H7tjERZj+lXTL9T9tzWX/tzwmwqd3TEaYzC3UeGNfaruP9xb+rvc
mjp3d/TE5ljYzPQf6P7X7pU+ZEVL556FOZiL3q1M/6Huv6Kj9K/3utu5h2AYhqNXG9Mv0v17PSz9
J7+3c+6VWI01GNHe9Gm6/++PSb836QHnnoypmI7hnUz/ke6f9KT059t3ce5+GICBmN7V9It1//bP
SO+zz+Xci7AESzG9h+mX6P7f9pe+T3Qwe2McxmN1b9On6/7jBkg/uXEou6MXemNFX1G///hY9/cY
Jv2na59nd8zDfEx80Tz/E91/7Wjp9/cbxO4YgZEYP8T0S3X/fjHS11YPZ2+sw3pMHGn6DN2/eor0
974/lt0xHTMxarzpP9X9F7wpfd+HX2N3dGEQVk4y/TLdv/Ns6aeWTGVvLMcKdL1h+uW6/4/vSZ85
6S12xwRMxLBE02fq/rEfSl/ccg67ow/6YtU806/Q/Vt8Iv3ljSnsjgW4BxNSTb9S99+4Qvr7BqSx
N0bhaCxYYvrPdP+INdL3v7SU3dEtw9EDC5eZPkv3v5grffySz9gdMzELPVebfpXuvzhf+izXOvbG
EAxFj/Wm/1z371Yo/Y9HN7A7VmIVBm82/Wrdv2yf9FdmfMN7xiRMxohtps/W/d/4Ufr2Pruce1v0
Q3/M2Gv6Nbr/3UekD9+2n/eMRViMqcWmX6v7F/wqfcLwg+yO0RiLgaWmX6f7D/tD+tXXyrgf5X2j
J5YeN32O7n/1nPSHMivYG3MwF30rTf+F7r/8ovT/61nF7hiG4eh11vTrdf/g/0nv9/vf7I7VWIPl
F0z/pe7/m/vj1/uIpMvsjamYhpFXTJ+r+8/ylP7t9tfYHQMwEDMa7ryx/0r3v99L+rXfNnLuRViC
pZje2PQbdP+9raX/aVwz5x6NsRiPpS1Nv1H3H3u/9G6NWzl3T/RCb6zwNn2e7n/LQ9L7r23j3HMw
D/MxsJ3pN+n+2Y9IP6hfe+cehhEYiW39TP+17v/s49LPqvZ37jVYh26dHLMDTL9Z9/+zp/RfLAh0
7qmYjhno6TJ9vu4//1npyzoHOfcAdGEQuj9l+i26v/8L0t9U0pudsBwrMKSP6b/R/Q9ESv/wpH7O
PQ4TMAkznzf9Vt3/9Sjph7R8id3RB30xaZDpC3T/5tHSz9k4hN2xAAsxaZjpt+n+X70ufW7ESPbG
KByNhWNMv133f3G69Mcvjmd3dHuV947FMabfoftfmCn9LUsmsTtmYjYGTzV9oe6fNlf6R1xvsDeG
YChmJph+p+7f9X3phx1NZHesxCrMm236Xbr/kY+kT56RzO6YhClYP9/0u3X/+E+l39g6ld3RF/2w
5kPT79H971ol/YmCJeyERViCkUtNv1f3/yZH+ibDl7M7RmMMFq40/be6/8t50ne99jn31Y4e6Ikl
a0y/T/ev3yp9VOZ6556FOZiLPhtMX6T7f7pb+vk9v2Z3DMMI9N5i+v26/5PfS7/55DZ2x2qsxYJC
03+n+1cckv7k7L3sjimYilVFpv9e93/nmPS3tv+BvTEAA9GtxPTFuv99J6V3fVvK7liCpRhQZvof
dP/dZ6QfNa6c3TEW4zHohOkP6P6jz0u/0KOSvdELvTGxyvQ/6v43/yv9N2vOsjvmYT56/W36Et3/
c7ce1/tTfS+wO0ZgJPpeMv1B3b+Ph/TNq6/we4Z1WI9RV01/SPc/c5v0PRY03OXsjemYgXsa7bqx
P6z7v3en9GM7N3HuAejCYMxqZvpS3f+he6X/8McWzr0Ey7Acve8w/U+6f3EH6bfF3uXc4zABEzHM
x/Q/6/4TO0tf1aKdc/dCH2yLib6mP6L7N3tM+ts3+jn3PCzAPZjob/oy3f/LJ6R/MiLAuUdiFI7G
4kDTH9X9w5+W/tWL3Zx7Hbq5HN3R1cP0x3T/f8Kk/2jxU+yOmZiNMb1Mf1z3XxQhfWG3PjwHgzEE
s/uavlz3Dxwq/dmy59gbK7Eas18w/S+6/0+jpG81YyC7YxImY9UQ0/+q+0+bIH2v1sPZHX3RD6Ne
Mf0J3f/OKdJPLBjj3AuxCIsxPdr0Fbp//gzp04dN5DkYjTFYEmv633T/wbOk3301jvtURw/0xOLp
pj+p+//3rvR/LU9gd8zGHKx92/S/6/4ZH0h/d88k9sYwDEfveaav1P2f+Fj6p0/OZ3esxhrMf9/0
p3T/XzOlj529iN0xBVOxbrHp/9D9386WfqnvUvbGAHRh7TLTn9b92+ZK/+3eleyOJViKrtWmr9L9
d26W/p+xa9kdYzEOXV+Y/ozuP3KH9G08NrA3eqE3VuaZ/k/d332f9KFrtrA35mE+pmwz/Vndf9UB
6af03cnuGIGR6LXX9NW6/zM/S7/sbBG7Yy3W4+gfTH9O9z/9i/T7U0rYG9MxA/MOm/4v3T/5lPQX
O5WxO7owCOOPm/5v3f+Bc9K3/fEEu2MZlmPMSdPX6P7f1UrfL/Y0e2MCJmLdn6Y/r/tPqJd+Wou/
ec/og22x7B/T/6P73+oedL1fseES7wkLsBArrpj+gu6/vqn0P7x0ld1xKEZhToPdN/a1uv/zt0tf
V3uzc69Dt0aO7ljb2PQXdf+au6W/f/Gtzj0dMzEb3VqY/pLu/8F90j/X7Q7n7sJgDMU6b9Nf1v0f
eVD6N8p8nHs5VmI1lrYzfZ3uf7iL9Kve8HXuCZiEyZjb0fT/6v5x3aUvudvfufugL/ph1cOmv6L7
t+op/X9bH3XuBbgHizCpm+n/0/03h0rfYVgP5x6F0RiD2U+Zvl73jwyX/oWrvbj3dvRAT4x+RtTv
P/6n+/87SPq3lvdld8zGHIzrb55/Vff/ZIT02cEvOvcQDMNwzB9g+mu6f49x0h/+bTC7YzXWYP5Q
07s1Zv/y16S/OusV3jOmYCq6xpi+Af3Ft6ZJ/4DvePbGAAzEtImmb0h/x70zpR+wN5a9sQRLMXOK
6W+i71o4R/rEsfHshLEYh24JpnenH/DKAunX3ZLI7tgcvTB+tulvpp/a8CPpf86ex96YhwUYO9/0
jeg/+ixD+gZ9F7I7RuBQLFxk+lvoN4VkSe9/djG7Yy3WYdgnpvfQ/U+tkz4yZRl7YzpmYvQK0zfW
/edulH52p8/ZHV0YhLlrTN9E9/fbKv36A1+wO5ZhOWbmmr6p7r9/l/RHX9/Ee8b4/1Nn9lFRlWsf
piOmpSYaGRkZjpikiDPDfEF+YFFih0oNzZQaPmaU0WFmmhkUFRONCpWSEotMi8qUio5o1MEk84OS
jIzKjMoUiwo9VKRUVljvnnv/buRW613vWuefd1ZrXfNw72vPs/e1Z/wjMA80bBN+b+4/Zx/5wf3e
QG8wHIwAs3YKvw/37/Uh+dqttegO1oC1YNFe4V/C/Ss+JX/m7fXoDqaCaWDb+8Lvy/1vOUr+A+0f
oTcYdEBlMFh/UPgh3P/7FvK3rPkc3cEysBy0HRF+P+6/qo38Q6av0B1MAJPAim+F35/7606R37Px
OHqDzWALGPG98C/l/h/+SX7sghPoDRaAheD0n4Qfyv19PcYE/LsH/obuYCQYBRadFv5l3D+0L/nL
t19Qq3YHa8F6sCS4tqs/gPu/OoD8qtSL1HkamAU6wdA+wr+c+08bRH7T6RDM+6nsCfYGc0OFH8b9
fxlKfq+nw9R5GVgOVoD+K4V/BfcvHUm+KSFCnSeCyeAksGmI8Ady/3gj+elHh6nzZrAVbAOrhgv/
Su7/+Wjyi5aNUucFYBFYAibECj+c++clkl89xKzOI8Fo0AAWXyf8q7j/Vcnkf1U7Vp3XgQ3gATDi
euEP4v47bif/klk3oTvoAf1gwkThX839rTPJj+txK7qDIWAoWDRZ+BHcPyiTfFv5VPQGq8AaMG+6
8Adz/2fmkL9q4l3oDqaAqWDvdOFruP8NXvK3H7ehO9gOngITsoQ/hPs3LyD/m5VOXCdYApaCNrfw
I7n//UvJ7zfSr861oAUcDdbMF/5Q7n/NcvJH71+E7mAj2ARuuFf413D/vcXkz3bfh+5gLpgPGh4U
/jDun1VK/uqQlegNhoMRYP4q4Udx/4vKyN+x5VF0B2vAnWDoY8K/lvu/uIn8Y1PWojuYCqaBUeuF
P5z7J28mP7T9GfQGg55VGQzmPi/8Edz/u9fIH7fmBfQGy8ByMKtC+NHc/+Ed5M81bUF3MAFMBNuq
hD+S+496m/zHPqlGd7AJbAYNbwg/hvs3vEf+rtyd+J6BBWAhmLJH+KO4/z0fk996RR26g5FgFK/3
CV/L/ft/Qf7l299Hd7AWrAcLPxK+jvu/0kz+DamfoDeYBTrBxs+Er+f+U1vJd50+jPkR/I6BvcHG
o8KP5f4/nyT/iae+QXewHKwAo44L38D9H/+d/Npx36M7mAQmg6E/Ct/I/S3dxgb8H5p+Qm+wFWwH
y34Vvon7f3ox+VcuO43uYBFYDLYFvdXVN3P/hf3Jv2lId3UeCUaDWrCjh/At3P/KgeTfU9tbndeB
DeAB0BIi/DjuXzOY/HX2UHWeBXrAXFAbJvx47n/3teTvvTBcnfcEQ8AwMD9C+Ndx/z+15J/YNESd
l4OVYBXYcY3wR3P/Mgv5gyaOUOfJYAo4HWyKEf4Y7j8+gfyJx/XqvBVsBzvAWqPwx3L/LyeQ718Z
r86LwBKwFEwZK/xx3P++28h/Ovp63GfQAo4Gy24UfgL3j7yD/H3vTUR3sBE8BJYnC38893/rbvJ/
dk1GdzAXzAMTpwr/eu4/exb5g0PuVOehYDgYCbbOFP4N3L+ni/zkLWnoDdaAO8F8m/ATuf8LOeTP
n5KF+wymgmmgP1v4N3L/mxeT/+xJN7qDHWCQR2WCT/g3cf//FJC/v2Q+eoNl4AbQuVD4E7h/URH5
vxqXoDuYACaCG5YJP4n7jywhP/KTB9AdbAJbwLIVwp/I/fc/Sf5tuQ+jN1gAFoLtjwr/Zu7veY78
hVc8hu5gJBgFep4Q/j+5f7+XyN/4+np0B2vBOrC4TPjJ3H/rVvI/mPk8uoM2MAtsKBf+Ldz/9tfJ
7+iowPxl/I6BIWDDZuHfyv3bd5E/7Kkq3GewHKwEQ7cJ/zbuv+Yd8qeMq0F3MAlMBkPfFP4k7m/6
gPx7m/ao82awFWwDnXuFP5n7f9JI/gtL30V3sAgsBqfvF/4U7r+gifwDmo/QHYwGtWDdQeHfzv0H
tpD/557P0B2sBxvAyMPCT+H+238gf7j9S/QGPaAfbP9a+FO5f+ov5E+98Di6gyFgKHigVfjTuP/p
P8hfuulHdAcrwWrQ9pPw7+D+T104LuBXJP2K3mAKOB0s7RD+dO4/7hLyPzkW9LbaHWwHT4E7u73d
1b+T+zddRv4/VvZU50VgCVgKNvUS/gzuv+wq8kdGh6hzLWgBR4Ntlwp/JvcfMpT8O9+7XJ03gI3g
IdAQLvxU7l8bTX6B62p17gFzwTwwUSP8u7i/3UD+5r7D1HkIGAaGg0XDhX83979wNPmfVcao8yqw
BtwJFuiEb+X+m24gv/sUkzpPAVPBNLAqXvhp3D/pn+TrTo5Bd7ADDBqrsi6ByP//I537H5tCfmrJ
jegNloHlYPhE8fkZ3H/lDPIfNN6C7mACmAgGTxJ+JvePziB/68EUdAebwGawYLrwbdz/PQf5X8xP
RXcwHywE66zCt3N/1z3kX3SFDdcJRoJRYPss4c/i/n0XkG94fS66g7VgHVjoFv5s7l+ZT751pg/d
QRvoBMPmCz+L+08uJH9Fx0LMF6nsCYaAtiXCd3D/E6vIf3X9MnQHy8EKMPd+4c/h/iWPk3907Ap0
B5PAZLDqIeHP5f7Gp8nv3fQIeoOtYBtYsUb4Tu5/cCP55qVP4DkBi8BisGW98LO5//x/kZ+heQbd
wWhQC7Y/J3wX9w97jfyH9pSjO1gPNoBJFcJ3c/9tb5C/zVapzrNAD+gHC7YK38P9Z7xFfnP3anQH
Q8BQ0L9d+Pdw/9/rye+76U10ByvBKjBvt/C93H/9AfLjk/aiN5gCTgcr9wnfx/3HHiLffmw/uoPt
YAdY+aHw/dz/yFfkF684iO5gCVgKtn0q/Bzun/8f8mtGHEZ30ABawOCjwp/H/QefJP/b+q/RG2wE
D4HFx4Q/n/vv/o38/q7v0B3MBfPA6B+Fn8v9M/+REPDH9P0J3cEwMBwsOCX8Bdw/+GLysyo70Bus
AXeChX8KfyH339iP/JLJwXvV7mAqmAZG9tjb1V/E/SdcQf6bJ3qp83awAwzurbKyr/DzuH9LBPnH
V1+qzkvAdWAZeGqA8Bdz/+VR5F9mvFKdW8AEMBHsPUj493L/4VryEw5q1Hkj2AQ2g+VDhb+E+79r
Jt85f7g6zwXzwQLQEiP8fO7vHEf+42F6dR4ORoJRYJ5R+Eu5f58J5O/eFqfOa8BasA4sHS38Zdx/
863kfzdjPLqDNjALbEwU/n3cf9I08sM6kjCfqLInGALWJQu/gPv/eBf5iesnoTdYDlaAJVOFfz/3
f9ROvnvsdHQHk8BkMHSm8B/g/rHZ5K89YkV3sAVsBZ2Zwn+Q+x/wk/9W/mz0BovAYjBljvALuX9O
Hvltg93oDkaDWrDBK/zl3H9AAfnhe+ahO1gPNoChC4W/gvtXryR/gu1e9AY9oB8cvVT4K7n/navJ
93Z/AN3BEDAUbFwu/CLu/9ta8tdvfAjdwUqwGnQ+IvyHuP+Tz5JfN2ENuoOTwBQwYa3wH+b+o18k
/2TLOvQG28FTYO3Twl/F/b/YQv7VKzagO1gCloJh5cIv5v73biP/5hEV6A4aQAsYtFn4j3D/q3eR
n1P/CnqDjWATmFQt/Ee5/6468suyt6M7mAvmgbU7hL+a+2c0kP/uJXvQHQwDw8Gyt4Vfwv27NZL/
y+Z96A5WgzVgwXvCX8P9NxwhXzP5Q/QGU8E0MPSg8B/j/jd+S/4tJz5Fd7ADDPoMz9Nh4T/O/b/5
nvzc1UfRHVwHloHOZuGXcv8Hfyb/OcMx9AYTwERwZ6vwn+D+UX+Q//7HbegONoHNYMVJ4a/l/vu6
jw/4v807he5gPlgAtnUI/0nuP7cP+UOVX3i1NxgJRoHJ3eq6+uu4f+/LyJ+0rYc6rwFrwTr+ey/h
r+f+L4eTv2hGX3WeCtrALFDbX/hPcf9bI8nf9PsAdd4BBl+usidYPVD4T3P/H0aQ/+G6Qeq8DCwH
K8D2wcIv4/7FseSfHnONOk8Ak8BkMPRa4T/D/XXXkR91ZKQ6bwJbwFYwRSf8Z7n/R9eTf3u+UZ0X
gEVgCZgQJ/znuL//ZvKXDB6D7mA0qAWLxwt/A/e/bAr5L+5ORHewHmwASycI/3nu/9qd5H+cmYzu
oBP0gC23CX8j978jnfyg7inoDYaAoWDjNOFv4v6nssgfsXEmuoOVYDUYnib8cu7/hIf8aRMy0R2c
BKaA62YJ/wXuH59L/rKWOegNtoOnwFyX8F/k/oeWkP/yci+6gyXgOjA1R/gvcf/FD5LfOHwhuoMG
0AI2LxZ+BfcftIr8bvVL0RtsBA+BkfcL/2Xu/+Zj5MdkL0dvMBfMAxOLhP8v7p/2FPkzLnkE3cEw
MAJsWi38zdz/go3k37+5FN3BarCG12uFX8n9n32Z/MpJZegNpoJpYORzwt/C/W94lfzPf9yE7mAH
GFSOji8Jfyv3/7qG/AtXb0Z3cB24AWzeKvxXuP8DteTrDf9GbzABTARrXhd+FfcfVk/+XR/vQHew
CWwGy3cJ/1XuX/cR+YXz3kZ3MB8sBNv2Cf817u/4nPxXLt+P7mAEGAm2NAj/39z/4q/IP1z9Ma4T
rAXrwMRPhV/N/V86Tv7FM75Ad9AGZoHRTcLfxv2TT5Bv/L0Z3cHgr1X2Bm0twn+d+3//K/lp61rV
eRlYDlaAzh+Ev537r7rg+oC/ckw7uoNJYDJY+Yvwa7i/9iLyXzv8O7qDLWArWPGH8N/g/h+EkP/l
km7vqN3BQrAIDOrxTld/B/f3hpHfZ3AvdR4JRoNa8FQf4b/J/S+NIN+yu786rwXrwQOgZYDwd3L/
qmHkZ2YOVOc20An6wehBwt/F/aeOIv/hYI067wmGgKFg2lDh7+b+v5jI3/b8teq8HKwEq8D8aOHv
4f6lY8n/+iadOk8CJ4EpYK1B+O4c/6jZnhxrtsdn9c22Z2fHzPG5XUH/1ZdWeZkMBqLyOptmrV4X
pDPqjWazyWA2K8fpDDqjNihC+9/dxvlfOT5/ujciIsjrdvv/7rj/bf7/9LVI456rifd7c+zRGrvX
6/Zq4jWaaE2222ZX3ilPhrJwutNtysLldtkDq/QMu1OdnXlqlL8Hjo3X3DptYuLE8RET7De5vZn2
iCkp0yNitSatMvdla+L1lmiNzeuYZ1c+Rher1WujNd4cl9+RrXyYTq8cp5zG6c5Idwb+5LX6HZlz
rS6fMtPqDcoZnG6/stArz0y0Zn66NzvHo4k3BhYeu9fhtllzfFjb7Ok2p8NlP/MXn8fhopWeVn6v
PT3b6lEsr8O/QBM/0hitcbiUR0HZTLo/4NmtLuUedDlEvUezvemeLBop54rrurb6F3gCf1ykmWv3
ugK3KG6xumfrvHSvQzkz3UNrZk6GM92n3BBP1oLA0bNmKQODNs6kHLwgO8PtDFyvcrWKYHe5lCPj
DYGbvsDuVd/6cjIy071eB61NOn205p70wK01Kidw2jyZ1swMZaXHwuGn42Kx9LrnKysLVguVgcWA
RcZs5XOV0ztmZ6frNfHaGK02Tn2ZleN9drtNnc91eKx0BXRHFgfum8frVj7Wne1x2v12m9WW43W4
ZluVssppOud4upQ/2HPtmTl+5Smwetxup9XnWBjIH+iS6fba6VMCtc48mLMcs9zKrrXqOxrMSnf6
lEm20608Il3/oDyRHofHbrW75in3e5Q/2zPKlzEycJjPb/eMVOYx7mmGOTc6RwUO06hGptvl9ypb
8XjtPnsglPq5yhVYAz8PfmuOP1M5m16rN43UaUdq9Sk6c7w+TvkvRq/TztCoh9pdtr86MFYbYzR1
Hjg/3enEienpNscp+fU6U5xyMqMh1mQwdTkucNauR5m1ypkMWoM+1qwcZVdumS2QRv1WBOp4Aktt
4JnJcWVmqffdR38JfKuUH3ws3P50ZRddv1PZDp/Prk4Db61e5atAK3WvdCb6Ei3SuM44ytvYGJ1R
ecQ8Rm3gvUVv0nZ5BXLGKQNDjNlkCryPU76TMTpxjHpQnJVGyt3DCktL1yOVWXZ67vkGizuvWemY
6fA53K6/2K3WrD/7w9Wtm2MNnbs1mQ1dDzJ0bl1rjj13oG5dp/zDJfd65jqUWVyXl7nzOs4eKNeh
3O/Zdn/gOmx/c9uV76jZEBd31lnpUpRRnE6OLLgybYyu82IC782d+w+sLGe2jCXtkt4vlg/V+ffU
uQGjThTufA60MXF6OeHd6GK0On3nbpSVXi+u4MzWzjejfZ47OLPpzMDX6Xx71sdoDRbsm9/HdX0f
1/W99axV3PmfKNrOuYMz2/G7+cfl//aMnmegPrDKz8M5g7i/HFj/bvQXM7qmcweL1d/0816I8s98
17urj43Rx+r5/lqMMaau54rFlmP1phiT0SQ+G1uONcUqT9bZjzUymI0xFq353Kfi3AFlUP6BzVxg
neV1Z1vxhfufdq71t20cid/n/BVEgQNaNFH0oh4G9kPqpN0ATRrk0eJwOBiyRMdCbclrSUmz1/7v
N0NKtmxRtvxINovToGklPobD4ZDzm6FS+QxAZm2Raz4ZkFK3q0uhO65CjdIhoRfzMjTFssqTsRXT
KB0zRnkyrrJw0OizySxX/ELHOE3SXjzo3bOIwbmNZ1/NqT2zMN12lrcXFYbkaMsVOC1+8lVOFHG2
Uada0VtVVVNXHIlLFTBDn7v6QchPRZzMHB94/FABgghCo9QF1cMPeEeEcpMJoKMjXVcA6piqZbnw
Y1MTTr0+96smVFkmul5HgyoNrRPACxuUHLNFqU01w0b8moo6w7HBmA3XpNSwNODGAEcgPzAUhaJn
TsKgNx2LQt01Fde2VJcajg4ugs5awIR5C2ppsDNM3QQJTJs6fJV6j2GQDoX7NxECj1kASLJUrGsI
A76zSdqr1KFbOSyMGZY96mE7fNUW9Rknaa1CbQMCMwMk09xlhergIeHHog5oSZspFFSiGIbpaI5L
XR2UQ6sKdV1AOYal45zKCrVgPNwOljFXqEPdijpNTaEwsGpomk0NalbUabqADzQdFtuwVEu3EBAv
K9TWpQrVrVqF2prDFUr1sj4pbsD0MQZFhlFawq3zsrni0BCpoTk2pXB2ODZ67DkgFq6B4zketsxr
yshuXloCd/NCcRbI8LY/zKLvOEm62D4KEz6o9uvgrw5IW3pRquZ/vADC88SbPu0tE4Snz4r8j25Z
ain/Y/1D1fAUb/M/L0EL+Z8fIZ7FHiw7xLBJeJ+yKWZ2HuPp9zwHVCR7ggxTIlop9zJOind4hZYB
G3jZKH0jCnoP3igTsSR/nXrRPXfiIxgu5eX3MHLK8OWIYuIEItsogBiU/ZFBaX7yFaU8eMUzXDE0
8DKO48wQWNHE8/Fwy9s4pmVQSwBKzK344uCb4kMcFd5OV20IS20wRcBYh2+yKMTY2KSzdFMvL9KK
aXM/Ar4qhj2DEfusVM27Y0kPEzCaYuoUnLsOgJc7+YUGM2l5OxtgAsxFdahuU9EO9Av+yIt4C3Ct
iGZ1E4kapRahaGC6HGXOijlsBATiIPQoodV0MIonOEVUIwAM11bBYYNfhrr7fiF7lI1GgDAn80fo
xStxAATItmmAsze4R+0/wSqWatXDPCFWLuSJpj9Fugwfysuc58KwFLSS4TqLotFo3Jt4U2+8YBXz
KHOhRdE1Ly0SaFrOZxgGAYtm1Y8svB+mPS77rDCBgBHTWfFjNMsvPYi0Aq/i08gLwOYeRM+APYQ+
E6x6EHHGvsflBAjlOJjI/JXnSlX+by/yMPu5InGKjbIsxO336eruyAhUxjQzOHKYph3B+utHzIFX
2/d0v6+anuVhWmswZQwsZtzrs4HIqukAPU3DNmyrSP5ANZabrgrI2MaN4WeB18tTsj30A3x35KlZ
XinSt6U6kcZNniJMfGGTU66AG4Qx2Yh9QJgZRvc30IC8J9jghmdfsWA4jSNYZ+IN4KghzPOHhNvH
oThowHDTIXDt3n34fHLTOz37eHL3+bZ3cXL7O3n78QqQOolicvvR0N9BlyGHsW9sTwMVUHtgqDae
Pqg4ajuGyPTlOz8dgggBGqTPotTDs+gNRWXzOeKa9kesJ5ZyZvYinhLZ6mqKT3Nxf2GKDzN2da1g
F1Jdx1bYAnPUmKVE53Kc9I9XeWM/eXizf3iGI+Joo/g+Od4385xwbwLcrfP//Hnm/w0b/D9EVuD/
6TPJs0D/5/5/Yf3zNLgCL/scYw3+g2hoGf+ZEJS3+O8l6N/zE4qIE0o1FMN0SVfYAiEUgvz/kBs8
++AYJ7mNkMBj4zgiWYKFCZzxLCXrblsKAztoOuptjONFzE9J9+70hHiTySj0eXYrIWlM0mGY5JIc
kgQkYNEDb9m7uLrpXZ1fnfVOz6/Purdfrv/12zrpGkvFRYEBZuX9MIITmuQ+sUO4T5Sxo4rhqsvs
TnyfTQrd4lyBh6IojfvfJeA7gzAAX5iCEqKAANiGV3/KAOKkIQCXF5Pl8uwb6X4+P7u8xQKLYG4V
bAQEVDvkhk1BRQSWDCVFB/x0SCZZMiT+KARJcUUnID8OPwqTtNmobsk4I/YIGuCjYA0B5JOPXsfL
2EkDlEo1cHN2/fXsmovQIdc4z5rutr3b8NX+TRbAG3HdE4j3klRmG5quAOLeXjR5/+3s9HlkWVCT
bWyvJt3aTbRq//2IhmB0F9Gk/bdcwWeRZUFNzpZq0lVFNej2ovH+zySarajqDqcT72/uZwXlvHaV
pawmR93yqELW+i4rKO2/F9Ew1HN3sHt5fxTt7rxx8+446PyRhTJfKu9wC0AmGWYpFxFTH2WHekj6
nv89HgzQiQdh4kGUHMhZW7pTwZAlz4y5RhaQxzAdEkDgaZZIfbSc0Rl0Xur6V+PovystxH9ipfcd
/q2J/zTLsLTl+E+32u8/X4RqYXG+WcsIO5vUo+jF5t38aIMjJI2XQ0b4I+LFzk4Bo2zc8yhEHxb+
yYNSUYUfH7KkJgQybX1ZdLyGKHVHCdiPFKUW6UCikrc1ydp39VGCZBA4/rwojp7GMZxgydADF0zG
oCE4gKfsHtwCQW0kw7GiKtitMfMiPM2LMQj6HEbZj+O7KPyhkA/No9Uq89MwmYy8J3LK08BzJtSl
TVmc8BQsueUp2IRczXKwPIIHe9FUgFVNueVvV/l3ugWP5v3Bg4Q+ucIIEn0xLj1+/bzKva0SZOgl
hCeKm/e8Zj4DjQQ8fM1D4fyCQyCPq/NTHs01ZThTxog9sBGJBwXX/yKXX+C8O9yKv1xfnHzezGhR
PXgfCMUih87Nq2APgna4pIfcZeO+wRL1V+Mx1jEqUFOtdiEk3q92Kwz3ot0K1zUz17aY+fYLptUt
WGUMcdlDag5E8hYvrkjTa6t3CCu9BLwDfoTfeJ43AgSWFqJeiTDASff2/OvZioyKYML7z86HySbn
Q55z2MoObaMpw1V2aBsN7FDKdckObWOjHShn2dgOq6PVjGEse/5dtVthuBftVriu0e6aXS5nubV2
pbtcOsYL73KpDLW7XKLEVbucMzdLu9w2ttzltmK7VI4CBl4InRCITIVhwrqOx14UdGB9GBSO45QJ
aBpkU29E8Nt00mfpI2MRb4IALoeg0G1WlM9d8D9ENWZjnkxYqxOMuJvOYr2ZIjcYVyGX2bgPHWFZ
xNV6IUmOmxNcC02a1rMVR68BUa9Nfeoq9VVnkasvjzxEGhcMaeXWdhXntRqTxI3WaUM2i/XIZiNj
UutyxK/VmCQgtl591VlUjMm0GhgTZsy38pCO1EPKGK7ykE4jDynjumQtzob4Q8qysYesjlaf9N+f
dqUMd9aulOsa7a7BH3KWW2tXij+kY7ww/pDKUIs/JEpchT+KO6MZ/nC2xB/8VmX5sG1mh44qi3al
DFfYIXBpYofIdbUdAqONdjlnuXW0Kxmt/mJov9rVN9jlzbVb4bq9KuRbUjrGOkZrV7DC8qV3uUyG
ul0um+DKXS6Yz3Y59N9ulxsQrpivExjKdFKDbKSzWG9Cu0cZOLCt/T3UVw8MpbNYBoZ4Ub0GGOKV
r1kx+VehDZkbrdOGbBbrkc3uUQYOXLkweqXqW2FMsllUogxnbciafz9QewvSx4lFcRoOQqEY/KwA
vyhoyuubxxdM+K1sOuVrxOXkH3+KX1tsyuxMrH77ocAi4f2/P4qzoDcEiMCmSvpj79fca77/NizV
Xrr/h6L2++8XoY/TkHzxAaGIzWN3NIfc3XYJbqoDWSVWEEEH74+ei94f/Mxx4NHNxTneLiu2pkBw
skD5JfTX0iV0uRm/CP86v+ZWdF78cwO5a1vWVKDcgFAJufTGjCzTFcqS4P86wY4uyE/yIUuOzoPS
fMJkopxAxdd4BEhxxMhd5MfTqULOul2Q+yf56EWE3LLxRHAblHg/Tjt3iXfPjrveBFjM6YJ/U3DE
KwkX7+gOmIN+4vEkA6d0oXDeTam25XLFxfmnnPdvTen9hhVCbpXUBg05fYmEeMXvG3VUvYNfGZAv
g4FsQpfHJ0In6j/hzTC6XMXOQhtd+0aOCewM9duMhXYRfuCFuu44+JxXcDZAp+K3Yp9H3zO5n9O+
n3nTXwkAwiDu3StxhfOdST6dw1/d88V6DNxhZz1NcNfmQpBItolzQl5iZ5UXk3Phf+1CYqsWcjfe
PJsSl/sSAGsW8VB0UugeEFcWBatlXEObGOHmduIcLA3Hf5+1eMkSNhMefw1WPOVfWJF+Nhgc+54/
xHLvAWA1ht4HsJZLJmdopRerXFF6VuePul56Ng9uHr3JEkdb3pHYLSptqaWWWmqppZZaaqmlllpq
qaWWWmqppZZaaqmlllpqqaWWWmqppZZaaqmlllpqqaWWmtP/AE6sIwgACBEA
=====SLOTBENCH-END lockstep/results=====
=====SLOTBENCH-DONE=====
