[cuphy-lockstep 18:21:49] refresh_adapter (limit 60s)
[cuphy-lockstep 18:21:54] refresh_adapter finished rc=0 after about 5s
[cuphy-lockstep 18:21:54] configure (limit 180s)
[cuphy-lockstep 18:21:59] configure finished rc=0 after about 5s
[cuphy-lockstep 18:21:59] incremental_build (limit 1200s)
[cuphy-lockstep 18:22:14] incremental_build finished rc=0 after about 15s
[cuphy-lockstep 18:22:14] case cpu_alone: launcher=cpu isolation=none workload=none
[cuphy-lockstep 18:22:20] cpu_alone: {"misses": 0, "recorded": 1000, "skipped": 0, "valid": true}
[cuphy-lockstep 18:22:20] case gpu_alone: launcher=gpu isolation=none workload=none
[cuphy-lockstep 18:22:26] gpu_alone: {"misses": 0, "recorded": 1000, "skipped": 0, "valid": true}
[cuphy-lockstep 18:22:30] case cpu_proc_sgemm: launcher=cpu isolation=none workload=sgemm
[cuphy-lockstep 18:22:37] cpu_proc_sgemm: {"misses": 1000, "recorded": 209, "skipped": 791, "valid": true}
[cuphy-lockstep 18:22:41] case gpu_proc_sgemm: launcher=gpu isolation=none workload=sgemm
[cuphy-lockstep 18:22:48] gpu_proc_sgemm: {"misses": 595, "recorded": 521, "skipped": 479, "valid": true}
[cuphy-lockstep 18:22:54] case cpu_mps_sgemm: launcher=cpu isolation=mps workload=sgemm
[cuphy-lockstep 18:23:00] cpu_mps_sgemm: {"misses": 479, "recorded": 737, "skipped": 263, "valid": true}
[cuphy-lockstep 18:23:04] case gpu_mps_sgemm: launcher=gpu isolation=mps workload=sgemm
[cuphy-lockstep 18:23:11] gpu_mps_sgemm: {"misses": 500, "recorded": 724, "skipped": 276, "valid": true}
=====SLOTBENCH-BEGIN cuphy-lockstep/results 2e28633f8498c590c94764ef71fad20533f4a37ce9b18b3456331a05d6a06ae7=====
H4sIAAAAAAACA+w8a3faSLL5zK/o8d7xARsE4m05zg6WccKJXxdwkrnZrI6QWkYbIWlakoM3yZ79
GXv/3v6SW9UtgcACY8fOyZ4bzQRDP6qrquvdDY53FZRMOoquStVKtSlXKtWh3K7K9fb/lORas9Yo
P/vmpwJPq9Hgf+FZ/svfy41qo9Vq1eQWtMt1+O8ZaTz7Dk8UhDoj5BnzvHDduLv6/0Mf5879H1Pd
pEwKp+G37H+zXl+1/7VarTXbfxAU2P+mDMNJ5ef+P/lzzGxyboSEVIncVqqyUm+Ty6FKUBhyWZ3Y
QcST2y091bOb+0LO3vSOep3S4LRHGnsNqdGWKjWy8Bwx+5oy8oaywPZcZXmYennUmXfKNUm0f7kH
3rv37EC8X15cEnKmTyhZfi4QlyCkrkFLp+QLOYyCUs9M0WMHvtSBjjeeo4e2Q8mla3iMSaSrqoD3
F3Ksu4QM6cQX0KwU7E9MuQz0K1pWdR9AzJ9TOvHYTYl3Eo5e6RKAA3+8iR+FlJxKHPamz5dNO057
L2PYB5s+u/fsEHhXSCwspAMGrDR4d1ov1SsvD+eonLsCvcTfKBVZqVSkCjm3rGyCKpwnZ+UOvK81
VM7iysKIRv0tKUNnpfJ2BqJyah/yxr29WhPfxx2VX+MdppYeOeFT8BuERx851Hxi+X5ipb9gnkGD
gAYKedSHM5xrJnnZQ9vQW1LN3hG8Dm981NoYCeJmKXH8ICyhWenN5FD4y7c8QlUTvA+e6uF4n3mE
Ra5ru1fET3hPLC9yzW/k91PKSd1qNqy9liGbDatVkQ26J8tWyzT1tiWPZKtmVYxWc69m5J79fL41
/mPUYjQYa7qp+yEEgjDjceO/hfhfxH/w7mf894Psv+G5ln0VMfqAnd9o/+VWU57nf5Uqxv/NauPn
/n+Pp1QiRnTx6ndiByQK0AuEnucYY912SfmTxz4Gvm7QshH545uS4xkfIXz1y7qhszKfVzYm+kda
nk0KytN2s9Ss5wDwcEwJSA/EuyHxLGJBQKtsBlSSyjpltu6UAvNj6VqE8ICiQqrNUrVkRKNRkehB
YF+5EPCEHul0+73OiTY4eq296fYHvfOz3IwyQZZ62nnd1TAl0Dp99VVv2FWHl/3u4KBdKTGqOzje
dg0nMnG0ew3Cjk0TPRybU4Ucc4+oXg5POoMByZ9d26atq1HoABYFYlKfuibE9TdAYBSwMhClO2WX
jyoLGOVqEzKTMp2CEXWh0xCTy2JRKvC1rHC+muFNJp5rTlPgcVTcmYzNzzMcqSVViqQnABLTZsGd
6MSrFxJajwCiER0fD4+mIgrYFMJPZt2TWWpsV1HcTM+lJF+RagGH/ZK6lEECmOqpip7DyHZMrkkB
GevXlIwodcknZoegZaAI6/RrhHNz97b/gDKjE9Bh3dE4iHv7gfX2X66isZ/Z/6r8rFKt1KrNn/b/
ezzv5XLrgxArbiWxZOKN/kaNUFjPcsAMIUga2HfXpU5QVk/B5B+jDC71SKBFcVMidRqwd+IHkhFJ
Xu599Y7F6BQGI1w/CoyxxqbaBLJlW/Ntn95elk61jHEZSMSr1xZXf/fuiRaftYc0CCXD93Hx+vrF
783mZJEYfs/lViF2YeAULeZNhDWKm8rG7m5ZrpWDEE2O0pCLuVtZm5i0iYfOwDeNERYLESfY/dA2
yIRORpQRK3KNED35v//5r7gH4gMAPfUZ0S79HRhvKoqmGZ5/o028a/pc6wWn8LdIQhbBK+9numt6
E003MFvV7BBtpce0UL96MZ+c14b+TpHErwC7QN5/ssMxtpADkL0rpvvjM8+kIKI7+zgkq3kEgQ2J
kYB+S3cC+uHf//xfwTzbdWw3YTYQlaLmvHeLGE2v5rVeD9DhL+e9BKWsRfZx1G2MENPzrHZEiuhh
5paP7DCAfXc03bnyRnpApbHSqDSVWuVhZMg/EBm1mlKvPoyMH4iKekWpyRtTgTRkI/+0aDaB2a1s
LGN11o499klnZi9WyoTrkWu7dggBvf13avI9eI4K/WLep8VEuX4UJrORvqXPS/DndKfHZbNgGbUH
8mOBFGCKXG8p1RVcyWbHbWb8R9Ldbihy406Z3VgguD7ejwuQAzoYa8Pb52DWX2w/Llv2s33Fg7hV
a9Xg313c4sy5hqhAEAQUd5DAF9srexTF8wUBB3kOZzWMuxwgHwY9HMCcsUsDX9xJvlhbCg1DgZhe
qa2QkQH4a9qnAR6HXGDo0J8qCk8wjpnnhl3X5CPyPMrgA44jxxk4Xojl+VNEJywmZPD9KpLbHFjG
frtIrj3b3NkuJGQ8RrRTr1UqSrWt5Da1pPUaMKaiEJBALL0ryBCOF9F4kgW5nwZBkwGmgTcnpMUf
HA9iyMiN6x+2G3JqGNV5cDmi4SdMC/cIBEpkr1qt1VqQUjXbjXqr1WhXWmR0E2KVH3dCh2lXGJN5
FglAWEmbvC+9FUGi55fACTKE+wH2EJBeOnNaQBadal7TGN9SEDvNgpwa3iBUz8J4rECAvrNoUtjP
ZZ1g/WP5+es/Nno2CX6n7abWrJdABKNp6cqNFjYH3s/kHXW1tjI0XrW96en15n2mx+F4vcbj5YxA
GSPYxGq69JO2aPJmmkrzyGctvPHpgrCs1fqNItnZ+vOVyfOQQq4Eq5Z8nekTCka0JJfkF2QBIZwk
sLoTi7UWJc1dea+t1Ctrg5C1uGsh0wHm8yWKNHWss+Ei/qk5wNVtIcn8/SOQE+OB8tKugu3YyDVo
b7hV09CKLLkB3wMzQO8ep51q996gR3QOaAdjBwGK1pZnyraachTjNf4PCML6LbLUdgPKwrw9Dxg6
7CrY3iaSJM0IxCYg5PMS6ttf97+nZ6w39pR6/aHxAOTA1KIML5KsGcNV1KAgBcbH/I/LCrlaU6ry
/4MgobrXgpc1QcKCeUdb15CVRkMhrhdSBfHwLCugIXlfKZLWB/T7Hgm8iIEUxMWkuRNPlNwEZ4+c
TMJEAosAVcBtgJ5ywIyGEUsKNpqhByFK086LvPbypHeovnunnV90+53heV87674FP++CM0+59sIK
p77589fc+wYWyU5s92NSI4stumOPmM5uVtfKYMBSjUzPvW8uQ6NTakQh3pIh9yom4hGXZtJrG5QJ
5PMj1vNaa4BvUE9ct2juhzr/xertQ09+73/+L+7/Nuo1+Wf9/3s8XhQ+9fXve93/rsotvP8NAvPz
/vcPsf8+A7vnRUEpuf/j66ExfkT9r9UrraX735Cs1n6e/32Xx7Qti5RKV3ZI9PKm52AndgCZSzgN
yej+c3K2a9IpGTWs5l69LUl63WqPalUicyHJlUqlh2CS293dfRA2v/1GSnK92Ca78LpHfvstR/4E
8cbExsgDIkUSAbqMhGMK3t6gkGFIOZJLSg0axAc8hrRpkJeksriFUMiVIEzLD84v+2p3QGbt5Si0
HcmIyNqQA2JFcusIMQXE1ENI6wB9aC7kdh99pVtnpyvXJrppavO4J79uMfJfn2MsvwqkNdC7K/jj
MwxNQ2Tg2vkXfQxAhz0gk9/iGXQvOv3O4UlXU89PL3onnWHv/IycnwFaMWQM1TQROt4JfTF6jD+O
Tash3pIbfeKQ4RhLYYGixG8KQhLAgjhO/rh3gqjNpYtRh2K1D/XkqDsY9s4Eiuukk/S7Z53TLlkU
0kLuvmp6e1dHD5oWK6tRaehmxZCkel2mdWvv3sp6G/DG+np7KlfZZrEJKtsstrjKkp0y7sWfYrUk
z20vCGGPJi9yu/NGA5I+kIcX6YHQZHvSeLkNhi01WglAXL4uF2WZ7NarxUadI5AauTVTkrHvb6U7
FknhvXPstpb0brwwFUURJsQg+XomtSBXJueXw4vLoTY81I656OS3wKf7UXgIGeUWSuguXmPnySv5
nNsF3QtZBKniSbzQG92xTW7rCMDTndwujMJ8jOOjKAnS2wS3A9PzfdHfvdadI0HqNpnVI+LOoxu3
49uz7pgl0Pl1H3GA1JVci4Vpgsg5R1vUu4nn639EtDBDRo9CbzuZgrgekJ10rnqbGkhdYyAxSiG7
EW9ikPiUy/yWorBh9jUlYz1ANtjBGAvrYUDErpMRtTyGFeZrj2d84dgGKwF6j8UViaieDyYG6+0L
sOdVGmNMAUGiAwzYnsCGPQ3BybhXRV6kjwLKXYzHTNiDJNMlYicJhFxjaQ54zgUp2RKJRW7+4nKg
vtL6l2fa8eXJiTY4OR+Cbbz4PWFA8p0oTX3VVV9r3Xdq9wItElhGUx9wOgc3rjFmngt5fT61TLx9
EpcF2NoLNpF8YBWVxbTCEy5RzVhClHCETMQ8OiAZwFD+QKxSM20rvehsfyR3OArIwQF+7ecLyR6h
zkfM4cEjEJBCLzyLJgjmlwOyeg0AvzBBXTdB5RMWVvslnu0PRyozOLxZk3q7aTi60G8cjzurNJik
3iOneBOBVtaqWkgMZnQZ8xgWByupAaAC+dkgm3fCn+erqd0nu7v20sJz4LsHZJGY9/YH5MXDl1Tv
saS6akkhXLNFfcG/GUMyVzbEV+n4foqRGbKdlmCfAXwrv5XYrRRYJVmyrB4SKpb9NSoSta/OP/7F
3Souolack5leKN7n/BIZKMfb2+mdhpYC+TM0KzOh+Bo7Asz40qfLdGpQH1HdFggVbtlVK6YPhsOI
Ismik1i67VBTIb8GnBoOSvo01sN8IYOCFFJf0YV8RQM7c23QAj4xOZUiz/GUhn99awhOXNwAnwRJ
3ZrbH09RJrbj2AEFysxgP/brDYwr6o29YrUCjl0cPsSV5yF4bUW5iE3uW/aRdV1wKin5BA71zOlC
iVmc722D9wl/hxgyB1wiiTciS1wT0yAIZTskiQOwhp3gDUEtda/zW4NDTb0E/6CdnKuvB8PuhXZ6
ftTdKizauTSElEJ8XtQN28qn8FychJqxZfjRForK+lFXMGpJ6ziVwOlPYiq4Ttx6DWLzCK8TryKD
TCAlB39LYGHwh4RD3r+F9ERz423pIdMABxkN30Sz8eoHVnbxK7hvqCFhkTpfSEbcwjFjhoVnC/nC
0kwYCTvzRydEKQuDNQDBm6uRGk4DMQs+vmSUuknLL7Es8EsqEgK7gVUyIfnxKcbhJPiICwoXD6mQ
ynmVcvQv+52LV4NsKJBguX3dPY5PlXVn4Dt2yCVrBrOlVbVO9vSPlEFSNKDO4ozOyUlMn2G/zh5y
qfbiYRlgTeroN5ecjxUBKIhGeHRzlOq4r0zN7Ayjf0SQmwcEL9BbkeOUAgBN+EHPLJKNj6GKfFDI
dDeY2AF+PwBVGFMSMCUtqaoTkFIRqLkegMDLFfyLLVO83hCNZu9dGjHdgbUNyr+ZDuLLqYRpJg0W
xPjr/I4ABsMg5T0T9Hyi8Xfgl4Qt+bCPdm0eUn77tye5nWvUZLRzjfZeUa49jZ1LHhGlz5MBEeEN
oBVCvEByT/UpBCmUnQlDB3qdbtnfGBAq3ejE9I0jMOhYsjmINZE3bg6H6sy5GRhjdSQAnSZ4ZXU8
xOLetb6LtZQjftr0EqX1RAe9HQMK8v69AOGZpapDdOLEJAidPDvX3p73X2tq50ztnuw/ALcuMuIV
mMKl8PDhzBWYdTv9k981fKceakddFQ3cUW+ANZ6jbM2ZpxorEgwjgrbJ/GwSf7Ui5UVI3gWbkGWO
C7BrXFHaVVSUZr1VlFtPqyipvHEAIY+fJM3B7SEL2TUx05/yt/3Ze7R8aEsAD86P4pJnSW7XTzTL
l5vYWiQV/GiyyREeDhTXOpE0d5MnVRyAT3T+aTP8FlYv8JLB8gqr9W2F3qUmLnBMiijKJjr+ZPOz
Jz7A+eghwSJgyB0M7ie57N6KZtK5TjqzjSjE4itQXYHi59WYA9kRpEimPYtn4CO7nrnfX7DbN6ND
O5zoPtkmMsYkZLm1uo47m3MoiHzfYyFeQqTBmPTfVAgo/oIPDgjeUoF0jUAYAQx0blZy7uvt5q9Z
ivUIPz6Qqa8XjJaSCxfkVaf/32QUWZAbBgRvYJmAPK/uGLpjRA6/lBFLCHIlvogZoM5fYMWDyJmL
nPFbIKFHdG6DUssklz34l2QhNGE22GCIQ7BuRPIzYZyIn6tIDYb/xx7KG0Q24n4DwdJUQdS5KNGJ
GU0mN9wSNut1tIStaqVYlb+PJeQVSDQIUpCy6YWFkOhRQ6PHMzJCKALKrikEf2wCu8E3OGY1+D5M
SUHjuWCglCDjivjJRZ2gf+cFwZXAfUZ9nVGEFcB++yHm8AgO2iHglMiRh9eGCOWXAnENHoiW6TV+
Gxvrz5Bher6UvQCLXNzR/GzXFvSSm2dfbDxuefGW1y8umq1Vaos+m4c43Sk1QEgE7rwFggIXgnY/
ZKvmzgyliOkxxIgww+dC85KGsWT25zDzKZylMWyEA8JUJNupZVdhCnKQXuUXvBqHmetg2BleDrTB
pap2B4M7/UZcUk9OouIqShr0KgQyqvXzSsrnhc1IOdulffi6mrpgpC19cRMryinOzH1zdt0e+DhH
qLAqd8twErBOaE+oxss/+S1R+HbmnhQxwEQKfwgLsjUXf5jnVhFpa83GQeTOw9az6wvmWQUudfgO
5rFB6Pn5VXNF4Wl/I9+yqk4J6Yz4hgkqTlybzPDaJFvNH8GkZZwczu7PxbfQdN+WxrPDuMze+Byw
OjJGlFYlyao1TashZ50DZs9PH/dlj0Af027X0MfgHxnP1RIPgJoBfOU697Z31rnoxT3cZwrhT90B
7U9fgXJj7Xb+qchnxCeFd4DtR+59gMb9MAm9N9qx+C33VLvlnR3SnfqU2eJb9GREwZlNdPaRwIoK
GYFggzKE4tcyxG+tmMXYH5ccnv3xa4VLVQy03Tukn3j3pGBhxo6GH57wIyn4B/5XN/gB1+zEiJxD
RBWvmi51JAM49CQC43kbDzmKhFfHSlhMhrWOTvuDIsFUE6IbzDWdOLJgi3WSAH9gJA76qClQH4qQ
CNRQ1PxmeICTgjhFUJ6cvAmieEFFHGDCKqBioZiKro53eGgrOPRJFGI0hgQKRQZsBd8Iz/QWPCdy
KQnZOEAIzfAnUMDOAM/4CR3ugnsV417O7d4hQ9ke6G5xWvCIOwJjngARkKNvfcoIBHWA/GXEbGoR
ENr4qDHAX5PgmBF+Hyxmx/+xdy7gUVRnH596K8Z6Q0op9TJUwERzmdvu7EQuhiRAICQhF0QR1tmd
GbIYsiG7gUSxBQGNFgELFFpRUUFQUCmKIgr1Al7Bog98ImgfVHzATyp8SoufKHxz3vOezZ4lhItI
7deJj/zYvPOfOXveOefMOed9B3owJHkkl1TMEvvDAEoijvH70EgIstk5rjrinoacMYaPHkknbKtD
Skl+PzzO6KhHYkcVMLSwYrkdleI3bDkktdlRHfFcrXZaRzwawhJ8mbp4FfxJowJaixNiQUJko9kK
1pnhm0gI+8hYTZY7oSYhIIOrisoLCzLSskh8DcY+p6dEqJAnj6J8MTnCXKyzyIc4+xBO+tAQbjks
HIvUx5iFfmAnqDdbDou5zwR4UMgZx/4aazk6ljiLO9IfZ1GP9JaIf+V3IH1MkMbTB+EVK8mxSdzV
k2KRivNK+lXl9SuEtSg8B8qa0ivzyvsVVqYGF6H6OrGstKKI7I4Hi0oKCssK3T9KyI59QSENYzrG
psLVa+jYjsNmYuqBsK062dmy7QQUxTjGZsKd6SiNhDsWmogOwXZ6piylRs5AgI5lO71Sf+c+WB1D
IA+ZTfZqLd7mKKE27O6rbiVYh8TRHR7Ig98uaI/JaflrW0dZjntnBaOONToYqmlwByo7UhtMJJVQ
JVSOqkLFXOX+hW1BJvJeDn8mYeuqZM+ezIeuFOvYr+hYQldEibkBwyjE3JaHzVvZaig+0IbdI+I2
y6ChIxZdmu1bXuremsWleQWFBUEy5iftPJHdKFg7JM8FxfBYUDC6Psadhthhca1v6weVR6PxElh3
bPs8+dFaq6jWibYsCdJ5ILy0gfmTTSCPac+UzFT4mWbSnJ/OCQ/b3SYbNuyQsvqI26vHm1LWwvOr
WgmBoS4gTwYocidYkLXnzubjNI4pvwrDzBKHkxlq6sWOHm9z+HzOjMdJx0jvdXdS5PD+OeIl8N5I
a5lOWal7E4Uwv7Iy2IZ2Vpu1AMIieFaIR0gaYveUwpBnH7gR+BLC94RtTre/dMeUksqivMrCYN/i
vH7BgsIhRfmFweK8qpL8/lztJLKkIWca/mDn7VtjQv7bMZ+49d0eepOknHV826etqigMlpD9jbLy
otLyosrrjnbrnGilcaXi9kGO/TJttMfEVdts+8flueQOyR1AbOgXDV2BDUtDV9VWlh9zc9n3pBvR
9LZMh/jck7LqexzLw6kzg0QR3Z6Inwq0+qhPO7RE3KN7n3VBA8bBcAtPRSVD8oqLCoLuc0bVIPfp
AW+jK0e2uoZGTjY6mLgwWdHEpgsbAEdu2SlxDHRKl7yrj7ujZFMw5ayJXX18qbI7RqeMAS0HJ50u
ZfOyS+u7l/QCre9MlcLaWhsBDkmBDanHthrakHoQBjccPjy05qiqkoqqsrLS8kp3/MwvLelb1I+P
sUp4rJVmjUfiafHI3q2uQIq5R70/SPCUeIRblKz5tb2iAfFL9FFFVo0ABGHLmuLLlH0/zHpNzr/k
h1z3sLWgjMMb9w877ed6geTZN2mtx98r4KG4CB2vb8o3a2pI28urtfIhxm9Y9+FHupuTg63xm1zZ
Kz2pUBlZvVJ6uJHJK+q3ZrR+7/1wi2+JULuU2ss43nlV9THOq6oT8yo9ZMmqT87ODqim5Q/Lxzuv
qj6OeVU1zqs0GqlAADMrt6pCNZEwPu7zlQ6LaUnVS+OtY+TOq6N/ZwMxrzt6/wArnrhHxS16OpFG
28qCrf+kBVD6Dr/s5KXA6LjamNiy32fShT6yjJS0MsnC6+PklcNEYtfHqiN0dy2xIBiyxYY6C7Zb
2bphtMkmS3nkn7+gi4y4v0DC/hMLqLgpNmxYbdSKxMJmvTV8eEpFHM9YDot3LckGJNJ/XBQyAcLY
/hLLrJHEkxfZHcQ7PzstKbKmJS7Zbqxzvy17DUIZew1LrE23ZqYdX05+a1PNlklmpvd+/f/3+b9m
nfsw5bbcE0//PZH8X7cgXv6vl//r5f96+b9e/q+X/+vl/3r5v17+r5f/6+X/evm/Xv6vl//r5f96
+b9e/q+X/+vl/3r5v17+r5f/6+X/evm/Xv6vl//r5f96+b9e/q+X/+vl/3r5v17+r5f/6+X/evm/
Xv6vl//r5f96+b9e/q+X/+vl/3r5v17+r5f/6+X/evm/Xv6vl//r5f96+b9e/q+X/+vl/3r5v17+
r5f/6+X/Hp7/S/N+g7FqU/H5yULnyf73v2VF1fj8X1l3i+Ll/56KH0kzTDvkmKYlKbbmk8OWTzFl
RZJUU7dkw+fzh+2A4X70aaoR1kxdd5/2bNVUjLBPtwzH7dUSy1h0iMpi8+KcWCiH7FZBb48bfpA9
bsdSjqRJ5WmWEdJMn23bji5bts+n+zW/FjAcW5Vlv+bofktVzEBYdqxQQDL8AZ8UVg3JCakBQzcU
2X+cZTkszzXNdtz/VEVy3EHbcQJawDb8Ifd/WwmbqiZrYUlXbN0vh2T395bpaH5J0izZkmy/3/1T
+14FaFkDT3NM23ar2u/XNdmy/EZA85uKGVYDAVM29bChqKbPcmtJ0YyQqsq2GXBLqiqhgGUGVF11
vl9FVKcZ7uUMR7Nsyf2GfifgtwKOZiuK6rZWy7IMRTEMwwwZmi4prgds05QCkqmbIdUK6LLPOCn1
UO0NLj+G/j/hrCDZtorET2AEOEr/L0k+OfX9D5Lu/fvvp+THVFSfz2foIV9A8Wkh3fE5Prcz0Sy3
Awirbi9valrY0nxeY/xPff5zp3BmzYk3/hNp/7Ku+hSv/Z+KH83x+xxDD8uWz9ElOWwbsuzolvsg
4biPOY7qSGHdb6hhr/3/h7Z/EiocpGlyJzoHPFr7VxQp0f5lxQ/vf9K9+d8p+Qn4dMOvSH5T8gek
gB5WbcWW1JDphHRTUWQ54Ji6o+juJFB3DM2RJNMJO7LtzgTDsuQPm2096sfH5vQrq4KXndCcn5zK
IbX1QbeT14J0C2VkCduVj0l1Una195jxo2v/4bqGoFkTrbVpJl92TXTkSR7/fYqmtrR/VSPjv1/y
2v8p+SFpeKLdGLdrY/DqCbcJsnBOls0zTBqeK/aFMHuSfUQy+twDbKuhhixSmzUjo2JdxBJlNSCr
meTFFlHRMDITu01k+zZLziWvdxBL6zAUHtbn3Q/uM2Xctlq/ZOKkcEnTIa/liTeRIuSXVYlS66Jr
zUgc8mCIW+NZZB9BrItGauNpEOoK8dW5otstiUUWSWO5nASwso2FmCi3ftaWk8G5xOpI/AjVRBJ6
knJlRBlfPkHiCeF9FCe3uzzG14dI3NtDpBOV8QFU4mjXtT3JWxqSUjN61pmxGEmAj9ZbttXT7VAk
MXZTpK7O/SCJdYYRhLoMNsR6ylq22y+IpKbsWE8phxzbeq0OcCudVCKpOshmIm9fS6sd6/ZFQWd0
nCBcE43ZuSL9hEe49yZBk+u+KClAmhzIVZRc97qGKvs0TYQzkMDEXMWvQ0xMackw95aTAuJwcVjJ
kOLSftn5ZWXDxSrw4ZFdR3fp4HQ59B6jH4L0Qza8PY7clfDbRJg/VHxyqTQjoLqtMRIP0vSkeiic
W1IsmCy1FKxwaFFlsH9eSUFxYbn7S1CNI+uoVnTkcFYDUNk0ATFMoujVpKtpsqb4k+pAVQOQuVte
3lIHeYXlRXnFwevyBhUHy/LKKwrLg4VDCksq+epp6RzIDUTflUdu+NzvW2XpIfd0J+NMGex7+7Jl
xdB9upj8JsNc2R37EnWski8Ot3o2vlFr6HAa8kETJEqzyvNKRCcRbSLGSLhJdtIVVF1xz5JyBU1u
+wr1bv9Er5JI0TjaKf3+4z0l7DSSfNqsaG0WmJIvovl1RUm5iBww2r5IcUFZPuRzNYysJpu7pFcQ
acaVlXRuw69JMt1PJFvWbul9SS0u+dSDCgf1LS2txC3XQZC02tcdfeGVQmIWdN4tOay5ot/Qs3VF
FwdF+kAbo/kM9HvjdrkYDY1yOygxXWp0H2ulQEDyuV9VyshOKaDCBam7rcR/FKexyBmSSEG7KFK/
9pj8qO04eWRoVFsu4Qu4Tc7g69fteNS2L5Fv19S4wxR5L1NlqMhyryWJg+x4fSTs1kUf0gpEeIWT
WE7SXeDHPSSbPFmJ6dSS3wf68kGR2GjYf7EO/w3p5/GXlVGyX08+uA9lGXzxfVJK8XW3SzrW4id+
EsWv7AMDDC0lLXo6X6bK5DKRDzIrkSJlKwHN8AX+PSuUFd/4UVWoIflUKWlMIK2/jXGxtSGYgLSE
voMqRTLYQXL7sJSXryYGKDYwyXKmWENelEB6e5q4HomJOfHRdd6U8Ecy/wtFak9wj7mt+Z+s+8jf
+fmfe7S3/3NKfizk1ts7vjU71FlY+JPo4ElvbO20DTmpM6UgIXePocQfG/nNFZeC/qWHxoL9c+Su
VZTCRmRzE6d3kJ3f6Ab6D/N/A/YDyFnDKIU4Mn0ip2eLEbmjskD/9Y4pYL/0U8qOBymFDrdjOZo5
PXuV/fXn+EDf4fa7wd4H+dp9lMLTyOoZnD6CvHlpD9BLV8wGe39kaW9KoRLZbi6nH4X806AC0A98
fR7YG5B7P6IUvkYue4DT34Rc9cVA0I+MLAD7FGTwNkphLrJsEaevYf6fXgH629KWgv0p5B1dKYUe
yH1PcPrRzP/SMNDfv+QpsG9ATnuFUvgAOeMZTs+6lM7vhkC/qvh5sO9EFtmUwniktobTR5n/Y6NA
v/nvL4M97QvKh376Cj1eRG5fx+nrmP871IP+f6a9CfYLplPetZhSeBEZ38DpxzD/r2gC/bnSu2Dv
hfx1EaVwI1LczOnrmf+HTAR9+jvvg91E/uOz9/H4rZRrP+D0Meb//c2gL6j/COxjkH+9k1KYjxy6
g9OzPm3r3Bmgv/Giz8D+O+SZWZRCAbLdbk7fwPxvzAX9LU/vBftCZNPblMIO5NKvOP1Y5v9tD4B+
TtXXYF+BnFJLKUxGFhzg9OOY/8cvAv3yfx4C+27k8POEcji+K3L7aeXJ+kbm/0ueBP3bc34K9rPm
UnZcTim8jpyRxumbmP/XPAP6/w6cD3bRoLx0MKVQjezantPfzPwfXAP6M7d2BHs35NlfUQo/+wXl
2l9y+luY/4VXQd/llkvB7kPePZNSWIqs7sLpxzP/P7gB9D0v7g72MLKbRikUI8/I4PS3Mv/32Qz6
oauzwH47cscmSmE3coHE6X/D/L/jA9DHR/jA/iDyi7E+rHdk/wCn/y3z/5QdoJ9xqAfYFyEnduxJ
j89E7urN6Scw/3ffDfol8wvAvglZ/RylsBE5tR+nn8j8+NpXoH8trxjsXyOvuJ5SqEOml3L625j/
qw+A/uOPK8D+q08oS7+lFDpU4n04hNNPYv4/+/T1RH9w0jCwd5lMac+jFJ5GVo/g9JOZ/x9LA33n
bmGwFyIv60UpVCIvdjj9FOb/ge1B73t1FNhHIL/4kFLYh1w8mtPfzvz/91+CfvDIerDfhuw/gVKY
iyxu4PR3MP9P6wL60e1uBvvvkeMuoxQ05O7xnL6Z+T8nA/TNj04E+1Jk+CVKYQty6mROfyfz/0YJ
9AsG3An2jchgiFJoRGZO5fR3Mf+PCYD+xc9ngH07svH0e7DekRtncvrfMf+3vwb026bOBfu5d1Om
LaQUXkCOv5fTT2X+f6of6PdnzQf7JdmURl9K4QZkh4c5/d3M/5WloG//10Vg9yOn7VyExy+mXPkY
p5/G/P/PIaDPrnsS7GXIV5sphfnIocs5/XTm/zkjQD/gwmfBPgp5UTqlcA3y2+c4/Qzm/4ADenv5
GrBPQj765hocN5DzXuL09zD/vz8a9BMrXgX7YuQVNZTCZGT/Nzj975n/b24A/X37NoB9PXL3uW/j
uIHcvZHTz2T+/9WtoF85ezPYtyHXPr4Zxw1k8xZOP4v5/4XJoN/k/5COOzplU9mH2G8gxe2cfjbz
//CpoN/73g6wn7+F0txDKbT7lHL9Tk7/B+b/QzNBf07TbrAryM9m7MZ+A2nt4fRzmP/n3wv6Kzrv
A3sx8mp5H9Y78oz9nH4u83/ew6Dv8/wB2m8ix797AMcN5OKDnP6PzP8fPwb6ETecXkHsdyKnxiiF
qciysyqS9X9inLQc9Dd/lwb2Bch7Op5Dj89E7jiX09/L/N91Fehn398e7KuRW56hFNYjZ/yc089j
/l/3Euj/3Lsz2N9DfnstpVCH7HoJp7+P+d95A/QbtncB+5kfURb9L6Vwwa8pX+/K6e9n/m/3Duh3
TcwAe9ptlLf8kVJYhrQyOf0DzP+PbgH9GZfLYM9GhnNlrHfkzzROP5/5f8B20ItrA2DvhTy0jVLY
h1x2Nad/kPn/852gv9q+BuwNyKnjKYVZyOJ8Tv8Q8//UPaC/9qz+9HsjB15GKQSQXw/g9A8z/2ft
B339olKwL0Z2/QulsAk5t5zTL2D+f/sg6Kf1vxbsryCbTUphPFK7ntMvZP6PnrWB6B/7bATYP0Ru
/EmQHt8JudHk9I8w/194HujX3eWAfTfy8YcohZXI8RFOv4j5f/nPQf/RVbX0vkXOzqcUhiIvGMPp
FzP/V1wC+u/WN4Bd20B59qeUwrfIpxs5/aPM//u6gr5T7a1gH4S0plAK85A3TuD0jzH/z84EvXb+
FLBXIJu7UwrXIPfdwemXMP/7NdCXLZsK9nFI43VKYTty7nROv5T5/72rQX/T4Flgn4HsFaEUJiAL
5nD6x5n/G/NBf8eX94J9CVJKm0ePF5Fb7uf0TzD/dx4I+odmPgz2t5HTl1AKa5HNj3D6J5n/ny8H
/RptCdj/hlxdvAT7DWTmE5x+GfP/DdeDfuvm5WA/7b8oD+6hFNo9RfnBCk7/Z+b/70zQ/2PsKrDn
jKNcOJ1SWIy8YTWnX878f38E9Bd2epn2m8jLJEqhP1JYx+mfYv7vPQb0Wc+9AfZSZLd3KIVdyAXr
Of3TzP/bG0Hf//p3wF6NfKb+Hey/kMWbOP0K5v+JE0BvHdgC9j8gt170PtY7ctc2Tv8M8//lzaCf
MG872B9Btl+xHccvZPMnnP5Z5v+100F/b89dYH8TOa6KUqhBpn/O6Vcy/9tzQP/s3/bQciP37t+D
/cZeHL++5PTPMf+f9QDo3/3tfrB/hyybQyksRVrfcPpVzP+LHgH9F+IhsP+iC2Uw9xCOX8hOp1Um
659n5+n/BOjTXj4L7DLypq2Uwl7k0rM5/QvM/5+tAH238HlgH4B88RZKYRay+EJOv5r5/67VoM87
oyPYa5G5F1MKGnJXJ06/hvk/cx3ohy+8BOzNyEdfoBQ2IZtFTv8X5v8N60Hf2Lcb2OcgS0dQCnFk
Zjqnf5H5v3YT6GftzAT7q8gDBymFDlmU63M4/UvM/+d/APplzRrYtyMHz6cUViIbdU7/MvP/sk9A
/1ZGD7DvQfboQykMRV7cm9O/wvw/+HPQ73wzH+wXvUW5/xNK4Vvkyr6cfi3z/5dfgv60moFgz0Qu
m0IpzEOWlXD6dcz/M78B/aXnVtByI3t1pxR6IPf9H9X2Htbz/cZx/I0QMpkQcmYaSc6n0BxDCCGE
EEIIIYRGjokcZs1yDs1pmfzKhBByjho5h5xaKMox9rt236/7unb/9bh23d/ndbXPq30/+4MBqj8r
+zcvfOXfvs2BIXT3hq/PsOYuXD9M9edk/xslqB/QZxTdZ8NxvqwJhs3GqD5Z9p9VlvqpOePpvhuO
LjGBP18D3vVT/XnZ37YS9WFrptJ9Pxy/hzWJMDhA9Rdk/yM1qI9uMpvu12B6D9b4QPsg1V+U/YfY
U5+UGkz3h/BoNmssfmQTFqn+kuz/uRH1GQHL+Pce/rGSNVHQN1T1l2X/yJbUfy4fTvdqFdiQRqxx
hVbrVH9F9m/fgfqKcT/T3RHWuvozvjdg1EbVX5X9H3SlvonnFv7vDm7x34LvDdh5u+pTZP/g3tT3
/riLvzfhgLK78dxhxm+qvyb71xxI/YSNB+i+GNY+xJpkGH5Q9ddl/1PDqF/c9n90j4bz+7PGD9of
UX2q7D96DPXb7h6j+2kYkH8Mz/04m5So+jTZ32IS9cfmnaH7Pbh6wxm8N2BAsur/kv13BlCfXu0y
36uzcS3wz27QKkX1N2T/bkHU551Io7t1IvvxZhq+N+C+m6q/Kfs/X0S99ci7dG8Gb8y5i+cO3R6o
Pl32Xx5KfYPCmXTvBd0rscYJPn+q+luyf/111Hfb8Tfdp8LZR//G+wsue6X627L/xY3Uj+r8lu7B
sM+It3hvQOd3qr8j+/ttp37+k090PwAnfP2E99dnfH99Uf1d+TlK76F+45LCA/69n4ett7ImHvoX
HfDf/p7sf+Ag9YfrlaT7I/ilA2s8oVVp1d+X/d2PUH8tuSzdC2CXDNZ8gDE2qn8g++cmUv9yfCW6
V5jAfgxhTSR0t1N9huy/Npl6y1I16d4JOtdiTSuYU1v1D2X/pinU19lnT/fucHYSa+7C9Q1U/0j2
T7tJvUsvJ7qPhiPHsCYIujRV/WPZf8YD6oe+akn3IBhRrBV/3g6mtVF9puxf4Rn1s1Z3oPtW2H0X
axJgQEfVP5H9415Rv9apG92PwEPdWOMNbXuo/qnsP/gd9Qeu9ab7fbjkeW98vg9+jr6qfyb7f/pC
/YVpA+n+CjYOZc1W6DlY9c9l/1+LXv23f1JuON3L2rAx9YfjuUOrkap/Ifs7l6a+0OExdG8AF11m
TSbc56v6LNn/ng31VQdO4t97GDKJNSHQxV/1f8v+8+2ob/U+gO6+MKTMDP68PcyYpfps2b96Heo9
IoLovhA6xbAmGQYvUP1L2T+xAfX+rUPovhbG9WeNH6yzVPWvZP9RTakPvR1K98Ow5ttQPPeVbNIq
1b+W/Yu0pX733HV0PwvXrFuH5w79N6g+R/aP6kj9Kbtf6f4WTm7GGjdosVn1ubJ/lx7U3z+2ne5F
jrM7b27H9waM36n6N7L/077Ufxq+h+71RrBpM1kTDt32q/6t7L90MPXlzR90bwHb27LGCWbHqj5P
9rcfSX3jbUfo7g5fxLMmBa5MUH2+7H/el/peHU/SPQA6DDmJ7w3okKT6d7L/RH/qfR8n0z0MlvvM
Gpvz7KWLqn8v+1sFUh8SkkL33TA/kjWxMDBV9R9k//0LqN9aN53uN2BuO9Z4QNs7qv8o+/deSv3R
sw/ofgdWe8CaPBj7SPWfZP/Xq6i/Oe4Z3f+B/RawJgJ6ZKn+s+wfvoH6N5av6V6rBNut5mu8v2BO
ruoLZP/Gm6n/Zs87fu/BTqdYkw7DP6r+i/x7XN9Jff2eX+neEfqO/ornDp0KDfxv/1X2D9hPfZfs
onSfAqcVKcaft4N3LVX/j+xf/jD1I8NK030dTI5iTQIMsFa9KYT9/5dA/TzH8nSPg6W6ssYL1rBV
fSH0cwYlUR9x1Y7uZ6H1M9YUwITqqi+MfuOHi9TH+teh+0MYsYw1W6FnPdUXQf/nL6nUp5R1oPtn
+Op71rjAAkfVW6C/3eYO9X//0ZTuJQ+xiy+wJgNGtFB9UfSf7jyivrhHW7o7wv5+rAmBzu1VXwx9
5XlZ1NfO70j3fjC0dCf+fB1Y0EX1xdG3qfaG+vYbetB9Ipz1O2uS4MpeqreU/U98pH5Iy350nwv3
9mGNL3QYoPoSsr93oZR/+xnpg+keDZ1zWWM5hE3xUn1J2b9QCerXzB5J93jotYY10dDbR/WlZP/t
1tTvrzye7vfgiiascYUWfqq3kv072VKffNSf7u9gozTWZMPY6aovLftnVqc+0yuQf++HsYcCAvHc
oetc1X8j+y+pR735uoDu9WHL8sF47jB7oerLyP71GlFfZctSureGXeKX4rnD8BWqt5b9k1tQ39Jl
Nd2HQe9BrPGDDmtVX1b2H9+e+v4PN/DvHbT5xBrrn9m0X1T/rexfsiv1kxdupvtG6PjrZjx36LtN
9eVk/729qF9Rexfdt0K7tqxxhxa/qd5G9ncbQP3OpP10vwxn3GNNHtwXo/rysv9LL+pPjjlM9/tw
7nzWrIeu8aqvIPuv9qH+XrFjdC9cnB1cnTWt4IcTqq8o+zv5Uf9hdxLdy0az5U6yJh2Gn1O9rex/
bTr1Nt0v0b0DLDqKNYGw1VXVV5L9p82l3ikrlX9uWL1IGn/eFqbcUH1l2b/cIup7ht6hexBseIk1
mTDyvuqryP6xK6gf5/CY94cpnR/j/QWtn6reTvYfsJb6RZez6L4Lxj3Jwuf/ZhNfqr6q7P/uF+o3
T35D91T4eskbvL+gZ77qq8n+Eduo/7PMJ7pnwqr2n/D+gnkFqq8u+7f+jfq/YgoNov9/hw7nWZMB
oywG/bevIfvfjqE+t28JujfoxzpPYE0wbGWl+pqy/9x46ku/taZ7F1hQsix/vga8W071tWR/u0Tq
7dfb0t0DJu5jTRKMqKL62rL/sXPUd25eg+6T4QM31vhA+9qqryP7D79KvfeNenQPgC6vWGNhzybX
V31d2f+fG9TPndWI7ofhsdWsiYa+TVT/ney/7T71P9u2pPtRmO/EGldo2Ub19WT/jk+pP3SkPd2z
oO111jyHW39Qvb3s//gl9VeGdKV7kaFs7QDWrIeu3VX/vewfkk991udedC9XwIaV782fd4AZ7qqv
L/vX/UJ90U0D6N4Cfn+YNZdguKfqG8j+Zy2u0Z//bT+M7l3h+oGs8YP23qp3kP3HWVHf7oEP3SdA
3/essRqD/cepvqHsb2lDvWewH91nQ8sI1sRAnymqd5T991ShPqBmAN13w3NtWOMBLWepvpHs37M2
9eGn5tL9JNx1izU5MHa+6p1k/+z61O8dvYjut6Fz0CLsD92WqL6x7B/WhPpzFqH8ewuLVWVNM/g8
TPVNZH/HNtQ/3rmW7pV2sWHHWZMOw39SfVPZ/+oP1H/tupHu1bqxq4ezJgA6bFJ9M9nfvzv1lZ9v
o3tHeMps58/bwpQo1TeX/cv2pb758t/oPhR6bGVNPAzcp/oWsv8hT+r71j9I9+WwXCfWeEGbWNW3
lP09vKmfdDGe7jtg6mPWFMCEo6pvJfvnj6N+mV8i3f+A6SGsiYTup1XfWvbfMIX6qNLJ/Nzgm7qs
cYZ5F1TfRvZvOYv6xANX6f4Mup67iu8NuP666tvK/unzqb/T5ybdS7qzq8fdxPsLOt9WvbPsP3sJ
9e9z7tPdMZfNK/EA7y+Y/lD17WT/yquoL7f2Kd3bw2/3sCYRBrxQfXvZP+En6h2bvqL7SDi+5yt8
b0DbXNV3kP2HbaK+R1o+3afCbdn5eH+9w8/xQfUusv/XKOrHzPhC982wVdgX/H8D9DWe/+1/kP23
7KP+xwpF6R4FlzdkTWdYUFz1HWV/l1jqN8VZ0f06/OMqa57DrWVU30n2f3iU+nhPG7rfhCumsGYZ
dKmo+s6y/8LT1Kd9rEL3NzDjWzv+vD3MrKb6LrJ/7YvU52ysTfcav7IlDrEmGYZ8p/qusv+Z69SX
cm5A90ZwQ3/W+MEajqrvJvuPvU19vXtN6N4fpr1ljVVTNqW56l1l/+KPqO80vw3dZ8G+P7FmH/Rp
p/rusn/0C+qHV+9I9yDYugVr3KBFF9X3kP2751I/J7E73fdAu3TW5MBYN9X3lP2zPlD/08i+dD8C
gwNZEw49PFTvJvuHmuv0538LD6b7PVizCmucYPZQ1feS/R0sqb+8w5vumbDhUW88d7hytOp7y/5X
ylD/vLMv3b/AQC/WBMBWE1XfR/afUpF6i6dT6N4BWn9hjY0/fg+nqd5d9reuTn2NpbPo3gfe3jQL
zx36zlF9X9n/4HfUt7VfQHcPeLQDazyh5ULV95P9+zlSP+j8Ev73hsMyWPMB7luu+v6y/9vm1E+f
sIrukTDlR9ZEQLc1qveQ/de3o35VqQ10PwyP1WaNM8yOUP0A2b95F+r37NtE91uwaBJr7sLIraof
KPvfdKP+TK+ddL8Ph49lTRB0iVb9INk/0IP6h6/20b30aza72H7+vB1M+131nrJ/JS/qv6yOpXvj
cHbsbtYkwMA41Q+W/f8cTb1t4wS6u8CJrqzxhrYnVD9E9h86kfpm10/T3QdmZp3G90YSfn/Pqn6o
7F8wjXr36RfpvgxmhbImCvpeUb2X7L9pDvUTbVLpHgaHNUzF+wta3lD9MNm//ULqlx6+TfeD8NqV
23hvwH33VD9c9s9YTv2OgY/ofhFa+j/C+wu6P1H9CNn/xzXUH3//gp8bfFQmC+8vmJGtem/Zv9Yv
1N+OyKV7Pow8mIvnDlfmqX6k7H96K/X5rT/SvVYb1rr/Rzx3WKdA9aNkf59o6sveMYPp77/AQW9Z
Y1WITSky+L/9aNm/aAz1DYMs6e4NcyJZEwt9S6neR/bfFUe9a1Vrus+GRVqwxg1alFP9GNm/2wnq
fY5XpPsCOOIGa7JhVGXVj5X9X5ylPnhEdbrvgPMCWRMOO9dS/TjZf8UV6n819eh+FuZWZI0TzPxe
9b6yf4Mb1Mdtc6R7BvT+0xHPHS5rrPrxsv+le9SndmxB96Kd2L8Gs8YfOrRW/QTZf9IT6l89bkd3
+0x2eQFrbNrj53BR/UTZ/5uX1Jdc3IXujjBjUxfsD/1cVe8n+/+eR33d73rRvRt0as8aD2jlrvpJ
sr97AfU/nPOg+0h4+QFr8mDsINVPlv3fFEmlP//r60X31XBoMGsioOcI1U+R/deVoj6whA/do+Ha
mqxpBXPGqt5f9m9Wjvr1eybS/QC0Ps2adBg+WfVTZf+/KlMf03M63a/DRB/WBEGnmaqfJvvPrEX9
xew5dH8Hv1jM5c/bwZR5qp8u+1esT/2zsIX8c69iv9vNmgQYsFj1AbJ/fGPqizRaQff68FV31nhD
mzDVz5D9B7emvlrKGrr3glVfrMHn17Lx61U/U/b/7EJ9m6m/0H0cHLCCNVuhV6TqZ8n+ka7UD/h2
G91nwh4O2/C9AQt2qD5Q9m/nTv3UQ9F0D4deF1mTASP2qn627H9/EPVhHjF0Pw4/+LEmBLoeUv0c
2X/BCOqj8+PofhO+LR3Pn68Ds/9U/VzZv8Y46pM2nKD7M7j/d9Ykw5WnVB8k+5+cTH1Gy3N0t2rF
tuh7Du8NaHdB9fNk/1Ezqf+cfoXuVW6x03JZY3mVTbym+vmyv8V86ivOuUH3DrDaWtZEQ+9bql8g
++9cTH3TKvfpPhrOa3of7y9o+VD1wbJ/1zDqeyc8oXsQXJ76BM8dRj1X/Y+y/7P11E8Y9pLuG2Dm
jJd47tAjR/ULZf9lkdQv/ppH99+hVYV8vDdg5nvVL5L9v4+iftuWArqfh6/jCvC9AZf9o/oQ2f/C
XuqPuVgM+ff+Ejb0ZI0/dCg+RP39f9l/4iHq0x+WovsXmPGJNdZWbPo3ql8i+5c+Sn3ewnJ0b7CI
nb+RNTHQr4Lql8r+B05Rb12nCt27wIK2rPGAttVUv0z273OB+gZnatHdA765x5o8GFNX9ctl/5xr
1HcbW5/ugbDCAtash24NVb9C9l9zi/rRxZvQfRmsV401zeCHZqoPlf2bPKR+fnRruu+F+0+2xnOH
Ec6qXyn7pz6nfmP3H+h+EOaPZE0gbNZZ9WGyf0AO9YezXOl+H3Yt3B3PHab0VP0q2b/CB+qvhbrT
vfBKttgO1iTAwP6qXy37x/1D/UsHT35uDdk3nVnjBa2Hqj5c9vcsnkZ//vfKCLq3gIWesqYAxoxS
/RrZ/+M31NeZMo7uQ+DIpayJhB4TVL9W9t9YgXoX6yl0Hwir1mONC8ybqvp1sn/b/1Nx72E5338c
xz85DQsh5izTyOkn5xyGKTSLhZBTYrGQzSFkYpnQaNOmkfMp5zPNcs5pQgghhJBzaOSU0++6Xu/X
54/3X48/3vfzmn1f7b537bpbFfR9t43D/Tda6rhoMmnsBNXH2v0zvkA/vttk3NfQ4sNEE0E9pqj+
L7v/pHro5zyfhvtBOqXYdHm9K82IUv1cu3/VJug3x/6GexZ9u0E0R2h4jOrn2f2TWqE/0eQv3HPp
oi6iCaJucaqPs/sP9EJ/5+Ii+fu+JJ55IpoCi8WUpaqfb/fP54PeISwe94Z0eIxo1tKgNapfYPdf
2R195fIbZX+6zl003tRsUf1Cu79XX/Qeu3fgPpiGnBNNDk3YqfpFdv87g9D79d2D+1g6d7RooqjX
ftUvtvtPH4Z+5LtDuK+kvs6H+blBc46qfond3200+lmLT+C+nU5IOMHnTiNPqX6p3f/4BPRrWp/D
PYVW6HWOnxvU7YLql9n9h01Bf/jGZdzv0pUvReN4RUzOUP1yu/+nv6K/HnET94/09vybfN+gQVmq
X2H33xiDPq/aA9xdPxfHNxeNL3XOVv1Ku3/nOPRlDufg3oiOu5rD507XPld9vN3/yVL0DYJe496L
Fp0omhjq/1b1q+z+s9eg71zQ9MX3Bum8yqJpTLPz9VW//2/3b7AFffDqT3CPoFUOiCadRhdV/Rq7
/7md6CM7lsA9nt4OEE0odSul+rV2/zH70S+7Xxb3/XTaR9E4fyamlFf9Oru/87/o9/xaBfdHtNZK
0STS8GqqX2/3//sU+ku1a+BesI54tZ1o/KlTLdVvsPv3vID++cl6uNdOER/dFs07utVd9Rvt/q8y
0Bcf0QT35nRytGjiqb+H6jfZ/eOy0Ncu/iXu3enuL0TTipq2qt9s92+Rjb79Fi/cx9Gtx0STSZd1
VP0Wu//V5+gH+vrgHkOTgkUTQT2+Vf1Wu3/4W/ST/uuO+3qaVcRPXu9C03uqfpvdv3L+C/j+7599
cd9Fy64XTRINC1D9drv//qLoExp9h/s1eqiTaAKp6xDV77D7DyiFPjVtGO4OF8R62aIpMJw/vyNU
n2D3NxXQPxo7GveK48Tg30dzfxo0VvV/2/2XV0P/yWc/4d6EZtQXjTd9F676nXZ/z1roqydO6Svf
2xSdUkVzny6LVP0/dv8sd/Ste/+K+2jac7RooqhXtOoT7f7TPND3yYvBPYzWLv0H3zdo5hzV77L7
12iLfuzCONy30IEJcXzuNGKh6nfb/Y91RP9Hq2W4b6Cbu4smhLqsVP0eu3/wt+g3XVuD+xn64oVo
HNfy53C96vfa/Yv0Qp88eQvuz+iLv0SzkQZtV/0+u//6APRZVf/B/TXNbiYaX1put+r32/19hqA3
B/fj3oC2uyyaHJpwUPUH7P6PR6CvOOhf3DvRxRNEE0O9j6s+ye7/+1j0zfKfxj2I/lNBNO70darq
D9r9609C3z3+Au5R9Ls9okmji9JVf8junxqJ/of21+Rzk/YacI3vG7RtpuoP2/1HRaOfeTcL9200
+X0WP7/uiKn3VH/E7l8qFv2qGdm4n6Dnlmbz84uGPFX9Ubv/joXoD7rlyvsmvdU2l58b1PGV6v+1
+/dYif7a8be4lzohrr71ls+dbv2g+mN2/5fr0b8elr8fvvc3XGw0VTRxtF+hfur3/+3+87ajd3b8
FPeG9H81RNOKmuKqP27399iN3n1TKdx70u+PiiaDxpRR/Qm7/+WD6L/pUgH3H+mOIaIJp40rq/6k
3f+n4+i/f1oN95/pwk8+l9dXopmuqk+x+1c8i35qTC3cN9HD60STREPrqv6U3X9vOvolDRrg/i9d
/bVoAqlLY9WftvsHZKLffc4D90w65KEHX99cTGyp+jN2/4/30F8Y0xb3YqHixpmiWUb9PVWfavdf
9hT9f87euJcuI9avJxov6viN6s/a/b96hb7Yzm9x96DVTosmi27spvpzdv9bH9C79eqF+5f0+UjR
RFHfPqo/b/efWugivv/7OgD34TS5xAB5vRvNHKj6NLu/a3H0gfOH4D6N9tgummQaOVT1F+z+R8ug
n9jiB9zX0v+6iiaY1h2l+ot2/+8ro593dSzuiTQ0dyyf+zj+OcJUf8nuX/gL9DvCJ+GeQR/MmcTn
TkMiVJ9u919XF/3pytNwL1JFrNhUND7UOUr1l+3+nRqjf7g/GvcSB8SnF0WTTRNmq/6K3f9RS/QF
A2Nxr0X3hsXyfYP6zlP9Vbt/tCf6ag6LcPekn5cXjTt9vUT1GXb/et+g/3LFSty700W7RJNKo1er
/prd/3Q39P6eG3CPoPf6iGYkrbtZ9dft/iP7oA/N2o57PI16v53PfQffR/9W/Q27f8lB6GOm7Zaf
ezpz8W4+dxq8T/WZdv/tQ9FvqHEI95vUsbVo/Gjho6q/affvPgr9sWPH5eeejr8hmly6NUX1t+z+
uWHobwefxf3ToeKYiLP8/KLeaaq/bff/KwL9hyKXcW9eVMyrJhoPmn1V9Vl2/6ZR6CtsyMS9DV19
SDTpNOa26u/Y/S/NRt/E5z7ug+jtQff5+UXdH6n+rt1/wjz0XR8/xX00XVMgh59fNOOZ6u/Z/Sss
RT/i91e4z6VzVotmL43MU/19u/+e1eij6n/EfRdt3PEj/72BuuTrr37/3+7fbzP6+NRCuJ+n/vcL
8fWfiAlFVP/Q7v/+b/RJo4rjfptu+VU0y6h/SdU/svsv2Yf+aqmyuD+jq2qJpi015VWfbfdvcxT9
qx2VcS+bIAaeFE0mjXdR/WO7f2YK+tI9vsC9AfUOEU0k9XZT/RO7/y9p6P/3si7ufvRd8Xryejea
WV/1T+3+1TPQd5rXGPcw2muLaI7QiGaqz7H7H7mNfohHK9wX0ZG+ogmmLm1U/5/df/Aj9FMue+K+
gY77TzSFvcSkDqp/Zvcv9Bz94p++wX0bnTJHNBvpyC6qf273X5OHPrFid9zT6IuG3fncqemp+ly7
v3e+S/j+794+uD+hJdJEk0239lf9C7v/gyLoc/oPwr1SgBgxSTSx1Gew6l/a/WeVRP/px6G4N6UF
yw2T17vT+yGqf2X3r1sefc1lo3D3pZ6JokmlkaGqf233P+WC3vOrCbiH0qv+E/jcqVu46t/Y/X9w
Qx9wKwL3eTTxjWicpojpU1WfZ/cv4Y7+p6lRuC+mOQui+L5BQ2ap/q3df2sz9HNdY3A/SF+0FI0f
dZyj+nd2/65t0G87Og/3LBp6TTS5dOMC1b+3+z/rgP7UkKW4f6Bpk0UTR/1WqP6D3T+2C/r7n6zB
vVhh0amqaDxozjrVf7T7N+mJvsC6zbg3pP8e2MznTmO2qd7k4/4X+6N36bQTdx86ZaBowqj7LtU7
sP9p/GD0LR/tw/1H+iHffnl9OZqapPp87BeUG4G+V/RR3MfS0qtEs5eGJas+P/vdu0LRj6l3CveV
tE970fSjlVJVX4D9lT7h6H8/nYb7dnr+jmje0aRLqi/IPu/tVPTrf8zAPZNWnSGaRdT/huoLsa+w
eBb6f52y5OeetnPL4ucXzb2r+k/Yt2g9B/3NbY/kuW0XRx1/xM8NGvdE9YXt/jcWoH/f7Tnu1buL
o4Y/5+cGbfVS9UXs/hEr0JfLzcO9Iz306Vt5vSvNeK/6onb/auvRN/4rXwD+uyHdv1E0R2hkwQD1
+/92/0Pb0Ps2LYr7KNqni2iCqGsx1Tva/b/bhX74pZK4L6G+OaIpXEpMc1Z9Mbt/gYPoZ4SVx30z
HRwjmrU0sJLqi9v9VyejX1m+Gu7naGAj0fhSR1fVl7D7d0xFv3+3G+436bRzorlPt9ZRvZPd//4l
9Ff6uuNesJ/YJFQ00dS7kepL2v1/vYH+5btmuJd5L0aU8ZDX16X3W6i+lN2/9j30JZe0wd2T+u0U
TQqNaqf60nb/k0/Q12vTEffv6bCeogmhjTup3tnuH/ISvXdmF9zHUbc3onH6ln+OrqovY/cv9gF9
0JSeuC+grRb25HOnYb1VX9buv6VgOr7/+3kA7uvplRYB3J86DVT9Z3Z/32LoFx4ejPthOjBDNLl0
a7Dqy9n9/3NG/0/QCNyv0fHhoomlPiNVX97u/2cl9OcLjsXdoZDYvspYPnf6brzqK9j9G7mif7I6
HHenNWKr/eH8545G/6z6inb/tDroi3pHys8tLRoYyedOG89QfSW7/9hG6Gs8mCV/bvqHQ7S8vhxN
+V31le3+ZVui/2rmHNzDaa0VokmkI+eqvordP7Ed+v51FuIeTR29RNOPOi1RfVW7f+9O6MNSVuC+
it6+s4LPnSasUr2L3T+vK/rYEetx30AfTBfNIuq3SfXV7P4Le6PfWny7/HXpXzVF04rmJqj+c7t/
q4HoT27ZhfszWiBZNJk0bq/qq9v9rwWjv+d7EHeXrmJ6sGgiqNcR1bva/SePRJ//WTLuNahH0ePy
eheaflL1X9j9q4ahrzInVd63aJkNokmikedVX8Puf/Bn9C0ap+MeRPf4pPPzi1a6qvqadv9BM9D3
vHAD91Da77FoCmTy5/eW6t3s/vlnox817h7u82jub6KJp8EPVV/L7h8/F/1vnz3F/SitW/8pnzst
8Ez1te3+7ZegX5v4Evc0uuXMS35u0GVvVF/H7n93FfojvT/g/oQWHf2Bnxu0rcMA9fv/dv8Zm9Bn
5hXE/QONK1VIXu9Gswurvp7d3+1v9G8XFsO9ziLRIUE0KTTCSfX/s/uf2Iv+sy/L4O5LL/iJJoS6
l1N9fbv/8CPoG12vhHtP2v2laBwri0eqqt7d7u+Ygr7Lz664T6Ut5olmIx1ZU/UN7P6bzqMf5lIX
9zn0QgvR+NLC9VXf0O7f5Sr66QcbDZDvbYrtL4smh65tqvpGdv+nt9AvH9QS9ys0eaJoYql3a9U3
tvvHPES/L78n7rk0sqInnzvNbq/6Jnb/Bs/Qp8d3wv0NPbBPNGk0urPqm9r9z79Bn9u+G+6lO4iz
+4smjLr3UH0zu3+ow2V8//deb9x96JQPonHuM4D//y3Ve9j9yxRBXydqIO5dqd9S0STQ0CDVN7f7
73RC37HWUNx/pnPbisafOoaovoXdv1c59N+dGIn7fLrslmhe06Qxqm9p939dFf3k4WG4x9LsqaJZ
RH0nqr6V3X9+TfQLHCNwP0T3VBeNB333i+q/tPu3qI9+56YZuN+l7Y6KJoMumqn61nb/jKboz3aZ
jftH2naEaCKp95+qb2P3n9Qa/eOnc3EvkSN+KDRPXl+Jps9XfVu7f5UO6Av/sQT3hnTpmiV87jR0
ueq/svsf6IzeteFq3DvTvK9FE0jLrVN9O7t/YA/0bc9vwn0UdX4kmgKbxb1bVe9p93foj75v6N+4
R9Dzs0QTT/0SVe9l918RhH58mX24b6Z76orGixZOUn17u79nCPo5O4/gnkA7nxZNFt14TPUd7P53
xqDf3CsF95v09Q8p3J/6nFF9R7v/9InoT7w+j3vBN2JmiTR+ftHMi6r3tvvXnIr+7vyruJdZIBbb
JppkGnFd9V/b/ZNnondoeRt3V+rbTTTB1PWu6jvZ/Yf+ib5yxkPcv6Z5uQ/5vvGIn1+PVf+N3b/o
AvQek57hHkLfxj7jc6ehL1TvY/ffsBy9X5U83MPpmSZ5fO608HvVd7b7+6xDP/KAQyDet+jJi6LJ
pmsLBKrf/7f7P9mKflZgEdy30C8miCaGejuq/lu7/+xE9GscSuJ+nrqXF407zS2tel+7v3sS+sMr
yuH+mAbtEk0qjaqo+q52/7PH0F/3dMG9kJfYqZ9oQqlbddV3s/uPPoM+L6sm7i53xANvRePsFsj/
/5bqu9v9S19CX3Z6fdy96PHFokmgwQ1V72f3T7iOvkHNZrgH0ONtRONPK7VQfQ+7f4+76Dsnt8b9
F/rPjdZ87nTjV6rvafd/9Rh98NAOuM+gVyJEE0f9vlZ9L7t/3Av0kUW74L6cnnEVTSua7at6f7t/
8/fol23ogftRWvewaNJprL/qe9v9rxS4gu//+vTH/TodHySacFo3UPV97P4THdFfehyE+2vao+Bg
eb0LTfte9X3t/pWc0T//PQT3GrPFd6tFk0RDf1R9P7v/voroi7uH4t6G9uoomn7Uabzq+9v9A6qj
r312Iu596J4HE/n6cP4cTlZ9gN3f1EHfYfRU3IdRx5miiaf9pqt+gN1/eUP0A0vPwn0qDakjmrb0
3W+qD7T7t2uBflLCn7hv+z8V9x6W8/3HcfwzGpkzOR8WYjFZ9guZU6ZNThMaZo0QNWI5qzmEWCyE
EAuZnFtCzskp5nw+xGKZTAg5M+F3Xa/36/PH+6/HH+/7eV3t++p339f1291ozEnR5NB1C1Xf3+5/
qy36uG+X4n6clhoumkjaeZnqB9j9IzugT32xEvccurLk7/J6F5qdqPqBdv+63dCfXbw+QP67a+KT
Tev5vkHjk1QfaPc/0hv9fc/NuJdsLq7qKZoQ6pqq+kF2/6AA9EWv7cS9Md3+VDQldokZe1Q/2O5f
LBh9nZ/3496W/r1gP983aMAh1QfZ/Tf8hL519aO4/0QdPY7yuVOHE6oPtvt3Goe+z94zuE+miZfO
8H2DJp5X/Y92/7xJ6Mf2vSLPjT4fI5po6nNN9UPs/rNnoJ/3/gbuW+imSn/z84vm3lT9ULt/ozno
/0j4F/eT9OWOf/n5RSPvqj7E7n9mIfqjbR/iXvhL8ac+ogmlro9VP8zuH7oMfc4/z3Evdkss8d9z
vm+84PvXK9UPt/uXW43eRL7F3Y1Oj3/L9w0abPqrv/+3+29NQl+t7oe4t6TLW4nGj1Z2VH2o3d8v
FX2zIyVw70W9bojmGV1XWvUj7P7P96DvEeSE+890w2TRxFGfSqofafdfdAj9cMfquMfS4bVE40nz
a6p+lN2/2Qn0s9bXwT2ZHjsgmkwaXU/1o+3+mefRr+n4Ke7n6fwBohlP3RupfozdP+wa+gP3P8f9
Pi3q8D95fXV6sYnqx9r9q/2D/nr0F7h/OFtctVo0aTS0lerH2f3T7qJ/5fYl7k6NxDZficaflvlK
9ePt/j88Ru90pgPunjT5jmgKaGpn1YfZ/d+9Qu8e2g33H+iGKNEk0N5+qg+3+68wf+H7v2W/wz2E
HqovGi/66nvV/2z393JEH7QlAPcZtN0x0WTTuIGqn2D3v1ka/bQewbin09YhoomkPkNVP9HuP7US
+uXPfsL9FH1YPFRe70KzRqp+kt3f5WP0uxeOw/0xrZQsmgwaEa76yXb/w/XQX246GfeXtHFX0QTS
hlNVH2H3H9wI/eMrM3B3yRRTH4nG8Rf+/DNVP8XuX7Qp+pJhc+S50ZSYOXzfoP7zVD/V7r+uFXrX
qotkN1rsf4v4/kVLLFH9NLt/h6/Qe+9ZhvtIOua8aHJpUoLqI+3+9zqjD/BfjXs0HTp6Nd83qPc6
1U+3+//qh/7nt0m4r6Y5Tn/wudOcTaqfYfd380e/eHkq7tvo8u2iOUsjd6j+F7v/6YHot7ZJw/0q
TegpmhDquk/1UXb/n4aiP519CPcntJPJ4OcGzTqi+pl2/zKj0N+bcgL3ilPFjCWiSaHBp1U/y+6/
ORx9kToXcHen8S0ucH9a+bLqf7X7d5+KvlbGNXnfoxWyrvHzi+68rvpou//TmehbDfoH9/F08kTR
xFL/26qfbfePnYe+d5F7uE+k3jVE40Hz81Q/x+7fdAn60Wsf476YJqc/5ucXjX+m+rl2/ysJ6GN8
XuO+mWYHvObnF3UvUH2M3X/8OvQb75oB+PcvtPEHHwyQ505PFh6g/v7f7l8lBf2fsxxxf0h3/S6a
nXRCcdXPt/vv3oH+1qdlcH9HW7UTjT91Lq/6BXb/7/ehf3eyEu61Tonbb4mmgKZVVX2s3b/gCPqq
wz/GvSutNkM08bR3bdUvtPsvO42+aelPcO9Hv6snmpa0oL7qF9n921xG3y2lEe5htMMx0WTTuMaq
X2z3z76Ofli3prgvo4uCRRNBPZqrPs7uP+U2+qgnrXDfTw8Va83nTi96qX6J3b/2A/SJC77C/Sw9
tkE0++l4H9UvtfsfeoZ+v0cX3LPp1U6iCaTVfVX/m90/sAD9X5f8cC98WQzPE43Dt+LRXqqPt/t/
6JCF7/+O9Zff+3Fi9zmiSaTB/VS/zO6/pjj68pUDcXejvT8TjTctEaT65XZ/n/LoG+0airsv3XlW
NLk0ZbjqV9j971ZF37HPKNyHUt8RoomiXmNVn2D3n1Ub/eA34bgvoS3L/yyvd6XZE1W/0u7/aQP0
U+Kn4r6Flk6dyvcNGjNd9b/b/U82Rr+s1SzcD9K1fqIJoa6zVb/K7j+sOfqdN+bh/oi6vJjH5z5f
zIhVfaLdv1Rb9BcnL8H9OQ1fLJokOjpe9avt/pt80Oc7r5R/7lpiPU/R+FKnRNWvsft380Vf/OA6
3L+m5a6JJp+mbFT9Wrv/k17oPxmYgntnWj48hc+ddt6q+nV2/wX90Ldz2In7CJpZbSffN2jebtWv
t/t7BKHvu3of7hG03959fN+g0QdVv8Huf2k4+vCv/8R9KX3T90++b9CWx1W/0e4/diz6RXdO455O
7747zed+hr+H51SfZPevNAn95qjLuF+hTxMu8/OLjr6q+j/s/junoz9V/wbuj2m5tjf4uUFL3FR9
st2/z2z0ucdv4+50Qjxy6zY/N2hKruo32f3fxKJ3CHmAe1V6ZeoDfn5R33zVp9j94+PRO5d8jrsP
HVnvOZ87Na9Uv9nu3yoRfYvkAtzH0n2HRZNFY9+rfovd/8ZG9L26OgzEv3+hbYNFE0E9ig5Uf/9v
95+8Ff2o/OK4L6Jzi5aQ11en2aVUn2r3d96Dfs688rjvotc3iiaDRlVU/Ta7/4GD6Dd8Xg33C3R5
R9EE0Mo1Vb/d7j/wOPojF2rj/sFFceR90TjUEY/WVf0Ou7/DefQ3RzfAvcgY0W+2aBKpv5vqd9r9
V19F/7bC57g3qChO+Ew03rRyE9Xvsvt/fRN95R3Nce9C35wWTQ5Naqn63Xb/O7noPXq3xf0HWmeE
aKKpr7fq99j9o/LR+772wT2aRpbrIK93pfmdVJ9m96//Cv3Qpb64z6PLtvryudOIHqrfa/c//h79
Ly16476NlvATTQh1+V716Xb/kKLX8f3frH64n6HBz0RTIoC/hwNUv8/uX7I0+vSJQbjn0q0Lg/jc
aegQ1e+3+ydXRH+t5k+4F/pY3NRUNJ2pw0jVH7D7d62J/sW+sbhX3y+uyRzL504Tw1R/0O6fXxd9
2f6TcP+UbgwTTQz1maL6Q3b/eW7o3QrNwP07+rSKaNxpbpTqM+z+nzdB77NqtvzvjibtEc1FGhej
+sN2/wst0Qd6L8R9Gq3uL5rRtGGc6o/Y/cd4o4+4HY/7ZlrqrWiclomZK1T/p92/Ymf0v81IxP04
/WS5aFJp6FrVH7X77+iBfscnSbg/pN+2EU1vWmaT6o/Z/Xt/j/7C0a24v6O52aJ5RfdvV/1xu//r
Aegf/rgH90pDxJVT9/C5U9901Z+w+y8dgv6j4odwb0zr1hGNJ80/rPqTdv8WI9HXSzqOez/6+pBo
smjMKdWfsvtnhaFv2+U87sNpvUGimUC9Lqn+tN1/0hT0Pzy8ivtkWrnINX5+0YtZqj9j9/94Jvrx
c2/K7y19vfYmnzsdnaP6s3b//THoY93v4p5GT/nc5ecXdc5T/Tm7f/849Cnn8nE/SQ/ki8bxMX+O
p6o/b/cvlID+xMhX8nPTSbNEk0AD36j+gt1/1Vr0d8qbQPz/hk7iIDfReFOHwoHq7//t/t6b0Bfe
VhT3OrTNKdHk0ISPVH/J7n97O/qaPUvj/jVNHCaaSNq5nOov2/1/SUf/xcuKuAfQxNKV5PWuNL+K
6q/Y/V2PoO8ZVxP3uTQwRTRHaXwt1Wfa/Y+dQj+ieT3cY+kFX9EEU5f6qr9q9x9yCf3sa27yc9OV
T0Tj2EjMcFf9Nbt/8evo1//cJFC+tykOni+adTTYU/V/2f2TctBnVG+F+3Ma7tGKz506eqk+y+7f
JQ999l5v3Euni46XRJNHU9qr/rrd/+FT9G/6dsa9Zj8xZJxooqlfV9XfsPvHvEFfyfjh7km/qiQa
d5rbU/V/2/0bF76B7/+u/B737jR9l2jO0ti+qs+2+5//CP03Xw7EfRa98J1oQmnDwaq/afcfVQ79
kFtDcI+heQWicRrKn2OY6v+x+ztVRT8jciTuqfSP30STSsePUf0tu/+2WuhX1g3H/RAt0jqcz52W
maj6HLt/z/ro9x6Zgvt1Wuhv0TyjSZGqv233f+mO/mrQTNyLB4sjJs/kc6edo1X/r91/iSf6Z47z
cHcpJu51Fo0nzVug+jt2/y+80JfZEId7a/rigGgyacxvqs+1+//VHv2nnRJw709rDkjgc6cNV6n+
rt1/Qlf07fPW4h5E53+4Tl5fnZ7doPp7dv8avdAPnL0J92j6NFE0aTR0i+rv2/3T+6Kf1GgH7qvp
4faiCaDOu1WfZ/fvNxj90jPpuO+jHf8VTQFNPaD6B3Z/Mxz99tAjuD+gXlFH+LlBA46p/qHd//cx
6M+VPS2/t+XEK66i8aKvzqr+kd2/3UT0D7Zcwt15q3jluGiyaXym6vPt/jmR6Iv5Xcfdnb4YIpoI
6p2t+sd2/+nR6F2e5+DegdYveZufGzT7juqf2P3rxaL3WpSH+zg6NDmPnxs05pHqn9r9//wN/ffN
nuE+gaZ9I5pA2vKl6p/Z/YNXoR+X+Qb3jfTeozf83CgQ979T/XO7f7GN6BeEFR6E733R7+aLJpWG
Fhmk/v7f7r9xC/rkqsVxz6U3G4vGhzqUUv1Lu3/n3eiP7ymH+0N6/4Jo8mhKBdW/svs/OID+X/+q
uJf7QQwbLZpo6lND9a/t/nOOof/gXS3ca9H4CrXl9Q1pvovq/7P7f3YOfY0V9XFvQS9tF81ZGtlQ
9W/s/mcz0Tf3aoz7KOrcuzGfO3X1UH2B3X9ENnq/m564j6fVX4umTHMxo4Xq39r9y+WiD53qhfsy
mrDEi8+dBrdT/Tu7f+oj9L/W8cE9ibZoIRo/WrmT6t/b/b99iX5tRlfc02jbLNE8oyndVW8Kc/8X
79AfGtQL93v01gTRxNLefVT/AfvwxUX+xvd/i/TDvWRR8UVN0XjQgv6qL8R+qWcp9P+tHYx7jXVi
+D7RZNLoH1VfmP3uqxXQV+wwHPdmNC1ANOOp+wjVO7C/Fl4DfeN7Y3D3pSM+GMvnTjPHq/5D9v9V
q4u+y68TcR9CF/0ump00NEL1RdhX3dsQ/Y8Np+M+l972Fo0/dYpSfVH2X/T1QB95Khr3LfRxTjSf
O905V/WOdv/3LdAnDI/F/SBtP0M08TRgseqL2f0T2qHfUzoe97/okE9E40UdVqj+I7t/207or6Ss
wr3YZnHwUdFk07g1qi9u9/+nO/qn3TbiXqW7mPajaCKod7LqS9j9p/VBX+rpFtxbUvfiW+X1zjRn
m+pL2v1dBqBvELsb9560dtJuvm/QCXtVX8ruf+RH9F83OSi/97RTZ9EE0uqHVV/a7h80An3/y8dw
H0O3PTjG535cPHlS9WXs/o5h6CeOO4d7Ii0+VzSJdMJF1Ze1+6+PQL+k8lXc0+m2xlf5uUHLZKm+
nN2/YxT61F3Z8rlFb5wTTS5NuaX68nb/+3PRn+2Ti/sbmjNSNFHU977qnez+0YvR33/zCHenAjHN
KZ+fXzTnieor2P3dVqAvuuwl7p50YOpLPnca9Z/qK9r9z6xBX6f1e9y706yeogmhHoUGq7//t/uH
JqNv/XcR3IfSTi9FU6KoeLKY6ivb/ctuR98nohTu02mFONGk0JCyqq9i99+yF/3YWhVxT6CTm4vG
l1auovqqdv8eh9HPO1gD90P03U3RvKIpzqqvZvd/dhL9HwPr4n6dHpggmljq66r66nb/hRfRH3Nw
w/0l9akpGg/66jPV17D7N81Cn7PaA/cia8TK6aK5SGOaqb6m3T/zFnrTviXuDahvP9GMp15tVP+x
3T/sPvpque1w70LdjDefO836WvXOdv+qT9E3m9kJ9yAatlI0O+nob1Rfy+6/5z/0PRr0wH0cPd5O
NP60TE/V17b7+xfKxvd/T/TBPYZWvCWaApryg+rr2P3fFkM/K2QA7vtoSKRo4qn/INW72P2Xl0W/
puQQ3M/QcfVE05KaYaqva/dvUwX9geQRuN+gmw6P4HOnCaNVX8/uf9MZ/fWuYfLP7SvWDBZNBPWc
oPpP7P5TXdG/zo/AvdxjsaXjFHm9M82cpnpXu38dd/RO86Nwb0K7bRDNfhr5q+rr2/0zmqF3/18M
7l3p4I6iCaAuC1TfwO4/qA36ThcX4x5MF9wXjUOcmLZU9Z/a/Yu0Rx80ZgXui+izaNEk0t6/q76h
3X/tN+inVVyL+2basJFovKnjBtW72f19eqJfviMZ94t05FnR5NKkzapvZPe/938q7j2s5/uN4/gb
GbZMo4kxQj+SU86nEJMVMYdYEaLwpRCSHOaYcxJyjsVCqC3EQohyDo3I+Uw5hxCa/a7rvl/3H/df
j2vX/XleF98Xfa5dqw2k/oD3Pro/hO+CWbMA+u1XfSPZf/Ew6q98PMS/b1ir/GF+3hHmp6neWfav
P5r61+uO073eenbAHtacguGnVN9Y9j8XQn1Zl3N0d4O+fVhjgY5Zqm8i+4+ZRn3dW9l07wud3mXj
/XWZzchRfVPZv1w49Z2n36R7GPRYeROfOwy4o/pmsn/SYur9qj+k+3JYsyVrPGHpXNU3l/17raB+
atozuu+DlhzWPIcJL1XfQvZ/u4761UPe0v0EzJn8Fu8N6Ple9S1l/+jN1O8p/pnud2GxH1jjDAv+
VX0r2b/5DurP/1F8BH3/FOx0kDVZMKrkCPXz/7L/lV3UP+38Nd0ruLHFfVkTApuVVX0b2X/Sfuq/
evwd3VvC5l9YY1uevWmr+rayf6Wj1NeYX5nuLnDERtYkw6CqqneR/fefor6dYw26+0H/DqzxgjYO
qm8n+/fPot7ntCPdp8B1d1lTCFPqqb697F+UQ33IKGe6r4DJc1gTA72aqr6D7L/hDvVR37Qawf/f
NbZTTda0gvltVO8q+7fPpX5nQge6P4LTMzrgc4cxnVTfUfa/85L6k91/pvszODOANdOgc1fVd5L9
Z76n/sHLHnSv/IodWOoXft4eZvdS/U+yf40v1H9Z2o/ujlFsjW2sSYUhPqrvLPsfK3mPvv+38SC6
t4IWD9b4QdshqneT/f3LUt/i4jC6B8NbecPw/HA2zaL6LrJ/ye+p7zVhNN0nwp6LWBMLfYNV/7Ps
v7Uq9aNtJ9J9KdxQjzWusHCS6t1l/58dqF+4dxr/uYObzrPmIYyZoXoP2T+vHvVx/cLpng4rjmFN
OPScr/qusv/CptSnfVhM91z4slwEP+8In0eqvpvs79SW+htrVtDddi3rkcSaUzBmleo9Zf+znaj/
0Ho93R3asK69WWOBzhtV3132D+pKfYUbm+nuDte/YU3pP9jMLarvIft/25v6htN20H0InBDNmgRo
SVT9L7L/Xz7Ud/1xN93HwQXNduNzh2av6nvK/j2HUD/88H66r4QbruzH1w0Yn6r6XrL/awv1swYf
pft+mBV6FO8N6Jmh+t6y//Jg6jeY03Q/AqMrncbnDp+fVX0f2b9pGPX7N2XR/RqclZKF9xeMvqR6
L9k/ewb12Z2u0r0IzurPmmDoeEP1fWX/ifOpz39wh+7WD9kKRXfwdeMuvn7dV30/2d9uKfXfzM2l
eyOYH5OL9xcMe6r6X2X/lFXU16n9ir9uws/tX+G9AW3eqN5b9vfZSP1PJ9/zew+WuvMez3/Ar+Oj
6n1k/09bqB9k+UL3adBpJmvWQK9iFvXz/7L/+kTqp5T5iu6xcGMN1rSC+aVVP0D2d9lL/aodZel+
HNY5ypqrMMJG9b6y/61U6nd1+57ueXC7P2umwfqVVD9Q9p+eQf2551XpXvwF29HqR36+KsyqrvpB
sr99JvVPljjQvXwk22QLa1LhzDqqHyz7H71EvVWj+nSvBw90YY0vtG2kej/Zf+gN6u2zmtLdDTbK
a4rnm7FpLVQ/RPYv8YD6tuPa0n0QjFzImljo3V71Q2X/uKfU/1r+J7qHQW8n1rjCQjfV+8v+bm+o
n7CnK91j4KpLrMmDcd1VHyD7P/5IfaRXb7qnwbKjWRMOXfqqfpjsP7/Yffr+33c+dM+C88v25+cd
4E1f1Q+X/euWof7EqiF0fwqTk1hzCsYEqH6E7H/Ghvp7LUfyr7sV+9UvrAmA9YNUb5H9AytR/+/V
YLo3vsb65rPGZhybPUH1I2V/a3vqK08J4z/3cNxy1sTD4KmqHyX7J9ahvlmVmXTvCT82Zo07LJqt
+kDZv0cj6numzqd7CAy6zJrnMHaR6oNk/1ctqA8cuJTuq2G90KX4ugE7L1f9aNk/qj3187+sovs2
mF5xNT53mLdW9WNk/yZdqP/j9410z4QN97EmE4ZvUv1Y2f9Sd+oPu26l+yO4yWcrPnfouF31wbJ/
SF/qr99LpHuZ+2zax0Ts/yebkaT6cbL/9wOpfz97L90rz2HvrGdNMrSkqH687L8vgPrvHA7R3QU+
asMaL2ibpvoJsv+vQdQ3OJ5B936w+R3WFMCkk6oPkf0LJ1DvMTyT7lPgud9YEw29L6h+ouy/dir1
AaWy6b4QJldjTTNYdEX1obJ/2znUz4y/QfdEeCntBt5fMOK26ifJ/jcXUb/e4wHd98Bu/qwJg86P
VR8m+/+2nPq/nz6l+zNYsfgzfr4SzHqh+smyf7V11F9a/IbuuXB43Bu8v2D4O9VPkf2PbKL+Zf1P
dK/WgE3s/AnvL1j1X9VPlf39tlP/9fliI+nvDZz3mDVFMMNqpPr5f9m/2C7qa48tQ3d3eG4ea2Kg
l7Xqf5P9N6dQ39HmO7oHwv2OrHGFxlb102X/zmnUD9xVie5z4erTrLkL46qofobs/+gk9ZN729N9
JTw+ijUzoWst1c+U/eddoD76bR3+fcMQa0d+3gFedVL9LNm/Tg71SdGN6H4JFk9shM8dhjVR/WzZ
/9Rt6s82b0n353CoJ2sCYNU2qp8j+498TH3ulfZ0t8lh67xkjVUHNrOj6sNl/69fUl8irAvdm8Ee
y1kTD4M9VD9X9t/5jvpqlXvQvTt81pg17tCml+rnyf7d/6W+zYG+dB8Bq19kTR6M9Vb9fNn/pdUD
+v7fAQPpvhimjWfNAujqp/oFsv9Sa+rHFQXw3xv4ssIwfr4+fDhC9Qtlf2db6pdsCKJ7Mpy5Nwif
Owwfq/pFsv8/Vajf3j6E7hdgzX6sCYLOk1S/WPYfX4v6jDtT6f4G+nxgjfU09tR01UfI/hXqUX93
5hy6W89i265lTRK0zFP9Etk/uQn1n2sspnuVmmz/1qzpCUtHqj5S9u/Xhnq79OV094AO11mTD+NX
qn6p7P+hI/VNA9bx7xuumcqaaOi5QfVRsv8aD+p7lNxM9/HwbRXWNIP5capfJvu37kX9qK3b6R4B
4w+zJhtGJKh+uex/3Zv6eT/vonsSvDmINSHQOVn1K2T/qX7Ub8pLofsZ+Mjs5+crwcyDqo+W/ata
qD+0MI3uhbDCZtakwJB01a+U/Q+Npf6a0ym6l67HDuvEGm9oc1b1q2T/wZOoLzh7ge52meya+6wp
hAkXVb9a9jczqLcZnUN3N1hhUQ7eG9D7uurXyP6b5lFf79s7dHeFD/7HGheYf0/1a2X/TpHU//zX
Y7oHwB4nWXMTRj9R/TrZ/8FK6v17vqR7DEyxvMT7CzZ7rfr1sn/4Buqnv35H953wUZn3/Lw9vFqo
+hjZ/39bqF+3/F9+b8LBO1iTBkPMKPXz/7L/iQTq9zUtSfe7sGk31vhBh9Kq3yj7W5Kp/yfbmu4f
4YLnrLEqy6aWU/3vsn+ZVOpfTLSle4VQ1iGSNXHQYqf6WNl/Rzr1Zeyq0r0BDG3IGndoXV31m2T/
bmepd0ipRfcusEcWa/JgfG3Vb5b9n1+k3tWnHt1HwRvBrFkAXRuq/g/Zf8l16gd8akL3yfDYd035
eUf4sLnq42T/hvepn7S+Dd03wJJ7WHMKRrVT/RbZ/8IT6le4dKJ7IqzrxZogaO+m+q2y/7jX1P95
y4N/3/BNgQc+9674dXiqfpvsX/4j9Wem96L7Mxi5ijUJ0OKl+njZf495SN//W92H7uXs2S8tWOMJ
rXxVv1329ypNfbGjfnSvBktdY00+TPZX/Q7Z/1056n8caqF7J1hmsgWfO+wcqPqdsv8qO+pblwim
+3BYpgprnGHeeNUnyP4tq1PvFTeJ7guhXzprbsKoKapPlP2v1qY+2G0G3ZfChr6sCYH1Z6v+T9l/
SkPqFz+eR/fd8Mi/rLGdz2YuVP1fsn+VFtRvmx9J9xzYemMkPncYtEz1SbJ/ajvq0x1X0T0XHuvA
Gm9Yda3qd8n+A92ov316A9/PsE/u4Z8LYUKs6nfL/l88qf80agt/3QpkfWazZg30jFf9Htn/dy/q
K1on0r09PF2TNa1g/l+qT5b9XX2pb5yYTPdAWPN4MvaHsX+rfq/sf8+f+u49Uuk+DsYMY8002OyI
6vfJ/nMCqR/5Kp3ui2GVUhn43OHdE6r/W/Z3mEB9eNRZusdBp3jWpMGw86pPkf2PT6E+tvEluifD
TPdLeH/BSldUv1/2Hz6b+oMXr9P9Puzz9Dqev8Fm3FL9Adm/1CLqcybc5697MCXiPt5f0PJI9Qdl
//hl1L+1fcq/7+/ZbvWf4usGLP1C9amyv8da6r/d95r/3sAm517jvQFjClR/SPZ/Gku9068f6e4B
Kwd/xPsL9ixS/WHZPyKe+i6FJpD+uxPcXK5YIL+/YFGJQPXz/7J/gyTqh6wtTfcoOCOJNadgxDeq
T5P9z/9N/W9tbOi+A4b2Zo0F2ldQ/VHZf+wR6tfesKP7Adj1LWusK7FpP6j+mOxvc5L65GnV6Z4N
p61gTQL0q6n6dNl/13nqs36sQ/dCeKsZazxhaSfVZ8j+va9Q//xwQ7pXOcImXWbNcxjfWPXHZf+3
t6gv5deC7vVgdmgLfO6wc2vVn5D9Vz6ivlax9nT3gYvsWOMMC1xVf1L2b/GC+vab3ehugUdTWJMF
F7ir/pTsn1NAff+futM9DA7sz5pgWL+n6k/L/mFF1Ic+9KJ7DDz5mTW2fdmrv6r+jOxf2eoRff/v
XF+6n4ZuG1iTDC2DVX9W9j/wDfWJtQPofgEmt2ONF7QeofpM2X9ABepPnwykewE8fjsQnztMGqP6
c7J/0Q/UP7RMoLvdSNZlFmvWQL9Q1Z+X/TfWpN58PZXudWDxGqxpBfN/U/0F2b+DE/VVd86me1/4
v2Oz8bnDqLmqz5L97zamvqXnIrr3h338WRMGnZeo/h/Zf1Zr6vu8WEb3EFi25HJ+viq8G636i7J/
zY7Uj4lcS/cl8MZW1qTCmTGqvyT7p7tTv6jRJrrvgmO6sMYXVo1TfbbsH9CT+q1Z8XQ/C/vlxuP5
7fhzuFP1l2X/kt7UHx2XRPdHcNgC1sRCrz2qvyL7bxtM/a3yKXR/B7vXZY0rLDyg+hzZ330E9R/3
HKF75WTW48wRfO4w9pjqr8r+T8ZQb9v3JN27QLsg1oRDlzOqvyb7Lwql3vn9ebp7wsVlL/DzDvDm
P6q/LvvXm0695+ordA+Grn+yJgNGXFP9Ddk/cy71I1rd5vce7PkLawKgyz3V35T9Ry+hfs61R3RP
hL1es8bmMZudp/pbsv+3K6nfOOUF3VPh6mUv8N6Awfmqvy37J8VQf6DKO7o/gyeasMYdWhWq/o7s
3yuO+iupRXQveYh1ulyE9xdM/k/1d2X/Nzupfz3QKoj+/W0Q22EiayKge6kg9fP/sv+KPdSX/e8b
uneCBXbW/LwzzPtW9fdl/2YHqa8bW4HuveGEv1mTBaMrqv6B7H/5GPWdO1ah+xDo6M2aYFi/muof
yv6hZ6j3u1+T7kvh159YY1MrCP//LdU/kv3tLlI/bY4T3X+HNutZkwSDGqj+sey//xr1qx2a0P0Y
POPCGi9o3Vz1ubJ//3vU7znemu65cPct1hTABBfV58n+n/OoPz+8I93fwxLTO+Jzh56dVf9E9o/J
p/5pKQ+6/1CaXWrPmlbweTfVP5X92xVS/9X2nnR3go2PsuYqjOqj+mey/+3/qK/R1ZvuP0HXoawJ
g/UHqP657D+j1GP6/t9ng+k+AnoW9+PnK8Gsoap/Ifvbl6PeJ2IE3RfDg3GsSYUho1T/UvY/VpH6
kAZj6R4Hs91Y4wvtx6v+lezvX436qPOhdE+GM/JC8fwkNnmy6vNlf6va1CeMnU73q/DofNbEQO9Z
qn8t+29pQP1Jm3l0z4OHHFnjCs1C1b+R/bs0p/7BriV0t97NLjvNmrswNkr1b2X/XBfqv/ReSfdG
fdj+o1gTDlutUX2B7L+gM/U/FMTQvQ+8Zb2Bn3eAeb+r/p3sX9eT+hYr4+juD/clsCYDRmxT/XvZ
/2wf6nu1SKD7NLi5B2sCYP2/VP9B9g8aQP3onD10j4AnXrGmdDKbuU/1hbJ/WX/qF4YdpHsSbLuU
NXHQclj1H2X/P0dRH1c5ne6XYIkm6XhvQOsTqv8k+/8ynvq0A2fo/gDezWaN1Vn8PTqn+s+yf/5k
6m8OuEj3L7BmyEV87v9n51ygo6jSPF4O+IqOT3yDU0bRsKY79a7qCDuEJLwMJMbwEAabSnd1uqFf
dFdDguLAiA7OUcEzHGUUlRGPL1xBxeciout7UXFHdtDBFUcU3EFllBVGUPbe73433Tc0uOO6nJmz
9FF/XfXd/723vv+te+tWEpGD1wv6Pdz/m+aAfueedyB+2jeMnae8i3lHbt4o6L/h/mvXgf7kOz5g
eUOuWvkB5h05d7Og/5b7//YC0Ad/+gnEL0euGfcJrl/Iqm2Cfi/3v7AI9CM3bWf9Ro7YuR3z/mfs
x5eCXuqN/p+6BPSxObsgfhVyzqJduH4hO3cL+sNQP/OJe0E/p1JKwd/9IhtrGaUW5FG9UsLf/6P+
1vHLQX/7vxwJ8ReR6kZGaQdyVYWg74X6p//yOOifih4P8feRwSsYpQXIppMEfW/Uv3vratC/ffhp
EP8L8rG+jJKB3HOGoD8c9V9f9BLot99zNsQvuJcxu5pRehu58BxBfwTqz3zvddAfO/x8iNvI1yYz
Sp3I6gGC/kjU1161HvQXfBKA+ATkhVKQlT8duU4R9Edx/3/yHujrf2Wm2P93jfHl3zJKTyKzjqA/
mvu/ZjPoL79wEMRvQFpDGKXxyL6DBX0F99/dBvqZaxsgfjty+4cNmHfkimGC/hju/492gP7mVBPE
n0MOuIZRWoyc3Czoj+X+L90N+oePa4P4ZuSU8xmlgcjtYwX9j7n/Db22wO//Lp8I8aNXMN71MqO0
CbnkckF/HPf/4wrQf9ISgfjxlzAeFWeUZiMHxwT98dz/X54E+t5fTIH4QOQ5R09l5WXkhpSgP4H7
X3Um6OVf5yA+BHnZA4zSGuTsgqA/kfv/6jmgH2jMhHgMWXnxTMw78rxZgv4k7v+UAaAft34OxH+O
fP1TRqn3LxhfmSvoT+b+H6OCPj/9OogvRb5xA6N0N3Ly9YK+D/f/QQf0N552E8QfQS4LMkoNyGMX
CvpTuP+jBoP+gScXQfzfkZ++yShtRT54m6A/lfv/+TDQv3TZEoh/jJyWZZTmIScvFfSncf8XNIP+
g6/vhXjFbsY7TryPla9Cbn5A0J/O/VfHgf6b25azeXMx41OPLMe8Ixc8IujP4P7/2+WgP2PQExAf
jnzsUkYpiTSeFvRncv/zMdAb/7Ea4i7yqh2rMe/PMr7wnKA/i/vfJw36lp+/BPErkCtufgnzjoy/
Kuj7cv8fK4A+Kb8B8TuRt9hv4PqFPPYtQd+P+z92Fuh/+dx6iD+EvG7Depw3kCs3CPqzuf+75oJ+
aft7EH8F2dH1HuYd2bZJ0P+E+/+b60G/utdHEP8AWdP3I8w7ctsWQS9z/2sXgv7du7dBfA9y7T9v
w/ULuehzQX8O9/8Pt4H+q8YdEJeHMh4+iVHykdU7BX0l9//KpaA/cctu1m/ktm8YpT57GNd+K+jP
5f73Wwb6wLxeaXhvjbznTkbpSWTyiLTw9//c/9WPgH7EgGMgPgf5+GBGaTyy73GCvj/3P/w06KOv
nQTxa5FHfsAo7UKuOEXQn8/9P+x50M+eeibEVyLHX80oLUZO7ifoL+D+3/Uq6BcfWwnxF5AN5zJK
A5FSf0Ffxf2vfwv0T/zTAIj/GfnQC4zSRuTiakE/gPu/eQPofzdahfhOZNpjlK5EGoag/wfu/zWb
QP/Z5w7E+29n/OqIEOYdufkiQX8h9//8raCvuGkwxE3kmfcxSmuQfr2gr+b+v/w56M/XhkO8EfnZ
8OGYd+TpFwv6APc/vhP0db9rhngO+eZ/NmP5FsZXWgV9kPtfsRf0k/xxEP8F8g+/YpSWIH82QdDX
cP+XHbEVfv/3lDAb98heAUapASm1C3qF+990HOgXPh6D+LPI+OsxzDtySULQq9z/T08B/YpxaYh/
iJyVYZTmIVumCXqN+39jP9Cv3VWA+JfIzhOms/JVSKlL0Ovc/5r+oN/ym1kQP+1Wxi9WzMK8IxfO
FvQG939dNeh7XXQNxFXkvZcwSnGkPE/Qm9z/aQboz954PcRHIm//klE69gbGF+YLeov7f/JA0NfO
WgjxCcj5CxmlB5HxWwS9zf1fWQ/6sWcvhvgUZMRklJqQfe4U9A73f8zFoJ/27FKIL0P+eAOjtB35
4D2CPsT9/6oV9DdMXgbxh5GPdjFKC5DjHxL0tdz/WyaA/v7DHoX4euSWMxglBbnrMUF/EfffaQf9
C3c9DfFdyMVPM0rrkAueEfQDuf/vJEC/qf55iO9Fzp34PM4bSOdFQT+I+z9zGuj3bH4V4vZHjGt2
v4p5f41xw1pB/4/c/75doD/t2rcg3oI0b2eUViKzbwv6n3L/n5kNev2CdyA+Gfn7QYxSG7LvRkE/
mPt/+TzQj35lE8S7kFe+vwnzjnzwQ0Ffx/3fOx/0UxJb2bhHbpzNKC1CtvxJ0A/h/i+5BfTXVmyH
+FLksMrtuH4ht38h6Ou5/3V3gv63y3ZCfB1yy/M7Me/IBV8L+gbu/x/vAf0zTXshvgkZi+7F9Qvp
/Cgj/P0/9//qh0D/zqdHQLz3Z4zrex/JyvdFvn20oB/K/e//OOh33HgcxKvmM86/h1FahZx9oqAf
xv1/6RnQn6CcCnEH+fpQRulnyD5nCPrh3P+OF0Ff/VY/iMeQ327th+XPZlwpC/oR3P+jXgf9sFx/
iE9FLrmOUVqCbKsS9CO5//e/DfrIyQF23cgx1YxSA3JXjaC/mPs/ciPor1ppQPwO5CX/yihtRt5n
C/pMwQ9EvfZCR0BTNEtVFK1NdTTVcCYEVN3SzZpIthB2k5m0F5ySz6Sl7/NRyMcyDCD59KSp6Yqk
mppp27au6qScatHisiIdhE8h77s5WZZymYx/oHLfFf87/VxRmZlaWevnCl51ZSoT9SprK4njldWV
SbfdS7Ij5j89l3Gj5JTX6Xu5tJskZ7xcLpMjp8jXSCaX8yJ+2svnw+1eLJPzeL2lETdGtDyQSGWT
XspL+66fyKRJNaPHjmgYUSfXebmEm5QjhZbhl8ktYy6tHy7HEp1eNDCdVJPJybFCMhnIJzO+nPOy
SbeLtE6PwtNdokv7pKL09EQ04YYjhWy8K0yLh2kBUq6DXFyxHTLeA5eOH2UEDGXYEFpLqrJWVZzq
ymguMZ32U9UVXamuzBXSfiLldR/n/ZznpsLZXCKTS/hdlbUBjVSdzLS7SVouF/YTkanhdJ7Wphms
d3CgEPEMN5cqZOGoujJLLjUTDRdI1KTHUc+NJhNpr3iGpC6Ti3pRLs9PTWSz9FChJhXSkXgYXMjD
Gdo8uafxIOO77Mq7G08l8nmPRenXcM71PTgilximt4IfLvgRkiI6HQRUJQATQq2m1ap20DLtCZWs
qJeO7regEzQUixec4dLkQ8WQDzukhCxT121SmaJqjm6UlKO1CqUcUpMVCmmKSpNOK4FrhexcUZku
XhV8DYYMi6TUVMiBGnR0Uyl+SAXZEA1oQd0xQyUfGgiRgBEk0xQchMmhpgXNkCFWkHI7ywVmdRuR
JWYl8mQsl++gGlTIhYl9ws6GTKfYQVOxi50iQ67nZfAO2kqo2ClyQDpCctTh+bQj0QOkKqCQakuz
U+wLDWk69oUeqDr2BQ6K7cMhNg/fZ4njsWzDSlDRsCHy1VCFLkAoxEKmHhI/2AkacsSI3d0lGuwh
c7CH5ULFDkfo4CvXXzNoWUqpiI8vi1ipKWXGlxXUrX0DpHN20DbM8laqVtC0eC7ZQbFvfobfl/sZ
UkbpMFKt4jAybKdkbIf0fdKJw8iyiqPIskjLXqcXKd+cbZHRYYv1QNN2KKju4xcNOFpQs9Uyt5tj
BnVDL9cl1aFJFFthqdknAGnyvXSEzPK5TCqMw79s3x0nqFihMn0PKUHLccr0PaQHHa07hyE7aJpW
2RwqStC2y80V+wRIhyPJDFkcYgm4S2k/iyuwS5oJQkHH1sgEaRpklJH5kVxiOJsli5MT7D6vOoqj
6OTmbGdTpqWHghZJtWWZZO4kEytZkcI5L1acTck/pk3c03RSp89itqFZ5F/TVsmjF5mdiPnZPM7B
thM06fqTT0TDuRQ7qxsmmZ4MzVY0zTYs0hNeglwwlAiRhUJ3yMTtqOQ/pmqqYEB4RiLqx6GEZjt0
xHlkhS49bRh05Z3qZf3wPjHdNMltnoaMUkfTYVqOHvbIaCbv7zellqEptuKYhimmtPu8QRYah/qK
KSXLCb2b6ZMpGSQ6jfRMqUPSRGYWcqU9UkomMDJb2o6pF1OqaVqoXEoVsqKQ3qmO7Whw04oZdUJk
MXNs0ohtEvdNRe+ZUd2w7TIZJX4r+8uoYZghyKiplSbU1OgiMiNDMplI++FiHovniqkLkNwRL1Vi
s0kyYoOvdPIo+OTxiRiSTuTj8ORSejoSL6SnskeQ0rK5PC7uJDKrQjr0OSifv2L/R57Svt8e8Dv2
f/SZusf+zzYO7f8O0v6vQpYr0y7d28ilez16mu0HZbYhpCcS+UwSt2pE1F1uRiY3lW0NS8+WbCbk
MpsEYwIr1r2RKFNIU3ihTjK3R1h3FDjje2S6YNvBcD7uaqZFa3BMmyx9iuUqFlkd7YjuaZ6it7ux
dtvVNFV1Yq4d0+yI59ixkBFTFDcWialexHAjqmJFXNaaC9tP0l4qlfBptUbMMmMhO6JGzRjZtEQ8
MrXH7GjUdWJquxrTY0rEtkJ6BC+c7bdkePaA/OCGj56BEyWbPpk8EgbZWWHrV3Ke9sNN0+xOJIfk
RA1NeD7rRrwa2OAG6PKX971sTXshkYzWwL65xut06fY6X5Mt5MljZK4znCqQ3Wk4m8iiLux1hssE
4SpIM4EE/7b/Bv3pNcNaxoTBjUQ6W/Br2samc2FbV4wwbNzDHaOHhOvHkA6F80pWCcbN7upT/Jva
fSpXPEU4ibkRJTvxvJvrCqfIMkpSF6EvDDroUEiTjX3FrEOT+MGZ/yNxLzI1mMx0/MDzv6LYZs/5
39S1Q/P/wXn/x98IkYlVLnnZxKYvufi6CeLT3WSCfqfPhIce0v4/3P8d3fc/LBX/B/e/qRlq8f43
NHr/W8qh+/+gfIYmkp5MX+in6WvLWjluVrRQn1s75RbyLECfRyYqk2rloS4pGJX9jJz3fJkU8KIF
EuyQ3WRHRs4morKqO4ZVLdN34jLZKcs5zy/k0jJ9apMDaq1M9nZyM1m+4QFSTmd8mRyQByzfi5Zv
srtSaNKN0e2k30W7UN8yRlbKi8a5CV+OZXIyPH4G8l3piAzb1orWAu1MOpboqJXJM4s8IkpntHPl
TEzOYg15WS1fa7EyqEuOJ/z9pIm07OfcdJ7OqvQ6VbmQp2mKkfTRx2z5B32WqmhCsQwTM6SWJM7t
oo/jNfVDZPaTAXqh9a313UffV8babmquv/jStsYWme4PBpH5QS75Ac+grJvPy3wZGUQXERmXkEGK
TN+X8ZeZg0z6Ok5my88gpYYWLZ/UkSTnNIc0cx7JbzxHnpQr0tPJVBSOpXyKSDKT92pldoQlyNCk
6CLuZWj7FXxTEQwZjuZoMtQQjGSztZpl08fO+ubRE+mIU+VJ8sTRY5uahwXrW1omyWPAwv07xx64
oboaNsTYQZgdBLvcVBIGJZzFUVhgd4LQqxBJCOx14uSBP+nloHOG0d0xvdixxvEj2sLD60Y3NDW2
kpOgmuH6kXg00zGJZwByTW7bDB36OU/WS1ozLV21S3Kg6w7NQWNrazEHdY2tI+qawpfVjWoKt9S1
XtrYGm4c2zi6TUxPcW6g40dmV0tO1f5vU1bVTqr7IWoawK9bDSqOZpAphQx6l0wrebh0lSx93Tm2
6IXDSA+yu651/CT8IaQd1Fy5OdBaN1qOFdIRap+blPPZZMIPlrQQUlTN6NkCSegBW8iR6Ym1wmej
76zSsv7aKuUZCT8uj6kfEcikAxASGnHIPz0aUZ3QgRtpamipp8MtU+iIkzkLJgWZTHXtyeIdpwZV
wyJ5l8G6YBx6b5becSVVj2ocNbS5mQwxKDzKS2VyXUPJ4ksWFjLzBmDudpPEfpy2rJAdtDVbHpUY
AvdY6U+NI+Q+SntJOdM+hcxPcpXSaberphlRTMvWlAHBHh00Zb4dZhdvWN9hGk5XtTJZXNgURfPr
TavPeLFYHV0Z9WIThk5flYr5JROPfuAm6r1kkqxSilwrt7WPiJK2FHmU5+cSEZKLIfQukBvp/Cy3
ur4nw4cUgTfechWL1A+BqXxUIp+iEwS5Vfc5Q6d5PNlGf2gMB+SZbECP7ve4cTRbVf7H3e/+dHe/
bQisL6yXrOtVYp/aSvtED9TuHllB0qiuqn+nCcXua39TCTV0W9NL1gR69x9gXSy3BFPQO2HoqDaZ
Lnb0x3LyxB7vm7oXqO6FqVpOunkfJnvyIEJuokRervFT2UN7zL+Z/V974vv9+teB93+qTX8o3mP/
Zxmmemj/dzA+UT4OzgpV3UL//nvdgofmwu9pIjciNyOlXwPx1w4lDzl/1WDQW9MWsXI+8krkXOTi
WwV9DLl80nDQt560hJXrg+yLlJGD7xL0/GXEm982gz716L2s3ErkKuQa5Lb7BX0c+fmd40B/Xdty
Vm48cjIyjpz7sKBP8L9DrAuD/u7/epyV24WUnmA8Cqk8Jein8L9j+GMM9GtuXs3KLUIuQd6HXLtG
0E9FNl+dBv1G+yVWzkEORjYgo68I+iT3/7zpoN+54XX0HbkZuRXZe52gT3H/X5wF+pNnrkffkXOR
1yPv/r2g51PK8tg1oK856z30HXkesgrZ8L6gz3D/j7wB9CNXbUa/ka8g1yG3fizos9z/+xaCPjZp
G/qOjCOzyHmfCfpp3P+Ri0E/59sv0fcd6DvyBGT1V4I+x/3/01LQ337nbvQdeR9yBXLtN4I+z/2/
ftl/U2nH0TnX7x/HR1NLw2RlatVkMhmWlpYmk2FpsZhMlt/SnaYmk5WVlaXJ0mJpMhktLa2aDEtL
K5PJZDIsLYapxdJkMgwr39P1eV6/4/rr8c/15Nzvl3PvHEj/VdgVa5x3wkiMxsQ2ay7v9TttWu/1
0lcdaevc1WEDNqJvO9M/r/v/uFH6xjnXOndpmIGZWORt+hd0/2nfSe/pf4NzF4BBGIxxvqafqft7
/SB9j61dnbtyrMRqbOpm+mTdf+1u6YdM7uncxWMiJmNWL9O/qPuP+UX6iVfd4dx5oBf6YMidpn9J
92+qlf6l/BDnrgCLsBhrBph+lu6/uF76dx8IY3eMxhhMvt/0Kbp//0bp1x4fzu7YhC3oM8L0+q9v
C38+J/3ON0exO2ZhDhY/bPpXdP/kS9L/ETiO3TEEQzF2vOln6/5drur5X+/+40R2x2qsQffHTZ+q
+29sL73ftMnsjsmYijnxpn9V94+9Xvp7vZ517rzRF/0wLNH0c3T/f26Sftza59kdS7AMa2ea/jXd
f0V36WeMfpndMRZdmD7b9Gm6/6De0i84ncbu2IJuc/kc80w/V/evDZb+06wM5y4bczEfyxaY/nXd
/9VQ6b+/K4vdMQzD0fWu6efp/reGS39k3zJ2x1qsR7cVpk/X/bc8KP0/Mz9kd0zFNMz7yPRv6P5P
jpHep8tn7I7+GIjhq00/X/e/coL0wRvXsTuWYTnWFZn+Td3/40nSR03YyO7ownhMKzF9hu4f8bT0
z7Rs5p2+43sMvTCwzPRv6f5/TJd+3vLt7I75WIjlO0y/QPef/6L0H963m90xAqMwYa/pF+r+vV6V
/tvD1eyO9diAXgdMn6n7V6RLvz+1lnfCDMzCwl9N/7bu/2ym9Ge61rM7BmIwRh03/SLdv0O29B23
nGR3rMAqbDll+nd0/8L3pe/tOsfemIhJmHve9Fm6/8MfSx/R5hK7oxf6YHCrwsv7xbrD359L71p1
ZaGzOxZiEVZ7mP5d3f+dDdKnDm/v3EVgFMZgkpfpl+j+wd9Kv6z+OueuAZuwBX18TJ+t+/+0Vfov
37jJucvALMzG0ltMv1T3n7lT+j23d3fuAjEYQzGmh+nf0/19fpL+rx2Bzl0FVmE1tvQx/TLd/6sa
6dtODXbuEjEZUzG/v+lzdP9H66Tv3j7UufNCH/TDsPtMv1z3v/in9IPXDGF3LMYSrB1q+hW6f85p
6R+LetC5i8ZYjMP0h0z/vu4/8KL0yadGszu2oPsYPsdY0+fq/oda3/5fn7XoUXbHHMzDkljTf6D7
p7aVfs2dk9gdQzEc41ymX6n7d71W+h1VU9gba7EOPRJM/6Hu/10X6Y89P53dMRXTsWCG6fN0/ye6
St+684vsjn4YgGGzTP+R7u/eU/qbi1N5JyzDCqyfY/pVuv9HQdIPGJ/O7ujCeEyfb/qPdf9hIdKP
vbCQ3dE9k3dD/0Wmz9f9jw2SfvqyJeyOeZiP5UtN/4nu/8Zw6TNC3+edMAIjMf4D03+q+98+Svr8
g6vYHeuxET0/Mf1nuv+OR6Qve+Vzdsd0zMCCQtMX6P4JE6U/fMsGdscADMToYtOv1v3bTZb+Yuk3
7I4VWIWNm0z/ue7/+VTpO0/ayu6YgEmYs830a3T/Uc9L3++KneyOnuiNobtMX6j7N6ZIPzKvir2x
EIuxdp/p1+r+i9KknzK0ht0xCmMw6ZDp1+n+d2ZIP/fob+yOjdiEPkdNv173r3pH+g/m/cnumInZ
WHTC9EX///fAy6QvCTjN3hiMIRh7xvRf6P7Xfyh99fYL7I5VWIPNLabfoDt++an0TU+3XuvsjkmY
gtnuay/vv9T9Y9ZJ38GzrXPnhT7oh2Gepi/W/c9/JX2v1R2du0IsxlKs72T6r3T/ZZulHzayi3MX
hTEYiyk3mn6j7h+6XfpJJ/2cu0ZsRreufJ5upv9a9z9YKf0rmQHOXRbmYC6W3m76Et3/lWrpl94R
5NwFYyiGY1w/03+j+99SK/0Xe+527qqwBmvRY4Dpv9X9S49Jv3vGIHbHFEzFnMGm36T7P35S+gbv
4bwT+qE/Rjxg+lLdv/U56T02jGR3LMUyrI0y/WbdP+9f6buNe4TdMQ7jMS3G9N/p/kOv7PVfP6j5
MeeuBd0nOnpiQJzpt+j+R9tJP2Hpk7wT5mEBlj9l+jLdf9510r8wYCq7YzhGYvw002/V/QNukn7R
gSR2xzqsR6+Zpv9e99/uL/3nKSnsjemYgQWvmH6b7v90oPTbb0pjdwzAQIx43fTluv81wdL//u2b
7I7lWIENb5l+u+6/+l7p3eLeYXeMx0TMWGz6H3T/kUOk9221jN3RE70xaLnpd+j+J0dIH7JyJbtj
ARZidZ7pK3T/zNHSjxnyKbtjJEZjSoHpd+r+dzwq/bS6teyNjdiM3kWm/1H33/O49PPnfsXumInZ
WPS16XepM6ZIv+q2zeyOQRiMsVtMX6n7e0+X/rtt5eyOlViFTT+YfrfuvyFZ+oPxlfz8wiRMxuw9
pt+j+49Llf781dXsjt7oiyH7Tb9X92+eJ/11nx1mdyzCEqw+Yvoq3X/pQumDIo/x8wtjMA6T/zD9
T7r/gCXSR574i92xGVvQ95Tp9+n+B1ZI/9SCs+yO2ZiLJc2m/1n3T1kl/Wt9/2V3DMEwjHVbd3lf
rfvf9Ln071e2WefsjTVYh24epv9F99/0hfQbp7dz7pIwBVMxt4Pp9+v+cd9Iv+/a65w7b/RFPwzv
bPoDun+rrdL/vd7XuSvCEizD2ptNX6P7r6yQvt1Yf+cuBuPQhRm3mf6g7j+kSvqeZ3s5d83oFujo
jn59TH9I9687IH34kjudu2zMxXysuMv0h3X/ub9JHxdyr3MXiuEYiYkDTV+r+9/2p/Qpv9zP7liH
9egx1PRHdP/yv6Vf8tIIdsc0TMeCSNP/qvtPuSD9+htHszv6YwCGR5v+N92/bevA//pdJeOdu1Is
xwpsmGD6Ot3/s6ulP/7Y4+yO8ZiI6U+Y/nfdP7Kj9Fdeimf3KbwXemLAM6Y/qvuf8JG+a26ic5eH
BViIFc+Z/pjuv8BP+oGDk3knjMQoTHzJ9PW6f98A6cf/OpvdsQEb0WeO6f/Q/Xf3lT7ptXnsjhmY
iSVvmP647v/c3dJn+i/knTAIQzD6bdP/qft3GiR9wdZ32R0rsRqbsk3foPsXDZN+2+QV7I6JmIRZ
uaY/ofuPHSn9b1etYnf0Qm8Mzjf9X7r/2bHS/5u/mt2xCIuxZo3pT+r+Sx6T/oYRX7A7RmMMpn1p
+kb9dUKelL7/nyXsjk3YjL6bTH9K99+fIP3DGWXsjdmYgyXfm/5v3X9WkvRTe1ewO4ZgGMb+aPrT
ur9vivRv/LiX3bEaa9F9n+mbdP9vXpM+b9oBdsdkTMWcg6Y/o/tPfFP6Uq/f2Bt90R/Dfjf9Wd3/
0iLpD6w9zu5YgmVY22D6c7p/7nvSnxv9N7tjLMZhapPpm3X/wSul79R0nr3R7QJ/njGoxfTndf/f
PpG+z+JW653dMRfzsPSK9Zf3F3T/tLXSj+h/tXMXgmEYjq5rTH9R9+/+lfSTf/Zy7qqxFuvRvZPp
W3T/70ulfzXZx7lLwTRMx7wbTP+P7v9UufTLu/g5d77ojwEYdavp/9X9PSqlL97Yw7krwTKswMae
pr+k+3/ys/RVE/o6d7HowgRMv8P0bq3Yf8Rh6Rtb+jt3bnc7eqAnhtxj+lb0HRqOSn/NivvYHfOx
ECvDTN+avu9bf0nfY9AwdscIjMSECNNfQT+qz1nph9Q+5NzVYQM2oVeU6d3pp+36R/qJr45ld8zA
TCwcZ/o29AsT2/SW/79y62PsjoEYhFH/Z/or6dd0bCf94i0udscKrMSmyaa/in7XOm/p17oSnLt4
TMQkzH3W9B66/xhf6Xe2SWJ39EJvDH7B9Ffr/me6SV+/aha7YyEWY9XLpm+r+7/bS3r3iNfYG6Mx
BpPnmv4a3f/uO6X3+2M+u2MTNqPPW6b31P2rB0h/7/xF7I5ZmI1lWaZvp/u/eL/043q9x+4YjCEY
k2P69rr/DSOkf67iA/bGaqzFlg9N30H3//ph6RdM/YTdMRlTMPcz03vp/rHjpf+0/Vp2Rx/0w9D1
pu+o+/8bJ/3WNcXsjsVYirUbTX+t7v9+vPRHokrZHWPRhanfmb6T7h+WKP0/p7axO7agWzmf4wfT
e+v+R2ZK7/POLnbHHMzD0t2mv073nzNb+uDgn9kbwzAc434x/fW6f7d50o/66RC7Yy3WofsR03fW
/csWSP/MC0fZHVMxHXPrTe+j+z/5rvTzOv/F7uiH/hjWaPouuv9VK6RfWXyGn19YhuVYd870N+j+
+R9J/+34f9gdXRiP6ZdMf6Pu/8Bq6fdfcC9ydkf3No4eGHhV0eW9r+5/vEj6M8s8nbsczMMCLG9v
+pt0/zdLpO840Nu5C8MIjMKE601/s+4fWCZ94KEbnbtarMcG9LjZ9Lfo/jt3SB8xu5tzl4rpmIH5
3U3vp/s/u1d6l18v584fAzEYo3qbvqvu73VA+tmb+zl3ZViBldgYbPpbdf+1v0q/bNIA586FCZiI
OaGm76b7jz4u/ZdX3M/u6IleGBJuen/d//Qp6ffkPcA7YSEWY+2Dpu+u+2edl/6voQ+zO0ZhNCaN
Mf1tuv9drfr81199LIbdsRGb0XuC6Xvo/vs8pO+eHsfemIXZWDzJ9AG6/0wv6Qf3jGd3DMYQjHna
9D11/y4+0sf+MI3dsQprsHm66W/X/TfeIn3yMzPZHZMwBbNfNH0v3X9CD+mzPGezN/qgH4a+avpA
3b+lj/RrVr/O7liMJViXbvreuv/y/tLvGLmA3TEG4zAl0/R9dP/77pP+6MnF7I7N2IK+2abvq/sf
Hip967eXszvmYC6Wvm/6IN0/9SHpb+73EbtjKIaj62PT36H73zpW+nv2FrA71mAduq0xfT/df0us
9GOTipy7ZEzFdMzbYPo7dX+XS/rp15WwO/phAIZ/a/pg3b9NgvQZG7awO5ZiOdZuNf1duv+qGdLn
j9vB7hiHLkzbafr+uv/wWdJvad7D3ui+l+8xDPrJ9Hfr/vVzpD+8dD+7Yx7mY3mN6UN0/zfmS39x
wK/sjuEYia4609+j+/daJP31NX/wTliPjejRYPoBun/FUun7vXyK3TEdMzH/tOnv1f2nfiD9yJvP
szsGYBBGXTR9qO7f/hPpp2xy+8LZHcuxEptaf3F5P1D3X1Mo/dw4D+fOhQmYhBltTX+f7h9VLH1u
Ky/nzh090RsDrzX9IN3/1CbpS1Z2du7ysAALsaKL6cN0/0XbpK8ecotzF46RGIVpXU0/WPcP3iX9
6brbnLt6bMRmDOhp+vt1/5/2Sd/h9T7OXTpmYhYWBZl+iO7/wiHpe/Xoz++DQRiM0SGmD9f9Ox+V
flj5QN4Jq7AGmweZfqjuX3xC+klThrI7JmEy5g43/TDdf/wZ6V9u+xC7ozf6Ysgo0w/X/S+0SL/0
s2h2xyIswapHTB+h+y9z7yv/fyUylr0xBmMxZaLpH9D9B3pKX3niCXbHZnRz8Tkmm36E7n+ok/QN
C55hd8zGXCybavoHdf/ZN0rvETSDvTEUwzD2edNH6v5+3aTvtvsl3glrsA5bUkz/kO6/+XbpBz03
h90xBdMwP830I3X/Sf2kf7TTfHZHX/TH0AzTj9L9rxgg/QtFbzt3xViK5Vj3jumjdP+8wdIvGruU
3TEOXZi2zPQP6/7DHpB+9dlcdke3D/g+Q/8PTT9a9z8WJf32JfnsjrmYhxWfmn6M7p8eI31dSCHv
hOEYia51po/W/XvGSe+2/0t2xzqsR4+Nph+r+//wlPS+szaxO6ZhOuZtNv0juv8z06S/23ebc+eH
ARiIEdtNP07395wp/ZhvfmR3LMdKrK80fYzuv/oV6adN3MfuGI+JmF5t+vG6/6jXpZ9/6SC7H+K9
0AsDa03/qO7f+Jb0q3J/552wAAux8pjpJ+j+by+WfvPgE+yOkRiFCSdNH6v791su/cFfm9gdG7AJ
/c+Z/jHdf2+e9Odfa2F3zMAsLPzX9BN1/6QC6b27u29wdscgDMbY/1Fxh+E11/8fx5eWJvMzGS2N
poapxWQymSwtLZSppZOWJhNqaWllMplMrVqsTJaWVlYmi9HizI4sjZZWRovJZLK0arE0WRr+V+/v
831d//etx53P88Y+r2tnd3Y+7Tf///5h3b9bifRhuzo65yqxGmuwpZPpE3T/zWXSj5ve1Tk3A5Mx
BXO6mX6K7u/6QvrpPlc553zRHwMxoqfpH9H9/9kt/aK11zjnirAE3VgbbPqpuv/KfdKvGnOdc24c
xqELU0NNn6j7D/9B+q2/D3LONWELtqJ/uOmn6f51R6XfnzXMOZeNuZiH7uGmf1T3n/+r9H/ecCu7
YwRGYfxtpp+u+/f6U/pOe2LYHWuxHtvGmH6G7r+9Vfr+ybHsjWmYjoX3mH6m7j/FK0z+f6WLi3vC
QAzGqEmmf0z3b+cjfcKmh9kdPViO9VNM/7juv7qz9PPunc7uGI+JmDbT9Em6f/QV0q9omcXe6PWk
ow+GPWX6J3T/n3tJ/8nyZ9kd87EAK1JNP0v3f7Gv9N/e9Dy7YxTGYEK66Z/U/fsNkP63A4vZHeux
Eb0yTZ+s+1cOkb793Ne4J8zALCxcavqndP/HRkjfu8dydsdgDMGYFaafrft3vF36EWV57I4VWIXN
q0z/tO5fNE56V3wB94QzMAmzPjR9iu5/V5z0KefWcU9F7I5+GLLe9M/o/icelD571SfsjoVYhFWf
mv5Z3X/pVOnXjSxjd4zBcThjm+nn6P5hj0v/Zf0O51wDNmEz+u00faruv3e29McW7mZ3zMJsLK4y
/Vzd/+nnpD9/zT52x1AMx9ga0z+n+/u/IH2PioP8/cJqrMG2Q6afp/t/+rL0Q6Yd5Z4wGVMx/5jp
03T/ia9LP6H9r+yOfuiP4b+bfr7ufyZX+ifWNLM7FqMba06Z/nndPzdf+syYVvbGOHRh+lnTL9D9
hxVKX/DrBXbHFmzDgHZbzPf/df8fNkhf/sqlW5zdMQfz0NPB9At1/7Qt0h+6vrNzLhTDMRJdXUz/
gu7fc7v0Z6q6O+eqsRbrsS3A9It0/892SX/5rF7OuWRMxTTMCzJ9hu7/8LfSD+jc1znnhwEYiJEh
pl+s+3vtl35M8Q3OuRL0YDk2DDT9i7r/e4elnzZhiHMuDuMxETOGmv4l3X/Uz9IvPBXpnGvBNvQa
4Rg00vSZuv+xJunfWRbN7piHBegZbfqXdf/FLdK7w8c55yIwCmMw8W7Tv6L7922Tvub7e9kd67EB
vSea/lXd/8uLB/3Xn3z2QXbHdMzEgodMn6X7z+gofceAqeyNwRiK46aZ/jXdv0NX6fuVPsY9YQVW
YWOS6Zfo/h/1kH7UpNnsjomYhBkppl+q+4+9RvrJ/85ld/R+ztEXg9NMn637N/WX/rm8hc65fCzE
IqxaZPrXdf8lg6RfPuJldscYjMWkV03/hu4/cJj0G3/MZndsxCb0WWb6Zbp/dZT0VQty2R0zMQsL
V5o+R/d/Kkb6xqB87glDMRxj3zf9ct3/8ljpvXesYXeswhpsXmv6N3X/T+6X/uqpG9gdkzAZ8zaa
foXuH/ew9MO9t3BP6IcBGFZq+lzd//Sj0t//wWfcExZjCdaUm/4t3X/FLOlnj97F7hiLLkypNP1K
3T/iWemX/PINu2MztmJgtenf1v0Pzpd+beb37I05mIvuA6bP0/2fWyz9zv6H2R3DMRJdR0z/ju5/
1WvSH93dwO5Yg3XYetz0q3R/T470bY83sTumYBrmnjD9u7r/Q3nSB3RqYXcMwECM/Nv0+br/+dXS
h6//l93RjR6sO2f693T//HXSjx9/sdvZHV0Yj2mXuM33/3X/Wz+R/vHmy5xzLdiGXh0dgzqZfrXu
/9NW6V98/XLnXA7mYT6W+5u+QPdftEP692/s4ea9LcdIjMKEQNN/oPsH75b+s+96O+dqsA7rse1a
03+o++/cK/3BlP5u3ttyTMcMLLje9Gt0/0cPSn+62yA3721xXxiCUYNNX6j7X3pU+i5bIty8t8V9
YSXW32z6tbr/2kbpQ11R7I2JmISZo0z/ke4/pln6mH/u4J7QO8bRB0PGmH6d7v/7GemnrhzP7liA
RVgxwfRFun/WBekXDL+f3TEaYzDxAdN/rPvfcOmN8v8rdZO5J2zEJvSfYvr1uv+3/5N+8/xH2R0z
MRvdM0y/Qfd/srv0+3rNYncMwVCMSzZ9se7v10v6E9ufYXesxGpsmmP6jbr/pj7Sd5gyn3vCJEzG
7AWm36T733uD9H3aLWZ39EV/DHvJ9J/o/i3h0ketzmJ3LMJirFti+hLdf3mk9PHROeyNsejC1DdN
/6nuf1O09Kk/v83u2IytGLjK9Jt1/wNjpV/24mp2x2zMwfIPTL9F90+9V/oN/daxO4ZhBMZ9bHq3
7n/lg9J/XbnJOVeFNViLrSWmL9X9yx6R/vjMreyOKZiK+R7Tb9X94x+Tvl3HHeyO/hiAERWmL9P9
zz0lfc+ir9gb3ejBuq9N79H9V82Vfthde9kdXZiAad+ZfpvuP3Kh9PedqGV3bEWvg/xeHjL9Z7p/
fab0yUvr2R1zMR89P5l+u+6/MFv6rLBG/n5hJEah6zfTl+v+1+RKX7j3JLtjHTag1ynTf677V7wr
/Rezz7A7pmEGFv1j+h26/7Q10h/peoHdMRCDMOqiUvP9f92//Qbpz5a0L3V2x3KswHof01fo/ms2
S9994v9KeW/LMQETMd3P9Dt1/5jPpL/xTDfnXCt6dXf0weAA0+/S/X/dKf1duT2dc3lYgEVYcbXp
v9T9X/lG+pnD+pTy3pZjNMZgYj/TV+r+138v/eIfQp1zddiATegz0PRf6f7f1EmfPy/cOZeGGZiJ
hTeZfrfuP6tBek9gZCnvbTmGYBjG3GL6r3X/zk3SH9h2G7tjJVZj8+2mr9L9i/+S/q/JY9kdZ2AS
Zt1l+m90/wn/St/Z695S3tty9EU/DLvP9N/q/qfaDf6vv+69SeyORViM1fGm36P7L7tM+tGjHmF3
HIdxmJxo+mrdP/xy6R85NpPdsQlbMCDJ9Ht1//1XSj8/4yn2xmzMwZKnTb9P95/TW/q3+sxldwzD
CEyYZ/rvdP+A/tKX7Epnd6zGWmx5wfQ1un9pmPTV0zPZHZMxFXNeMf33uv+kCOmbfLLZHf0xAKPe
MP1+3f/fkdJf+tEKdscS9GDdW6Y/oPvn3SH9tWPfZXeMQxemvmf6Wt1/xHjpb2n6kN8TbEWvNY6B
a01/UPc/MlH6Sa+tZ3fMxXz0FJv+B90/fbL0zw7YzO4YgVEY7zb9Id2/96PSv75nG7tjLdahV7np
63T/HU9I/3HyzlLe2+JzDDMw/0vTH9b9pz4j/VddvmF3DMRgjN5j+h91f+/50jdsqmF39GAF1u83
/RHd/4MM6b3i6tgd4zERs340fb3uPzpL+qtOH2N39Grg8wxDjpv+qO7fuEz6oW/+zu6Yj4VY8Yfp
f9L9X35b+nuH/sXuGIXRmHja9Md0/+tWSz+r9ix7YwM2ovc50zfo/l9/JP0rc9tt5b0txwzMwkLv
reb7/7p/0ibpP+xxmXMuEIMxBKN9TX9c9++0VfrPy7o45zxYgVXY2NX0v+j+6z+X/nD8lc65BJyB
yZh1lekbdf/xX0nfei5oK+9tOfqgL4Zfa/pfdf8/q6X3fzdkK+9tcV9YhFXXmf433f+NWunDosK4
JxyHsZh8o+l/1/0H10s/9uhQ51wDNmEz+t5s+ibdv+YX6ae/MJLdMQuzsehW0/+h+z9zUvpF197B
7hiK4Rh7p+lP6P7dz0i/quJu51wlVmMt+k4w/Undf8t56bdOm8jumIypmOsyfbPu72of/l//ffvJ
7I5+GICRCab/U/c/20n6P9dMY3csRjfWTDf9Kd3/7W7Sd7rzCXbHOHRhxpOm/0v3j+wpfchvKeyO
LdiKgXNM36L7Hw6WPvrVNHbHHMxF9/OmP637Px8qfUJohnMuDCMwEuNfNP3fuv/V4dLP++ZVdsda
rEOvJaY/o/uXD5d+xaxl7I6pmIZ5y03fqvtPuU36TZ3fZncMwECMesf0/+j+F4+V/tvi951zJejB
CqwvMP1Z3b/gHul/m/ARu2M8JmJGken/1f1vnyT9JX9tZHdsQ+9N/F6WmL5N9z8+RfreOaXsjflY
iBVlpj+n+780U/oRQz5nd4zCaEz8wvTndf+Qp6R37a9kd6zHRvT62vQXdP+vUqVPmVPN7piOGViw
z/Re7dj/sXTplwbUsjcGYwhG/2D6i+g7+2ZKv670CLtjBVZh01HTt6Mf+PFS6b+c9Au7YyImYcav
pr+YfvzdK6T/6d8T7I7eJ/ncxJA/Te9N/+TJVdKfz/ub3bEQi7Cq1fSX0C/N/lD6HrecZ3eMwVhM
8Soz3/+n3zBovfRDjlxS5uyOjdiEvj6mv5R+z75PpZ+Q3sk5l4FZmIPFnU3vo/s/vU36pN7dnHPB
GIphGHuF6Tvo/t12Sp+5I7CM97Ycq7Aam3uZ/jLdf3OV9AVTg8t4b8sxCZMxr6/pO+r+99dIv907
1Dnng37oj1EDTO+r+7cekv7QB4PLeG+L+0I31g8xfSfd/61j0p8ZPdw5F4Ox6MKUEab/n+5/8+/S
X944ir2xBVsx+HbTd9b9D52SfsDLY9gdczAP3eNM76f7p52V/s7r7mF3DMcIdMWZvovu36vdEPn/
la8fYHeswVpse9D0l+v+2ztIvzBpCntjKqZh/lTTd9X9E7pIn9dpJrtjAAZi5OOm99f9L7pSevf6
ZHZHN5Zj3WzTd9P93w+SvmZ8KrujCxMw8znTd9f9bwuR/mTzAnbHNvRKdwx6wfRX6P4NA6Xv+MZL
7I55mI8VL5s+QPdfPFT6voOXsjtGYhQmvm76K3X/fiOlH1XzJntjPTai91um76H7V46WfvIzq9gd
0zEDC/JNf5XuP/Nu6ed2/5DdMQhDMLrQ9IG6/2UTpV++5WN2x3KswMYNpu+p+697SPqNrk+dc/GY
iEmYscX0vXT/cdOkr/rHw+7ovY3PfQzZbvqrdf8/kqRvXFnB7liARVixy/RBuv+SFOkvjqxib4zB
WEz51vS9df+wNOmvPvwdu2MjNqPPftNfo/vvXST98OcPsTtmYjaWHDb9tbr/7Feln3j1MXbHEAzF
uJ9NH6z7d10m/ezy37gnrMJqbG4yfR/dv2Sl9EumnGJ3TMJkzG4xfV/d/773pV/b7iy7oy/6YUSb
6fvp/n+vlX7n6os8vLflWITFWHuxx3z/X/dfsVH6+ugOzrkYjEUXJnc0fX/df1ip9G0/+3l4b8ux
GVsxqKvpr9P9fyiXPuClAA/vbTlmYw6W9DD99br/vErpB4cEOedCMRwj0XWN6UN1/8Bq6cd/1c/D
e1uONViHrf1Nf4Puv+2A9I8/NtDDe1uOKZiKuYNMP0D3n3xE+hc7DvXw3pajPwZi1DDTD9T9LxyX
/v2iW9gb3ViOdVGmD9P9809Iv+2u0eyOLozH1BjTD9L9R/0t/cETd7E7tqLX3fwcsaa/Ufc/dk76
00vvY3fMxTz03G/6wbp/xiU3/df7DXqI3TESozHhYdOH6/59Okkfui+R3bEO69FruumH6P67/KWP
eTqJ3TEN07Fglulv0v2nB0o/1T/FOReAQRiM0c+afqju7xMs/YJP57E7lmMlNsw3fYTuv/Z66VdO
XMTumIAzMH2x6Yfp/mMHS7/5zCvsjl6vOnpj8Gumv1n3b7pZ+n25b7A3FmAhVuSYfrju/9oo6f8Y
tpLdMRpjMDHP9JG6/4Ax0nc49B67YwM2oXeB6Ufo/nsmSN8nbS33hJmYhSXrTH+L7p/8gPRRPTey
O4ZgGMZ8YvqRun+XKdLHf+Zmd6zEKmzZavoo3X/TDOnnPFzO7jgDkzFnh+lv1f3jkqVf5lXJPaEv
+mHobtOP0v1Pz5F+w3t72B2LsBir9pr+Nt3/zQXS7x51gN1xHMZh8kHTR+v+Q1+S/vixH9kdm7AZ
/Y+a/nbdv3aJ9O0WH2d3zMYcLG80/Wjdf+6b0vfse4LdMQzDMaHZ9Hfo/j1WST/sy9PsjtVYiy1n
TB+j+5d9IH3cjHP8/cIUTMPcC6a/U/d/6GPpkztcss3ZHf0xEMMv3Wa+/6/7ny+RPusj3228t+VY
gm6s/T8q7jc65/qP4/jKZGlpSUz+TZaWJqNhaWnVZDJZWhomo9HSMJksDaNVw2JlMlmsDCsrS4ul
xTWbWhmtDFPD8luZTCZLS4vfOe/v833jfetx5/M8zj4v57p1XZ92ph+p+28oln7LyA7OuXCMxGhM
6Wj6cN0/pEz60oYuzrlGbEa3rvwd3U0/Svf/Zb/0J9/s5ZzLwCzMxuI7TP+47r/kkPSX77nbOReA
QRiCcX1NP1r37/Wz9B0rBzjnqrAGa9FtoOkjdP+yU9L3nz3EOZeIyZiKOcGmf0L3n/a79KPaP8zu
2BV9MSTU9GN0/zZ/Sv/8ZyPYHYvRhbUjTf+k7p/3j/SpkU8456IwBuMw40nTR+r+I64ZLN9f+SuK
3dFtnKM7+k8w/VO6/+8e0he/E8PumIN56Jpi+rG6/3Iv6Y8OjmN3DMEwjJ9u+qd1f39v6S9Wz2J3
rMN69HjR9FG6/4Ee0rebP4/dMRXTMPdl04/T/WfdKX2fLovYHX3RD0MXm3687u/VT/pHi1/nnrAc
K7A+zfQTdP9PB0k/eeIKdsc4TMC0DNNH6/5jhkq/4Mpqdn+H+0JP9M8y/UTd/+Iw6bM2vMfumIf5
WLHB9M/o/pmjpC8M2cQ9YThGYuIW00/S/Qc+JX3lL/nsjg3YiJ7bTB+j+x+Jlv7skkJ2x3TMwIId
pp+s+yfFSt/Gt5i9MQCDMHq36afo/p3jpe+1r5TdsRKrsWWf6Z/V/XfNkX7otP3sjgmYiPkHTB+r
+094RfrxbQ6xO3qhNwYeNv1U3b9lifRz837i38FCLMLqGtNP0/3fWyb9WyNOsTtGYhSm1Jn+Od1/
6NvSf/z7GXbHJmxB7wbTx+n+J9dKX778ArtjJmaj66Lpn9f9F78vfZ3/P+yOQRiM0f+afrruf/uH
0rsddNvNe1uO1ViLLdfuNr//1/1LC6TvMsvDOZeASZiMOW1NH6/7xxZJP9jLazfvbTl2RR8MbW/6
Gbp/a5f0Yz7t5JwrxGIsw9rOpp+p+2/+RvqZY3o45yIxGmMwuafpZ+n+w7+XftnF3s65JmxB9zv5
O+4yfYLuX39E+k2Z9zjnsjAH87AswPSzdf9lJ6QvGTjIOReEIRiGsUGmf1H3v/s36Y8feYDdsRbr
0T3E9HN0/4pz0jfPG8bumIJpmDPc9Im6/4y/pO/QeRS7oy/6Y+ho08/V/dv9J32/XZHsjmVYjvVj
Tf+S7r/NPUi+vzIhmt0xFuMx7RnTz9P9Izylf67l2d28t+XogZ7oP830Sbr/hVukX/LeC9wT5mEB
ls8w/cu6/6ou0q8fOofdMQzDMW6u6efr/oG9pN91cj67Yz02oucC07+i+x/uI/3hlCW7eW/LMR0z
sSjV9Mm6/0sDpL/Qcxm7oz8GYES66Rfo/p2GSO9Z+ha7YwVWYcMq0y/U/Ysekt4vdi33hAmYhPnr
TL9I9x83QvrQ1u+zO3qhNwZvNH2K7n85QvpJm/PYHQuwEGs+Mv1i3T87SvpXhhewO0ZgJCZuN/0S
3f+BGOnX1O/knrAJm9Fnl+lf1f1PPCf99qV72B0zMQuLSkyfqvsvmiX9wT7fsDsGYjBGfWv613R/
n3nSn9l/kN2xCmuwudL0r+v+JQulbz3jCLtjEqZgdrXp39D9p7wufc92J9gdvdEHQ2tNn6b7t1oh
ffC2X9kdi9CFNadNv1T337Ra+qiIc+yN0RiLKedNv0z3f/Q96RMvNLE7tqD7X/wdf5t+ue5/Olf6
lW+3sDtmYw5WXDF9uu6fli/91nvd9/DelmMwhmD0dXvM7/91/7sKpf+66gbnXDXWYh26tTP9Ct3/
uy+lPzX3FudcEqZgKubcavqVuv8LpdJf6djFOeeNPuiH4d1Mn6H7e+6XvnPR7c65YizDCqzzNf1b
uv8nP0o/cFwf7gljMR5T/U3/tu4/+ifpn7jc3znXgu4DHD3RL9D0q3T/xl+kj1933x7e23LMxXys
vN/0mbr/W2ekTwt+iL0xDCMw8RHTr9b9B1yQfuPxMHbHemxEj5Gmf0f3P9Qs/Z6FEeyOaZiOeWNM
v0b3T3S7T76/0iOK3dEPAzB8vOmzdP9bPaS/5JrE7liBldg82fRrdf+dN0nffspz7I7xmIAZz5v+
Xd0/qpP097Saxe7oiV4YNNv063T/f7pLPyL3Je4JC7AIq5JMn637v9tb+qnDFrI7RmAUJqeY/j3d
//57pE/57TV2x0ZsQp8006/X/WsGSp/9xpvsjhmYiYUrTb9B91/wgPRFfqudc/4YiEEYtcb0Obp/
92HSH/o2m92xCmuweb3p39f9XeHSn5+ey+6YiEmYvdn0H+j+kyOlv8Ezn73RG30w+BPTb9T9r42W
vvfHn7E7FqEL6z83fa7uv/FZ6R9+/Et2xyiMxuSvTL9J9w99QfqJ5/eyOzZjC3bdZ/rNuv+vL0r/
csZ37I3ZmIvFFabfovu/Pl/61f1/ZHcMxlCMqTJ9nu5/5xLpC348xu5Yg7XoXmP6D3X/b5dKXzHn
F3bHZEzFnP+Z/iPdf/pb0td3OMPu6IO+GHrW9Ft1/xvWSt9qRyO7owvLsPZP0+fr/vk50vd4upnd
MQbjMOOy6T/W/UflST+k+Sp7o7uby/kcQ99rXeb3/7r/H9ukH7u2jYv3thxzMQ/Lrjf9Nt1/5U7p
Xxxyk4v3thxDMRxjbzZ9ge4fsEf6N3/u6JyrwTqsR4/Opv9U9//xa+k/TO7unEvBNMzAfB/Tb9f9
5xyUfl+33s45H/TDAAzzM/1nun+HI9LX7u7r4r0tx3KswIZ+pi/U/T8/Ln3LpIHOuRiMw3hMG2z6
z3X/sb9K3+maB5xz7uiJXhjwoOl36P5/N0h/7weh7I75WIiVj5p+p+6f1ST96EfC2R3DMQITHjd9
ke5/X4v00+ueZG9sxCbsMNb0X+j+P7caIt9feW0C94QZmIWFE02/S/dPvkH6D3o/y+4YgIEYPdX0
X+r+3W6R/qtvprM7VmI1NsWbvlj3332b9MfiXmRvTMQkzEo0/Ve6/6TbpW+6fj67Ywf0xqBk0+/W
/d36SO+1dTG7YyEWYfWrpt+j+7/fX3r/8KXsjVEYjcnLTe/S/R++T/rh5zLYHZuxBf1Wmb5E968L
kf7ZFVnsjlmYg8Xvmn6v7v9amPSL+uWwOwZhMEZ/YPpS3b93hPTvVm5x8d4Wn2NYix4fmb5M9//m
ael3zN7G7piMqZjzqen36f5xk6T/of1Odseu6IvBX5j+a93/+uekP/fZbnbHYnRhg8v03+j+H82U
/vqnvmZ3jMFYTCk3fbnuP/Il6X0vHWB3dDvI5xn6Vpr+W93/3ALpQ9YcZnfMwVx0HTX9d7r/itek
jw46zj1hKIZh7EnT79f9+70p/bxjdeyOdViPHqdNX6H7V2ZKv2p+A7tjKqZh7h+mP6D7z86W/pMu
TeyOvuiHYZdMf1D3b58r/XfF/3JPWI4VWP+f6b/X/T/bKv1vE1uVOLtjHMZjeusS8/t/3T/yM+mv
udq2hPe2HD3QE/1vNP0Puv+lXdJ3y2nvnMvFfCzEyg6m/1H3X7NX+vseus05F4rhGIFJXU1/SPcP
+k76yFM9nXN12IBN6OVr+ird/9gP0ie8elcJ721xX5iBBXeb/rDuP/+Y9Mt9+5fw3pZjAAZi/L2m
P6L7d/lF+i37gkp4b4v7wmpsGWL6o7p/cb30pdNC2B0TMAkzHzZ9te4/sVH6E23C2B290BsDHjP9
Md3/6t/SX84bze5YiEVY+4Tpf9L9c65K3/Gxp9kdIzEak8aZ/mfd/6E298v3V84+w+7YhC3oPdn0
Nbr/qXbSj0qfxt6YhTlYHmf647r/qx2lj+s7k3vCIAzGuATTn9D9fbtLn3pwLrtjNdZi8zzTn9T9
990hfc6sBeyOSZiCOYtMX6v7T+sr/Zder5Xw3pZjV/TFsDdM/4vu7zFQ+qOfprM7FmMZ1q0w/Snd
/8Ng6f8ck8nuGI0xmPKO6f+n+z8WKn27pnXcE7pl8/8Zfdebvk73PztS+j6rN7I75mAelm0y/a+6
f/qT0g8btJXdMQRDMf5j0/+m+/edIP3ko9vZHWuxDt0+N/1p3f/gFOkXJO1yziVjKqZjbrHp63X/
WdOlz+q8l93RF/0wtMz0Z3T/m1+UvnDXt+yOZViBdftN/7vuv/1l6b+f8AO7YyzGY8Yh05/V/Z9c
LP3Zlmru6Ri7oxf6/2z6Bt2/KU36Nutr2R3zsADLT5n+nO6/OkP62x+sZ3cMwwhM+N30f+j+g7Kk
H1p7nnvCBmxErz9Nf173P7pB+vGL/2Z3TMcMLPjH9I26f9IW6efefpXd0R8DMfyaveb3/7r/bduk
f6v0ur28t+VYgZXY6GH6P3X/L3dInx/bzjkXhwmYhDlepr+o+0fvlr68dce9vLfl6IXeGO5t+ibd
/7990tdt7uacy8MCLMKaHqb/S/dff0D6q8Pv2Mt7W44RGImJd5r+ku7/4GHpu5zx38t7W45N2ILe
/Uz/t+5fWyP94GWBzrl0zMQsLBtk+mbdf3Gd9GPuDnbO+WMgBmHUUNP/o/v3apB+ZsUj7I3VWItu
j5r+su5fdlH6pTNGsjsmYTLmjTL9v7r/1H+l39TuSXZHb/TBsKdM36L7X9cqWL6/sm08u2MRFmNN
tOn/0/23tJW+JmIKe2M0xmBKrOmv6P5h7aVvvvA8u2MLuk939I03/VXd/0xn6Tusms3umI25WDbH
9G6t2H9ZT+n7Bb7M3hiCYRj7iumvob/J/y7pRx5OYXesxXp0f9X019L3OxAg/bSX0tgdUzAN85aZ
vhX96JlB0i/plMHu6IN+GPq26d3pZ90UIv36ojXsjWVYgfVrTd+afmXBcOm/GLeB3TEW4zDzfdNf
R7/tidHSH768md3RfQufZ+j7oenb0H//51jpL6z7hN0xF/OwrMD0Hrr/qmek93xgB7tjGIZjfJHp
r9f9B06T3u/EV+yO9diIni7Tt9X9j8yQ/pFF+9gd0zAd878x/Q26/7y50k/yOcA9oT8GYsT3pvfU
/b0XSP9KSRX3hBVYhS1HTH+j7v9FqvTvTKlhd4zHRMw4Yfp2uv/4dOm3t6pjd/RELwz+zfQ36f7/
rpL+YO5Z9sYCLMKGc6b30v2z10l/ZthFdscIjMSUv0x/s+4/dKP0rU9fZndsxCbs8J/p2+v+Jz+S
3ift2lLe23LMxGwsci81v//X/VO2Sx98V1vnnD8GYjBGeZq+g+7fc5f0Ud/dXMp7W45VWI0tt5j+
Vt1/b4n0c17o7JyLx0RMwqwupu+o+z/7rfQrPXs657zQG30wpJfpO+n+7j9Iv/VjP+dcARahC2v6
mN5b999ULf3XjweU8t4W94UxmDzA9J11/+G10p86P7iU97Ycm7EF/YaY/jbdv/609P9lPMjumI25
6HrI9F10/6Xnpe88YDi7YzCGYMwI03fV/fv8Lf3AQ4+zO9ZgHbo9Yfpuuv/+K9JHJI5lb0zBVMyN
Mn133T/+ugfk+yu3PsPu6IO+GBpj+h66/43tpE/bMZXd0YVlWPuc6X10/09ulX7j0zPYHWMwFtNm
mb6n7h/RTfo9zYnsje5zHT0wYJ7pb9f9L/hK/9PaZHbHXMzH8oWm76X7v+0v/aUhqeyOoRiGca+b
3lf3vzdQ+vY1y7knrMcG9Fhh+jt0/6r7pe+7YBW7YxqmY95q0/fW/ec+Iv2I7uvYHf0wAMPfM/2d
un/HkdJP3fMBu2M5VmBTrun9dP+dY6RPifmIvTEeEzAj3/R36f7jxkuffc12dkdP9EL/QtP30f0v
T5Z+5wdfsDvmYwHWfGn6u3X/dc9Lf+iREnbHcIzApFLT++v+wbOlP19Xzu7YiM3os9/0fXX/40nS
t329kt0xAzOx8EfT36P7L0yRvved1eyOARiEMT+Zvp/u3yNN+ofLT7I3VmE1up8yfYDu71op/cTn
T7M7JmISZp0xfX/df8oa6V9ue57dsQN2xeALph+g+7faIH3m1kvsjoVYjDXNpr9X98/dLH1B+BX2
xiiMwWS3MvP7f91/2CfSV5xrXebsjs3Ygj4eph+o+//2ufSnV9zonMvALMxG102mH6T7v/GV9K0C
bnXOBWIwhmBMJ9MP1v399knf44euzrmq/1Nxt+E5130cx0dLK0uTpcViaWplhaKW22FpGKaWJstN
VhaLpZVhWIwmk6ml5VqZTJYWiwmZnGnm3Cw3WUwtDZO70dLSZC7XcX3/7++D76PX+eD3Phx+n+PY
nuz8YRVWo0d704fo/qXl0veYFuicS8RkTMG8+0z/hO4/uUL6ka2Ci3lvy9EfA7DXw6bvoft7V0n/
WuGjxby3xX2hG2u6m76n7v/lSemXPNuzmPe2uC+Mw5Tepu+l+w87L/3nl/uzO3oMcPTCwCdN31v3
/+OS9MUfDmZ3zME8dEWYvo/un/Gv9NUhT3NPGIbhGBdl+r66f9emfeTvV46OYneswVr0jDF9qO7/
483S3zlrPLtjKqZj7gTT99P9E1tK/6j/K+yNQRiMUZNN31/3v+Mu6YftSOCe0I3lWDfN9AN0/68D
pJ80JondMQ7jMXOm6cN0/+eCpF94fS67p7A7emPQPNM/qfs3dJZ+Vc7b3BPmYwGWLzL9QN3/o8el
39FvKbtjBEZiwjLTP6X79+gr/dETy9kda7EOfT4yfbju/8tA6evnf8LumI6ZWJBj+kG6/+xh0vt0
/Ix7wi4YgjF5ph+s+7cbKX2nki/ZHQ9gBTZsMP0Q3X/nC9I/NXEzu2MCJmHOFtNH6P7jXpJ+gtcO
9kZf9MOQnaYfqvs3eVX6OZ8XszsWYhFWlJh+mO7/aaL0KwaXsztGYQwm7zP9cN1/QLL0X58/xO5Y
j43oe9j0kbp/zXzpD6b/wu8vzMJsLPrV9CN0/4WLpb/w0El2xxAMxZhTpn9a97//fem99p9jd6zE
amysNf0zur97hfSBCZf4/YXJmII59aaP0v1f+VT60Jb/ck/ojwEY2mj6Z3X/W9ZJP3pjk93O7liE
Lqy9Ybf5/r/u/8VX0k9/5mbnXBTGYCwmNzf9c7p/xDbp36/32c17W44eLR29MKiV6aN1/wsu6dd/
4Oecy8IczEVXG9OP0v2XuqUveyzAOReCoRiG4zqY/nndv8sB6U8dud85V4nVWIMeD5p+tO5/8Ij0
TWZ05p4wFdMxr6vpY3T/ab9Jf3ebx3fz3pZjIAZj+BOmf0H3b3Va+pDtfdgdi7Ec60JNP0b3L7wo
fVTMQO4J4zAe08JNP1b3f/ay9AnXhnJPw9gdvTEo0vTjdP/L16Rf/Mmz7I55mI/lz5l+vO6fdWNf
+fuVvi+wO4ZjJCaMNf2Luv8Tt0q/qzqWvbEW69F3oukn6P4/+0p/7K14dsd0zMCCKaaP1f1n+Uv/
b4dEdsdg7IaRb5r+Jd3fP1D6O4pn7ea9LccDWIl1s03/su6/o5P0XV+az+6YgEmYs8D0E3X/MY9K
H9FsMbujD/phryWmj9P9r/eQPm7te+yOBbgVKzJN/4ruv6q/9KnhK5xzERiF0ZicbfpJun//wdKv
PLuK3bEeG9Av1/STdf+TI6Tf/s7n7I6ZmI1bvzB9vO6fOkr6I52+YnfshiEYvcn0r+r+HcdLf6l8
K7tjJVZh4zemn6L7l8RJ32KKi90xCZMxe5fpp+r+ExOkf+A2N7ujHwZgrzLTJ+j+XknSP1mwn99f
WITFWH3Q9K/p/uvmSj9+xBF2xxiMxZSjpp+m+w95W/rkS8fYHRvR4zf+H8dN/7ruX/uu9Fnv/87u
mI056Dpj+kTdf8ly6Qu7XWRvDMUwjK0z/Ru6/8OfSL//p7/ZHauxBj0bTP+m7r9/jfTn37zG7piC
qZhz3fTTdf+EL6Vv5ndjCe9tOQZiEIbfVGK+/6/7t9wsfYdt3s65IizGcjzTwvQzdP9NRdL3ed63
hPe2HGMxHlNbm36m7h9VLP2oq22dc43o6e/ojYHtTD9L9/97r/RvZN/rnMvBPCzA8o6mT9b9lx+S
flnvTiW8t8V9YSQmPGT62br/479In3/skRLe2+K+sBa9u5t+ju5feUJ699wezrkUTMN0zO9l+rm6
/4xz0p8M6M89YTB2wcgw06fo/m0uSX/9u0HsjuVYgbVDTP+W7l90Rfq2E0awO8ZjImY8Y/p5uv8L
TUL/3z/mOco554U+6IfdRpt+vu7/Xy/pn14zjt2xAAux9kXTp+r+K32knzIwjt0xEqMwZZLpF+j+
oX7SLzo9ld2xDusxYJrpF+r+x9tLvyZtOntjJmZj0QzTv637z7tfetcDc9kdu2EIxr5l+jTd/97O
0leVLWR3rMBKbEgz/SLdf/dj0jdMfpfdMRGTMSvD9O/o/i/3kb7VrcvZHf0wAMOyTL9Y979poPSd
13/M7rgVXVi50vTpun/eUOmHDF/D7hiNMZi81vRLdP9Bz0r/cl0+e2Mjen7J/2OD6d/V/c/FSD9v
WSG7YzbmYvnXpl+q+y+Olf7jR4rYHXthGI771vQZun9wvPTbDn3P7liFNehRYvpluv++16X/KXGv
cy4JUzAVc38w/Xu6/9RZ0tfdcYjdMQCDMPQn07+v+/vMl957y8/sji4sxpoq02fq/l+9I31Q9An2
xliMw9Qa03+g+z/9nvQDrpxld/Q8x88zDKo1/XLd/6+PpB+74k92x1zMw+K/TP+h7p+5SvqZPa+w
O4ZhOMZdNX2W7t/9c+mXV3ns4b0txzNYh1437DHf/9f9jxRIv3G2l3MuBdMwAwtvMf0K3T9pq/Q/
tPPZw3tbjkEYjOG3m/4/uv9dLunP7rzTOedCN5Zj7V2mz9b9v9kj/Y3j2zvnYjEeEzDrHtN/rPuP
3i99QNP79/DelqM3+mDwA6b/RPdvPCx9r9UPO+dyMR8L8UAX06/U/T8+Jv1zYY9xTxiJ0ZgYYvoc
3b/P79K/fqo3u2Md1qN/qOlX6f7VF6RfuvBJdscMzEL3U6b/VPd/62/p190/lN2xC4Zg1HDTr9b9
O1yTvsQdxd5YgZXYMNL0ubr/95795O9XXolhd0zEJMwaY/o1un+st/TXbolld/RFPwx72fSf6f43
+kp/V/7kPby35bgVXVj1qunX6v6ftZW+29DX2R2jMQbT3jB9nu7/1L3SR16cye7YgB6z2H+26T/X
/c8+KH380nnsjlmYg65U06/T/d95RPq3u7zjnOuGvTAMY9NN/4Xu36mH9KsPLmN3rMIa9M40fb7u
X95P+p3TPmJ3TMYUzPmP6b/U/V8dJP3PrVaxO/pjAIatNv163b/FCOkvF+axO7rQjTXrTL9B998Q
LX3LkQXsjuMwFtM3mr5A948cJ/1D/2xhd/TYys8z7PKN6b/S/S9NlH5Q1k7nXDbmYj66vzP9Rt3/
/anSxz6xh90xDCMwttT0m3T/btOlT/l5H7tjDdai50HTF+r+P82RPnvWYXbHVEzH3ErTb9b931wo
/Rb/Y+yNQRiM4dWm/1r3v/Nd6Q/tOMXu6MZyrD1t+i26/9YPpL845gK7YxwmYNofpt+q+4/6WPpb
PP7mntAbfTHkH9Nv0/2v5kp/36pG7gnzsQAP/Nf03+j+2fnS9+vv6XZ2xwiMxPhmbvP9f92/d6H0
L5xs7ua9LcdarEOfFqYv0v2PbZd+Rmor51waZmAWFtxh+h26/9zvpc/s2NbNe1uOXTAEx91t+m91
/4C90heUdHDOufEAVqJ3R9Pv1P2/+1H6vRMfdM7FYQImYU6w6V26/4s/S3/a6xH+HfRFfwzpZvrv
dH/PE9LfsO4JN+9tORZiEVb2NP0u3X/NWenbDenH7hiF0Zg0wPTf6/4D/5S+R204e2MDegxyDBhi
+mLd/3SD9COXRLI7ZmE2Fj1t+t26f5pHf/n7lYej2R1DMBRjnjd9ie7/gJf0S/aPZXesxCpsHG/6
Pbp/2W3S5yVMdM4lYjKmYt4rpnfr/pPvlL645VR2R38MwNDXTF+q+9/aXvrqjW+yOxahC88kmb5M
919/n/RXn5nD7hiDsZiSYvq9uv/wh6W/8+8F7I4eCx29MCDN9OW6f1136R9dvoTdMQfzsHip6X/Q
/Zf1ln7Y4x+wO4ZiGMZ+aPp9uv8jT0o/qTKbvbEGz6DXStPv1/0PRUi/YEYuu2MqpmHeZ6Y/oPsn
Rkm/qk0+u2MgBmPYetMf1P1bx0i/Y/smdsdiLMeazab/UfffMkH6ypjt/JzEOIzH9B2mP6T7R0+W
vv7aLnb/nvtCHwzebfoK3f/KNOl9VpaxO+ZhPrrLTf+T7r9ipvSdQn/knjACIzG+wvSHdf+e86R/
6vhR7glrsR79qkx/RPevWiT9i/OOszumYwYWnDR9pe4/e5n0c+49y+4YjF0w8rzpj+r+7T+SfkVx
HfeEB7AC6y+Z/mfd35Uj/eaXGtgdEzAR8/41/S+6//g86Q828yh1dkcf9MXQpqXm+/+6f9MC6S+s
vamU97YcC3ArVtxs+l91/9VbpPcadFsp7205RmE0JrU0/THdP2yn9IHnWjvnarEeG9DvLtP/pvuf
KpG+7+J2zrl0zMRsdAWYvlr3X7hP+tHB95Xy3pZjCIZiTJDpj+v+QYeln/7DQ865A1iJVdjY2fQn
dP/SX6V/b0p351wCJmEKZj9u+pO6/6RT0q+/rTe7ox/6Y0hf09fo/s0vSF9WEFbKe1uORejC6oGm
P6X759dLf2pEBLtjDMZiyjDT/677D22Uvslfz7A7NqJnlGPASNOf1v0v3jDg/71/5uhS3ttyzMFc
LH7B9Gd0/6XNpQ/pPoF7wlAMw7iXTH9W9+/aSvqow5PYHauxBr1eNf053f/HNtJPnT6N3TEF0zAv
0fTndf/XO0i/2G8me2MgBmNEsulrdX/fB6Vfu+0tdsdidGPNfNNf0P03d5V+1/OL2B1jMR7TFpv+
ou4/8gnpj13NYHf0XMa9YdD7pv9D9/8nVPor2VnsjnlYgO4Vpq/T/bPCpb+jTw67YzhGYtynpv9T
9+8RKX3X39ayO57BOvRaZ/pLuv8vz0kfkbKhlPe2+DmGmZj/len/0v2Tx0ofd88Wdsdg7IZR20xf
r/vfPVH6+bu+ZXcsxwNY5zL937r/t1OkXzmhhN0xHhMxw236y7r/2Del3+65j3tCH/TDXgdM/4/u
7zFH+sNrfmJ3LMBCrD1i+gbdf9UC6S8N/JXdMRKjMfk301/R/Qcskb7FmRr+HazHBgw4bfp/df+a
TOkfWFTL7piJ2ei6aPqruv+CbOmffLCe3bEbhmD0ZdM36v735Uo/bu9VdscKrMKGa6a/pvvv+UL6
5PgbypzfX5iEKZh9Y5n5/r/uH7dJ+qxbmzvnfNAP/TH0VtNf1/1v3i79pvW3O+cKcCsWYZWv6T34
8Me6XdLvH96mjPe2HKMxBpP8Td+ED7dFlEl/vu6eMt7bcmxEjw6OwYGmb8qHzhcOSt/svQecc5mY
jTlY3sn0N/Bh+LtHpe/waNcy3tty7IVhOO5R03vyYWrn49L3rggp470tx2o8g549TX8jH5YeOCP9
qDdCuSdMwVTM7W/6ZnzY8Fqd9G+0Dmd3DMAgjBxs+pv4sP/2Bukztgxnd3ShG6tHmN5L9990Xfr8
6OfYG2MxDlNHmf5m3f/Zm8Lk71eujGF39Bzr6I1B401/i+5/uYX0J1e8zO6Yi/lYHGf65rr/h62l
v95zCrtjGIZjXILpvXX/kHbSt/n1De4Jz2At+iaZ/lbd/2hH6R+bM5vdMQ3TMX+u6Vvo/jMfkv7p
9gvYHYOwC0a8bfrbdP+23aV/1ZXOPWE5VmDtu6b30f2Lekm/aHwmu2M8JmLGctO31P3HhEm/pmk2
u6M3+mKXT0x/u+5/fYj0rtWr2R3zsRDL15i+le6f84z0VWFfsDdGYhQmfWl6X92/32jp/zm1kd2x
DusxYLPp79D9T7wofau3v2F3zMBMLCoyfWvdf/4k6TsH7eLnJHbDEBxXbPo7df/AadIPLi3lnrAC
K9Gj3PT64Y/dM6R/edJBdsdETMLcQ6a/S/ef+Jb085ofZXf0RX8M+cX0bXR/r0XSf5xfze8v3Iou
rDph+ra6/+cZ0m8beobdMRpjMPmc6f11/8FZ0ldc/IPdsQEb0f+S6e/W/c+vlL5u6T/sjlmYja4r
pm+n+6evld6763V2x14YhrFN9prv/+v+D22Q/v4fm+11dscqrEaPm00foPvv+1r6Aa+3cM4lYjKm
YI6P6e/R/RO+lX6sb+u9vLflGICBGO5n+g66f8sS6Wduvnsv7205utCN1e1Nf6/uv/EH6ZeP7Oic
i8ZxGIep/2PnSqDsqMr0YzkOtM4MIJ5BweHyCBCc7uralzYN6XQ6i9naphPDEorq9+r1K/I2XtVL
uknCIARhWKNABFkjUZhMxoMSXGYC4hEFjkFaYYQBBgWjokZhVETZzvz3r/++ftULTDGYo2dSh+ar
uvd+9/71f/f+d6kHJyT4M4T+p/wH8r/4cntc7g+EmY4YDySc0ZngHyf0/93TyH/4Oj0udyPhVsI7
CB80E/zjhf7X7kb+z51ZcblZhHMJFxMWT0rwTxD6m3uQf+BTvaQ74W7C5wkPmpfgzxT6P/5b5LP1
i0hvwksILyfcviTBP1HoP/oq8md98BTSnXAmYTvh4PIE/0NC/w8c0Ie/X7n3NNKd8EHCXYR7zkjw
/0Ho/+9tyA/dIdKdsEhYI7wkn+C3C/3POAz5V2bOJr0J30N4CKFcSvA7hP6vvx/527acQ7oTbifc
QTgWJviS0P/mY5D/7TmjpDvhYsJ+wtq6BL9T6H/yich/9sfnk+6EewhfJDzkwgRfFvr/SEb+6xsv
IT8RbiK8jnDHpQm+IvS/wEb++4/fRLoTyoQ64eCnEnxV6H/sbOTrD3yadCccI3yCMPOZBF8T+t8/
H/n9xVviciXCiHA94dYtCb4u9PeXIX/1wbeT7oSHEx5FaP9zgm8I/d/1MeRfvO0LpDvhDsKvEj59
Z4JvCv1vPxP5ty36MulOOEh4BuHIVxN8S+i/oID8e/fcQ3oT/oHwNUJ2X4JvC/1/Xkb+k1d8i3Qn
vI7wVsKdDyT4jtD/sgbyfy89TLoT2oSzCM96JMHvEvq3b0D+oWOP0fxF+DThbsIDH0/wPyz0f3gj
8jvOeZp0J1xPeD7hrc8k+LOE/pXLkb/gsN2kO+FRhIxw8U8T/G6h/99eg/z8Xb8k3Ql3Et5HuPtX
Cf5JQv87b0D++YO/pfmL8CzCPOHGlxL8k4X+H70N+Te89ArpTph5leI+4czXE/zZQv/fbEP+Vzbv
vyvWnfBWwq2E9x+4K/Hf/wv9r/kS8h+12uJyNuFswrmE+fck+HOE/sa/If/XTxwal3uacDfh84QH
HZ7g9wr9f/AN5Led+/643HrCjYSXEN5xZII/V+i/9iHkH3fkMXG5owhnELYTLjg2we8T+h/xPeT3
7Jy5i/5/WzE+SDhGuOdDCf48of/XnkD+qlXyLvr/bcVYJCwRXq4m+POF/qf9CPkjb1hxuYxN/iJ8
D2F7V4K/QOj/6s+Qf80tJ5PuhHcQbicc60nwFwr9b3oB+XfOnk96Ey4m7CcsLUzwPyL0P+ll5H/n
2aWkO+EewhcJj/hogr9I6P/DN5D/swtWkO6ElxNuIrxzZYJfbUQdeX+oMdyhyqqpyLI6qNiqotun
dSiaqRmdw7WG65WqFV86O6xWMm/nkuEydR0RroloqLqVUQzVsCxLU3Q1IyumaVgZJmf2wtUII6/O
WKZerUZvVu6t8v9Cr3XZ6upsV1Rv+O3ZcjXvZ7uyoHi2PVvyhvxS/BTrz9OqXh6S/JHIr1e8EqT4
9Xq1Dklwm6vW634uqvghrEH9QrXui3pbc7wCcEVGUK6V/LJfibwoqFagmqUrFs5d2MN6/HrglViu
0b/gVNa//JTeBawQjPj5jjVQTbXOCo1SqSMsVSNW92slbxRa50/uGg94lQgqqqwJ8oHn5hq14qjL
i7u8AJTjLzfeDvT3jlNWLtE7dHn+HF5LOdulyHZ7Nl8P1nA7FU3W5PZsvVGJgrLffA6juu+V3Vo9
qNaDaDTb1aFC1aXqkFfi5epuFORWu5WQ16bqsXX4IAN5rVcvN2r41J6twatW824Dcg3+nPe9fCmo
+OMp4LpqPe/nBT1cHdRq/FHmIjUquaKLKoSYwpuHMU0P1ciL37zZeDkIQz/O5bdu3Yt8fIJXdPlQ
iNxGlAMX8XDQocgdGBC6VLVL1SRD0U/LxkX9Sn7agrqkms2Caz3ufKwY/WE5smMamq5BZbomW7re
Uo7XmiilQ02KrFsKOp1Xgu+K3lmXrYy/Fdxqkgx11Qw526VLsqHILRfIU3Mww5ETF2c4Drhakk0H
7934yTZbi2nQhjcyVcaGpgo1UCoIoSNPZ52ljZtnK07rNW6epk5jnuNMeiGyVVGspnlwDxaBp4b9
iFuUfxOHdciSrOlJf6hkIuYpZBZ/UO1kQYUsmz7PFbnCuvhhQ7LbTmmZTFbIkiE7k6vGHEdVplRS
kWRl3DvwpMoTXI3GTM4YNyzH++JUdqnQxWyyTdw7rfdO6707/oRN4v14K1FVDLhpuos68cV5s1Nm
xH0HhsxUCk2T4U6ThaZOzgC7/RE/N6WximZJqmJONlbRHB4LJhur6IqkKepkYyEoSJqtTRgasZS6
IemyNYWUkzLQyZFfyUHwr1fLLo2HKW0HS2DRIQzWVRiC1uSRydvQTGMqg21Jle0WKx1J19SprJyY
AVbmSlWYKAoBjlVu3Phs7GEf5ZdtGYpj6BigeLx2azWYp2ypmSwDKrbZnh2Ko6dtKjA8bM2AKGOp
isonJ7fuF8YDq6WoCrySrJlgeRTnWRBsLd3WVQMCr6kaIHgtpAo1WzL4VBQGebdejlM1TZeAwpeL
jgmhXHZECXhfLGFBCZgANVO2bHCdhSMhgFgf5KMillBtC8wu+zBZtybrhg6VrfZrkTspTzMtCCh8
MMqoYsXl5fijmnRoNYym9ahhqY7myDqPGq0uHU/XZcc2jKZLwZcSvCh4B7qtDf9MdqmuOHwtqytm
0qUw0ck6LKVVRWt1qTOVSw1N0i3wpswrBRG0SS41eQfVbUe1ZFiuW5ox0aUaNDa1S+1pXWo5sUsN
tdWjBndotLYKrgwqkTvuyPG0cd91QH/UHBv01EzVsqBD6HHEaESwlAJFKkFYxFVMa3Ku2Kis5u5Q
ZCVZvB7SXA+xfkNbZt/1p7lS7P9glfb29oBvsf/ja+oJ+z9YFe7b/+2d/V8bY9mKx/c2rHWvx5Pj
/SCLN4Q8IQirJdqqAalZbm21vjreGramtmwm2BSbBPm0uFhzIzFVIVMUGoGAnovNkTEl8iE+xNtB
Nyx6qmHyGiCuO6Yqm55s2jBt5jRf9WVtyCsMWZ4KM55d8KyCauV82yo4ekGWvUKuoPg53cspspnz
4tY83H5Ce+VyEPFq9YJpFBwrp+SNgiUrOd9RlIKVz3t2QRlSClpBzlmmo+XoxeP9FsNFBvqHNnw8
BRNaNn0M5kUpTk1s/VrSuR1ehXv3dHiEhE7u8LDm5fxO3OB28DkvjPxa51AjKOU7cd/c6Y94fHsd
dtYaIaw26yNuuQG7U7cW1Ijn+iPuFJn4FtBMRyDupm8wWtM5v3+5i2oElVoj6hxcUam7FkxCLm7c
3eGlc9ze5WCQG8o1WSoazerL4k5pJtXHkwBXxWrkYSceevVRtwxzJ7guxw8MhnlXqMDGvm3DviC+
d+J/rujnVkul6vA7HP9hYWhMjP+GZuyL/3vn/E+cCEFgZS2HTXH4YuPHTZi/xisF/J6vA/etyv4/
jP8cjP9avZpzw2G/XJaa0ThFIHjL9Z+qj49/A8qpiqGo+8b/3riaenYxXLCxdS3LuSxqnm3P5hv8
kLv1wLoc0nMIEaOShycTcyETeHm/4MF6Qpy3Qwb0M0iffiHx9vsh35Jk44Nvvnr6E7WSC9fw7wPB
udCADvv99mypVHZrXt0jT9AVp5e8UZ8fyPOjgDXxmXCY80o+7n55gbzPPzDk+flEMcjnfX6coeER
Jtboermo4ZV4xYoDo8G21PbsWj8YLkbu0GjEw7Uqa7au8Z3ShmYbLbWCKGvwMIDv+esVv4RLJ7dQ
x6W+CcnDhVK11pqoSZqpOI7Jjyjx9d1miUaFL4QVzdI12zE03VI3tLX0nDwsD5joNt3IZbzLdINf
GOeG3YqiaYy+R3Q7kqrpDN6Rb/XFI5bD1qC0qkpWa4obF6aMKrTMvxnEfTHslhnfIHSHwXDk18v7
pqW9Ev9hRLxD6z9NUSbH/337/71yRW7YjuOsvWW0tfFjUqVdUU34MyRHdtrUOAXiiaI6kqNabZrE
P4spGqZKlmK06RL/CgO7bPizJMc22ow4Rbbgz5QcR2kz4xSV/2kSbNbbLEgxmixbV9tsKqPyP0kx
lTaHUiz+J8nQFsaMdm4ONA77hX2Dfu+MfzwvSLkJfMvffxjyhPEvm5q5b/zvjWteUPIZ/0FHha8g
uljRaOvnEg+MsP6ghiuq0+VVXWyeBwXzMIOz0I8YFPDzDcgcZl5puMpqQZ4pmm0r7YyvAJnjtLO6
HzXqFcZP7ViH0sVgymbLILzgASKrVCMGD+Ugivz81E02K8UmvQL/hBCNchN6+5czeWrSx7wgYoVq
PV7NdoSjlRzDTxVtAw1uTKUQDHex+VDBwjzf0R7LqgVWoxpCpkxd63hlWBcrBtE0boKWo7pXCfmu
mr+nwhohd1MB3MePWdk7epbWtpjIDDfm6FpwnDfKF2KdvXNY/MsQ/qK9A73Np7dLi9tevKx30SmD
ff2Mnw93Q3xgLT/w6a55YcjEMUK3KjuMThC6LUdh/COp+OjdreqWLmmyweIjCL5alDv5v6b27UfA
9dyV3IE+uLlY9718W2UNBCO3UI445ErV0O9i8ROVgB7KYRRErHI72uKzZZg2dFjIOgbDGqRcrdal
mhY/fexdtvR06HiWyVax05euWLxsvtTb37+KLUclpxcwPnfF6jrjnhY/uPGDNOqVS9g3MZU6YyMe
EAmrHMvAFa1b9Cr5kl9H43S9aZg9bljfyoWD7oKepXMX9w1AIrLWelGumK8OrxIeQI/D6K3yEVD3
mdbSmq5BmG/xgabZ3Ad9AwPjPujpG1jYs9g9tWfJYre/Z+CUvgG3b0Xf0sGke8ZDBO9GLH5bSOr6
v7ps5hBU907UdOL4e8ME4zgWg77vQXQJ8dUVmAGFjyHqwNthh5fiwTewchX9Fs2SVI8t6xjoWcoK
jUqOy+eVWFgrBZHU0oKu67Y8sQVdefMWYFtDrYig9JZVmmbaKtnaICqy5b0LO6qVDsxqbcSEBbkz
oRHFdt68kcVz+3t5d6s2hosQujA2MIh4Q6XWEWfbtqopDKWTimi90TLiWqte0rdk3rJl0MWw8BK/
XK2PzoM5GOYXCMAdGMK9EshP0ct0LMlSLbYkmINjrPXHgzkYR7AFZtWhsyFMsZnyiCXzb/yyYVqq
fKI0wUCVia8i8cvr5luIRuGqi8EcE4co7l//nN6qXyj08AmyOeIUCTbROkiW8C8EHu3Nm+j1SyWY
rGTWxQaHFuahLZkt8aN6kANfzOGjgPXxMM0GvMhneEER/LUDmxnn9M7BiL4kCMs8QMBQnZTCoz0l
DvK9Oj7A0uzECebbE8y3FPl/bX7zapo/OAenmdjK2PSZSZsGW23iD0rTIlNSNMNwtL9Qh5L5+p+V
Q2FoWHrLnMBH/5vMi1NNwRz4SJi3ZJDxyY7/DIudPuGzY3OCak5M7azkhREGe1iPwCAKQtYZlWv7
tnd/Jvu/oeAd/v0H7N35fWL/x9P2ff/bK1eecOyzJ6+7fugDmSNeuXa/ix968oglhNveuxkxc9C2
GM/fHiNdPuGLvfORr99wUyJ/ums/wgLhIT9Zivxlsz6Xii/OIeRPrED+2f8V27eJ8NGXyN7B78c4
9lii/iJh/wlnIv8T5+1I1X5AWHvQR/6Wo3em4p9NuCkoI3/nfd9MxV9NeGdbA/mPe99JxS8J/f9l
PfJ/u/+jqfhlof/ijcj/m61PIn8W4dX3xpi5/5UY576eqF9Ek0N+fRnyT+x7LlX7VaH/VVcjv++n
P0/Frwn95RuQf9bF/52Kf46o53ufRf66mX9Mxa8L/evbkL/5ocz+nP8IofJcjBn72Bi3H7d/a/2h
0P+9X0L+l84+aP807YuYNrbja8h/+N2HpOI3hP7Lv4H857f/XSq++IZwyMsPIv/ApUen4q8V+l83
hvyjXzge+acSHnvwCXF9O7pjnDE7Uf+I0N95Avldm6RU7Y8K/Z/8IfJXKGYq/rlC/3U/Q/453+9O
xV8n9D/qBeRfHvYhfwfhjVfEmDmoEOPGYqL+9UL/e36P/NsPX5KqffHrqxfPfAP537x7MBX/PKF/
5l3rOf+ZFWek4v+j0H/LXyP/jy/nUvHPF/rPeR/y33f9auR3E3Z9McZMdGWMuzcl6v+40P/HRyFf
7gpTtX+B0H/jDOQveurcVPwLhf7HtSO/sP6CVPyNQv9va8i/4IOXpuJfJPQf/jDyb7r3k8j/NuHI
4zFmxr4c46yvJer/hND/4F7kf9W9PlX7Fwv9t30E+Y9ltqTiXyL0XzSA/Be23JGK/09C/z2nIr+t
985U/EuF/ld4yD9u91dS8S8T+ksB8nsu+jryA8LVN8eYyY/F+Nj3E/VfLvR/pIb8M45/IFX7Vwj9
ayPIX/vAd1PxrxT6H3Y+8q8u/gD5DxFe9fEYMzf+IcbDX03Uf5XQ/66Lkf+Fg59J1f4mof/gVch/
aNtPUvE/KfR/aTPydy/6VSr+p4Qdm29GfuZXv0vFv1rob30e+Ude+VocvwiPuT3GzGvsAMTasQe0
1n+N0P+Jf0W+2XngAWnav1boP3o38gfG3p2Kv1nof+Q9yC+f895U/E8L/Xfej/xLDjsyFf86of+q
Xcjfelc2Ff96of8bjyL/64MfQv4vCP++EmNm5cIYdy1K1P8Zof8tTyH/yZeUVO3fIPSf/WPkv7TZ
ScW/Uej/7C+Qf6jdk4p/k9D/gt8gv/0/F6Ti3yz0n/EK8uef24/8gPCRq2PMbB+KkfmJ+m8R+n9r
vw2cnztyZar2bxX6Fw5G/nk73VT8LUL/vzoU+devGkb+o4S3rYkx8/ylMZ5xRaL+zwr97zgC+Tve
qKRq/zah/0KG/LFb1qTibxX6/+IE5P9y9nmp+J8T+l/Wifx3PXdRKv7nhf4dFvKzF8b+efTiGPu3
kr/m3hXjzrsT9d8u9P/uScjvnnFtqvbvEPpX5yF/5f9QcqdRPeZhGMef0l6yLykkyb5nF1II2XdZ
klApki1bSRRJyhpCyJIKJZUlW5YQIklUsssaklRqzly/5z6n5+X96mpefO7fmf93Moczzc0wlo+k
/jVHwi+eG8HyJ6l/7AT4rZrRLB9F/cdOhz954izLR1P/X47wN4dehC+S18VBrBTxQmzdPMX9GOq/
wxX+1afrrPdPUf/uS+DLN99l+dPUP2sVfIP2j1n+DPX39IXv+iCb5WOpv8Fm+JELX8F7ydvfX6yk
9Vvskj+K+3HU/8I2eOeaBaz3z9Lfh91e+PWxhSwfT/3LD8GHjy2BvypvJ1ex0oDGatgzTdWq3j9H
/fdHwl/8Vcl6P4H694+Ff7pDU43jE6l/fhL8z241WD6J+vtcha+eVZ/lz1N/k1T4Vp5NWP4C9U95
CG9lYAbvKm/DrmKlsEFi9WwU9y9Sf8cs+JkX2rPev0T91V/Cr7TrxvLJ1P/Ye/id5X1Z/jL1t/kG
H7vfmuWvUP+C3/Bp/WzhP8t7b6JYqcRNrJO74v5V6h/wD/7Dy3Gs969R/7bqXv97VR87lr9O/dP0
4JuYzGb5FOrvVhe+V4oLy9+g/vpG8OMdPeC95A3yEitZ+8vf/5sU929S/9PN4d3VV7Lev0X9x7SF
33zMh+VvU/+fXeCPDdnE8qnUf3tv+Osfg+G/ydtYJUTccz8tNidWcf8O9TcfCJ+7KZT1/l3qnzkU
vqRNOMvfo/7LxsDXSTvO8mnUv8EU+I5up1n+PvVPsocfpp8I7ybv7pZipRtZYjs9V9x/QP2nOsHP
OX2Z9f5D6l+2EN5n9C2WT6f+Ycvhw37cZ/lH1N/CGz5xWybLP6b+eX7wj7vmwlfKe9w2V/51X1LH
rlZVr3o/g/p7B8F/e/KW9f4T+hyMd8FrL/vC8pnU/9p+eNMGRSz/lPrPPgo/IKmM5bOov1oMvN2U
avh8vOX96yFWsjUQe8lQ8fk9o/5H4+GXleqoc97Ppv6DL8GH7KvN8s+p/4cU+Ji+jVj+BfXfeA8+
NbcZvGqe2NJisZKnpdgSK8X9HOrfOgP+jVdr1vu51P/uc/jKpp1ZPo/6u76Gb3StJ8u/pP7VP8F3
cxjA8vnU/9QP+NHVbOA3y3vISKyU7yz/c+SquP+K+o/6C+8aMYr1/mvqXyh5/+/9B01i+TfUP0QL
/vD7GSz/lvp3qQl/2X8uy7+j/hkN4LNbLYDXaS22t6VYyXib2NAdivvvqf/SpvBFd5ay3v9A/eu3
hK85fw3Lf6T+iR3g2+ptYPkC6j+5O/zgmECW/0T9/1rAzxq5g+U/U/+9g+DXfN8Hf0TeF9ph4l5g
lNjyGMX9L9S/zwj40OAjrPe/Uv+c8fBnO0ex/Dfq7zUN/uHjOPjv8n74LFZKzRDb86ni/nfq39QR
/tPiC6z3C6n/1fnw6vWus/wP6j9rMbxxwh2W/0n9VVfB9530iOV/Uf8j6+AnlTyD95Q3rHa2uNew
XOz6CsX9IupvHQDvsSef9f5v+hzfhcAH9f7I8sXU338PfOSL7yz/h/q3OgR/Y/Ufli+h/ndOwL9s
XCl+/Woi1riHWMneVEP8+b2ZRtX7f6m/yxn4sssaGpz3S6m/bhJ8fXt9li+j/tFX4Dur1Gf5cuo/
4jb8iMONWf4f9f/2AN7JqgXLV1D/4Kfwvm/bwSfK61YhVrphIdZ8gOJ+JfXvnAd/cIM56336YvTj
d/AXzPqyvIr8hfvir/CZt63gq6eKLcsXK6nNFevppLivKvvgur/hC52Gs96vJn9x5lw5vJ7OOJZX
k79In6i29n/fMmoqy6vLXxT+0YUfaOvA8hryFzX31IGf8dUZfou8ppou4t7kIPmfg2DFfU3Zd+pt
CL8iaBHrfS3q/8IEfkfHFSyvTf1Xt4E/nb6W5XWof+Mu8PcWbWR5Xep/uRf8+9rBLK9H/WdawqvE
74bvIG/hPbFSdIJYo/OK+9WpvzQUvvGEg6z39an/4dHwPYuPsXwN6m81GX7c7lMsX5P6v50Jv6Bn
AsvXov4b5sEHZCfDX5f3wU+xUtFDsfaPFfdrU3+zhfBHV95kvV+H+t9eBn/V8D7L16X+Tl7wOZee
wOsnizXOFCu1KhEbVqq4X4/6a/vB/5mew3q/PvWP2gJfu/INyzeg/rY74TuEf2b5htT/axj8UMtf
LG9A/YMi4B1fi89ni7yTS+XPa72xpvj9t4lm1fuNqH/HaHhvX1VNzvuG1D/9LPw+Ux2WN6L+iy7C
J9ysxfKNqX/tFPhHcw1Yvgn1j78L/1WzGcs3pf4THsNrRbaC7yVvjWtipXwbsaOHK+4bU//ibPjm
wzqx3m9G/Xe/gu/3uQfLm1D/ngXwUwP7s3xz6p9dCL+0/RCWN6X+K0vggx+MhE+SN6RArGTkIDbQ
UXG/BfU3lHz+99ELJ7LeN6P+yZrwt2vOYPmW1H9GDfjXsXPg1eLEet0TK9kHiE0LVNxvRf0r68P/
G+vGer819Q9vAm9QtITl21B/SzN4852rWb4t9X/dHn5U9/Us3476+3aDn5+1meXbU39TC3g/z+3w
x+Udt02sFB0ntuE5xf0O1P+WNfwhg32s9ztS/3m28JcuHGb5TtRfazz8M7uTLN+Z+kfawf8qj2X5
LtR/2Gx4/QPn4TvKW3ZOrKT3Quz6XMX9rtT/swt8m/7XWO+bU/9AD/hB+aks3436t18Jb++TzvLd
qf9DH/jVJs9Yvgf1d98EvzvlJfx5eQ/lipVci8Q+K1bc70n9a4XAxzl+YL3fi/rHhcLfV//O8r2p
/7hw+IJjxSzfh/oXHYdXs6mAbyVvLQex0g4jLfH70KZaVe/3pf47T8M3LVDX4rxvQf27J8L3CajO
8v2o/7PL8BPb1mP5/tR/xS34RWlGLD+A+jd6AB/oZgp/Ud7p/mKlEmuxTkMU9y2p/8VM+BP67Vjv
D6T+03LhU053ZXkr6v/vLXze6D4sb039D3yBL/0xkOUHUf/+RfD1tg+D7y3vyVNipb5uYqMXKu4P
pv6vyuA7mY9lvT+E+q+rtg4/P5E5heVtqH9zXfh5y2ax/FDqf6M2/LoGziw/jPrPaQS/P8kdPkve
+Y/c5c/NT2zDTYr7w6m/hgn8+SmerPdtqf/x1vBPSr1ZfgT1t+kM/32fP8uPpP6fesLrWmyFby2v
2QSxUuEpsfaxivujqP/mAfBmebtY74+m/u1s4C29D7D8GOp/fxT8NONjLD+W+i+YBO95LYblx1H/
GjPhtzucg4+T12O1WMk2S2xStuL+eOp/Zi78qWrJrPcnUP8xC+DvRtxg+YnU/9dS+HeD0lh+EvXf
sQZe+pDB8pOpf7cN8IYbX8CPlNf5sFgprFKsnqp21ftTqP/TQPgerd+w3p9K/ZfvgB979xPL21H/
hmHwbvN/svw06n/+CPwmvVKWn079p0bBR8SoaHP8DOpfHgd/ZaQ2fK682S7a8j0Dsa6Givszqf/+
C/DPv9dkvW9P/ftdhy8Obsjys6j/yzvwtboYww+R12O4WMncUmyEleK+A/Vf+wi+XUZL1vuzqX+z
bHibJR1Z3pH6X8+Hn12vB8vPof6zP8J7JfRj+bnUX70Qfu+kwfDJ8g70FCsFO4vVclXcn0f9j/2B
P1cygvW+E/UfUgmfvmcCyztT/48avvj5id7TWd6F+m/Sh9fMcWT5+dS/TX14kzXi8xklr8ou+fMq
DxHrvkNx35X632sMb9FkCet9N+rv2gJ+ypVVLL+A+uu3h19i78vyC6n/aXP4rSqbWd6d+o/uC3/y
8DaWX0T9f1jB37LaC/9R3pN2YqXJUWJTYxT3Paj/tuHwr94eYr2/mPp3HQdfviGS5ZdQ/ydT4Ru2
jIUfK28dS7FSeIZYvaeK+0up/1IH+K6pSaz3l1H/Bi7wI52vsvxy6p+0CN5ZJ5XlPan/lBXwG6Ie
svwK6l+6Fj7cNgv+tryt5omVCsvEOlUo7q+k/vs2wl/8msd6fxX17xsMnxX0nuVXU//c3fA/O35j
+TXU3+sgfPVHv1nei/obH4dv5fGP5b2p/7VT8NZ11HXw577y1monVhpvKjbdTKfq/bXU3yEBfma8
ng7nfR/qX+0y/MoJdVl+HfWPuAm/q9iQ5X2p/6D78LG7m7P8eur//gl8Ws+28Bq9xHYaK1Y6YSHW
aIDi/gbq758D/zG7C+t9P+rf+i18tVW9Wd6f+t/9DN/EaCC8jbyO5mKlj3PE2jsp7m+k/vN/wfdK
Hsp6fxP11yuDnzBjDMsHUP8Y1fX4+YnKySy/mfqP1IHfHG7P8oHU/3st+OOWTiy/hfoHG8Bff70Q
/re8A/+JlWyCxCYFK+4HUf8uzeBzfZez3t9K/TNawZeYerN8MPVf0gm+7i0/lg+h/vV6wnecF8Ty
26h/Qn/4YVq74F3k3WAsVlqbILYwSXF/O/WfNAR+buR+1vs7qH/JSHifYUdZfif13zMRPuxzNMvv
ov59ZsAnBsaz/G7qnzMHPqP9JXjNDmLXDBYrPXso1vqx4n4o9V/jBv/tQQrr/T3Uv8lSeG33eyy/
l/pfWQ3folYG/FB51duIlfRKxK4uVdzfR/3t18MPiHvOej+M+qsEwtuNe83y+6n/4e3wy4sKWP4A
9bfeB79t5w+WP0j93x2Gj+n+l+XDqb/fSfjULEn3f/9K3v2FYiV7Y7HpJrpV7x+i/i3j4N96auly
3j9M/VPPw1ca1GT5I9Tf+Rp8o4sNWD6C+uvcge8+rSnLH6X+UenwY/6ZwS+VN6JeS3EvyUZsu+GK
+8eo/4hn8K4HOrDeP079v72E9+/fneVPUP+tH+CP5FuwfCT17/Qd/rLPIJY/Sf0fFcNnm4yA12wu
9mRfsVJDB7HBjor7UdTfowL+d8p41vvR1L+Oxgb8/MScaSwfQ/3jq8O31XBk+VPUf2I9+MHH58O7
yetyRaw0OUBX/u83FPdPU/8/RvAONotZ75+h/qGm8GsKVrJ8LPXv1Q4+NGAdy8dR/+dd4ePbBrD8
Weq/qg/8w7QQ4e+LrfVB/uvoOLGm5xT346m/kRX8J7c9rPfPUf/kYfAaNQ6xfAL1nzkWvtmZEyyf
SP2lqfB9x5xh+STqf2gW/KSfifCb5P2rmyTfeyHWPVdx/zz1H+gMv3j7Fdb7F6j/G3f4IPPbLH+R
+q/3hI/MfMDyl6h/i7XwN5c9Zflk6n/LHz6/QR58hbwzzPPkf38Wyd+/xYr7l6m/01b4sqR3rPev
UH/t3fD1p35l+avU/+QB+C5lRSx/jfoPPwY/IqwcfoG8cxLL5V+3jfTE3aZ6Ve9fp/5fYuCdLNT0
WD//T/23nINfn6fL8jeof4dk+IPedVj+JvV/eAP+grEhy9+i/ovS4DOvmcDrXBdrmCNWemst1n6I
4v5t6l/7CfwPhzas91Op/9kX8HpqXVj+DvUf/wa+5dFeLH+X+v/+BG812JLl71H/XT/hZ3ywgQ+Q
N01lqLhn7SY2fqHifhr171EKv2LjaNb796n/MxU//P8/Wk9m+QfUf6U2/Jm7M1n+IfU3rAV/b/48
lk+n/pcawr/XW8jyj6j/dGN41VPL4NvJa3tbrHTCT2zdTYr7j6l/RUv4xqO8WO9nUP+DHeF7Fm5g
+SfUf0AP+PEhW+B95c2OFCvlnBI7OlZxP5P6v+oHv7DLTtb7T6m/72D4gIwwls+i/qYj4Y8uiWD5
Z9T/5gT4a/WiWT6b+s+dDp+TcBZeJVFswKOz8vdflp78318o7j+n/ppz4P9Mush6/wX1P+EKX+fv
dZbPof5Dl8B32HuX5XOp/6dV8EP7PGb5POof6AvvmCM+H8MPYsMr5M8rolJsQ9XqVe+/pP7tN8Ov
XfOK9X4+9X+wDX5fkwKWf0X9F+6FT7hSyPKvqX/Nw/CP7UtY/g31j42E/6oiVWf9/D/1HxsLr3VE
E767vE2TxUpaBmI9DRX331H/X0nwza1rsN5/T/13XoXv/64+y3+g/t1T4af6NYH3ldc7XKxkbSk2
3kpx/yP1z3oIv7SlGev9AurvmQUfktqe5T9Rf4OX8NHO3Vj+M/W/8B7+to4Fy3+h/nbf4N9EWcOr
Rov9nSJWCncWq+equP+V+pf/hq+wtWW9/436H/gHb/BtHMt/p/791f3x8xNb7Vi+kPrn68GP7jSb
5X9Qf5+68PMfubD8T+pvYgTv5+EBHyGvy2axUkmIWMcdivu/qH9Kc/jDdVay3i+i/o5t4ZPjfVj+
N/VX7wr/bMImli+m/sd7w/8qDmb5P9TfZiB8jdBQ+B7yzooNlb//o+Tv/xjF/RLqXzAUvk2vcNb7
f6l/wBj4Qc+Ps3wp9W87BX7WqtPwofKe3S5WWp0h9mOm4n4Z9U+zh19tlMh6v5z6uznB706+zPL/
qL++O3zcjFssX0H9zyyHf1B5n+Urqf8Yb/iC8EyWl1Tl/j/94NUG5sK3kHe2nVgpvUysTYXivors
3bcHwRu/ect6X1X2wea74Pus/8Ly1WR/JnM//MQWRSyvJvv0ZUfhPW6Vsby67AsbxMBvmVdNHz9/
I+8QH7FSK1OxoWb6Ve9ryL7m+Xj4E1q6+pz3NWXfaeol+JTI2iyvRf3LUuBfDmvE8trUP+wefOnn
ZiyvQ/0tMuDrbWn9H2V3GpXj2oZx/BYyFI0qijI12JkyREhUKqEQQpQUSYhkDJmTUOZZhGzalYgy
ZpYxSTJknoXMEXnXe1zXuZb74/np+PQ7r72ev6z9vsuzwdvLjd0tVgnpIraoq+q+FvV/cBe+dYvW
rPe1qf+cJ/C9rndg+VrU3+IN/OhwJ/gdck3jxCqJwWK1Q1T3a1P/0x/h5+m5s97Xof4jf8BvzfBi
eV3qX6VSDL4/0X8Qy+tR/13V4Qu+DGd5ferfQxe+dM0oljeg/i+N4bXsx8O7yN3nLVYpXSY2IF51
35D6x5jDWxZFst6vQ/1trOC7TZ/F8kbU/3IL+GH1FrK8MfUPaw8/7Wgcy5tQ/1qO8Kv8VsOnybWZ
IlbxPiT2bJbqfl3qn+oKn/Z7E+v9etTfqzf8pa1JLG9K/Ut94J933cfyZtQ/wQ++0uMMlq9P/e2C
4M3mHYHvJbf2RrHK/etie+Wr7jeg/gVj4e0bn2a9b079IyPg+53NZXkL6m80E3588A2Wb0j9D8+D
X6J5B36PXBMLsYpZmdiYn6r7jai/byz8zuRHrPcbU/8fCfA57q9Yvgn137gB/t7rDyzflPp32g7/
LfY7y1tS/+I98Hq2f+Ad5Ja4iFXCLXTEv/820vn7vhX1n50O3/yqpg7nfWvqb54F7z6+NsvbUP+c
k/AjdYxYvhn1H3EBfk56fZb/h/prXIff2Lcp/Fm5lqFilSJ3sb08VfdtqX9SIXzmJ1vW+82pv8sD
+LxVbVm+BfV/8Ry+pG1nlm9J/Re/g69W6Mzyrai/9Vf4RlPF59Ntuth78fLzigqUv/6CVPdbU//c
X/COJv1Z79tR/9AqS/D9iewhLN+G+mtpw08eEsjybal/igH8ivIx8BlyF9UJFfd2xoo1XKa63476
9zaF37d5Iuv99tT/QyP4812ms7w99Y9vBv/4QTTLd6D+re3gf8+JYfmO1D+/I7xJw3h4V7nOHePl
vQNiJ2eq7jtQ/4hu8G1Or2O934n6G3rAe43cxvKdqX+mN3xolWSW70L9B/rCL9yVyvKO1L/MHz6x
xyH4a3IXBIhVAu6JzStW3e9K/TeMhj/28jjrfSfq7zAB/nbMOZbvRv3vTYH/ZHOV5btT/6jZ8LUv
F7C8M/WvvwjeJuw+y7tQ/xPL4F1qPYOfKLeTlVgl64tY6++q+67U338NvH/qW9b7Pah/pS3wM70+
s7wb9d+xE35t6U/4G3KttcrFvTIzXfG/o811/77vTv2dU+D3J2josr7/T/2fHYC/aleT5XtS/4VH
4V/d1GN5T+pveQa+cmRdlu9F/S9cgm9g1BDeVa5NS7GKu6vYg26q+72pf0g+vMNha9b7fah/zbvw
A3xbsbwX9d/3GD78hz3Le1P/Xq/h4zZ2Zfm+1P9dKXxyJzeW70f9l5fBn77fB/6T3B/fxCqJ48Rq
h6vu96f+LZVY/Pc/Zg1kve9D/fOqwf9oMJzlB1D/iTrwhjnBLD+Q+hsYw7ccMY7lB1H/gw3gPTUi
4RfJnW0qVilaJNZlieq+L/UfYAk/KimK9f5g6v+tOfxclwUsP4T6r2sHv+X5Uvh8ueYVS+W9NLFR
+1X3h1L/Dl3gsxatYr3vR/3vuMDftNrE8sOo/4xe8O8v7mD54dTfzAe+Zuhelven/seHwjfVyoD3
lvu5iVjF97bYvDuq+wHUf/hIeKeUbNb7I6j/n1B4v96nWD6Q+idOgp/6/iLLj6T+3WbAr1yRx/JB
1P/JXPj/WhWxfDD1n78EPvfGQ/iHcl++Fqtk/RFrraH39/1R1L9pAvyzSS9Z74+m/ufXw/8x+MDy
IdR/dCK8aeY3lh9D/avvgW8/sILlQ6n/v2nwfb9XxeczSW4DPU3xeRnWFRtjqvr8xlL/nofhx62v
pcd5P4z6vz0BH9OxDsuPo/5x5+GT7prB58vd8kms4t5NbJaz6v546t/iGvyJmU1Y70+g/tdvwd81
s2X5cOofXgz/9Xgblp9I/fWew+v6d2L5SdQ/owTeVnFm+Qjq3/8LvNv2nvCRch2OiFXWjxFbJUx1
fzL1/1IOH9i9H+v9SOq/pvJSfH/i6WCWn0L97bXgNywYwfJTqX+RPvzBpmNYfhr1n14P/vr5cPjf
cls/EquUJIj1W626P53612sE/3b0NNb7M6j/URt4zRrRLD+T+vu1hm+4dzHLR1H/3x3gO3uuYPlZ
1H+rE7xvyVr4BLlm2uvkz/8++fP/n+r+bOrv5A4fsWwr6/051P+xF/zyFrtZPpr6zxsEv/e6+Of7
+Vzsn+qpevLPX4gtvaW6P5f6N/aHPxeeyXp/HvU/Owr+kd5xlp9P/YPHw5dnnGX5BdRfcwq8sc8V
ll9I/ZNnwdt9vcnyi6i/x0L43mvvwY+V65omVikql7+OKlT3F1P/N3HwY+yfst6Pof5LV8MvKHrD
8kuov+1m+G3TP7F8LPW/mgR/tN5Pll9K/cfvgy88Wkkff3+vXLtbYpVWTcTusdT/+34c9dc5AP/R
r4Y+6/v/1D/9CLx2hS7LL6f+/U7DW28zYfkV1P9zLryzkwXLx1P/1Tfghz+2gl8sd1m5WCWni1hr
J9X9BOrf7g78jHktWe+vpP6Fj+DXNLZn+VXUf+or+PSzjiy/mvqblMJfDu4B/01uy2ixypdgsWEh
qvtrqH/2d/iXmn1Y76+l/kP/wGvsGcDy66j/L804fH/CYxjLr6f+W2rDd3wTxPIbqL+jEbzP0jD4
KXL/JIlVfJbLX0fxqvsbqf/D+vATbCez3t9E/aObwsdencnym6l/w+bwu8fPZ/kt1P90W/hTOktZ
fiv1D+oMfz99pfj9S27iJbHKzkNiTbJV97dR/6ou8GV9N7LeT6T+uz3hDT5vZ/nt1N+tP3yL1f+y
/A7q/2oIfM92+1k+ifovCYQPLsxi+Z3Uv1kofPTUHPjtch1WiFWq54mdnK+6v4v6X54Iv8nkIuv9
3dR/3HT4w9nXWT6Z+teeC58/5DZ8paFiB0eIVTqXiU3/qbq/h/qnxcC/K3/Aev9f6u8dD19jywuW
30v9P66Db+L4nuX3Uf+V2+C7PvzK8inUv00y/JDo3/DRcr03iFUSLQywuo0N/r7/H/UvSIWf0rCq
Aev7/9R/yiH4hNPaLJ9G/Y1PwKeMNGT5dOqfdQ7+YhUzlt9P/QdfhX+6S3w+NXaLXX6cPi8PseGe
qvsZ1P9nAXxFj39Y7x+g/pvuw9d9ZcfyB6l/52fw7ZY4sHwm9S9+C+/drDvLH6L+cz7Dj73swfKH
qb9FOfzisL7wKXLHxohV/ALFXgxS3c+i/qc0luH7E7UGs97Ppv6BNeGPpwaw/BHqX1kf/o5XCLyG
t9hWoWKV+Fix1Zep7h+l/jvrwn8pncB6/xj1d20Ir7NyKssfp/4vrOGbtZnD8ieof0wr+B4Fi1j+
JPW36QA/InI5/FK505eLVUozxIZlqu7nUP9LXeGjjNay3j9F/ce6wa8/vIXlT1N/bS/4A767WP4M
9f9vIPy1Hyksf5b69xkO/3rjQZY/R/0/BMNX7XwMvrnc5EFiFd978uevWHX/PPVPGAdvUXyG9f4F
6m8XCd9p9mWWv0j9b0bBDzK/yfK51H/yAvhJOXdZ/hL1rxMHv2zEE/hDcm1niFUSv4jV/q66f5n6
H1oFv0fjDev9K9R/0Cb4s0kfWf4q9S/bAf/Q5Yf4/ctVbOpwsUqBmaH484fmhn/fv0b9N+6F//lc
MWR9/5/6d8qAN1pcneXzqP/9bPjW1rosf4P6zzoF3yvXmOXzqX+DXPjRoeLz0Zwuttkq+XlZu4rd
7Ka6f5P6n8yDn69lxXq/gPoHFMFvTWnB8reof6VH8Nm927N8IfVPegl/630Xlr9N/V0+wJeucGX5
Iur//Bu8Vuve8M3lfvYQq0SPE1syQXX/DvVfVAFvle/Dev8u9bfSXI6/PzXCj+XvUf+LteCHGQax
/H3qP6YO/LTMsSxfTP1r1odfPTAC/rLciAlilaJFhvLPX6juP6D+KU3g077PYL3/kPr3toW/tH4e
yz+i/u/bwL/oGAtv7CD2XF+ximGa2AX7VfcfU/8VneAr3Utgvf+E+rdyhjeL2sDyT6n/jZ7w9vW3
s/wz6j+pH3z/E3tY/jn1NxgCP94/neVfUP/MEfBLlCz4bLnz64lVgm7LX0d3VPdfUv+BY+B3bT/J
ev8V9f8eDp/T/QLLv6b+66fB33t6jeXfUP+O0fDfFhSy/Fvqf3cxvL7lA/gOcnc6ilXy/sifP406
f98vof4zV8A3v/Cc9f476m+2Dt495B3Lv6f+J7bCB9X4yvIfqL//bvg5e3+xfCn1V1LhN3pWwedz
Sm6PkWIV27pi15uqPr+P1H97JvyhEq06rO//U//ux+FvLDNg+c/U/+lZ+JIWpiz/hfovuAJfLa8R
vKXckldilYBuYh85q+5/pf5NC+AbT2zGev8b9b9wD95R347lv1P/kKfwgw90ZPky6l/jLXykTzeW
/0H9936Cj//qDp8uN1nXQ9y7OEZs5zDV/Z/U3/Mn/L613qz3y6l/SaUV+P6EvS/L/6L+y2rAPyny
Z/nf1L+FHvzv6aNZvoL655nAm5hOgO8gN7CtWKXJSrGJq1X3/1D/iRbwbY9NYb2vVJb99a3hvYbN
ZvlK0ocfaAkfWrGQ5TWkj/exh1+4bRnLV5Y+/asj/HanNfCFcm/6rpG/b+0TWyVVdb+K9Hlre8Af
e7yZ9X5V6Uvt+8DfnreT5TWl170zAP5z4xSWryZ9qxnD4GufOwBvJXfBA7HKlZtiOxSq7len/qbB
8DajjrLer0H9j4XBu1Y7w/I1qf+wyfABey6xvBb1r5gJP9Mjn+W1qf+2+fBr39yBPyu3QuOuuGf2
S2x8hep+LervtBQ+Y+lj1vu1qf+TlfBXbV+zvA71n78R/tXVUpbXpf5NdsBXmVDG8nrU/9y/8Oa6
itH/fW+5VjZilbAmYu9bGv19X5/6j9oP77C/mhHr+//Uv1o2/IB+OixvSP335MBP/GzE8nWov8dF
+LjVDVjeiPq/vQ6f3M6S5Y2pf9xt+DOFzeFL5W55L1Z51EWsj5Pqvgn1b/4Q/sHUdqz361L/ay/g
f5h0Yfl61H/Ce3jDIy7wXnI1C8QqTUaJXR+ium9K/XW/wbca2ov1vhn13/8b3vNXf5avT/37VY3H
9ye2DGX5BtT/izb8PMeRLG9O/dcYwm95GAp/Tu7gMrFK1HKxpfGq+xbUv70ZfFb0JNb7Dan/7cbw
NxvOYPlG1H/aP/AfTs9l+cbUv24b+JpBS1i+CfU/4gDftGoC/G5TsdrtxCpFh8S6ZKvuN6X+Q7vD
d9u9nvW+JfX/7QHv55bI8lbUf2tf+Kmvklnemvp3HQy/akkay9tQ/0cB8KnNDrN8M+o/NwQ+9/IJ
8fuX3PNPxSq2efLnP191/x/q3ygc/lnYedb7ttT/zFR4pfY1lm9O/YPmwJum3YK3k1stV6ziVCY2
66fqfgvqr7kYvr13Mev9ltQ/eTl8v4/PWL4V9XdfCz9uZQnLt6b+r7fAx7T5wvJ21D92F3xSQbn4
/Uvu3HflsruFsfjzT42N/77fhvr/8x/8ycjKxqzv/1P/Kwfh7xppsXw76j/uGPzXw/os357665yF
1xtcj+XtqX/6ZXjbnw1ZvgP173sT3m2TDXyU3GsHxSol7mJ9PVX3O1L/T3fhAzu3Zr3vQP1XPYGf
XdyB5TtR/7Zv4DfMdmL5ztT/1kf4g+buLN+F+k/5AZ+X4wX/Ue6qu2KVyYFi7wep7jtSf5NKCfj+
xIhBrPe7Uv/s6vCalf1Z3on6D9GFb7RzFPxQucOPilUSY43lf/9Cdb8b9S83hu/iOp71fnfqv9kc
3vdFJMs7U/8uVvARi2exvAv1f9ACfoX1QpZ3pf5z2sPvzY1j+R7Uv6Ej/LnQ1fCf5S6ev1r+/GWI
DchU3Xej/qdd4R9rbWa97079R/aG/5WSxPIe1L/KAHjjPvtYvif13+UHb/chg+U9qX+PIPg+8Ufg
I+Rq/itWaXtP7M5i1f1e1P/lWPgxrU+z3u9N/WMi4Bfk57J8H+rfbCZ8YsQNlvei/pfnwR81vMPy
3tQ/LBa+MPMRfLnc/tceyc/ti/z5/66635f611oJ/3HgK9b7/ah/6gb4WmUfWL4/9ffaDm+9Qfzz
ucm9sF/+814xMxH//7O5yd/3fah/6R54Z4c/rPcHUP+EdHj/e5omrO//U/82WfAzomqz/CDqX3AS
fk19I5b3pf6RF+D3n6jP8oOpv9F1+Cv+TeG/yO01Taxi5io23k11fwj1P1wI/1Jpznp/KPX3fQCv
saMty/tR/x/P4Rs4d2b5YdR/4zv4js+cWX449e/8Fd5noSd8hNyViWKVqHFiX01Q3fen/sW/4MMt
+7PeD6D+s6usxN+femEIy4+g/uba8LtDAlk+kPrnGMCfqhHK8iOp/whT+OK9E+E194ntem6i/NwW
ifVdorofRP01GsOXeU5nvR9M/ZOawRu8i2b5UdTf1Q6+5fIYlh9N/V90hO/ZMh5+itx57mIVizSx
cftV90Oo/+Ju8MF561jvj6H+1h7w0RO3sXwo9c/1ht+sn8zyY6l/qC/84QOpLB9G/bUC4PN9DsFX
yM0JE6tMuy322R3V/XHUP2U0/Puvx1nvj6f+/2PvzKOjqLI/XuyLgIAge4gBASVpau2qjiBbEALI
MAICIjaddCXpSW/0EhI2QfZ930QUERFkF9kRRGQRI0YW2VQUERBUQBARWebVfXWTLpbfnPfPnPM7
Z/qfb6re+9z76n6r3qvXMy1dAsCXm7ObiQ+g/5dygG+ofcHEB9H/qUOBb3n8MBPfH/0XRgPfZ+A3
wI819b1ZVLn8u1S14rVi44fQ/4OTgM+pc4Ypfxj9D88Cftq2i0x8BP2vtgD4lX2vMvFR9H/9YuD3
3bnJxOeg/z1XAP/jW7Q+pRdS3b7RrFfdWlQn1rHUbwD6f2Md8Hdbla/F9Pt/9H/eVuBrn67CxOeh
/8m7gFdG1GLiB6L/J/cD37XhE8APM3Vzc6pc99ZU97W1xB+E/g8+CLx3dxOm/IPR/3ongB+TwTPx
Q9D/7T8Av6iMxsQPRf/7/Qz89qUtmfhX0f9iV4A/ntoe+Lumjkujyn3oodrQa4k/DP1fdAP4axe6
MOUfjv635WbA7ycmvsjEv4b+nykDfNOkV5j4Eej/qEeBf+6AzsSPRP8b1QDeFfABP9bUPWOpchWm
U82daYk/Cv3fGwf8kMpRpvyj0X9PI+Dnrh3MxI9B/8vbgF/3wkgmfiz6v1wB/sDVCUz8OPS/cwvg
L8ycwcSPR/9/TQG+lH0+8LKpJ7tS5bKWUz220hJ/Avo/uTPw8UcXMeWfiP436w5889z3mfhJ6H9B
H+B71voA+OGmlpKocosPmfP415b4k9H/UDrwoS2bmfJPQf8fywZ+cp+dTPxU9P/DEPDLbu1j4qeh
/z0GAv/pggImfjr6f3048KeePUbnL1Or96LKlb1FdeQdS/wZ6P+cccD/feoUU/6Z6L82DfjHh59j
4meh/8fnAi8kXGLiZ6P/gxYC//yu60z8HPS/7lLgs9x3mPi56P9Hq4EfUap0bfj9oKk146hyWQ1r
m///jdqx8eeh/69sBP7NJRVrs+R/Hf2/ux34Le2rM/Hz0f+Fe4A/cr4uE/8G+t/6APCXxzVk4heg
/6ePAF+haSLwiqnTUxLNurWg2rWVJf6b6P/Ib4FvnC8x5X8L/X/yJ+Db+J5h4hei/3t+Ab5vpbbA
zzL178ZUuWoZVMdmWeK/jf5nXgM+b3VHpvyL0P+yt4Cf2fUFJv4d9H9ZiZnw+4krvZn4xeh/x0eA
/3y6i4l/F/2/WBX4s5IH+PIy1V6dqXKRyVTPTLXEX4L+T6oNfLEjQab876H/tgTg6+XkMvFL0f8v
nwJeqzGMiV+G/gcF4LttGsPEv4/+V3EA7+89hYlfjv5/0Ar48TdnA7/R1HLV5tB4hzdQbbXZEn8F
+t+tA/Dvzn+TKf9K9P/aP4D/uPkSJn4V+j+7J/DffLuSiV+N/qtO4P8cup6JX4P+H8sAvmr8R8Cn
mup0UOWaF1BdetASfy36n+cHPmnnp0z5P0D/a+cAn5qWz8SvQ/+3DgHeXeIw8K+ZuqUeVW7wDaqX
b1rif4j+vzwK+FcXn2TKvx79vz0R+PntfmTiN6D/b80EfsPZC0z8RvS/1RvAfzXmdyZ+E/r/wzvA
/9LkJhO/Gf1/bTnwZfcXq2PwbUztf4Yqty+eqtagTmz8Leh/g3XAN8guV4cl/1b0/9MtwD9boQoT
vw391z8B/qWVNZn4j9D/0vuBj3aJZ+K3o/9LvwJ+6qXGwO80tXe5JjRe2VSqwzpZ4u9A/1OPA79i
ajOm/B+j/xe+B36voDLxO9H/CeeBP33wWSb+E/Q/8TLwt8PPMfG70P8v/gS+VvUuwHc0dQtPlYuk
Uf3FbYn/Kfrvvwu8vKEHU/7d6P+jZWbB7yd69mXi96D/aysBn32Djq9iTR00U6HKbRpPtckkS/y9
6P8LjwM/ep6XKf8+9P9qPeDfTo4w8Z+h/zOfBH7byUFM/H70X0kC/tjgEUz85+j/1zLwV+tNYOLz
0f8BzYGvtGM68DZTc45R5SqvM5+/9Zb4X6D/NVOAf7rf60z5D6D/WzoB367YIib+S/S/Tzfg+y1a
xsQXoP+3XgJ+UNu1TPxX6P+CNODnnNkEfL6pY29T5V4+STX/W0v8g+j/s/8C/oNRHzPlP4T+n+oP
/BeN9jHxh9H/YXnA/7z3Syb+CPr/xHDgS3qOMvFfo/+7xgJfv/wpOn+Z+khDqtz5a1S7/mmJfxT9
d08FPnn5Wab8x9D/UnOBf7Hzb0z8cfR/yVvA9//1Dyb+BPrf/j3gJ06+DfwaU8e/R5WrWa8u6Mz6
dWPjn0T/z68CfmmzUnWZfv+P/o/bAPyuggpM/Lfo/9Pbgf+ufzUm/jv0P3838Der1mXiT6H/vi+A
r/5hA+Adph7Np8qNbEf1cntL/O/R/0pHgOd7NGXK/wP6v/ob4DtdF5n40+h/1zPAZ85JZuJ/RP+v
XAT+Na0NE38G/Z9+FfgFx1OBzzf1yhWq3GEf1Q5BS/yf0H/pb+A3D/wnU/6z6P+R4rPh30+t05uJ
P4f+55QH/tK2fkz8efS/RlXgy7+SxcT/jP5vqgV8o7sBJv4C+t/7CeBbLxwAvG7qiU1UucpjqA4b
Z4l/Ef2/2QT4l1u/ypT/F/R/Pg987unRTPyv6H9zDfgZIyYDv9XU1AVUuearqa5Ya4n/G/r/XUvg
VzWczZT/Evr/anvgP9u9gIm/jP7H/wP4nzLeZeKvoP87XwSeK7uSif8d/U97Bfg6yz6k85epg3dR
5eYepVryhCX+VfS/RAbwasdtTPmvof+LfcC/cHEXE/8H+t8uCrxv4udM/HX0/9xg4MclHWLi/0T/
x44EfvEBWp9dpu4/a9brzF2q3YvXi41/A/1/aiLwOwKnmfL/hf7vnwH8icoXmPib6H/2fOCvr73C
xP+N/ld4B/gq3f5i4m+h/yvfBz7xGleP6ff/6H+XD4DvMKss8ANNrb+GKte5FtWP61ji30H/L28G
Pt1emSn/XfR/2k7ghx6twcRzJU3/xc+An5dbH/itpn4ylSo3tTXVW20t8YuZfPBQAfDrazVmyl/c
5KdGjgFfsMXGxJcw+TXVvwf+Yh87E1/S5As2nAO+zO0WTHwpk7/c8xLwCW+2A76LqW9vpMqd91B1
ey3xS5t85b+uA9+i5fNM+cuYPP/6HeB7fd+diS+L/j9Teg78+6nDX2biy6H/31QEfkqCm4kvj/4P
qQ78+7uymfhH0P+4esDvcYeBP2dqlaFh8/mbbj5/My3xK6D/OxoC/0OpQUz5K6L//RKBv7XkNSa+
EvpfXAa+ZofxTPyj6P87zwAv/TyNia+M/qe0Bb7L+Hl0/jJ16WKq3IrlVGuussSvgv7/1BF4T9O3
mfJXRf9HvwD8qPylTPxj6H/jl4Bf6FsD/B5Tvx9DlTt8iGrK15b41dD/fS7gt1baxJS/Ovrv8QB/
dPUOJv5x9P+R/sD/3nUvE18D/V+RC3zF3w8w8TXR/+eHAd9kBq1PF1PzVpj1km9RXXPHEr8W+v/b
GOBT5O+Y8tdG/6dMAd555Ccmvg76z88BfmDOr0x8XfT/qzeBn13jDya+HvofWgL82k23mPg49L/a
KuDze5eMg//d3dQNEarc3IZUSzaOi41fH/1fvx74czcfiWPJH4/+v/gR8CXeeIyJfwL9//NT4ONa
1GHiE9D/ufnAO75LYOIboP+Ow8D3ePVp4EeZ+tU8qtz5FlR7tbLEb4j+nzgJfDBeZMr/JPo/6Efg
J+x0MPGN0P96F4FfktYa+AJTaw6mytXNoDozyxK/Mfq//XfgPymRypS/CfrvvAn8t4u7MvFPof9c
8bnw+4l2vZj4p9H/t8sBX+2ck4lviv63qQJ8s7GZTHwi+v9jTeA7PhUA3mPq8rZUucGT48z/foYl
fhL6PzIe+Iz9OUz5beh/oybAD88eysQ3Q//3NgP+jQqjmXge/c9Sgd+4chITL6D/5VoCf6jLLOBv
mboqkyp3bEOc+d/PsMQX0f/3nwP+t0tvMOWX0P9OXYAvN20xEy+j/7/0AP5JcQUTr6D/k/oC3+rQ
Oibejv4304HvE9lK5y9TK06hymkFVFcctMRX0f8CL/A51Xcx5dfQ//4R4Kdv2M/EO9D/qoOBX9nz
IBOfjP6vGwH8vhvHgb9j6sSqJ2i83BtUz9y0xH8G/e8+Afgz835gyt8c/f9jOvB3k39m4lug/7Nf
B772N5eZ+GfRf20R8MqQG0x8S/T/+DLg/xnH1Yd/99nUeI0qVxBPtXOD+rHxW6H/A9cC791Rpj5L
/tbof53NwI/p9ygT3wb93/Yx8O8Uq8HEt0X/++4DfvuiOCY+Bf2/8yXwx9s2Ar50CtWqfalycirV
xZ0s8duh/28dBf6PM0lM+Z9D/1ufAr7yaIWJb4/+nz4LfNPGLZj4Duj/iN+Af25fChOfiv43vA58
mqcz8K+bunkkVW5qGtWSuiV+R/R/923gh5TvzpS/E/qfUWoe/H5ieR8mPhCNJLn1tGhmksiLdoHn
xe6CJgqy9lKSINklpVl6MOoMhgLpznCm7vPZ/hUO+DnGD08+dlkGJZ97VZHsAicooqKqqiQopJ+g
qgLPxfPcf+ETDUdcofh4LhQIRP6vfv+p/f/pZ1BCIDshORKK6okJvoBbT0hOII4nJCZ4XWm6lx7F
+G80BFxucl7Pjeghv8tLzuihUCBETpE/0wOhkJ4e8evhsDNNzwiEdAwe2+LKICw2eHxBr+7T/RFX
xBPwkzBdXkxNSW0d31oPeVze+PRo1w6947v26Na2Q3yGJ1d3J+WQMIFQfEbU600KewOR+JAe9Lry
SHbjyJnjIpw/QgL5czxuj8uZHg1m5TmN7k6jA+mXSa6wKA+56ZO69XpeTpL59m2MKL6EZIHXEhPc
IU+OMU5B4iU+MSEU9Uc8Pr3wOBwJ6S4fKY4nEPJE8hKSk0QS2htIc3mNfiFnxJOe7fSHjWiiTEcH
BzyBB7hCvmgQjhITguRSA25nlLQqxrFbd7m9Hr9edIaULhBy66TwIu8gobI9waBxpDoEw6qoPz3L
CTYQgHQ38pMn2zwIRFz00guz+zzhsG45coZcEePS4DKdxjMRcUYj6aRMxryQJPBJMDMki2KyJNlk
h/pSAu2q+90P7SjbRLmw4wCXYQAEhpqoDt5hVyRFIsEESRUc9ph+RlRLL5lEEmVFkxWj8EYQuFyo
0KAEv1kXn8dvXJQg2FS7ROqq8KRBkGWbrAk8fohLQYfRIIuCTXMoxqHDOFRlm8TLDvxo0OCkTZrN
IYqxTT5X7oMahhTaESSeecLkln7oGO2yGjtGyX5Pbhyjqjmsg8fRiry9sEGwjlYThNimotFaGsho
SS0z9YgxWvfDS8rbeIfKWz5YXt4GzwqMlvwt2C29BHO4RovqsHwKx/vANhjwA1qGWG/3hwxWFBz3
JaOD5WXx/uugY+eVey4Ra63YVMESUC0cu0YKo8UyeGfc31A08nTjDn/AwBVyNwrmSO02WRZjc9rN
cdptGiHuGwxkVOXYBilmlA67/KAC399QNMpIAKeBh92+gmC5fcWH3b6Kes8zBbeiZCNL/4NvX8km
aNp9g72/gQxWz9XTHzhCRbXZoWjGAAXFYVNl2RyVYCeDcqC7gl2yaXJhejyElPQAahLR/elkFQkF
fE7zkXlQVkEVbAqvWi4LKiTxik1RRevtbzQoGk8qKd9fIbtktzx1YlGF7BK5OFnCupiHZJjp3gBZ
cjI88Dwboyta3F1kdDYI5JDJ+5Wi8JpqzLjkwpzBIFnyHLbC84riUBwaiZ8Gk7AoiMYsp6iSQ9Q0
STKuKtMZ0jOK5mcyq5Ap2qFpmrHg0DZVFu2qokl2TVZ5yUEa9GCYBiSPnU0xVrWwx+0M+ehZybhX
RE0ht4txK0mSgD3IZUIPzW63OcgMI5NcqiSKEq27c4DHHcmiMXiBxPXpZN2PPU0WDtI1Ww9GnPe3
8Tx5hMBGWA39TqOfcShYKxoIRx5aUrIOi3bZrhjPf2xJi85LGi/YC0sqaOQeJBesyRopqkwu7P6S
yjwZgizwit1aUrsgSrIkORyyGFtS4xXjnoLK5GYkdRKI47JCHlfl3oKqvGAjUwsZokOSFYlcxr0F
FR0PLqjduNKHFVTWoKCKGFtPxbhBIwMCpJAef8RZVMaic0WVSyJ3I/GMzDOiQ1I12ViljUc9GiGv
ZMQOvyecZbz/CLGn07Oi/mz6zhPbNxQ2XxZIy5Dy3P8+sR/W/Z/LTV6Jw65QHsNO8D/s/0RVuWf/
Jwoqr/5v//ff3v/puR5jnnGFYRsW9mSSXZqx4xsQCGWbuz7cBLqjxoYndvPiC+MxOSQ93XqGK+o1
dlvGCbIr80Z1eDThMOTyZ8IC5SXpInA+k2SO6MZBkkJmijDZ8fjdZF+i94+Ss8bDbjfC43nY1RhT
rDEZymQCK1pxsYsr3ZgBaB/jXiarFKywGplQaRtZz40/AvDWaLQZr/KSQFYyOy+QSSzq98CmSZAk
3LI58RxeOfnbeNUKkOfC2L4UnuRN3DjjNABRJG8kskAeL1E1JnLB0qFwtEY/sl4qdrLfIYuGZCwa
Rj9SYTLXuvzGWxt5X1DJ8kcGSkquiLE9jNcQ1SaRtSbm3SG2A7zXqDaFXKIsx3SIZHgDQWOc5A3T
TrZbDs3uEO0Ohcy8mWl4EX6yi05MyAgW/UkgaDTiG1tjlQzaQTZ1Klmc0vKIoTGtvLFkhPy6N/ak
YZhnoA4vU8YfsY7LvPEKB2dJeaKG4fSU10s23q6Qy2e5QYp2NpYeiJpnva48PQQXSo+zPG637i9s
HqB7MrMiThh74ckweWcnGyR3YADpmOHyhsnjkkN3d9AEl2GeIDdfDiXdeo4nXaehnOSlP5DugnGS
W1bTjC8FhpjfRfCgTr/L+HrhoV9MGF2iUY/xHLbv2iNJtBOf5LS0JMXlykhS3bKcJOlpYpLuUh12
F3HO5RIIlRHSdXLj+Aq/jyEVJC8lmgSbFfrlAGkm5wVJIU+IXZVIYdKjbpfT/MbDaUz58JCY33xA
I/125L62cJ7f+DLA6JICl98tnazUUa/exniT8vgzu5EO8U3jjQ7d/s3euYBFVa1/ONPMJjMtLe1o
rchOWDDM/YJyFBHFQuQg3vIyDnOByQFGZjAsPGFRUVF5wUtqZmqpZUlWZmVeSks9WFRmVFZUlJaW
VmRWlmetb30fzvJW+9Tjc/7/B556Xme73r33fL+911577U3BDIpYkFdUWMBTZjAzxHxuTx6DoyNO
9jj8qI3k8bWmDO2bnjzE1S+1f/LQ9GzXoOTsNBbbP9NsimMFhSy7v9nUgyt5MFKLcRqdJjEwc5ud
og4hUTij2SEO6PwQnW+uSB7fB684Hj1iDkr0SvLIhi8pIs0J+lwyyaajXt4Yydmg4+c9TDa93ewQ
8x5iGuNkrfjw3mS3iFaihZju4a0SRF8bDrk9vgSYtooXReMHdyjhv79Qe8ITY0467vkTq83zecbr
g4W5f/b6z3sfQ9T138qv/yarrXn+97T8NOXJwsX5+YL8Sh3wNg+Tm8f/Jzz/+SVB8zOg3zn/jWaj
8Zjz32A1mJvP/9My/tcxFiPHHey4Zz3i7+RDISafCokFgXBhEB/VcLOQX7Zg8dGbBBYTpUc9SWAn
uAYarpfNmp4inKiRjRqJ+xOP3B8DLBH3Cy75PMgVznPzy4ZYg8PKB0Amg81tsDkMDrvH7DP5DOYc
tz/H7jaZ+ADc77b7TXaPz2H3Oy1+g8Ht9/iNPo/F7TEabB633Jobnj/x7eXni2Eqi7H4bVa/0+4x
eq1+u8Ho8TmNRr/d63U7/MYco9/sN3jsNqfZg19cPm9h8IgFCoRPfMQSWBD11IdZDQa9XKo8+4la
LvbDXSDKO4p/5AtOPlTIKQ4EvQnw4CzBV+IWz9fCCaHisCfPVVTiyud3ZQFXKBBCz+UrcZ3gL+Fb
8M3EB+hPJ99gZGICH5C6II1AQag4kpA9rKDIZTcbLC54cufKzejrShnKd8gVNoQM+jxr0+rz6U/G
pkVFRxdxjpFp0HXKJcZu0aM1JoZkusnNXflp6f//+Kjvj4//jIbj+//m8d/pmv+hZ8Gyp2JRj5qZ
eLDBjj5sZuJpM4uBASL/JCaNmudT/7+f/7knu//7433A747/TJaj57/NLuZ/rSZT8/l/Wu//EhkM
1djNGqd7cbIVZ2ePm/yl6S1+nP256Y3cUz2H+MsmUXJPNYkiZyKPn4I8fuIxeorxuGlC0cDrE7Nn
XjHnSdOPJj5a4gVUpyz5pdHJzwaHmE1VJyZNBrPDYjbaLWISEbcRtVachDQfM+XqL4Khvk1MODZN
3eJCs95sMzqdNvGmgpx1O8Xk7mRd1JHj5XcBjA6bJHCZOGSSeF1gHi+cZDRa7AzfREpy6m02K8MJ
OPnRwqLmwnlrh97Ojp8dx784Zq49ycDErUESPrFoviSdlv6fnxF/0fjPbLAd1/+bm+//T8tPxBWO
g/MsLups04nXGixxRt57GE1OvcVm15n4Epv4FCdeBuEDQZ14f8fetMThMOosevEgiX+CJVaTzgoL
nM44p0Pv5J2LzibXaxKtTHp+/6yzy/Uarfxfi5g21zmgjcPM/9GLFyB0Tty02JhNb3dYddB/xDnE
mux6i9XcfMaftvMfZgr+2vs/fuYbjjn/eXNb8/l/On76B4I+Jt7lLhAjiESWZ9VlioizSlhmIAQj
qlGGMYmsv5s39PIrOAv7Iiwsn+kFCnKZO5hbyEIBLzOanWZzHBMjQMZPeVbkixQXFTAxX8fijYmM
X7LZYN69wNwhKyiMMP4hPxCJ+Lwn3mTTSmGTbr946ycySexCSuZQZjixNNwdiDB/YZEczcaLp5EM
Xi7SZRWLnSnwB3IT2QC+goFexm93r2CFfhbCNYSZ8cRrPboyWBfLC0ROUia+5UiRuyAs7qrF9zSy
4rAok5+XT0yzsr90Fk2XjrJ8agOl5YVzTxIDsYSUvky+Ey6+aEpWStOn/1aT204fnHLdkOzUTCam
hpN4/8Ci3u1PCrnDYUZzCElWk5Hh/EGSxe5k4g1Geqs0CV7o5KNJJqcgkqxOa4IYSZ+4tNfyyotK
ivr5eJXhua2uYCLvi1z+/IiAJ1gY9iUy+Qlb8ANUYBLPsFDshk5OKluMeovJZOHjU1iD3hMKJZps
djHtmDI4Y5RRvOrIxrBRGcPSBw/Qp2RmjmFDIciT5ycnXGF1CfJAkx9c8oN+kjs/CIcmLMVjsVie
D8peOe12GNC68twF3qCvCHbOYqEdMxuO7ljqiIHZrrTkjH7pqVl8IVg3uiOePG9h7hiqABScn7yF
4gQo8jFz1NbMRqvdEVUDs9khapCalXW0BsmpWQOT010jkweluzKTs4akZrlSh6VmZKvlOdpDiKOI
yW/LFyX+2ZLF5vDV/RVr6nH0e9tMZrPJyvih7+adSxi+upFfAJtqbBZfHI53vTz3skaMwd9CsetN
bjY4Pis5g/mLC+D1IXeQhUPBQEQftQWzwWE0HLsFi/HUW+B3NbgV6pN+d5U2m9ZVshsDkTw2NGVg
fGFBPPxV9EYsNqfFfMxGjA7nqTeS3i8zRRxuhcW5ebzngq6B8Q4vJxh9xjlsTqfdzCA6fR7svTXq
jIte9aDUQf0HD+aHGDQe5MsvLJrUn1+C+eWF97/x0IPjGzXQedmcdr3dZGeDAn3hHIv+tSEPP4/4
HTArzLmB91Is1lBit/gtNo9BvGNl6KE/ZgftjB6HyC9vsf1OaNhdJTJ+iZFdlKivb0JKoc/vTxbX
x6YzzsTvsa0Wh02tL+94zKfeRIovGOTXKgNLZNk5A718WwY2yBcpCnh4LeDNGpYqemmW5Y74GPzw
JvByMouVf5PSFzr0QYFwvugg+Kl63BLR2ePCbHGrDh/4yKzHMbtvP2b37fyo/KO73/TTtPvZfeEq
I/dS7nqsuk/Z0fskPhib9siuN5osvBf7P1pQ3H3T/1ZBnVbeAxy9Joiz/xTXxRNdggXEmdB/UDYT
FzvxexNs1DHPG5suUHRhMhrjWNAdjkBvz8cj/CwKhFlCJD/UfIf3P3L/lxPQ/Ou/p77/M9rFLwGp
9398mdHafP93On68yFkjknTzxf//5NdpU++C/17Cc5INyH3I0S8A8dfOz/AhV//UD/z4BQ/Idr/z
0/T//0XunJsO/oDeD2vyaR7iYM9s8HPql2ny85AXfTgK/MlTqjX5AaTtXx7w58Ss0eTfgBx22Xjw
V72yXvqbkDXIWuS+jUr9xyMnbigCf7v3NdkuDxlCRpBVWxU/SPm7bwJ/z1lvyHZtkO2RHZGWNxU/
n/I/81bwWy7dKdstQ1Yjn0HWnjEt2qfeZOfiu8DvlvaRpvoVUv79poHv+PJzTX6I8v9iDvhD7v5a
kz+B8r9zIfgF1/ygyS+i/GOXgV9Rc1iTH6b8t64Ef3F+q2kyd2QpshxZ01qpP/Vps254Dvx17drK
du2RnZFdkWntFL+Y8j93Pfh1Ky+U7aqRa5BrkQ2dFJ+eIexc8Sr432f+TbbLRo5GjkOWdVP8Gyn/
Qa+D3+67GNluh1VyD/IAcoRD8Uso//3vgN9jxtXTtNR/EuU/9UPwUywmTf5NlL/xc/DHvuOUfh2y
HtmAbNVL2f+bqY5v7QN/0sRk2a4EWYYsRy5JUfxSyj/cCH7VxQMxdyRDdkemX6f49N7V6o6HwX9y
TSbmjdyE3II8kKX4/6L8n215rvC3jhwh2wVvxuMXWY5snKz4t1D+w84Fv+Fnl6b6l1H+hy4A/8i8
XE3+FMr/gUvA75JUqMm/lfJPjAHf8tFETf5tlP8HPcAffMu/MHdkBbISWV2m1K+c8i81gn8DuwPz
RsYhDcj0CsW/nfLv5gS/fOO9mDuyBlmLbLxf8e+g/Nf1Af+hnJmynRcZRIaQc2Yr/p2UvysN/Bda
Poj91Ubcb6QDueIVxa+g/Ftkgr9jyRJN9b+L8l80HPz9qSs0+XdT/iku8HW7n9bk30P5N/jBv7Li
RU1+JeV/ewH4vXu8osm/l/L/+0Twr9+2DXNH7kDWIVttV+p/H+X/2mTwi8e/hbkjI8gSZNUOxb+f
8s+7Hfypbd/H6xeyM7Ir0rFL8adS/rp7wX/siU9wv1tPl/0uch9y3DnTo/1plP/jVeBvzvhSU/2m
U/7p88Gv339Akz+D8v96Mfi/TD2kya+i/O97HPxOpjOma/FnUv4JT4NvePtsTf4syr/2BfCvi5wv
/RJkGbIcubCDUv/ZlP+El8H3d7pYtuuMZMjuyD5dFH8O5X/hNvDLVl8q261BbkBuQtYzxX+A8n/m
TfDnDf+7bDcCOQ7pRdb1Ufy5lP/Q98BffSheU/3mUf4H68GvfcCqyZ9POczeA/7exCRN/oOUv+MA
+K139cM6IQ8gG5GdByjffwHl/96P4F8+OR1zR1YgK5HVGYr/EOV/0xHwe16ajbkjY5FxyLRhir+Q
8u96dlvhD1s/CnNHbkHWIPeMUfyHKf+X2oE/YZwHt1eOxxsyDbnhDsVfRPmPvQj8yhbjNdV/MeV/
pBv4jy4q0uQvofwXXgn+xpSbNPmPUP7J8eDvapiiyX+U8v/UAv6Pt9+FuSOnIquQa+9R6reU8r+t
F/gdrpqGuSMNSAty9AzFX0b5X9kP/LgtczBv5A5kHbLVPMVfTvm/eh34AwILZbsgMoIsQVYtUvzH
KP/cIeDn6JbhcbJVshZZh8yuUfzHKf82o8AvfXylpvqvoPyX54A/O/05Tf4TlP+1N4C/6ut1mvwn
Kf+9E8Cvue9VTf5Kyr9yEvi7E17H3JEOZC/kiFqlftWUv34K+Ge++Q7mjtyFrEe2qVP8pyj/NyrA
71b0IeaOLEWWIZd9rPirKP/QVPDtF34u23VEdkUyZJ/div805d9hDvhZz+yT7ULnz8DrpmQlstUF
M6L9Zyj/VQ+Bnz+0UVP9n6X8hywFv+LgL5r81ZR/45PgL5rdcoYW/znKf+Zq8F9ynKvJX0P529eB
X/eerM8Zu5ANyD3INp2U+j1P+ddtBv/7my6R7UqR5cgK5LKuiv8C5T9pO/jndY2R7RgyFhmHTO+u
+C9S/pe8A37sSz1kuw3ILcga5L5rFH8t5f/iLvBTxhplu7X90UPuQKYPVPyXKMfRDeCPPeLQVP91
lP+ve8EvWdhHk7+e8l/wPfgzktM0+Rso/z6/gP/kp4Mxd+Q+5AFk+yzl+2+k/D858zzhb7ltOOaO
rERORVaPVPyXKf9bdeB/1t2FuSMNSAsy2634r1D+V1wA/m+b/bJdsBKPQ2Q58vB9ir+J8t/UBfwu
uQWa6reZ8vddDr65zURN/quUf+se4Gcsn6zJf43yX2oAP3Dt7Zr8LZT/QAf45XsrNflbKf+veoO/
oLIK80bOQc5Hbpil1H8b5X/PAPCfj5+PuSMdyF7IEQsU/9+Uf9xg8He8vli2q0XWIXchDz2i+DWU
//Zh4O8vfFy2CyFLkKXIrm8r/nbKv2As+Od0eFpT/V6n/M/3g9991Qua/Dco/+p88HsPeVmTX0v5
ZxWDf33jVk3+m5T/96XgR2a+qcl/i/KvKgf/ftt7mDuyHzIdWfmBUv+3KX9rJfiPvVuPuSPrkQ3I
Mz5T/B2U/84Z4G8q2YN5I8uRFcjqrxT/Hcr/xnngf9zlAB4nyO7IWGSoc1W0v5PYeTH4P7/wo6b6
vUv5P/8Y+J1GH9Hk11H+o1aBn/Br6yot/nuU/+Hnwb92QTtN/vuU/4Mbwff1vkiT/wHl/4+t4JfV
d5N+A/IA8hByBFPqv4vy/7gW/LlTrpTtypGVyKnI6qsU/0PKv6wO/Gdj4mW77sg4pAE5IkHxP6L8
L68Hv/YVi2y3CVmDrEUesin+x5T/y7vB3+vtJdvVZ0g2Ig8jg/9U/HrK37sf/LNa99NU/08o/7N+
BJ8tvU6T/ynl/+hv4PdMGyL9dGQ2cgSyfKiy/59R/gNat4P5iy+vl+32IRuRh5Cdxyh+A+W/5zzw
Q3fnYO7IKuQc5Bqv4n9O+d/VCfx7rrkBc0dakA7kuKDif0H5X90N/EdrJsh23irJCLIUuWeW4u+m
/P/dHfwN+ZM01X8P5Z8fB/4H7aZo8r+k/NtZwD+4skKT/xXlv7In+B3+OVWTv5fyz0wB/5rvZmPu
yMNIPhCR9xVzlfrto/y/vRb8/jMewtyR85FLkBseVvyvKf/pWeC7LUsxb2QfZD9k3nLF/4byN18P
fuk7T8p2dch6ZAOy1VOKv5/y3+EGf9bE1bJdx/exH0LGIZfsUvwDlP/EAPhPXbxOU/2/pfwvngB+
zZrNmvzvKP81JeDvHrldk/895T+yDPwWv+zQ5DdS/j/fCX7X+bs0+T9Q/vPuB9+e1IC5I9OQ6cjQ
F0r9D1L+vWaDn/XRXswduQe5D9n+G8X/kdbz4QLwg7d8L9uVISuQlcjqHxT/EOV/y6Pg38l+ke3W
XjZTXneQdci0mJnR/k+UP3sS/EUbz5yppX4/U/4bnwV/bY5Ok/8L5Z/zEvjvtrxAk3+Y8m+5Gfzv
lnTR5P9K+S+pAf+8/pdr8n+j/FN3gH/V7ljp70EeQDYi21+j1P8I5f/FB+D3rTDIdpXIKuQc5BqT
4tOOXFTxGfhjejhkuzikBelAZicqfgv0bT32gl+yrTfu9zCsw3DJNsiykYp/JvrDtn0H/vTxAzTV
ryX+YeL4n8F/ou1gTX4r/MOstmeeD/MXTwzT5J+Ff1j9xDngf5YxVvqZyBHI0cjSccr3b43+zowO
4P+634f1Qx5CHkZ2zlP8s9E/uL8z+J2n5WPuyPnIhci1hYrfhvKfxsA3m4oxd2QvZB9k2gLFP4fy
N8WCP+jtUk3101H+byeAnxcp1+SfS/lH7ODf1qlSk9+W8u/UG/wFq2do8s+j/Ff3B3/N8Hma/HaU
//AM8N8+tAjzRrZZjOc9MvKIUv/zKf9DQ8H/5oHHMHfkEuQy5JYVit+e8p87Bvxzeq7C3JH9kGnI
vGcUvwPl39MH/hW7npft6pF7kPuQbdcq/gWU/64g+P+YvFG2m/op7j9yBbLr54p/IeU/OQL+yEu3
aqp/R8r/0lLwI+trNfmdKP/1t4F/37g6Tf5FlP+4e8Bf3qJek38x5d9iBvibFu3GuiFXIKuRdV8q
9etM+S+eC/7HKfsxd2Q6MhMZ/Fbxu1D+/RaB/1PDQcwdeQDZiIz9SfEvofw/Xw5+xzt+k+0qkFOR
Vci1Z8yK9v9G+d/xFPgJV7WeJfc7VnI00ousu1rxu1L+Vz0P/sAt583SUv9ulP+WDeB7A500+ZdS
/oEt4N+i66bJv4zy19WCP/fx7pp8Rvn/h5L7D8oBXcM4HlpaQhRCCEWRhKSIihBehNDSJjaE2KRN
FIoQG0KUfgkhK4SWEEIIoVYRYkN+hxCywplzP9c94/nz+es7c+b5zL7dl2WOM+dNu0U+Q2MhvCvq
jnqg4ZbS/dry/sP/JX/9VQ/xrgKtQqtRExvJt+P9Xz8h/2JtH/EuCo1FE9CcvpJvz/uve03+J6sB
4p01ao86ol4DJW/C+1t9JN+mYKh4lz1JNB8tRjVTJG/K+xd8Jd/bf7TS/Tvw/v4/6f3fj9WfoOQ7
8v769cn7ZUxW8ma8/98G5FePnYHdUS/UG42YJf385rz/OCPyOz/6YXdUa66oNmoyT/KdeP9P7cln
xwRhdzQZTUHzFkq+M+8f25n8XdtQ/Prdic+P+qAluyVvwfvb9SD/4fZKpft14f3v9CavF7xOyVvy
/sH9yXc2ilHyXXl/o6HkB55MUvJWvP+pUeS9PHcp+W68/6RfyAd/3we/X1QH1UXN0qX7d+f9tSaT
35z8N/ZG09B0NO+o5Hvw/tt8yKc7nRTvnFEN6or6npa8Ne/f34/8lYc54l0ZWo5WoNnlku/J+z+a
T/7Jsjyl+9nw/uFLyNcwLVTyvXh/05XkW164q+Rtef+La8nbTH+k5O14f5/N5EfpvFTyvXn/n5PI
++55h93RLDQbLa2U7t+H9/9rJ/kVQ//D7qgb6o4GVEvenvcfto/8tpc1YsTuaCVahRprx/zo+/L+
5RnksyJ/Fu+i0Fg0AS3pLvl+vP+aLPK3ujSKUbmfA+9vmUP+7TVDJe/I++dfIa/rZ6zknXj/uTfI
d2xkpuT78/6N75J3OtRVyQ/g/Q8/JO8xppfwbqgX6oOm2Un3d+b93V6Qn1/ZD3ujWg6i2qiFk+QH
8v4f3pLfsGkQdkeT0RQ010Xyg3j/zZ/Jp9mMEO9sUUfUGfVxlfxg3r9XjUb/9xdvjRXvfH1EQ9Bw
tHqm5F14/9s65B8G/ap0/yG8/0I98l+bT1XyQ3n/lobkm53wFT4LzUFz0WdzpM8/jPfPakO+u0cA
dkd9UF80NlDyGt7/147kh38NxucPEdVBdVHbxZIfzvt/syTvk7QMu6OpaBpauFzyI3j/rTbklzr8
id8n9olWoFWod7rkR/L+jv3IJ5ZuULq/K+//cCD5zLA4JT+K9182nPyNdtuV/Gje32Qs+Vfn9ij5
Mbz/eQ/yOlMPYnfUDw1Akw9L93Pj/ad5k29f+xh2R/VQA9T6hOTH8v51fMn33Z2N3dF0NAMtPCv5
cbx/6jzy7i654p0GdUPd0dDLkh/P+w8JJj/v+XX8+/4ev97RZNTwo+Tdef+XS8mvXX1L6f6/8P6R
q8mndv5XyU/g/btsIH8u74mSn8j7X9tC/v7s10reg/f/fRv5zw0+KvlfeX+9PeT1079ibzQLzUZL
v0v39+T9D6aTtxz1U6zYHfVAvdCIOrE/+km8/+hM8kPe6Yp3lWg1qlVf1KSh5L14/8rT5L03Goh3
VnaizqgLmtNH8pN5/00XyS+2NopVud8U3t/mOvktRe2V/G+8/62b5DMCOyt5b94/6D756816KPmp
vH/zJ+SfZ/ZW8tN4/+OvyGtP6I/dUW/UB41wlu4/nfef+IF8my9DsDuqPVRUBzXTSN6H9/9aTd4u
YZR4l4ymomlo7hjJz+D9k7Qb/9+79f1FvPPzEw1HI9Fqf8nP5P0ddMn/ft9L6X6zeP9SffKrl/go
eV/eP6wl+RRjPyU/m/dv15786TPz8e8Jmofmo1ULpJ9/Du9/rhP5O1OWYHfUF/VDo8Ik/zvv792d
/IdaK7E7qovqoRarJO/H+9fuTb7hzrXYHU1HM9Dco5Kfy/vvdiLfadBmpfv58/4uQ8gPfJqo5Ofx
/s9dyXtF7FTyAbz/anfyC833Kfk/eP/OXuQ3Xc5Q8oG8f9508umzsrA7GoKGoiWnpPvP5/1n/07+
im4O9kYNUSPU9oLkg3j/hvPJP953BbujmWgWWnpV8gt4//TF5LVG3hDvXFF31AMNL5L8Qt5/1Ary
LSvu4Peranxu1ASN/Sb5YN7/3RryPdc/VLp/CO+/cRN51+4vlPwi3t86kfysG2+V/GLevyiF/IqA
z0p+Ce8fmEY+uUmNLWJ31Bg1QR1rbfnxfqG8v2EG+RNHdMS7TDQbzUHL6ko+jPc/doL8zfF64p07
6oV6o5GNJb+U959wjvzbqmbiXTWqbSiqg1q3kPwy3v/LZfL14trgczuJFqIlqMZZ8uG8f8I/5Dv0
6bhF5f7Lef++d8g7lVgq+RW8//0H5D0W2Sj5lbz/kufkA1v3U/IRvH/bt+TXnx6I+6G5aB5aPli6
3yre/2wV+TSv4dgb9UX90ISRkl/N+/+mpU9/f1FjLHZHdVE91Gq85P/k/bV1yD/Y7iHepaBpaDpa
4in5SN5/Z0Py1QO8xTvbBaIuqCuaHSz5Nbz/oGbkmz2epXT/tbz/09bku62Yp+TX8f4RHchrOgYr
+Sjev5Ml+em5S7E3WogWo1Xh0s+/nve/0pP80hmrsTsagAahsZGS38D7+/Yln1B3A3ZHDVBD1Dpa
8ht5//oDyR/duwU7ncLnR0tQzRnJR/P++zXk/9FsU7rfJt5/pBv5V69Slfxm3r9iIvk669KVfAzv
v/438u2sMpV8LO/fYxb5vgWnlfwW3r/Qn7y7/0XsjoagoWjyJen+cbz/HwvJ++tfx+6oEWqMagok
H8/7N11Kfk3GTfz5hWajOWhZseQTeP+jq8injr2PP79QL9Qbta8d96NP5P3d15M/+/Gx0v2SeP/P
seTvxbxS8lt5/7hk8lW2H5R8Mu9vn0pe/061kt/G+987QL5LsHacit/O+y8+St7FSFd4Y9QCtUbd
Gkj338H7tzlN/reT+uJdNpqL5qEVTSSfwvtnXyC/2LNlHL5vS9QH9UUjW0l+J+8/+Rr52O/t8PO3
F9VBddHsYZLfxfvXvEn+cHInpfvt5v133CN/zam7kk/l/Qc+Jv/8oZ2S38P7PyknXyvcScn/xfuv
rCTf2nSIkt/L+5tVk7e74Ird0UK0BDUbI90/jfe/VMuA/v5iujt2R/3QADR6guT38f4z65Gfo+OF
vVED1BDVTJH8ft6/nj75VXumi3dpaAaayf95mOQP8P5pLcinDP1d6X7pvP+IduRPvQxU8gd5/zfm
5G9HLlbyh3j/qG7kK7usiMP3bYk6os5oZoT08x/m/bvZkW94fU0cvm9LtBgtQavXST6D9//Hkby5
3ybsjYagoWhKjOT/5v3nuZB3bpSI3VEj1Bh13Cr5I7y/gSv5SYdS8Ov0oqgt6ohmXZL8Ud7/7/Hk
F45JU7p/Ju8/fhL56MrDSv4Y7181jfyBTSeU/HHef8sc8pdtzin5E7x/70Dyj29dxu5oKVqGal+V
7pfF+99dRP570D/YHQ1HI9CMQsmf5P1DlpNv0eIOdkdNUDPUtUTyp3j/VmvI9zzxADujOWguWv1I
8qd5/1PR5F09nuPn140X/3spWon6NIz/0Wfz/l4J5Gd+rVC6/xnev0YK+eVJVUr+LO+/fS/5ZAet
eBV/jvcfcJj88dI6Sj6H9y87Tr4oTNxHKwvNRfPQ8kbS/c7z/svPkq9o1ywe37claoFaoe7NJX+B
9+9wmXy9nNb456L5aCFaaSz5i7z/xQLyplM7YGfUDw1Ao80kn8v7z7hN3rG2Jd6NFk1B01CzsZK/
xPvXfUB+4u6eSve/zPvvfUY+0KWvkr/C+2sqyEc9d1byebz/q0/k967WKPmrvP/a7+QvdHZT8td4
/651mtDfX+RNxO5oMVqCanlK97/O++c3IP9l9m/YHQ1CQ9CEqZLP5/39m5Jv2nCWeKeHGqJGqP1s
yRfw/vqtyXdL98fvO6tEq1Ht1fhckZL/h/fPMCWvGbVQ6X43eP+xXchPexem5At5/4/W5MM2rlLy
Rbx/jD35BOv1wtuijqgz6rdR+vlv8v62zuSPFMVid7QULUO14yV/i/e/PYx8QWAydkdD0XA0dbvk
i3n/4DHky5ulYnfUGDVBvQokf5v3N5pIvs6xA0r3u8P7n5xCvu2Eo0r+Lu/vOZO8/ZdTSr6E9/8+
l/z4hAtK/h7vn7yAvH/fa0r+Pu/vFEY+8n4RdkfL0UrUvVi6/7+8/8MI8ruX3MPuaAQaiab/K/lS
3j88ivxZ48fYG7VArVDNU8k/4P1NY8nfO1Mu3uWgeWg+Wv5a8g95/wtbyX+aUineZTRJEH8Oovmo
i2GC9P//5/2n7ybfWLta6f5lvL/OAfJddtZKUPGPef89R8i7DKqn5J/w/kNPkZ/ytLGSf8r7vzxP
flFEC+Ej0Wg0Fs0yku73jPdfc5V8rHm7BHzflqg1aot6mEj+Oe9vWUT+0GXzBHzflmghWoxWd5b8
C97/egn5q7O6iXe+aAAahMb2kPxL3t+vjPwzXTv4iaIhaDha/avky3n/RuXka+13VLr/K97/0Hvy
rUa6KPnXvP+YL+RtK0Yq+Te8f2XNpvT9/evHK/kK3n9zXfJzuk/C7qg96oh6TZbu95b379WYfMSN
adgdLUFLUa0Zkn/H+xc3J78jYA72RkPRcDTdT/Lvef8FbcmfahIo3hmixqgJ6hEk+Urev4U5+dtH
FuHzbhCtQKtQn02S/8D7n7Ai/378cqX7f+T9PWzJN/gcqeQ/8f5fHcibx0Ur+Sref+tg8s59ErA7
6oy6oAFJ0s//mfd3HEnes2QH7oc+Q8tRg12S/4/3fzCO/IJFe7E7GoFGopn7JP+F91/qST669WF8
zmJ4NArVuiv5at6//TTy+08fV7rfV94/Zzb5S15nlfw33n/qH+TLalxW8t95/9qLyH/fXqDktWpi
/9Rw8s2dbyv5GvA2QyLJWz8uxe5oBVqJGj+S7l8TftyLjeRHrniG3dAoNBrNfCH5WvCBf8aTn9mx
IgHftyVqhVqjbu8krw2/2WIH+fDcT/jzCy1Ei9GENok/+p/gj1z9i/zWGd+V7lcb/uacQ+SP162T
qOLrwH9seJx80d4GSl6H9z94hvwbTVMl/zPvP/oS+bqvWyn5urz/+3zyputME/F9W6LJaApa2FG6
fz3eP7qYvKNVF/HOGrVHHVGvrpLX5f17lpKfUGCNfw5agpai1TaSr8/733xK/g9/e/EuAA1BQ9HI
qZJvwPvPf0M+St9Z6X4NeX/DT+T/yhim5PV4/+PfyJ8fO0bJN+L9J9ZuRt/f/3GCkm/M+1fXJ/8l
ZoqS1+f9E5uQb2I3E7ujGtQVTfGV7m/A+/drRd7qzlzsjpahz1CdAMk34f3/NSE/LHgBdkfD0Qg0
JVjyTXn/UAvy04zCxDtj1Ay1QDXLJN+M929rTT70ZIR45x2PX4doCFqeKHlD3v9cH/LxnlFK92/O
+3sPIH/ke4ySb8H7/zSMfEHyVtwJTUPT0bxt0udvyfvvGk3+pdPuRHzfFu6FuqJBeyRvxPsPnkC+
9qP92B0tRytQ3YOSb8X7P5tMvm34EeyNRqHRaEam5Fvz/qtmkLc3PSXeaT8QNUCN0NhHkm/D+3ea
S37chfNK9zfm/fOCyM+dflXJt+X9Z4eSj9QpUvLteP8GEeR37SlR8u15/wPryJ8ZWobdUTfUHQ19
It3PhPd3jSFf8vIldkcr0SrU4LXkTXn/t0nkP0W+x+5oLJqA5nyQfAfef8Mu8o0sv4h3Vqgtao+6
f5V8R96/x37yFtdrJon/nt9BNA8tRDXmST96M96/6G/yg/3qJqnc35z3DzxJfkqjxkq+E+/f7Dz5
kEPNlXxn3j8zj3zMmLZK3oL3/6WQ/KFKMyXfhff/7y75q5uskvB9W6LJaAqa3126vyXvH/+I/FMb
2yR835aoI+qM+vaWfFfe3/4l+ZrFDuJdCVqGPkMN+kveive//458qwWDxTtvX9EgNBStniP5brz/
kv/I92oxUul+3Xl/45qG9P13J8Yp+R68/5mfyc/28FTy1rz/lEbkI75OVfI9ef9azclvT5qt5G14
/xRj8icd/sDuqAuqQX3mS/fvxfsPNCNfXBqC3dFytALVWyJ5W97/aVfy78PCxbtwNBKNQtNWSN6O
94/oRb5++0jxLmGHaDqaiZrsknxv3t/cgbxZzkal+/Xh/S8PIj9garySt+f9Z40g71l7h5Lvy/vr
jiMftPuvJHzfFn5+NAMtTZN+/n68/75fyW90OYS9UTfUHQ3KkLwD7z9iKvn9z49hd7QSrUKNsyTv
yPtX+JK/tPoMdkej0Vg064XknXj/9QHkH3W+pHS//rx/9xDy3/LylfwA3v/GMvLN5xQreWfeP+BP
8j0alir5gbx/k43kR6Q/VfKDeP8jceRnjHqD3VFv1ActfCvdfzDvP347+fB3H7E7Wo1qfUrC929J
3oX3/7yHfNLGb9gdTUCT0WytrT/6Ibx/3EHyx6xrbxV/fqGOqDPqpSP5obx/n2PkC4vqi3earniP
+qCl3SQ/jPcvySb/JrDJVpX7a3j/RbnkfzZspeSH8/6t88mbHDNR8iN4/9O3yDtMsFDyI3n//1F2
vlExpmEcDqElhBBCyP/Q0hJCbGzIGoQQQqgVkihEoU0IIXYQSlMGIYQiCqElFCG0hCjExoZQ7Dn3
87vP8Xx8Pl1f7svMe1/vTJljHm6PyZ/wtfsenLclaGgjaARa9pD2p+H+lQvJ943sI+aiQD0YD2b0
lfyR3D/mLfkb+/6K7qAj6AR6DZL8Udzf4SP5Bx4NRWewCCwGjYdL/mju/7yC/EuBo3D9vphfKGgK
BvtJvjP3D6namM6/s5igtP8x3L9dLfK/nJ+q5I/l/hmm5DeY7qnkj+P+nubkdzWcr+S7cP+aluQP
jfVHdzABTASzlkj7G8/94zuRP2NwELqDGtAZ9F0p+RO4//Du5AcVrkZ3sAQsBU3WSv5E7v+2N/k7
QjeKuTAwAtSCiZsk35X7bxxI/okOf4k5/3jBUDAcND4i+ZO4v/VQ8rOu7lba/2Tunz2S/Nez45T8
KdzfZzz5VWsdVvLduL/pVPItDp9AdzAJTAELTknXP5X7n/Agv8+Is+gOuoBuYGiq5E/j/mO9yR9b
ko7eYDlocGkP/l2s5E/n/p/8yPfelInX+3vMg9ZgZKnku3N/bSD567rlKO1vBvfvtZr8uNsPlfyZ
3P/BBvLP+z5T8mdx/6XbyH/Y4LWS78H9m+0m/+PJ90q+J/c/F0t+XZcvwncF3UEPMLxc2v8f3H/K
IfI7fa4UJbqDhpUFjUBrw6gf/dnc3+AE+YN3/BSF87YEdaAezKop+V7cPzqF/Kl96oo5O9ABdARt
e0v+HO4/MJ38gDyzKJX9zeX+z66Rv22ZhZI/j/sH3yb/aPP2Sr4392/7kPzM1K5K/nzuf+Up+YVu
PZV8H+7v8Yr8SpX7oztoApqBmgHS/hdw/5/ek28eMxjdwXgwAcx0lHxf7n/gM/k9HX5Hb1ADOoO+
GslfyP2HVWpCn188HyPmisASsBQ0CpT8Rdy/2Ih8r5BJSvvz4/7rTchf3W6Gku/P/buakb83w0vJ
X8z9s1qQf9bTV8lfwv3ntyP/Xo0AJX8p96/Xlfz3B1ehO5gEpoFWIdL+A7j/8R7k1xq+Dt1BF9AV
9F8v+cu4v3M/8tu93YzuYBlYDppvlfzl3P/DIPIHbtwh5sJBLRgJpkdKfiD33zac/EnWe8Vc0An8
OaAWNEqS/CDubzuGfP/s/Ur7X8H977uSv9nnqJK/kvsvcSf/UP3kKJy3hX2BFqDdGen5r+L+Tb3I
z0hMQ3cwDUwHiy5IfjD3T1lA/rMxGegOuoHuYPBVyf+T+09aSn7Fx5voDhpk4f0MtLgl+SHc/9tK
8s2093DdX3G/gjagvkLyV3P/PWvJ797rsdL+Q7n/gM3k//7ghZK/hvs/3U6+x9K3Sv5a7r8qmvxV
5h+V/HXc33I/+bvPVuD1Bhp9EzQG2xtES9//5/6XEshPnlw1GudtCXqAXmBodclfz/1nJpF/+7tx
NM7bEjQCjUGrOpK/gftXTyP/bZSpmNOB8WACmNlQ8jdyf/0V8n8aaC7m0u2j8f+tC+aDml8lP5z7
D71JfutnraNV9r+J+7++S36/4E5K/mbuH/aI/PFtuiv5W7h/5xfk+17ureRHcP8bb8jfMGugkr+V
+8/7QP5+o6HoDZqCZqCtk7T/bdzfpIL89P0j0R1MBJPAnNGS/xf3P2rYlD6/GDpezDmBzqAL6D9R
8rXcf7Qx+Z9fu4k53xDBYDAMNFgj+du5f2l98k3Xeyjtbwf339qU/K5dvJX8ndy/R2vyh970U/Ij
uf+9juS7ewcq+bu4v3838gPrrlbyd3P/xr3J33FsA7qDKWAaWBwu7X8P9z89gPwTo7ehO+gKuoGh
WsmP4v6uQ8i/WbpLzJWBBrsFDUHbKMmP5v4VGvJfbY0Vc1owCtSB5amSv5f773Yhv2rPQ0r7i+H+
/d3Ib5GbqOTruH/+LPJ7L05R8mO5/4p55I9pkh6N87bwfg9ag+6XpeuP4/6t/Mj3PnMN3cF0MAMs
uC75+7j/xeXkr3W9jd6gB+gFht2RfD33nxFCfmzFA1z/Q/z8Ao1Bq38kfz/3r7aB/LTdT3GfVdkr
fm8FdaB5tb0/+ge4/76t5D/s/0pp/we5v+Mu8j/kv1Py47n/Sx35Jis/K/mHuP/aePI7ta60V8U/
zP07JZI/ON1I+BlgFpgDltaQ9neE+2eeId9thomY8wC9QV8wop7kJ3D/uRfJX1rNbC/O2xI0AU1B
myaSf5T717lG/rZ9LcScHkwAE8GslpJ/jPsn3CL/qGM7PM4QQUdQA6YPk/zj3H/kA/KvveyitP9E
7v/+Cfkv1vZQ8k9w/y0vya9k1U/JP8n9bd6R3/T6ICX/FPe/U0Z+j7nD0R30BwNA7Qhpf0nc38/A
nM7vrzMG3UEz0Bx0GCf5ydzfzIh8rwRX9AZTwDQwb7Lkn+b+yXXIDxnpLuacQVfQDQyaKflnuP+E
RuRHv5+Nx9kgWAyWgl6bJD+F+39tTn7KlgVK+z/L/SPbkn/PZqmSf4779+1C/rs7K5X8VO7/6Bfy
jf3WKvlp3D+oL/ntzDajN2gJtgcdI6T9nef+LQeRPzB5O7qD6WAGWLBT8i9w/wtO5LtOiEZ30B30
AMNjJP8i95/uTL7fV72YKwcN9+P9DLQ6KPnp3N/QlfzNkQl4/7mM6wU1YFqG5F/i/rHTyY/vm6S0
/8vcf/Bs8q88SlXyr3D/Qh/ynwZeUfIzuP+aJeRXWNxEd9AKtAY12dL1/839O64kv9GFu+gOZoJZ
YEmu5F/l/tfWkN9t+iN0B71AbzAiX/KvcX+vTeQPN3yBx60ZI/7eCxaBHrVjfvQzuX+t7eR7xL5R
2t917n84ivyVgz8o+Te4/wg9+bsKy5X8m9y/5Aj5SaGGMSp+FvfffIr82x2Mlfxs7t89lfw3V+vH
4LwtwRwwFzRoKO3/FvfPuUy+kVdTMecN+oMBoK6Z5N/m/gtvkN+6VmsxZwKageagQxvJz+H+De+S
3+9wRzGXACaBKaDHKMm/w/1P/UO+y4huSvu7y/1dnpO/oKSXkn+P+38uJn/DpgFKfi7331lKvr7b
ECX/Pve3Kyf/4m2Nkv+A+/9TpRmd3+/rgu5gKBgG5k6Q9v+Q+y+vSf7nBm7oDlqAlqDDNMnP4/4t
6pNf/9QsdAfTwHSw2FPy/+H+aU3I7+IyT8y5gu6gB6jTSv4j7j+1FflDPi9S2t9j7l+5I/nuO5Yr
+fncX/cz+cv7hCj5T7j/oF7kb89br+Q/5f4v7MlPXLZVyX/G/Vc7kn+z+S50B61BGzBij7T/Au7f
XkP+y1QduoMZYCZYHCf5z7n/3+PIN5waj+6gF+gNhh+W/Bfc/48p5LeonCjmDEFj0AS0PSn5hdy/
5izye8ecwfO+IZgHFoCabMkv4v6H5pLv7HBRaf8vuf/vi8if9/yqkv+K+/+7jPy1IbfwugfDwQgw
MUd6/q+5f/if5OvaPYjBeVvoD9qAbnmSX8z9f15PfmrGE/QGc8BcsPSZ5L/h/rciyH/g+RLdQV/Q
H4x4Lflvuf+CSPI/1HgH31Qn/r4DhoLlDXU/+v9yf1Md+XXiy5T2X8L9Tx4kv+NwA52K/477jztO
/qC31ZX899y/7DT5bhvrKPn/cf/tF8hfYt1I+BrQFXQDAxpL+yvl/r2vkr81u7kO520J5oH5YLmF
5H/g/g+zyU/waavDeVt4PDAIjGwv+R+5f8B98q/V7yLmTEFz0AJ0tJb8T9y/2RPynyf+Am+CoDVo
Cya4Sn4Z908tIt9gbF+l/X/m/m4l5Df95KDkf+H+lcrI76F1UvK/cv+938nX9HJW8su5/6/Vm9P5
/Q8mKvkV3L+gNvkhS6ejOxgMhoL6GdL+v3H/PxuSH2U+G73B9qAV6DxH8r9z/7bNyT9z1kfMpYEZ
YCZY5Cv5BlXQP6MN+XcnLxFz6XsEc8F8ULNX8ivB7+HZmfx331co7a8y/LE1fiG/ZvQaJb8K/EUH
7chvO3CTkm8If5uTA/kDnmmV/KrwT74ZRr5rcJSSXw3+3Q2jyV/URo/uoDVoAzofkPZfHf7HrhPJ
33T5CLqDWWAuWHpU8o24f/Y08uNnnRJzHqA36AtGJkv+T9zf5w/yrxilijlj0BQ0AwPuS34N7l/f
h/wn+y8r7a8m909cTH750BtKvjH3H7OC/EbFd5T8Wtz/Yyj53db/I/xwMBLUgfmPpeuvzf3/Ciff
qctzdAdtQTvQu1Dy63B/Wy35s24WozuYC+aBZW8l34T7P9hD/krvUvQGA8AgUPdR8uty/6X7yI+s
W47HN48Vv3eCxaB7i9gf/Xrc3/wI+aeOVYlV+v4/9z97kvxbo2sq+abcf/I58t+U1lPyG3D/75fI
r76tiZLfkPtHXSe/Vc9WsThvS9AedADdLaX9NeL+A+6Q3ze3g5jLAwvAItDISvLNuP+zPPJdFv8s
5gLAYDAU1HeX/MbcP7iAfJ8mvcScOWgJtgcd+0h+E+7fppj89WfsxZz3NDw+GAaWu0t+U+5/+T/y
9a6OSvs35/6zvpJ/sWKEkt+M+xtVaUHn3+0ep+Q35/77a5Bf1n+Kkt+C+w+tR379JzPRHSwGS0Az
T2l/Fty/uDH5XVbOxd7BMDAcTPCW/Jbcf31L8h1bL0J30Aq0BjX+kt+K+3fpQP709GViLgPMAnPA
0kDJb839b1qTv3zGn7jf9HgdgfZgwgHJt+T+3rbka6utV9p/G+5f15784/silPy23P/Yb+TfcIxU
8ttx/9EjyH/5MkbJb8/9P4wlv8q6g+gORoBaMPGQtL8O3H/bZPKbWx1Hb9AWtANdT0h+R+7fcyb5
va6fRncwF8wDy1IkvxP3z51DvvPcC3j/AP3BADAqXfKtuP/iheTPrXMV1/9YMBLUgRZPJb8z92+y
jPw1CdlK++/C/c8Ek68beV/J78r9XcPIT32fr+Rbc/9vW8i/v6UI3cFIMApMeyVd/8/cf89O8ktt
StAdtAcdQLf3kt+N+9vHkF/n7id0B/PBAtDgi+R35/5PDpDf0e877r82cfi8X9AJTG8X96Nvw/1X
HiPfwax6nNL3/7l/69PkT0mureT34P7p58lfMqGhkt+T+8/4m/yIr82UfFvuXz2b/CORbZT8Xtxf
n0v+1b6d43DelqAj6AR6dJX235v7D8kn//kjmzictyVYBBaDxj0lvw/3f1VI/vdAuzictyUYCoaB
8f0k3477r/uX/CYtHcScJWgFWoNOcyS/L/e3+kT+LxeGKe2vH/e//o18zfTRSn5/7j+3mgWdf2c4
Ucm35/4mtcn/M3aakj+A+x9tQH7U4D+U/IHcf1Qz8s8Uzkd3sBQsBx18pf3/yv3/syT/Tuhi9AYj
QC2YtFTyHbh/hBX5JR1WoDtoA9qCzqskfxD3/8WG/JrXQsVcJpgD5oL+RyV/MPe/24f8tl7hSvv7
jfv7/Uq+fS2tku/I/RsPI3/i4T1K/hDuf3oU+YtG7FPyh3L/iRPIDy85rOQP4/7lU8k/uOkkuoNR
oB40TZb278T9d3mSf7nbOXQH7UB70C1N8odz/37zyX9y+xK6g3lgPmiQIfm/c//H/uR/9b2O+wQM
AoNB3U3JH8H9g4LIb9jwThx+bgsmgEmg9WvJ13D/VqHk/3wqT2n/I7n/xY3kO7kUKPmjuL/7X+TP
/Pwar3fQsFjQCGz/Vnr+o7l/1T3kr9jxH64f1IF6MOOD5Dtz/7g48iP7fEV30AF0BD0qJH8M9//t
MPmn8irvE73BIrAYNKq670d/LPcvOkF+9rIaYs62i6AT6AxmWkv+OO6/5iz5xc3r7VP6/j/373SJ
/OppjZX88dw/M5P8VlNbKvkTuP+cHPLtKndQ8idy/9p55I+LsVbyXbn/kWfk+zjYCt8R1IDOoG9v
af+TuL/mNflhz/ujO1gCloKmAyV/Mvd/9578fSG/iblQMByMAJOGSP4U7r/5C/kX2o3A/bYAe/AV
NASDFkm+G/e3qdySPr/IGKu0v6nc/85P5H/ynKzkT+P+i+qSX6/mTCV/Ovdv1Jj8zvFzlHx37p9k
Qb7j8IVK/gzuP749+dPeBqA7WAaWg2aB0v5ncv8vXclftjEY3UEtGAmmhEj+LO6/syf5WuswMWcD
2oH2oPsGyffg/n37k388e4uYS0gWTAMzQLsUyffk/o8Gk3/dZ6fS/v7g/oG/k19UP0bJn839LcaS
X+XEASXfi/ufn0R+s7HHlPw53H/aDPJtPyUr+XO5f5U55I/WnkdvUAfqwYyL0v7ncX+dL/lze/2N
TqAD6Ah6XZN8b+4/OID80AdZYi4PLACLQKPbkj+f+xeuIj9maa6YCwCDwVDQulTyfbh/6Dryz5nn
K+1vAffvsIX8+2cLlXxf7n91B/n/Tf5XyV/I/WfvJb+2wSe834KmoBno8lm6/kXc3/gA+R2iv6E7
GA8mgFkG+h99P+5/6Cj5DgOr6XHelqATqAEDjCTfn/uPSCZ/8rNaYq4ALAZLQDMTyV/M/UvSyF8c
3EDMhfYU1IJRoElvyV/C/TdlkB/Rpple6fv/3L9bFvlHLlsq+QHc//Y98v+eZaXkL/ufvbOPbqJa
93DFqiBwqIpYsUotRSq2IZNMMgn4AYhYEBQUsWI9ITSBRtIkJqmUA2pFRFRERISCHEAFoVCwIiAc
UCtWrYICioiC4gcoKiogICjo3fPO76XdUu+5+5+z1l335p8nM3s/kz3vb2bPTNdi4PyTO8nf1VRX
8u/h/M/9hvw/KrsuxPu2LC4HV4H7rpDqdy/nv/JH8s+/7mrkDg4EC8CyayS/nPMvOEy+vrcPfgc8
Ah4DM/pJ/n2c/9Hj5N/w6I1Wv8lgBTgLXDtQ8sdy/jNPy6K/X9gGW/3sd1vsBuaDNfdK/v2cf9eW
5I/b6Feq/zjOf0dr8ufEQkr+A5z/3Rnk/+usO5X88Zz/Rdnkf7isTMl/kPN/9TLyf7qpHLmDheAQ
cOJYqX4TOH+/k/wzDz2I3MGUCRZTwcyHJf8hzr9JV/I7THsMuYNzwXnghscl/2HO/9ke5Hczplv9
PGA3sCcYmCH5j3D+PfuQP3jbbKvf5+twHINHwPAbkj+R8989gPzSUc8p1f9Rzn/8reRPbrtUyZ/E
+Xf0k794zQol/zHOv66Y/DcKX1byJ3P+d8TI//x4rZL/OOffvIz832ZvQO7gQrAK3PaeVP8pnH/V
veSf220L8gb7gv3B2FbJf4Lz7/cg+fYvtuP6Be4F94Hpn0n+VM7/x0nkXzf2K/z+rziPwEJw0zHJ
f5Lzf2wa+cPaf69Uv2mcv302+eW1B5T86Zz/5vnkPxX8Vcmv4PwTS8hfeXqTSrxvy2Ia2Bq8PLVS
+vf/nH/rFeRvXtCsEu/bslgNLgd3NJf8mZz/irXkf59/ltWvLzgQLACT50j+U5z/oFryT/8u3eq3
FzwIHgEndJf8WZz/L+vJv/iRzEqlf//P+Vd8QP7luTlK/mzO37ud/EHvdlby53D+n3xJ/p0RQ8mf
y/mP+Y78ia2uUvKf5vwvPED+gupeyBusAevA9N5S/Z/h/F85Sv5rA65H7mAhOASc0F/yn+X8fae0
p/f3H7gZuYPHwJRBFjMKJH8e55/SjPxfnrjd6jcVnAXOBdf6JH8+5/90GvlnuYJWv8zxlfh/zC16
wIUTJP85zr9HOvm5W8NK9V/A+X/VjvxrRyaV/IWc/wMdyR+aPkbJr+T8L+lM/pjV9yv5izj/t9zk
Tx/8CHIHA2AxOPFRqX6LOf/iK8lf9tsU5A6mPoH5DMx+UvKrOP9mvch/d9ZM5A0uBKvAulmSv4Tz
X9SP/G+ueMbq1w3MB/uC5fMkfynnf93N5DfZWVmJ53SLY8BxYMp7kv8857+3kPwLy19Qqn815z8p
QL7n4tVK/gucf+cw+Teuq1Hyl3H+mxLklxTVKfkvcv53jiZ/Quom5A2mga1B/X2pfss5/7PvJ//Z
+R8hd7AaXA5u+VjyV3D+Lz5M/su9diJ3sD84EEx+IfkrOf+BU8jf9s3XVr894D7wIJj5reS/xPkf
mkH+zxN+xPWuySKrDqdaTAPLT1sk/ft/zn/60+S37HRYqf6rOX9PJfk5648r+f/i/D+uJv/qsDW+
/6m/hvP/xyry/96yJfYXTAczwPxW0v6v5fwvqCG/bGnrRXjflsVV4FpwRxvJf5nzX/sW+U/ckGH1
6w8WgIVg+UWS/wrnf/tG8pfua2/1m5tvcTm4Fsy5TvJf5fx/30r+249fplS/Gs5/7mfkf+VwKvmv
cf7dvyb/9w+6KPnrOP8vfyD//NIeSv7rnP/9h8jX2/RR8ms5/+zj5F//0gDkDtaAteCum6T6v8H5
v5GaTe/vL7gVeYMBsBiccJvkv8n5D2tB/rijQ6x+x8BUP85jMKdI8t/i/M9oTf6cmcVWv4GT8Ltg
DNw1WfLrOP/KC8hf3TWmVL+3Of8+7cnfsmOkkv8O5/99J/J/uvteJX895z/RQX6zdg8q+Rs4/7wu
5GfXTFLy3+X83+tO/lX+acgdDIMxsKJCqv97nH+0N/mDm8xG7mALMA3MnSv5Gzn/tAHkJ5+dvwjv
27JYBVaDmxZI/ibOf1kB+Y/1XIJ5EuwPFoCFWyV/M+d/0xDyF+1erlS/9zn/g8PJf2P8WiX/A87/
ySj5OzvWKvlbOH/3SPJ/rVuv5H/I+X90D/nn3vGBkr+V8y8bT769+XbkDqaDmWDBp1L9P+L8z59E
fp+qL5E3uApcC+7YJfnbOP81T5If7PcdcgcLwEKwbK/kf8z5F/6T/PIf91v99oFHwGNgbYvFDf1P
OP/j88h/6rGjSvXbzvnPriJ/hf2UxSr+Ds7/quXkb9rcVMn/lPP/fA3538fTFuN9WxbLwQngvrOl
/f+M87/vdfJPa51u9UsHM8FssG9byd/J+WetJz9zRTur3yqwBqwFd10s+Z9z/rXvk991UEerXwE4
BAyAEy+V/C84/+An5A/6xYb9HWBxFjgPTB8o+V9y/qd/SX6swq1U/684/wXfkv+I90olfxfnn7+f
/Oc+uUbJ3835f3uE/NdG91Pyv+b8H07pQO+/y7gZuYM5YC7Y9xapft9w/pc1Jf/wy4XIHawDN4BH
/i75ezj/d1uRf5YvgNzBYjAMVgyT/G85/8h55OemhK1+qWALMA3Mj0j+d5x/q3bk93o6YfXTpy/G
3/2x32DdDMn/nvOvvoR8f4/RSvXfy/kPsJE/5quxSv4PnP8BF/nTxz2s5P/I+T9xBfkvdJii5P/E
+evXkL/hzRlK/j7Of2tf8r8Z/jRyB2NgEqx4Vqr/fs5/5EDyT2lWidzB1mA66Fks+Qc4//RC8jMW
VVv9qsDl4Cpw1zLJ/5nzX11EvnHdKqvfth0W94IHwdhOyT/I+Q8eQf6Ne19Vqt8hzv+3OPnhR99S
8g9z/rP+Qf6Dto1K/i+c/xVjyX9m41Yl/wjnv/Mh8l+OfabkH+X8yx8n/6OzvkbuYAaYCfbcI9X/
V87/4hnkH1j2A3IH14I14J6fJP83zn/dXPJbDjyE6xc4BAyA436R/GOcf9FC8nMOHcNx2rrKmq/A
/mBtm6qG/nHOP7Wa/B7TUqtU6vc75z//JfJvN1oo+X9w/r1eJb9s2zlKfgp2pM2eN8mfMuqCKrxv
y+I4cAJYfaG0/6fgi/uh98hf0rZ9Fd63ZTEbzAHzO0h+E3wZ1Gkr+XVrOlXhfVuoN1gH7smV/FPx
5a71n5L/VaHD6jcELAbD4NzbJD8VX6aFd5N//LhXqX6nwV/Z8gfy0+d0V/JPh7916UHynd16K/ln
wD98wzHyr/+iv5LflPPff+ol9P67sQVKfjPOf0pz8u9vPwS5gzroASuGSvU/k/N3nkP+7NrhyBvc
BG4Bj4Ukvznnv6Ut+auDUeQOxsAkOPVOyW/B+Zdmkf/B6SOtfk3BNLA1qI+S/Jacf5tO5P+44B4c
p3MwXjB1LsbxjOT/jfN/SSO/We/xSvVvxfkXeMnP/u5RJT+N8/+1G/lXPvKkkn8W5/9UPvm35v5T
yT+b87+8P/nJd+chd3AbuANMWSDV7xzO/9NbyJ8UqULuYBk4BqxYKvmtOf97fORXtlqO3MF0MAP0
rJT8czn/dsPJr61eY/VbDq4Fa8DPX5b8Npx/TYT8nQNexzh3W6wCl4M5eyT/PM7ffxf5Rw+8o1R/
3lCbU+8hv/XU95X88zn/eQ+Q39n1iZLflvO/5lHy+2z9Qsm/gPP/eir5gZHfInewHBwHzv1eql8G
5//gLPLvTd+PvMFsMAfM/1nyL+T8c+aRP3P1EeQO1oJ14J5fJf8izv/txeSvGJyyxPp7CxgAi8HJ
TZY09Ntx/ne8SP7G385YgvdtWDwGpl5oMdlO8jM5/xZryP9uVqslKvW/mPNfso780648T8nP4vyv
f4f8zJ0XKfntOf+fNpPfpfwSyx8HTgQng3U50v5nc/6TPyb/5ottVr9sMBe0gwV2ye/A+WtfkB9b
57L61YIbwE3gPkPyL+H8399D/sNFV2DcQy3OAueBGUHJ78j5J/aRPz/1GqX65XD+5x4hv2Z+XyX/
Us5/5R/kb+81UMnvxPnfckZHev/dN7cp+Zdx/kf+Rn7aQ0VKfi7nP6MN+Zd1GoHcQR30gAUlUv3z
OP8uF5Hfa30cuYNbwG3gkaTk2zj/7R3IHxL+h9UvBpaBY8CKMZLfmfMfk0f+6JZjrX5pYDqYATZd
LPl2zv8iF/nTlj6kVD+N83/1cvJfuOFxJd/B+Q/pSf76fRVKvpPzP6Uv+V8/PlfJ1zn/Z24i/xTn
QiXfxflffRv5GVueR97gLnAvmLZMqr+b8981lHx36UvIHSwHx4HVqyXf4PwfuIP8AW1eRe5gJpgN
9nxN8j2cf8c4+eGX3rT6rQJrwFqwxU+S7+X860aRP77gPaX6deH8Q/eR//TRD5X8rpz/mQ+Rv3bm
p0r+5Zz/4snkf9R1t5J/Befft4L8/Tv2KvlXcv4/zCG/xT0HkTs4EZwKHjws1f8qzn/SAvI7tjuG
3MEcMBfs+7vkd+P87c+T36Pm1KVW3uAGcBO457SlDf3unP/mleQX+ptb/QJgGIyBk1tKfg/OP/4K
+SObnGP1m9rB4kKwGszOkfyrOf9z3iR/yrNtl6rUvyfnv/xd8pf0zFLyr+H8b/6Q/Ld2X4o6gfvA
g2BGrjT+Xpz/4R3kfzleW4r3baFe4FSw2in513L+03eRf7yjdynet2XRDupg/66Sn8/5e/eSn/52
N+QObgG3gSlXS35vzv+Tn8l33JFv9es2wuJAsBDcVCL5fTj/0b+R3695f6X6X8f5Z5yaQ3+/qLpF
yY+WJvMCwaGlw/Mcdodbs9sdAzWPQ9M9g/M0p9vp6jw8VuqLxaNFvsTwYEmJ7Y5ENJKi+LGLj1vX
ieLzZ7p0zZmiuRwuwzCcmttIsWuGoblTMu0p/4FPaSLpj2dmpsSj0eR/1+/ftf8v/YzOio7I6pKM
lwZzs0qigWBWlyyReFZuVtg/NBi2lhrkbzZE/QGxPliWDMYj/rBYE4zHo3GxSnwtisbjwaJkJJhI
+IYGh0XjQd54wxb/MOFyQ6gkFg6WBCNJfzIUjYjNXD+od8/e3TO7B+MhfzizqLR//q2Z/W++6er8
zGGhsmAg7y6xmWg8c1hpOJyXCEeTmfFgLOwfJX7dXPLd5RdeJCk2FLkrFAj5fUWlseJRPrO7z+wg
+pl7WP874qDPu6mgn56n26/tYW6lJKuLZvfkZgXiobvMcWpOu9OemxUvjSRDJcETy4lkPOgvEcUJ
ReOh5KisLnkOselwdKg/bPaL+5KhohG+SMLcmkO3RkcLdiGP9MdLSmO0lJsVE7saDfhKRavLXA4E
/YFwKBKsXyNKF40HgqLwLocmNjUiFIuZS7rhNaMqjRQV+ygGIYju5u+LMxsL0aTf2vUTv14SSiSC
5ra9LmvBF/cnxZ7ZbS6v7m34MWi/feZJkvSVJotE3cyJIk+z59FU0cXh6KLrNt3jGpxldQ1GAn/Z
0WVzON3ccaTfTIQ2TEUyvHav2+UUM4XH5fE4HR5Hg37mVqVeLrEl0cvrdJtJmBuh/aeSjc6KoFAl
IfHNadOc0l6JbGMuu9ngsXvtDT7iF2Ne0eBwaC6b0+M2F71iUTecNpdTP9FPowYfNXkMm9elN9xE
ib+ssYa7TyQVE3GGEuJob3y0dsN5YoCG7pbG5JDGpBu6PPb6MXk8rsbHJDWIMYnaDQ8mzTEF/rqE
dpvd5bFLHx6jaHK75CYuo2gy5Ba7geFTk3SkefUTO9B4I+1CY013y6fAX4yfQrMG7HbUB233iIo4
pEPDKq/bENVu8DMNy6uJXLT6otJi/SiKzAO2kUE4bHadDz3+bg5Ct4lDumGRNAzCZdMc9pMbfH/R
RMM5uaF+YMkon8iNH3aOP/+WdQw20mAO223TdL2xYRs2ze1pfNiNNdGwT24Qww6WBYsaG6vmNGwO
zX3yWDXdbnN4PCePVXOLjLwODtftFYP3NjhjDJfX5jakGcIK96QGqmYyGCkSl5R4tMSH06exUeqa
zakZjY1STJh2Fx+CLrs4GFz6SWUUoxS/7Wz0EDTcIpaGbSfG++cGMd6icFRciIaF6CQ3h1l/yfeL
0djoR+0uh6E5XW63OK/Ni4EvFqProI3XO7xuMfuIwQ2lidjh8IoQ3OLmzeMW04pmlmy4Lx4cVj9H
e8V9pJijdbd5MU1abYbucBtuMWtrmlucYmI2C8YS1szudXpsLvNSlwgFfPESa63TJcYn6m+Im1Ex
DMPh5B5if6mHV0yLYkbwOO1uh6Hrmm7V3zcyFEgWW0M1zJm8JChuBhqu1nWXGNeIYCzpO6nN6THE
TGWes3a6YEZ8Zj9alAsaTST/sqJeh8ur2TWv4fpTSU80iAp4NZ1LqrmcmjjYnB6vR8xLYnecJ5dU
zLRiV51ejy6X1HA4HGLfxbFkNCypOBpOLqnTaRO9Rb0NsSHDa95CyCX1uMVpZMZmFweSKLnhOLmk
5k41UlL3X5fU67BK6nI0rKiLrkEjo6KUoUjSV1/I+nX1tcszj0eX5tWdXrvhcjrpZDFnidKkuFUT
iURCiWLzvkhaXVRcGhlh3u3Q4dagdzyBuwZxUbj7zJT/ix/V5z9/QNwSJ/zxUQpPgv/m+U/MsQ75
+c+hiSvO/z///aef/4JlIXNK8SfoMSwRGi6e0swnvpHR+Ag89fFDYKDUfOBp+PBSkuBlsSh6BoLD
/KVh82nLXCGeysKlQXococW4PzKcLkVh8XNJWj9c/HIyaC7kucSUkBBPPJGAeDAJ3lkq1pontdvc
PK+npxox+9vc4jqi6WI+so4mvb6Lv8g8z60+To/T0NzWLYNXzKtWm7iEm1+idIdoXi01845dnAZe
s3NuVmkkRA9NYvv8yObjdbzn5iVItEbFeWE+rZxYaYdurvHRRjw2cYsjnm/sbrtTjFmTOpwYrdVP
DMVpGOLG1OHSrX6iwmJS9Yuhemy6Q1wqXGKXxSXB43F7G/Qw7zzEnavu0hrctRkNOpi3CZphE7Oo
U2t4z5EcFo7GzHG6xV2LmArE/Ppf7J0NmIxV/8fvSqXtTZ6tRz3KsVRod/ae13tms2Vfkd21rSF5
aczOy85kdmbamWXX6yYJEUJRKkJUklKhiBBCIlJEXqLkoVSKnor/Ob/zO7tz1lvz1OXq///vXF3X
Z+f+3d9znznf83b/7tuVZtRUOtVSb4rFrwjS2+jkJG+45k+qgiC7AGzNTHQBozdLbNEorqSOxkRV
tjiUBT2B2IPsftbfzwMbKPZHrOUmuurxMGufcuY4PxQI0DtvZ5mzVOohNT9IOkNI8WjAWekpg1/K
v/v8brcnWB3u6/GX+KIOqHv1wQjd1NMbJHeoLz3R6wxE6Hjpw+/hIAQ/Aw/Q3teHK92ePn6Xhxfl
oHcFIZcT6mkwmqxWlhUYiMkIFegIOll+4YyZCXZKebmfDcS2hZ1TDBa69TIVF6eYnU5viuY2mVKM
nmJDisep2SxOi40e1lOVt8zjoT2ntDohQ1uQGkw3TLAvg+wADdPjdINlpXsGjd1Tu8rdTgemPBxs
zodRgqkPCPL0yCmxSGWQ3fyzU7Lh53dy0SW5PODJZLsmf7CkEz2B3EbYCZ0ghcIO+MpCQeoygdQQ
8ThdPgK9I5lPObTbRn201KzOmXkZnRzZObkZnfPsjvwMezvSIrfQaEgmwRCx5xoNLanEB7uyJDqa
6SbVpncabawdwqzh9GznQHcuYTHgHFEfrYOb9UcXS0KxaYn3bPiRzNLigMfBnazu9fw2iqeDTs1z
0NsTI0+IsLTFmc4ysf0zZEPYGSzfQ89KZZNtJOx0eVIhb5XCGo127nDqf79SuyJ9ks60vfkTpfo8
rt66QKjkz67/Ku02Neu/Ro8bDGaLvm79Px+faj9JpLy0lJGu1H73/8/NcN3+/5zjn64IcT8DOsf4
1xv1+lrjXzWrprrxf172/wmEJPFtBznlWQ+L8YdChD8VYgf8kVAAH9VQZYiuWnC45iaBJMXIYx4c
kNMsgfpu/LTqhwanO0kTJ7H7ExevjwpH2P2Cgz8PckR8TrpssBKsZrr/MagWp0r321bNZfQYPKqx
2Okt1pwGA91fe52a16C5PFbNazN5VdXpdXn1HpfJ6dKrFpeTX80Jz5/o9UpL2S6VJJm8FrPXprn0
brNXU/Uuj02v92put9Pq1RfrvUav6mKZLRf+cP68hcADF2ggfOLDjsCBmKc+hN686PhR6dlPzHFW
D2eQNW93+pUeOPNOobjcH3CnwoOzVE+Fkz1fi6SGyyMun6OswlFK78r8jrA/jDqHp8JxmiD8CnqZ
FL/468wXjPZJpftRB7jhD4bLo6n2LsEyh2ZUTQ54cucoKch0ZHWmFXJE1LCq85mriy8Vf+mrD5XV
HKLsyd0Q65SDbd1iN2uE7cgSBtZN5edl/v/ju74/vv+jVz1l/rfU5X/OU/5HPAsm7GEwiXnSTNij
DFLzrJmwh80kCfaH9BvLGQ2s2yf+Xx//Ljr+2ZRb+/Yvjing3Ps/rXr8G1Qjy/8aTca68X9e7//S
CGzVSP84072YbMXs7CnJX5Hdov3sz2U3ztQP2c3IX5ZCOdNFWAaFpyFPzT+emnWMzS+ekiNkJ7g9
LHXmZglPkXs0GFnmula+kj0jNOjNVpZKlbOSdJhYTXTcmFgGEa8RUypmII218q3eMtjoW1i2sTpv
iweNOqNFb7NZ2ANunnI7S2Z3YEJMv3HTewAiOk06aAnrMOm0XSCJF0k3W60EX0NKt+psZpVg8g2+
mmwkJhGebjHrNHJqZpwfr5VmT1cJuytIx4cVdcvReZv/6ZD4q/Z/BrPxlPnfXDf/n5dP1BFJhrGW
HDPiEtgbDLZkizHZYtCZ9OYEg46972Wx0P90dBJIMOpUvSnZorHvBrM+wcTPh7iRzhMJZnrAggcM
BpMlwVJ9wKyzaXotQaNF6PGAxaQZE6z0gIoSvQoH6ERBawASi75ubP8Nxj8kCuK8/Tvn+9+0f9Qa
/ypdY+rG//n45PoDHsLe5Q6yPUQa8ZkTCpnHRRWk0B+GLVV3tWcayXXSE910EScRT5RE+CM9f7CE
OAMlIRL2u4neaLPSG0i2AyQ2eqNY5omWlwUJy9eRFH0aoes26UinF8gdkmAoSuiXUn806nGf/pLV
hcIlnV72dk+0klUhq7AzUU8vusfpjxJvqIzvZlPYw0gCbxElFJWzygS9/pI00pYW0N5N1GTSjIS8
JIwlRIj+9KXWFAZlEZ8/eoZmoleOljmDEXZXzX6nnpRHWDN5afOxNCv5S7NoCXko5k9toGlpwzkr
2VYsNSuT8HfC2Q/NKsqq/vbfyvi18zpmdehkzykkLDWcTucHEvNuf3rYGYkQkURI14wawQRCusFi
JOz9RfEKarqeLgpGE+EJiHSTZktlO+nTN+xdtN1ZO7LW89A2hoe2CcE+dCpyeEujDK5AKOJJI/wb
nkG7J0MldTDEKpHAU8pmk86kqTaDhUAJOlc4nGawaCzpmNWxoDvtdZqV9CTdC7rkdWyryyos7Ek6
g41ndo+nW6G4VN7N+BcH/6KrdJYGoGPCUeyJ5Xw0yLUym2FP6/A5g+6ApwwqZzKJiln1NRXL6dre
7miXUZCdl1NED4KqrzPq8rlDJT1FC0Bz06EbYt2/zENtjLkaewUxpg2MRitrg5yiopo2yMgpap+R
57g3Iz/PUZhR1CmnyJHTJafALjdPzfzA+hDhv5YeSvuzTdaimBb3V5TUsuZ3W1TNYFEJ7fhOOrVE
4Kfr6fJX3cZm9sOht+v4yCvq2hP/DYqmMzhJx5SijALiLQ/Cy0POAImEA/6oLuYKerqlMde+gkl/
9ivQGxu8ipiRzlmkxRJvkaSvP+ojnbPap4SCKRCKvYjBoOlNtS6it9rOfpG87MIs1t1C5SU+Om/B
xEDodFcciB1xFo1u7K0ErNP5oPbmmBEXW3R+Tn5ux460i8HJ+Z7SUFllLl2A6eJCZ98UmL/xdRqY
uiw2TacZNJLvz4QxFvuPhlx0HNE7YBIqvp/OUaSFWqGZVYPTqpotmkFtqatVQRsRD0P4jzdZzmEa
TldphC4wfIpi7et5ICvk8Xoz2OporLmEzWxRzZrcvnTiMZ79ElmeQICuVCpJI/bi9m56LZXke6Jl
fhdtC3ithuSwOZoUOaMeAh96CryFTFrwSFYmTOf5/kgpmyDoUD3lCJvq8aCd3avDF7ova1mr+rZa
1df06h+ufvWnuvr2TFhjeC151VvIdbLH1ol90VfXyKaz0N2jXv+/tEGx+oa/V4Nqmtkasyaw0X+W
dfF0SzADGwm5+XbCFjv2DyVI91pPG6sXKLEw0dtBEnBGojDb090IHUX+CEmNlobrbv3+Lvd/xf5g
/Nc46/2fHl7cle//9JrRWPf+x3n5uJFbXtn407Ps/z98R7MBoz7Y3siI/LwLpxJArr+FEz8e5NGC
z0CfsqsVxPORbY5xKlfchuXoJL0XmXhkF+jbVhkgHkJeNJlTmYesb5H0IhFhGvc16IubpkF8OPJh
G6dSiJySLul9SLvhO9APWJ4B8ZeQqds5lSPIfR0lvV/k0Tb/DPonXe2l+Jk+1f//X+SE6AnQv17v
btB/jNzYmFMxIUfZpfJ7I9+49pKfmX79zK4QP4EML+FUtiADXkkfEP6/dSXov87tFVf9S4X/91wL
+gsOlPB2Qz50klNJ9OH1e0vli+kk8ZfGoG88IgTxO5GNnudUFiKHPijpQ8L/p5qD3tKqb1z1Dwv/
b08G/d3rBsWlf0D4v8MI+t6BYaCfgjw4dBj2O+TxEVL5ZcL/gbeDftiVj0H8ZWTqrZxKa+SMJyV9
RPh/Uxbop86dGFf9xZy2ZeldoH+n4zOg34HcV8KpVCHXT5XKLxf+9yoC/dYjMyB+EvlF/Zn8fIIM
z5X04iFC4oXdQH9k3Jy46t9X+D/dCfrLjW+A/hbkJR04lV7IZQuk8iuE/9l+0N+85R2It0cGD3Eq
9RZjP14p6StFO+4Pg75N+Yq46t9P+D+sAvTdrlsH+n7I1TpOpR0ye5tUfn/h/61VoC9f8HFc1x8g
/F/zCOjHdN0O+qXI+WFOZTjywA6pfPHe1VH/GNC/9MseiO9FNr1mLz+/BXLAfkk/SPh/+ZOgX/nU
NxD/CjnydU5lDZIclvSDhf9zngX9rtu/5/0PmW/nVHzIeSckfZXwP/8F0P9nx/G42u9B4f+3r4A+
cZAykOlzkEUTOZU5yHr1BsaWP0T4P+ZN0Kc2qQ9xH7K7xqnkIYdfLekfEv6rS0DffhmP90Fu/hTP
P4Js8w9JP1T4v2kl6N3Of0K8PzKlH6cyFrnxBkn/sPC/bD3oB13YBOLPII9cz6moyAlJkn6Y8D9x
C+gnT78F4muRWxdzKluQya0k/SPC/zc/B/38bB3E9yLn9uBUosheZkk/XPjf5UvQb9jP498jm57A
8xMtnGGbpB8h/D92EPQHhqVD/MZHOBtM41QWIhu1lfQjhf+TfgD9RS1yBsbT/x4V/tv+A/qbPsgD
fS7ygr2cynGkvVAqf5Twf/sFx5jeer8d4vchHxrCqUxCLu4l6UcL//tfBvpOl/eIq/6PCf9vvAb0
pXNcoB+D3LmSU9mBNJVI5Y8R/r/bCPTD83tDfDbS7+FUBiBbRyT9WOG/g4D++W/L4qr/uOp1tAXo
l4zpB/rDyNWzOZVlyOaDpPIfF/5PSwX9p+oQiF+s55zefgj2W+TUhyX9eOF/pgb6HzaNgHiTjzkL
Do7A80dyZo+X9BOE/1/eAforIuPi+v0Thf9Dc0F/a+Jk3v+QWcmT8brIKVOk8p8Q/t9SAPqMN6fy
+Q9p/JBT2Ydc/Lakf1L4v7oz6Ht0mR1X/ScJ/309Qd/32Ktx6ScL/y/zgH7cpAVx6Z8SPrwUAP0c
21LQf4JsVsSp+JDNV0jlPy387xAF/artqyB+DOn6kVOpvxrH/1pJP0X4f6g/6Pf038DnrQGcU8dv
wPUL+dsmSf+M8H/0Q6D/tfFWiLe8kTNg3orrF3LGNkn/rPA/9VHQX/fuTohbkbu3ciqHkNl7JP1z
wv+Nj4NedeyHeCGyX8V+XL+QBw5I+qnC/weeAn0H5TDEI8je1x/G9Qs59Iiknyb8b/g86D3TjkL8
OeThRUdx3USS45L+eeH//BdBX5X5G1+3kHu7/4brF3L9SUk/Xfhvfw30T3950SAWX4Js/RunklgP
+Y9BsfoZwv+fFoL+zaGXD4qn/84U/j+xDPQbb+blT0rjTOqE1/MhN14nlf+C8N+6BvQHV90A8X+t
5vTt4lSOI6PNJP0s4f+2j0B/sS8prvrPFv73+xT0TS5rBfpMZEESp2JFTkmRyn9R+P+vXaBPe0kP
cQ/y6HucymdIq1nSvyT8X/wV6O0dbBCPIKe7OJUK5JbWkv5l4X/Pb0EfOtQG4k8gn784g5/fGBnN
lvRzhP8nfgL9iNHtID4XaZzJqSxGJuZJ+leE/8/9DvoZukKIb0KOz+VUeiBH3Svp5wr/My4+zvRL
P7onLv9eFf7vvQL028IO0B9Hdh7JqcxA1ndJ5c8T/j+UCPqj15RAvGFDzjW3cSptkBVhSf+a8L95
Y9BfNT8YV/1fF/6/3wz0Le19QH8P8tUApzIUubtSKn++8N97G+izfhoI8RDy4asG8fNbINeMkvRv
CP8vNYL+vicejqv+bwr/Z6eBvkIbzfsf8tuOo3H8I1eOlcp/S/h/Vybox382AeIrkMe/m4C+TeRs
PkPSLxD+/7s96F+pnBJX/RcK/0fdDfo1N8yIS79I+J9yL+i/fOdl0NdbzDlkC6dyCNljrlT+28L/
Db1A/3uP+RBv3JNzRfl8HDfIfW9J+neEjyEf6BudeBvidyI3XPsOPz8ZOeFdSb9Y+N8gDHrDc8sh
7kQuWrAc521k81WSfonw/7W+oM9vsxbiQ5Fz7+VUwsipmyX9u8L/ToNBX7JnU1ztv1T4f3QY6IcM
2Qb6acjvnuJU5iEb7JTKXyb8n/gY6Kc028PbHfnN7ZyKHal+L+nfE/5bngD9gpUH4qr/cuH/p8+A
fpPnSFz6FcL/ipmgP3TJcdBfdSlnZRNOxYRcfFIqf6Xw//pXQH/p7JNxXf994f/bb4C+aftLBzN9
J+SGXpxKBXJLwuDY8lcJ/3ssBn3rg1dBvBgZufBqfn4jZEVDSb9a+P/7CtB3efQ6iA9F2mdwKsuQ
jW+Q9GuE/8+uA/0DyTdBfBYyOZtT6YGc11TSfyD8v3Mz6B/98GaIv4zcvY9T+Q1pbynp1wr/d28H
/QvBFN5uyK3DOOm+g7OBJunXCf8f3Av6ZVebB8fj33rhf9JB0H8+rzXof0a+t4ZT2Y1s3UYq/0Ph
/4rvQf/T3dkQb1TE+b6fU6lC1iuQ9BuE/55fQN/gxw5x1f8j4f8lF/zC9K0mdOL9D7l0DqeyEknu
kcrfKPyfVR/0Oebug/l9C2eHfE7FjVTul/SbhP/tGoC+19biuOr/sfD/m3+Cvl9fXv4s5KaxeL3Z
4rpBqfzNwv+RTUA/sVEZxOcgd6icSjvklHJJv0XwtltB/+qiSt7/kOrHnMoBZIPHJf0nwv/1OtCv
7fZgXL9/q/A/aAH9vl+Hx6X/VPh/9R2gPzllbFz6z4T/83JAf/0dk0B/O3JWF04lgHzjaan8bcL/
u/NBb9r1HMTvQzp/5lSumMrpmy7ptwv/f7CDvqBqFu9/yMcnzcJ5B3nFy5L+c+H/+B6g9zd9FeLT
kRencSqFSOVtSb9D+G9yg37o8rfiar+dwv9PeoP+Wde7oF+LnNqfUxmLHP6BVP4Xwv++EdAvqrcq
ruvvEv436g/6zTM/BP0PyNVLPsR1B5m8SSp/t/B/0RDQf5v7CcRbtuUscHAqUeTKzyT9HuF/t5Gg
r39gB8QzkFkX7MT1CxnYLen3Cv9/HQf6ZiP2QbwQuX0ap7IQmXhA0n8p/J8yGfTprQ5B3Ifsl8mp
dEXO+07S7xP+p08Dfdd1P0K8L/KtvZzKcaT9d0m/X/j/xWzQlwV+jcu/r4T/VfNAP/rKi6qYfhVy
Z3NOpQ1ywiVVseV/LfxvuhD0s+cmQHwd0rCKU9mBrN9I0h8Q/i9fCvrlHRtWxVP/b4T/rtWg33nk
etD/jmxR/wZeHkFW3CiVf1D4X+8j0B8b1xTiTR7nXPgip7IMebSFpP+38H/mVtA3NLaEuBXZOI9T
cSOXJUv6Q8L/3C9An7xFhXg35KpDnEo9PWdXk6Q/LPz/ej/o25ZbIT4Qmf8/lJx5WI7p+4dvNNYs
EUImaxOyR1EIIWRvMJYhawgNIWmylUKIyb4UQtm3KGvINjJCQ5qQyRJCKIrw+87nuq7jcP/1O56/
zpnj8573+7zP+eid4xgsJ6oopqmT5r+W/otfwfeo4ox9PjOrMVG5MCO7a/4b6d8wD77/8W6G+uVI
/2uF8NcM7kOfm7nJm6hCmI/7a+e/lf5eJp/+8w8VDMT+grmzwiB6vQ0zZIjmv5P+ZU3hJ234FXsB
8+Vhokpi2ozS/PfSf38l+E8dx2E3cyKuGUBUXszECZqfK/371IBf5P5k7A2ZHXMnc7cpxGH+mp8n
5+TUgV8jYIah+/9B+q9qCL+11e/wpzKX2hNVX6bpPO38j9K/ZQv4fRMC6fljdk8lqmxmTrDm50v/
lDbwJ3mEYo9kBvoRVRgzZ4XmF0j/GR3hBxUNxx7FLF6DqOyYoWs1/5P0r9IdfuT2jdhPMzNPElUK
0y5C8z9L/+N94Z9w2U7PH3PEcKLyYSbu1PxC6T94MPy/n+ym549Z+itRme9hxmr+F+lfMAL+m0WH
DfX/Kv03jodf2uYE/PbMSOcT/HOHGXdaO/+b9HeaCr/+1XP0c4eZ94io8plHr+rXxxfifn8m/A4T
rxq6/iL8Dz4BAfCHlLkJP4DZui5ROTAjU7Tzi7IfbrUIvs/eVOyhTK/EVP7+Yjqla34x9o8mLIO/
olcG9njmrnFE5c9Mz9R8E/ZTPFbDj3n9DPsVplWJLP7+Yvq/1Pwf2M8tuhl+4oo32L8xD0W/4e8d
puV7zS/OvnlUFPwHzT5iL9uc6ONKVCM/yvf//O/9EuzbddkLv+DmV0P9Skr/p0fgV5qun///+aWk
f/BJ+E3My8EfxExvRFQuzAo1tfNLS3+bC/C7x1Y29P5lpP/VP+GPHkjnhzCXTub3C2Rm1NLON5X+
E2/BD/hYD/tWZlS5+vT6esx0W80vK/3LpMFft87W0PWXk/77HsE/0sYO/lXm4X5E5ctMtdfOLy/9
ez+Hfz3NEXse8+R74v/+u4Po2UHzK0j/Nznws+Z0xm7hT/ywmqj2Ms0Har6Z9A/Lh1+0Zk9Dn7+i
9G+uPv/n1zzT35BfSfrfKgHffsQQev6Yd2cRVRjTwlM731z6Ty8Pv78aZej9K0t/86rwJ2+dAH8x
s0c8USUzh3lp51eR/sd+hB/c6TfssczLQ4jKm5nso/lVpf8ga/jbMn2x32AWFPpyt9nc31/zLaR/
fmP4pwLnYb/PTN5EVEeZpoGaX036r28F/279EHpumA/bEZU7s9Yyza8u/du2g//20gp6/i4TGzwk
qlym+x+aX0P6/+MC39RzLfYuzD3ziWodM3eD5ltKf383+NalIrAPYD6rTVQOzMhtml9T+td0h99x
907so5gB53fyr1umy0HN/1H6nx0Kf2jP/YaePyvpP3I0/JnZsfB3Md2LH6PzLJk+8dr5taR/kUnw
Vy47jf04c9YOojrFvHJR82tL/23T4O9pctHQ9deR/p394F+6kQT/AbPi8yQ+7zpxZLJ2fl3p/3g+
/AzvFOylfyPWX5zC3ZgZ6ZpfT/oHLYb/2Szd0PXXl/7WK+FXPpIJ35HZMomoHjObPdPOt5b+V9bB
b+b+ErsnM8vrJX9/MTNea/5P0n9CJPweee+wezGzy77n7y+m7wfNt5H+paPhj13zCXsQ8+x+okpk
1vqq+Q2k/54D8OfaF12A/+/NrNaHqMYwD/6w4Hu/ofR3Ow5/Q2op7NeYtm+JqmRpYmglzW8k/V+d
gR8722yBkX620n/5Jfg3qleD/44Z0YKoXJnRltr5jaV/07/gvzhZC3uZU8SIFKLKZpo30Pwm0v/m
3/BNhtsYuv6m0n/affhWX5vC78tsX7UZnWfLDG2pnd9M+ld6Ar9NhD12T2anOKJKZkY7a35z6X80
G767cwdD199C+v+cC3/Ko67w1zOnFhBVhW58//pp57eU/h8+w1+8oLeh97eT/muLFf7nb687kJ4/
5idHonJnJgzWzm8l/R3KwD+TOBz7Y2Z8OlHlMt08NL+19E+rCD917FjshUz3AKIKZ2Z5ar699J9T
Hf774pOxVy5BdLQiKjum70zNd5D+lnXgl4v2MXT/2kj/0w3g23T3p+ePecmDqPyZqXO189tK/1+b
w+/8YiH2CczHxQLp9ZZMm1Wa7yj9vznAH750qaHrd5L+kc7wfW3/gL+B2aszUQ1jxq3Rzm8n/Tu6
wl91fQP2y8x1j4mqkOm+RfPbS//MPvD3TdmG/Q6z3yKi2sTM3qH5HaR/4CD4l8vvpvvGzPuJqJyZ
6/ZpvrP0rz8C/r8HD2E3O0TcfYWoMph2sZrfUfpfGge/sF88dqv+xPMTiGoeM+q85neS/uOnwK/6
PsFQv87Sv+RM+C3Cr9B9Y5ruI6pEpmmSdr6L9I/5Hb5bq2TsvzOfuCXz9xfTPE3zu0j/HkHwx9+5
a+j6u0r/7FD482c9hH+AmbDiId83psrUzu8m/ZeFw99k8Qz7LWZms2f8/cV0e6/5rtK/ySb4x+Jf
G7r+7tL/xnb4N4d8gF/AdJhGVCHM5ALt/B7S33sP/Jefv2CvUUh8Wukrf38xA4ss/N7vKf3NjsAv
vvkH7HbMCUeJKolpXkrz3aT/4RPwa7Uvi92NOWoQUXkxD1bQ/F7Sf8B5+I4PzbFPZcZ8JKoKlYme
FprfW/rnXYU/cJ4l9gDmzbWW/L7Mwfaa30f6r7kJ37t2vYVG+vWV/vb34C8938iQ30/6p2bA3zG6
pSG/v/SfnQU/wcQR/iPmO0uismN6d9DOHyD9q+fAT9vRCXuxnUS300SVwjTpovnu0v/kR/h5XXtg
t+5GzB5BVL7MxF6a/7P0H/YNfvmsfvT8MTd+68fPXX+i61DNHyj9vxb/gt+/sfgXQ/dvkPSPKAff
paEH/LHM+Z08+LlhnhqjnT9Y+jtXgT/imif2EKblY6IqZA7z0vxfpP+jmvD9vLyxb2P+HURUm5jK
T/OHSP8F9eGHl/U19PmHSv+6jeEf2D8X/jNm/iWiSmc6LNTOHyb9E+3gX+0TjP0l88/xRDWPmbVa
84dL/7FO8B/nLDd0/b9K/xIu8L+uXEP3fRWxTAxRJTDNN2vnj5D+0T3hV2u5BXsr5sgeRDWSmbBV
80dK/+4D4LdM2YF9EnNE9g7+dbOTfw7GaL6H9H8xBH7vGfuw+zGfLiOqvcyShzR/lPRfOgq+Z5VY
7H8wyzUhKhdmVJzmj5b+thPhLzx+ip4/ZpcbRJXLHJag+WOk//Xf4G8ZnIj9HnOAN1GFMLMua/5Y
6T9lNvy4gmv0/DHDzZLo9TbMsBuaP076V5gP//aG27RvJOYf4X9PYiY/0Pzx0v9QCPxXjv8Yev48
pX//MPgl7/8L35GZkEtUppl8/55q50+Q/u/Xwq8T8AL7cObVNS+4PzMlV/MnSv/wCPjtrN4Zuv5J
0r/VLviDEgrgr2Ba3COqHKbLF+18L+l/Zz/8aR5FAvHn55g1/YgqjJlvEvi9P1n6zzoGP7RoKezH
mPtrEJUdM9RU86dI/2pn4O/aXgH7PWbGSaJKYdqZa/5U6X/iIvxzLhbYPzPLDicqH2auteZ7S/+h
1+GnP7EKNPTn/6V/YQr8j4t+gl83mHh4C1HFMS0aaedPk/6b0+Gb2TTF7sg0H0lUvswrLTR/uvRv
/xi+7dXW2HswrTJbczeme1vN95H+D1/C7zqxPfaZTKeFRLWOmd9R82dI/3nv4XuU6Yo9jFm+HlE5
McO7a/5M6V/nM/w5e3th38KMvEhUGUyngZo/S/pfKPoVv3+j18+G+vlK/zGl4R98PQx+JrN5ieF0
niXTe6R2/mzp/0NF+NdWjMFePIzYI5qoEpiRkzXfT/rvrAb/STMvQ9c/R/p3qw1f3ZoOvzFz/Yvp
fJ4PPz9+2vn+0j/LBn6N6XOoO/P5kjl83cz8AM3/Xfovbga/lflC7O7MXY2JyoXpEKb5AdK/kQP8
vrFLDH3+udI/qQP8iQNX0fPHvDGZqAKZWau18+dJ/8nd4Ad9XI/9CHNqhQ30ehtm3HbNny/9y/WB
H7Fuq6HrXyD9DwyEf6JNDPw0pnl/ovJkJuzVzl8o/fv+Cj8l7SD2d8yv74nK9BAx+azmB0r/t2Ph
v5kTZ+j6g6T/qsnwS9VMgG/P7G1HVG7MqAva+Yukv90M+PXOXKbnj2l5h6iymS7XND9Y+v/tD7/D
iBvYJzAfzLrB319M51TND5H+MwPh/6LuGvr8i6V/1VD4PlsfwN/I3HXiAd93ZrN/tfOXSP+4P+Av
7/SUnj9mv6FP+fuL6Zun+Uul/y8b4cdkvjJ0/aHS/9M2+BcC6fwzm4m9Yvn90pkOBdr5y6T/xt3w
H9T/gv0L8367L/y9wzSpGPS9v1z6tzsMP/+SSZCR618h/R/Ew6/kaWrID5P+c8/Bb1zKHH5fZtva
ROXADK+inb9S+te6Ct91dw3sPsxz54kqlWlrpfmrpP+5ZPije9bFvozZYAxR+TNTrDX/D+k/KhX+
79kNse9gPjBpRK+3ZPo00fxw6V8sA/66ZS2wn2HW2klUp5iWrTV/tfSPegb/cJO22O8wd3UhqmHM
o+00f4307/oG/vUbHbEXSyY2yOrIr+9E7NtF89dK/2cf4D/z7o69xG/EaouJKpJZ6Kb566R/yFf4
RSv2w96QeaYhUTkzvYdo/nrp36D4N/z9VUcGG3r+Nkj/P8vCt3cfCd+bOcuLqAKZJSdp52+U/pMq
w++XN97Q+2+S/qY14XutmQp/K/PwfqJKZJacrp2/Wfrvqwd/kf0s7AeYf/YhKk9mgp/mb5H+fWzh
b00NwH6LeextAL/v3CD+ezA0P0L657SEf2r2Iux5TL+VRBXNNF2i+ZHSf6Uj/DvVl9PzV4M43Y6o
3JhRKzV/q/Rv0Rn+25OrsVueIi6/Tfzff3cQ60Vo/jbpf7sH/DLDNxvqt136+/SHb/01Cn4v5ssq
O/jnDjM0Wjs/SvpXHgLfOWIv9nHMUseJKokZclbzd0j/Yx7whzofNXT9O6X/4AnwZzw6acjfJf0L
vOGHLbgAP5HZeyNRHWS63NLOj5b+G3zh7657zdD7x0h/x3nwLybS+XlMv3R+v1ym2x3t/N3SPz0Y
fsbYNOzlxhErB6Tx9w4z9ZHm75H+v6+A/6n4v/T8lSB2+5Go7JhhTzR/r/T/cS38ytHPsbdizjj7
nN+X6fJJ8/dJ/7Nb4Dft/tbQ/dsv/T12wu/xIt+Qf0D6F90Pf8xStQi//4zpv52oTjFtii3S/vy/
9N8eC3+ubUns25g9uhDVMGZcGc0/JP1dTsNff7089hPMF0+IqpA5uJLmH5b+TxLhH51SFft95vhg
otrErFdL849I/0VJ8P8qb7XIyP07Kv1/SoH//KA1fItDxOQrRJXBdGqonR8r/a/8A9+kfxPsPzFT
JhDVPGZqc80/Jv0nZsL/8X0r7O7MNqVb0+trMf3baP5x6V/mJfw24e2w/8J8sIeokpkWHTU/Tvrv
fQd/QKsu2OcwVS/mGOZBV82Pl/69PsGfcscNezjz9iuiMunF92+g5p+Q/q+LqIj//v6qWe6G+p2U
/itKwd9uMQz+RebRpkTlygwdoZ1/Svo3M4N/On409rdMr5tElcX0mqD5p6X/TQv4qUMmYS89lFhs
GlGFMLOmaP4Z6T+9Fvx3n6fR81dIdDWfTq+3ZQbO1Pyz0t/cBn7ZzX7YmzOLHCOqJKbDQs1PkP6x
TeHbtF9g6P6fk/4D7eF3ergY/mhm9keiqrCE798y7fzz0v9je/jD562kn1vMe2uJai8zP1zzL0j/
dV3hz6q9Hvth5lsHourLjN6k+YnSv01v+KvOR2I/zoxMI6ocpmuU5l+U/mk/w987Ohp7JjN+DlGF
MzP2aP4l6e8/HP5lk4PYC5m7LYnKjnk0XvMvS/+aY+E/2nHcUL8r0v+MF/zCrmfh1+1GfPMrUfkw
U85r51+V/iN84FfJuoTdiWmmLvPPHWZkhub/Kf2VP/zmi/8ydP3XpP/WhfDdGt4x5CdJ/05L4Y+7
dt+Qf136Z66CP9/rCfwYZuWgJ/y5hc+18/+S/kEb4G8s+wr7NWZd61f865bpmaP5N6S/9Tb4x/bn
Yn/N/OsSUaUz6+VrfrL0vxwDP7lPIfZ3zAXjC/l7h5nxTfNvSn/PQ/Bf5hQLxud+S7QtaRJM319M
7xLB3/u3pH+pePg/rCqDvS4zJoaoEpgW5TX/tvTfnQC/VstK2Psx83sS1RhmhqXmp0j/nlfgt02p
Hmyk/9/SP/sG/J9n1IG/gNkhlKiimMpaO/+O9F9+F/7UKg2xhzFVM6YrM85O8+9K/6YP4S853tzQ
9adK/+Sn8HcMbgP/DvOdN1GFMB87aeffk/6/vYZ/tsAZ+2PmQbOO9HobplNXzU+T/hU/wE/b4Ird
bCNx7WGiusK0cdP8f6T//1F25lE5p28cfhCFEGJCRvYQE0qYEBprCCFLhBBCKDJCEooihEaWEBqy
Zl9DtjBZsgwhhJgmjOzhx+e+73N+z5/fv64z5/Nez/vtvb71vp2jM8lf4Of/6o69mjOxvAdR+TFT
emt+pvT3KFroh1/mXj/sLZjRb4nK3JPoPVDz70n/t+bw680cQvcfc8oKokpiDvLV/PvSf6UlfNdq
owz1eyD9m1vDH5wyHn4kc/dtonrFdJuknZ8l/f+uCX/a0CnYlzADfyeqaKZViOY/lP6/N4C/rPBM
Q9f/SPpXaQp/x8a58C8x3Y4SVQbTLkI7/7H0P9oS/gXXKOwfmU+9iCqAGbRK87Olv1c7+I+fxBi6
/ifS/2tn+F/nrYZvM5+4eS1R7WVaxGvnP5X+8T3hW9kmYG/PLN+WqDyZJkma/0z6t+0Pv+mFbYau
P0f6P/KG321MMvxw5uJQooplZuzXzn8u/ef4wvcteQT7eqZjrSP8fc+MOa75L6R/LX/4oUmnsO9k
9kolqkxmrSua/4/0PzMV/ppuaYa+/lzpP3IW/AN5V+FnMdOLXqPzrJkxGdr5/0p/0/nwry3+m+4/
5rbEv/nnDtPynubnSf8/F8H/1/4h9jqNH/LPfaY3c2+25r+U/l1WwDe9loO9ATP0RQ4//jn//MnV
/FfS/5818GtMfoW9O/PzAqKKZ/p+0vzX0j9yE3xnyw+GXv//pH/D7fD77ftGP3eYWelElcN0KRKu
/f2/9P9rL/yJfU2xRzHLjSeqMKZZRc3Pl/4TjsKPfF863Mj1v5X+FqnwN8fS+ZnMD7v4+c4zbSpr
57+T/nsuwj/Z4mfsb5kHehKVLzO1uua/l/69r8O/e6c29pfMpflEZVGH6F1P8z9I//w78N9Nb4i9
bjCxxHKi2su0aKz5H6X/8kfwy1Z1xN6MucKRqNyYic01/5P0b/YCfoPjzti7M2fcJKpcZkAHzf8s
/W+9ht9hiKuhfgXSP+gjfG/lBn8Wc7AVUdkzo3to53+R/pUKFf7hT1/fG/t+5qnDRHVFOEbzv0r/
I2bwl7cbaOj6v0n/QRbwdz0eZshXhbn/l5/gp4WNMeQXYj9gbTX4T2pPgm9Vhzi2DVF5MhMCtfML
sx/Tpi78b2enYS9/jjjyPlHlM91naH4R9vdmNYJf2Xc29i7Mw7OJKpb5KkzzTdjPmN0MvmPxCOzD
mYeqE1VzZmyk5hdlP79Ga/g9tkZjn8v8dpqoMpkOMZpfjH3L1N/gj+kaiz2GWWY4UQUxM+I035R9
hxHd4IflrsO+gelRNJ4eb82MPaD5ZtK/WB/466K2GOpfXPpvGQT/UKOdhvwS0r+TD/yM9P2G/JLS
//lY+Hn+x+FXmkg8s4yokpi1Tmrnm0v/BZPhFy93Frst8009onJlJl7Q/FLSv8F0+DWTL9Przky7
SFTZTJerml9a+l8Ohd/a4wbdf8x0vxv8/sUMuK/5ZaT/+AXwPd9mGnr9LKR/maXwJ6/Ihr+W2XZH
Nr/vMG1ztPPLSv9df8Bf5JSLfTuzpjtR+TDN3ml+Oenfcz38xNtvDF1/een/XyL809M+w89hJiz9
zN2Y5t+08y2l/7Jd8O9VLhKBvQqxWRP+705M2+IR/+9XkP4OB+F/OFICe62jxN4ZRJXL7FRa8ytK
/5sn4JfzKoe9CfNMIFFFMrMraP5P0n/qOfgNv1bC3odZuGJlerwdM7qq5ltJf6t0+B3XVcc+jvn4
AFFdYVrX1vxK0v/QTfjDXOphj2YW609U/swUO82vLP0H3Icf/NAe+x5mh0/E7587iAEOml9F+n9+
An9laHPsJ5kN44hqF9PaWfOtpf/qf+HvqemC/QrzpTNReTCT2mt+Venf6i38S6kdsRcwa9wjqnym
W1fN/1n6PyiA/2xED+wVRxKtQ4jqINPdS/OrSf8QkyI//EKm/SKMfP/YSP/q5vCtEwfDb8VsdoKo
MpjOw7Tzq0v/U+XhN+s8Evto5vahRBXEvDRa82tI/+FV4Pd8MQ77eObZwuPp8VbM4ImaX1P6m9SE
P3ZhIPZVzEYJRHWUaTNN82tJ/0314c+zm4H9GDOpPVENYqaGaH5t6d+hCfz4y2HYLzLnPCGqAmbY
Us2vI/1zWsA/Mj7SUL+60j+iLfybZWLgm1kQI+sSlQvz9gbtfFvpX78z/Fe74gw9fz3pf9Edfsle
G+H/wnQfTVQhTOct2vn1pb+fJ/zab7Zi78n0K7mNuzF9d2h+A+lfyhu+S8we7N7MYdv3cDem1X7N
t5P+O0bBH+B4GHsQc0E3ovJhph7T/IbSv8cE+IE3T2KPY/6RR1Qmp4jeZzS/kfR/PQX+4qkXsCcz
R0QTv3/u4HMua/4v0n/pTPhbra5iv8QssL/K7zvMxAzNt5f+TefBTz10G3sec/w1osphumVpfmPp
nxEF/8EA2u9NIu6I4MfHi5et+U2kf+By+J8+P8NevYB4qHwOv+8yvfM1v6n0r7gGvuWal4buXwfp
fyAB/i+t38PvxZzfh6j8mJc+aec7Sn/PJPidH3zFHsB8+Y74/XMHv44VFmh//y/9PyXD9wkptsDI
9TtJ/7gj8GdWL23Iby79nU/D/+NUBUN+C+l/Lw1+8vCq8G8yzacTv3/uIL6y0c5vKf1nXoP/l0lt
7CZFiW+qEJU9M9JW83+V/tXuwM/ZZIe93Gbi9WNElcF0sNd8Z+mf8hB+kY4O2BswQ4cQv3/u4HOc
NL+V9B/6HH7VnF+x92P6fCMqS2c+p43mt5b+RV7Dbx7RHnsvZs14ojrItO6o+W2kf8IH+L3rd8Ue
yAxqS1SezFwPzXeR/r8pkx/+uIu9DPVvK/2fmsIP9xsAfzNzcBhRxTLzvbTz20n/+WXgbyg1DPs1
5sg6xO+fO4j+YzW/vfS3/Qn+sR2jDV2/q/S/8DP8Wz0mwv/EbOVLVCHMKwHa+b9J/zF14P/3Kgh7
3dfEDLNpC/hzB9//8zS/g/Q3bwTffGmIoevvKP23O8Kv2zQcvifzWRei8mbaRWvnd5L+3VvBb5ux
2NDzd5b+L13hDwpcSfcfs/giokpkFqzSzu8i/aPd4E+tuA77Bmb5RkTlykzYoPldpX9jD/hLDmzG
fpi5Kp2ospmuWzXfTfpfGwg/yXMH/dxgrvMnqnCmzyHN7yb9Jw+Hf/bjPkOvX3fpX2Es/IerjsGv
FEcsu5eoLjEdTmrn95D++yfB//zrGexVnYn+vYnKjznosua7S/9+v8OveO+SoevvKf0/zIZvPzMD
fnfmXyuIKolpdls7v5f0/yMCftdqmdinM084EZU7M/GB5veW/i2XwB+R8hj7Gubp24/5+47Z6Znm
e0j/u7HwQ4b+Q/cf8+m0f/j9i5mTp/l9pH9wPPy4wm+wpzPrVHnD71/MyHea31f6/5wIf9/GT9hz
mD8d/cTvO8zmJgv/3+8n/U/shH/FtfBCI/08pb/3AfgvnhSHX/Qp8cBXorIsQQwopZ3fX/oXOgG/
6Pyy2G2ZjmuJai8zoZrmD5D+G87Cr2ZbydD1D5T+7f+C3/KCDfz+zLQsovrA9KilnT9I+mffgO8x
xhb7XGbdMFu+buZBJ833kv5z78GfUNLe0PUPlv51n8CPSHIy5A+R/udz4Sd0awP/CLPHSKIKZma1
0873lv6j8+GfyOuA/Q0zuVjHhfy5g+jjrvlDpX+JAvh/L+5u6PqHSf9tRYri32/Y94VfuTGxd2ei
8mam9NfOHy793UrCL33NC7sz8+RzL378YO4/VfN9pP+/5eDXmzzC0PWPkP6LKsNvbznOkD9S+tvX
gD94X4Ahf5T0v1oPflDfYPhrmaETiCqMGTlLO99X+k9qDH/Z+zn0ujFnWITR422ZYfM1f7T0L98C
/vbYhdjvMOvuJqrzTLsVmj9G+u91gX++xTJDX/9Y6d+nE/zHd1bBN79LbJNPVOZxfP+u1c73k/7v
esD/Mn0D9lrBxCIxRJXINNms+eOk/8p+8K2qbsXeinnVkajcmL7Jmj9e+rcYAr/J8d2Gvv4J0v/O
SPjdhhyCH8SsMo2oopk5R7Xz/aX/9PHwR6mT2Ocxc6yIyp6ZlKb5E6W/9RT4oevPG7r+SdL/2Az4
q9tdgX+J+XoAUfkzD17Xzp8s/QfPhX/g8S3sT5gDCm7x+9dtvv4szQ+Q/t8i4V8Ne2Do+gOlf3wM
/Nzaz+Db1CGGtn7GP3eYiS+086dI/3ar4Rc7l4e9EbNOVh6/fzE9/9P8qdL/8Ub41X3fYe/IPBdC
VLHMVx81P0j6h22D71z8K/YA5vaaROXMjCkUqf39v/SvnQy/79ai2COZ+SeJ6jbTvrjm/y79zx6G
P7FrKexxzDfDiSqIGV9R86dL/1Gn4C/MtYw00i9Y+pulwd8cZQ3/FnPRJqI6yrS20c6fIf3/vAo/
pVEt7E+YuR2IahDT2V7zZ0r/rn/Dv5vewND1z5L+uVnw3/o3hV9/IjEuvCm/bsycZtr5IdI/Kge+
RblfsbdgNm5AVC5M2w6aP1v6N3oFv35yO0PXHyr909/D/82jC/yZzGg/ogpjZnbTzp8j/f2/wfd+
2xN7FLNX6V70+FpMG2/ND5P+ZU2L/fB/X9Hf0PXPlf57SsNf7jQ0kn5vIbbsQVQ+TFcf7fx50t+j
Ivydt32xX2amfSQqi9H8feCn+fOl/9uq8NOm+WP/xNyyhKgSmSpA88Ol/4ra8LMrB2E3q0Jc34So
OjETpmt+hPR3agj/25FZkfR7C7Hy9Vl83zHt52j+Aul/2wF+Ja/52NszHwYSVSTTNVbzF0r/ac7w
Hb4uMtQvUvpXdoXffd0KQ36U9D/SFf5ol7V0/zFd+hGVH9M8UTt/kfT36g0/7OEmQ8+/WPp/HQB/
beh2+BeYZ1cR1V6m+W7t/Gjpv24Y/EM192F/xDzXkqg8mEmHNX+J9HcZA/966lHsJmeIEZlElc/0
SNH8pdL/4UT4eSNSsdcdSfSfQVQxzPxzmr9M+odOg29megm7I7NeNaJyYMaka36M9K85G37NxOvY
uzPTjxNVBtPlnuYvl/6p4fBbdb5rqN8K6T8yGr7ni0fwZzE9iz7m9x1m0FPt/JXS3zQW/qSFL+j7
ljkx4QW/fzE75Wt+rPRPXAc/yu4/Q9f/h/TvvAV+4uWP9HOLefQJURUwB33Rzl8l/V/sgH9qfKEo
3H/M5XOJajXT2SxK+/t/6b9wP/x7ZYpjL2NBnFenOHvMWHPNXy397Y7Df7/LIop+byH6nyeqLKaz
peavkf6Xz8Av18sKezNm2hiiCmEerKr5a6X/hMvw7d5Uw+7JnFDChh5vwwxppvnrpL/FDfgdY+pG
GekXL/13Z8If6viLIX+99O+VDT/4Jl3fRmaTPL5eMyeibxft/A3S/80/8FdMbW3o+TdK/5g38Hdb
dTDkJ0h/x8/wLx7qBv8ds/NVosphurlr52+S/jcLm/7wnw7oQ/ffQGLMJKIKZ2Z7av5m6R9UAn6h
gkHYnZlFynvR422ZYd6av0X6VyoHv8oaH+weTJt9RHWJmTpW8xOl/+FK8Ju19sM+jhnjQVR+zNQJ
mv+n9B9YHb77g8nY5zLPvCMq8wA+Z6rmb5X+Bbbwx4ZMp+dl7l9JVElMNUvzt0n/Nfbw51afg/0k
07YFUbkzV8/T/CTp37o5/PhTC7BfYdplElU+022R5m+X/g/awD88fCn2+8zBwUQVw3y1XPN3SP/Z
HeHfMFmF/T2zmTVROTBt/tT8ndK/Rg/4LzetN3T/75L+p/vCL9GRzm/CvOvFzxfAvJ2knb9b+vsM
hl87Z1cU/f8/iXW+EZXlbqLPUc3fI/2LjoTfJuKgoetPlv6bx8EfUD8FfjDzSlui8mTuOq2dv1f6
dwyEH3DxHL3vMNMeEdUHptk1zd8n/XOC4S/2Szd0/ful/4Iw+H+WugU/m+lU+xa/7zDD72jnH5D+
DSLhp+64j/0B89EZospkNn+k+Qel/6Vl8O/3eIq9gjvx4Kin/L7DzHyu+Yek/7g4+B9f/Yu98mvi
aNM8erw10/e15h+W/qU3wi+/9C3df0z7rUSVwqz1UfOPSP+dW+E3avoF+xBmWbcvfN8xE4st0v7+
X/q774HfOcNkkZF+x6T/60Pwhweaw1/C3BBFVAnM3DLa+cel/7KT8GdWtMS+lbm7EVG5MiOra/4J
6e9wAX7sgSqGrj9F+t+4Aj/Zsyb8q8whk4gqnOnZRDv/pPSfchv+5Y/1DT3/Ken/Uxb8nFV0fsU4
4uU9/HznmRZO2vmnpf/BZ/ALO7fE3ohZvDdR+TLPt9L8VOnf/yX8qvfaYm/F9M0nKvN2xIzOmn9G
+n96B99pZmdDX/9Z6b/6K/xe1XrCD2J2ak5U7kyfIdr556R/q2Jm+PcbKZ6Gnv+89L9fCv78od7w
jzNNpxFVNDN3uHb+Bek/qwL8DYV9sZ9m9rQmKgdm9FjNT5P+NlXhH/0fZWcelmP6/uEbGSGyhIaQ
sYUsjUg0hBCFkGUI2UOMJUpCksleUiRbWRsaMkLI1mTfkoaQXYQsjexNft/f57quP+4/n7/OY47r
Oa/3ft/z8b4dB2+z7TfMc5nfUn/j152ZE6D5l6T/6Qbwb7n4G3r+l6X/aFv4Bbnz4Vs/I9p+JyrL
BcRpIdr+K9K/lD18s7DfMXdk1o4jqhRmXrTmX5X+OzrAb2SzytD5r0n/7l3hd74QbcjPkP7Pe8Ef
NmkT/JXMqBCiimEm7dX2X5f+S/rDn11+h6HHz5T+TYbCX52YaMi/If0vjoK/p3cyvW8wB48nqiDm
5aPa/izpP3ki/LNvjmH+jFm9TCpdb8WcdlLz/5H+ZtPhPwz/G/MqEcSPCUR1iml5TvNvSv+9AfC/
tbqEeT074hJXovJmJl3V/FvSv28w/GqZmZh3ZTZ+lcnX3+D38RzNz5b+78Lgt5p5x9Drf1v6rw6H
38viMfxJzCrNH/PnFzMqV9t/R/r/vA7+uIMvMA9l7rhMVE+ZOQWaf1f639gMf8GgAkPnz5H+fjvh
x376DP8Gc26lL7TPhrmkSNt/T/pX2ws/OUaF4+8PmLP2E9V5ZpJFuPb9f+l/+CD8a46m4Ya+/y/9
hxyH//KOuSH/ofT/kg7fJKgG/DbMyDVElciMqq3tfyT9Yy/Dr1u7LuZ9mFfbEJU7M66e5j+W/h2y
4DueaIS5F9PkFlHlM12aav4T6Z9zF77nyBaYBzOP+BNVBDOnveY/lf7znsCfqtoaev1ypX+dV/CX
xv8Cfz/zWQpRZTAbdNb2P5P+p/6Fv61LN8wvMEd5EZUf87yr5j+X/qO+wj/xxB3zx8xWRURl0Zvo
PVjz86R/yZJl8furQj0NPf8X0n9bWfjvG3rBr92I2LsjUXkyk0dq+19Kf5fK8CueG4N5W2brB0RV
yPT21fxX0j/XEr6Nz2RD58+X/r9bw+9adib8Gczn9YiqHTNitrb/tfRvbAN/+O5AzJcxB6YRVTaz
3XzNfyP9L7SEH+AWgvl65pGxRBXEzF6s+W+l/yQH+JH5S+n+Y04pvYyut2JOW6n576R/+U7w/1y5
GvP7zJc7iSqVaRGt+QXSP7E7/HMt1mOez2zWnai8mE+3av6/0r93H/iPr8UZ6vde+r8ZCL9oWgLd
f9OJjksT+H2Hmb9H218o/cOHw69RJQlzZ+aSZkTlzCxM1fwP0r/VOPg/Hzhs6PwfpX+mL3x3z5Pw
g5jxvkQVynyapu3/JP1n+sGf8OEs5suZgyqc4/cdZsxVzf8s/S2C4C9ce9XQ+b9I/4OL4G90uAk/
g9m2H1H5MM/f1vZ/lf6DlsM/lH0P8yxmbAFRmd4njn2k+d+k/6dI+Nfn5GJeIpA4JZKoEphZbzS/
SPrHxMJ/VfO1oef/n/R33Ar/h9RC+E7MlzcK+b5jRpWK0L7/L/3v/gHfeniRocf/Lv2D9sPvUEz7
hzJX1TChx7NlupfRHl+V4v61j8AftKU85mHMC4eJ6jLzc0XNL8G+34lT8Kc5V8U8mvlgBFH5MTOq
a35J9qNGnoe//FFNzFOY5b8QVaVaxGl1NL8U+8kqA/6OkJ8wP8vsHEtUScwiG803YT8r/hb8U/Wb
Yv6eGdKBqDyZEc01vzT7hV0ewL+Tbod5iTNEkxyiKmRGdND8H9i3ePoM/odxjhFG+pdh337xG/jm
ZTrDd2J2qkNU9swVLtp+U+nf6CP8pgmumLsxa50mqmymz2DNLyv9z/0H36Wnh6Hzl5P+PqXL/b8/
8iXtX828X3II7bNk+gzT9peX/mUrwA9cPhLztczW24kqhWk5RvPNpP9uC/hRthMwT2OWdyEqL6br
NM2vIP3drODvuzLV0POvKP1f14d/Yeps+C+Y+8KIKoFpEqjtN5f+q5rBf2o+H3OzSsTnjYjKiRkU
pvmVpH/L1vCLkxYbOn9l6Z/RHv6P/VfC78E8MpGogpnZEdr+KtJ/ehf4rd9HYT6IaVcumq63Znpu
1vyq0r9KL/h9ojYaOr+F9D/QD75Pm+10/zET3IlqLDN9l7a/mvT3/BX+opt7MN/NnPt6D3dL5Nc/
WfOrS/+P3vA3+R8wdP4a0n+dD/wUy2Pwc5ntWh3j+5YZdULbbyn9202Df+NIGuaFzNcZRJXHdDqr
+T9K/9v+8F8PvYi59TBi5syL/L7DDL2h+TWlf+AC+KZF1w09/1rSv1YY/J823ab7j1nh0G3+/GLa
3NP2W0n/1FXwf+n4CPPJzNBgoophphZofm3pP3wt/MEP8gydv470/74J/ozgd4b8utI/bgf8FfU+
w09mWrcnKg/m9m/afmvp3/lP+LvSvmN+ixl4h6jeMd1Lrda+/y/9HyfDPz2mDOZvmZPmElUEM7uc
5v8k/Relws8xMce8mFnCiqjsmQ8tNb++9G+QDv/Tjuqrjbx+DaT/mUvwK/eoA78hc84IovJjZtTT
9jeU/uNvwLfNa4j5cOY71Yiub8AMbqL5jaS/6V343Zc2x3wBMy6OqFKYpnaa31j6//EY/qimbTCP
YY7oSlRezNR2mm8j/Xu9hD/3khPmScyeT4iqiOnprPlNpP+rAvhrfV0wP8ksXkRUG5kmfTS/qfRf
8QV+UgV3Q/2aSf/mJcrj32/sHQD/K3P9mQF83zDtB2v7baX/VVP4uX2H0bmZJSYQVRDTdZLmN5f+
v1WCrwpGGzp/C+lf2RJ+rUja34H5MYEf7xTTcqq2v6X0/6su/DatZ1A35jM3ovJmps7S/FbSf0Bj
+B5ZczAPZg7Mn8PdAnnPPM23k/6FLeBPmrUQ81VMu5VEtZ1ZFKr5P0v/6LbwF1dfivl+ZtsWROXC
3L5C81tL/7Yd4W85HEH3H7NCBlHlMc1iNd9e+t/qBv/okBhD/dpI/4De8LO+bKH7jzm+Shzts2GG
btP2t5X+NQfCfxu7C/OqG4gv/iKq88zLxzTfQfof84Jf1mmfofO3k/5eY+E3uHfIkO8o/f+bDL/T
/BPwPZnZ0USVyEzP1Pa3l/6bZ8L/te5ZQ4/fQfp3mgvf79QVQ76T9H8YAn/VqH/gH2M+C/iHP7+Y
OXe0/b9I/4XL4P9R8h7mF5krahJVK2bwA83vKP3rR8L/e9tTzPOZqalElcW0ydP8TtI/fT38+y75
mJfuRhzjlc+fX8yMt5rvLP3HxcP/nPse88bPiLuKicqikDjkP83vLP1/+AN+1bBvhl7/LtJ/VxL8
5jalIvG9RebBzkQ1hLnxh0jt+//S3zUFvuuFcpjPYO55RFSfmc4/ar6L9H9xEv7oSVUijZy/m/Rf
dg7+vPI14R9mhtQnqnbMjbW1/d2lv+01+DGJ9TBPZe5MJ6ocpn1zze8h/a/chP9X7yaGzu8q/afe
h3/lTSv4r5n+ZexonxUzyF7b31P6mz+D/zy8HebmEcTcXUR1itnASfN7Sf+k1/BL2jlj3po5vRdR
eTO9emq+m/Tv9wG+VWYPQ8/fXfr/WwTfYWZf+EOZL5YRVRyzqL+2v7f0X2Niht9fZTGY7j9mni1R
uTBtJmt+H+nfxgy+78ERhs7fV/rfrAr/90HjDfke0t+/Fvz4T1PgZzD3VJzK3ZgP/bX9/aS/ZX34
qTGzDD1+f+l/pCn8m47z4JdoT1zYn6h8manB2v4B0n/oz/AL7oRiXvMu8eF7ojJbTExcqfme0v+b
I/zyQSsMnX+g9N/YGX6j2lHw3ZmBDkTlzkxcp+0fJP079oTvfGID5lOZo24SVT7TdYvmD5b+Dzzg
Dxu5DfN5zKUBRLWCaXpc84dI/+Ah8GepPYae/6/Sv543/Ij4vwz5Q6V/2gT4u7scNeQPk/5jfoN/
5slp+P8x3YqIyiKNmHJG2+8l/U384T8MvYC52WLih41ElcysdEXzh0v/HfPhf214HfNajYgzOhKV
J9MvW/NHSP8ev8Ovdo7m9swd9/n6QqZnjuaPlP55K+G39HmIuTczdwFRxTDN8jTfW/ovjYbfq2ye
odd/lPRvugn+2N1v6f5jjk8jqmxmg/fa/tHS/9J2+AvcPmGezHw/mqgCmOlfNX+M9PdNhL8+vxjz
y8yrpb/z5xdz7A9rtO//S/8KyfCTV9L8LrPkdr4+lWldTvPHSf+9x+BfbVER8xfMKz2IypsZV1nz
x0t/j7/hv7hWDXOzDGL+82p8fXWiWV3NnyD9Cy7CN5lee42Rfj7SPzITfp0qDeF3ZFZtSlQezO02
2v6J0r/1HfiOB2wxH8w8cJmoHjLdnTR/kvTPegR/gKe9ofNPlv6zXsCf+qGDId9X+lcvgL9kbVf4
J5gd9xFVOtOjv7Z/ivQ//Bn+Ngc3Q48/Vfr/qirg91dl0/67zF3v+PFMB/B9NEjb/5v0/1oGfvac
oZhXCSQejSSqBGb+CM2fJv03mMP/t+ZozOvVIsbbEZUrM2Gc5k+X/k414FdInYi5C/PGDaLKYzpP
0fwZ0v9eHfg2w6dj3pMZ5kdUK5hP/TR/pvSf3wh+l+IAzEcxv1abQ9fbMuNCNN9P+tdtAX/4lmBD
/WZJ/1Nt4Ps7L4EfyfQfTFS+zMvLtf2zpf/oX+BHPgrH/CSz9zeiqhRBTE7QfH/pX6ob/MSQdYbO
HyD9t7vDP1d/iyF/jvTv5gn/UfpOQ36g9H82DH7RuL3w244n3ptPVFHMoiRt/1zpHzYGfvUyh+j+
YzrUJap2zI1HND9I+ttMhm+XcBzzAcw6p4gqm7ninObPk/4XZsB363nG0POfL/0nB8If//Iy/FDm
2pJXaJ8lMyhD279A+puFwF+4PAvz/cx3W4kqhWmarfnB0v/PpfA32ObQ/cec3o2ovJgxTzR/ofTv
sxr+oSs0f8y8/pSvL2IOea75IdL/bQz8jKmv6NzMrWGv+M8tU73V/EXSPyIO/ivz9/znhbjJhv/b
mRn1UfNDpb9dAvzS+79ibsuMz/rK75tM52LNXyz9M/fBt+5fMgq/f4rZbhJRBTOflo7Svv8v/f0O
w2//vizm05kh5cvR9Q2YoRU0P0z6VzsJf2BUZcxnM48mElU607qa5i+R/ofOwv+tzY+Yr2Ja9iGq
scx0K81fKv0HX4W/7KY15meYf78hKpN6RJ8Gmr9M+n/+B/4OfxvMLzLXRxBVAjPPTvOXS//19+Cf
tGwVZej7/9K/fS78O0cc4Fc6SiyV6cCPy3TpoO1fKf3v5sMvHNoJ8zrDiLVmEtUS5ud+mr9K+s8r
hG9e1N3Q+cOlf50i+E029THkR0j/k6Uq4t9vdBwE34eZOIiofJl+w7T9q6W/d3n4Ix4Mx3wZ8+RH
ojIbwf4ozY+U/iWqwp8TPA7zbcyP64gqiWk2UfPXSP+tNeGvqTcF813M+o5E5cFMnqb5UdK/60/w
96b5YZ7FtLxLVO+YpvM1P1r6P20C/8KYIEOv/1rp/7sd/CcmoXT/lSYetyIqe6ZtpLZ/nfRv7Ai/
eMdyQ48fI/3PO8O37LEGvgNz/EiiCmCeX6vtXy/9J7rCb50Xi/lQ5u6KG/j9ixmwWfNjpX85D/i9
l27FfAbzl3iiSmFW2qn5G6T/nsHwfZruxnw5s19XohrCTPlT8zdKf/eR8EMu7cf8MDP+CVEVMT0O
av4m6f96PPxNvkcwz2AGLCb+7+cOfh88rvmbpX/4VPiHK5zG/F9mxUZE5cSMSdf8LdK/1Wz4mXvP
Y262jzjzLFHlMF0ua36c9L8+D/7rvhmYN/Qg9p1A/N/PHfz5dUPz46X/jMXwyxTcwrw106psNn/u
CB9p/lbpX3Ul/J8iHxi6f7dJ/+Qo+E6tn9P9x6zl9pw/v5ipL7X926X/wI3wB2e9wXw1M+PVG+72
lt8Hv2j+Dun/cRv86bM+Gjr/Tukfswf+iurF8NOYn5oXczdmQolo7fv/0t/xAPydh0tjnsGcf42o
8pge5pqfIP3vHIV/ekiFaCPn/0P6z02Df/eLBXyzr8RXlavRPhvmEktt/27pb3UR/sdYK8xrbSDG
HiCq80wba83fI/2PX4df2akB5q7M9p5E5ctMaaz5idJ/xG34ze41w3wQc8AHojKzJQ5pqfl/Sv/v
D+F3n98a83HMCeuIKpGpHDR/r/SPz4PvXbcD5mHMZg5E5c4c4qL5+6R/l3fw557qYqhfkvR/8gl+
9Khe8FOYjwOJKoJZ1Fvbv1/6h36Hn1SyP+a5zJO1iKoVM3WY5v8l/RuWMcfvr9r2q6HzH5D+ZyvC
z3UZBb9GN2K54cT//dxBzBqr7U+W/hOqw/+e64N5y2fEV8VEZTGRmO2v+Qelv2kd+DXDphk6/yHp
v7shfHubAPjuzE7OAdydabZA239Y+rs1h9/3As0XMdMe8vWfme4hmp8i/fPt4U+aFBZN//9P4vWF
RBXDfLdM849I/5VO8EPLh2OezJxdn6jaMYMjNf+o9G/hAn9L4lrM/2aGpxNVDtM5VvOPSf9rbvCP
9N6MeQ7zzDiiCvo/ds48Oopi3+Mthk1Ag0aMCo8xICImQ6/TM1HRsKOgCIEXERwmM53MmNmYJYuC
oiKCCIpLBA0KV0VE9MEFHipcQAVBRESMgCI7IiAgCFxBQV/Vr36VpCDc+8Z3jue8c+x/Pun+1ffX
1fWtrqVPEuTaGYJ+Cfc/OhD01Ydfh/gJZNfGM1n51sh35wj6f3D/W94D+sNPvc3639OMjd54G/s9
MnOeoF/K/Z9fCPqmykKIy0h3H0ZpOHLux4J+Gfc//z7Qt9uwJKX+t5z7f2IE6LvEV6Sk/4D7X1kB
+oKMtaCfiHwzm5GsOxjLq4X8H3L/zYdBH1/4ZUr3/4j7v3kc6CcN3sLGHWR1hFEag9yxTci/gvtf
8TToZ/28i417yCktd+O8gxy9V9Cv5P5fNQX0H005APGjSHnuAZy/kO0PC/qPuf9LXgH9VtdPEG+a
yxi9i1HyI9eeEPSruP/D3gD9yW9OPc/2LYxtjzFKTX5hzD8j6Fdz/397B/SXjrygEuqNzHuOUZqD
XHJRpfD3/9z/V/4b9Dltmlam4t8a7v+tS0Hfa2k66JPInRsZpYPI7hlC/k+5/ztXgr7QnQnxSUhf
GaP0JHLf9YJ+Lff/kc9AP1KypVT/z7j/7b4C/QszrktJv477v/Jb0P+9a2fQH0KeHsooJZAFDiH/
59z/oj2gX7ubxY8iD/yC5dPNSvw/GIJ+Pfe/8UHQfz+mC8QzHmNs/nIX9B3Zuqug/4L7P+sY6C/o
0BPiDuTlXXpivZEr+gj6Ddz/Pr+CvvWqfhC/EfnsdkbpJLLgLkH/Jff/QIN0+P9V/kEQH4a8ZzSj
NAX5ZJGgr+b+T7gI9Hc1HZaSf19x/7MvBX3JbF9K+o3c/3VXgn7s7UHQz0OmWYzSSOS+sJB/E/c/
cg3opx+MQ3wNMpSWQN+QiTJBv5n7n3496BdPfID1P2Rw5gPoPzL9IUH/Nfd/ngz6jfZHId6oM2Np
T0ZpKHLBWEH/Dfd/gBP0Rz5/gvW/9Yyt9j+B5ScwDp8k6Ldw/4/dAvpmI56BuIn8ZhyjNB155HlB
/y33/7leoL/20hchfifS1YmRrDsYq6YJ+q3cf+NO0N86fwbE/cgLPmWUdiCz3xL027j/mwaDfkj+
myn1n+3c//J7QZ88MRf0U5FWi3ksX3vkyAVC/h3c/yuLQP9U5bsQfwP5wzvv4nuLTFsl6Hdy/98P
gX62uTyl+u/i/t+TBP2KzSz/IeTOU3i/9NWMwU+F/Lu5/6dHgn57xees/93PuGUyozQLKW0W9Hu4
/9PGgP7UVZtSqv933P8uT4I+Y8k2Nm8iu2zchvMXMn+XkH8v93/Hs6DvPGwvxPsjjcReHLeQ1fsF
/ffc/4dfAn2f3w5BPIaMtjqM/Q455qig38f9z3oV9L5XTkB8AnL8Ikay7qjE/4Mh6Pdz/z+aDfoH
bz3D+h8yfjejFEWulV4Q/v6f++/7O+in7kyD+BfIbScZpfSGjL6LBf0P3P+G74N+/iPNX0jp7/+5
/zM/AP26dhmgb9Ce8aMbGaX+yDlXCPkPcf97fQL6fSuuhnijlYz3bmWUjiPntBP0h7n/+9eD/sKi
dinV/0fu/xObQd+m8Q2gz0Ne0ZZR0pFj7EL+I9z/G3aA3jlLhfgQpLGMUapGjs4V9Ee5/2u/B/3A
Prkp1f8n7n/oR9CHDuSBfgKy2YVdWb5M5OpBQv5j3P+Lfwb9uAl9Urr/ce7/f/0G+r9l35WS/gT3
v3+jlvD7G58VgP4ActoeRuk0suNQIf8/uf8/tQD9pvBwiJ9E/j6WUapCbvYK+p+5/89eDvqfLvFD
/Op0xr3XMUo3IZ8uEfQnuf96G9A3nxeBeC/k2NWM0g7krXFBf4r7/1V70F83oAzig5EPB8qw3yB3
3C/of+H+l2aDPu/YgxD3IeVmD7Hy7ZGJ8YL+V+7/FTrohz43NiX/TnP/370R9GXGJNDPRg7oOwnH
HeSSyUL+M9z/u7uBfvLG5yH+GbLrj4xSWiW233RB/xv3/9fbQD+nbFpK9f+d+181APQfZ77O+h9y
uMIo9UZOnyXmT0P/bx4C+p3vzYH4he8zShuQ+5AZ7wr6C1Cf2OYB/a9DFqRU/waof+6hAOhbnV4M
eh2Zc9kSfG+Qo5cJ+S9E/QLbCNDL0z6CeF/klgWM0lpk+1WCPg311R+Ug/72Lp9CvAJ52yBGsu7A
dqgW9A1Rf7xwNOit7RtSev5GqM9IGwf60aO/Af1byI0vMEpzkU22Cfkbo15//SnQv3TNLoivQHZy
7cL5C1n9g6Bvwv3v+QLoF364P6X6N+X+f/8y6Nd7j7JxCznlgaM47iD3HRfyX8T9HzcT9AfSTkG8
RUPGt9qcwvkLWSVNEf7+n/t//TugbziTxRcsY7RtxvJHkN3TBH1z7v+ahaBv26sJxAcg/3kvo5RA
rm8m6Ftw/0v+AfrcfZdAvAS59HdGKTOd0ZYp6C/m/rdYCfr88VdMSaX9L+H+v7MW9JFObUFfhfw2
j1EqQM7NEvKnc//vrAb9+E87QPwt5JLdjNJpZEEnQd+S+39kC+hfC9ohvg758KOMUhXydBdBfyn3
f/Ju0C9r4Ujp+S/j/qs/gP7rd25OSZ/B/f/yJ9Afv7MH6DP7M/YrZpRGIjf3FvJfzv1P/AL6i4/2
hbiMXNikH/qOPJkv6Ftx/1s1uBR+f+OZ/JTqfwX3f1FT0HfThrL+hwzczigNRzbxCfkzuf8FLUF/
b7U3pftfyf0/lQn68mQJ6Kch753IKL2GTIsI+a/i/r9oA/2zreIQX45U7HF8b5HTSwX91dz/GzuC
/u1F90N8M/LUOkZpD3L1o4K+Nff/286gX13wSErP34b7P8oE/a5T40F/2S+MzVs+wfJ1RI6ZKOT/
D+5/21tAf+bFyRB3vMRomz8Z642UXhL0bbn/y3uCPvOmqSnV38b999wBenXrdNAXI1ceZ5Saz2D0
vybkv4b732Aw6Ps9OAvipciqSkZpDvL4AkGfxf1/dRjoi9vOTan+7bj/3S3QP7J8ERu3kHmbF+H4
j9QXC/nbc/+/C4K+yrMM4tXICRWM0tPIgx8K+mu5/2MToF/UYBXEv0auvYpRkpHj1gj6Dtz/jiNB
/8Wr6yB+FHl4MaNUjWy/QdBfx/3/5FHQH+y+kcV7MHYYhuflyOVfC/qO3P/7JoC+0d6trP8hG59h
lDK2MQ79XtBfz/1v9izor3n8u5T868T9n/Mi6G/qeAj0fuTuWxilfOTcI0L+G7j//f4G+sGfHGf9
D7lu53Ecd5FVvwn6bO7/4TdBP+K+0ynVP4f7/9Q80E9oljYV/m8MMnYto3QTckrjqXXz27n/ynug
nzmnGcS3I3uuYJS+RVZlCPrO3P8Ny0G/vN9lU1Opv8z9j68G/ZbDV4G+0Y+MaY2vZvlaI+deJ+RX
uP8Z60F/4qmslO6vcv8XbgJ9utIJ9CYytzejNBy5PFvIr3H/B28HfacNCsTvRnoOKFheZfQbgl7n
/v+8F/Q94i6I+5GtJjBK05H+PEFvcP+nHAb98Iy8lJ7fwf3P/Sfo71/YG/SvIX/9jFHag+zfV8hv
cv+3nAH984P7Q3w+sirMKI1B7hso6J3c/5ENL4P/X/Xzf0J8P9KdXsDKd0Q+7RH0Lu5/mxagXzPF
ndLz53L/l2aAfo+rGPTpuYz+AcXY7sj19wn5b+T+u1uD/vdvwhBvu4XxzmOMUmYE+3GZoL+J+y+1
B/2VI0tTqv/N3P8ZN4Beb/Mg6MPIrxyMUl/kgoeF/F24/9000N+x9DGIP45cvIlROojMHy/ob+H+
78kFfcA9EeKVyKHlE9E3ZEGloL+V+/9YV9CPkZ5P6fnzuP8dbgP9yzOqQL8KmfF+FfqGdE4X8nfl
/q+6C/TvdX0N4seRGUMZpQRyynxB3437778b9F/ufiul+nfn/jf1gP7wmPkp6Xtw/2f7Qd+kw2LQ
34zs0WUx+oZcu1rI35P73zcK+narPkzp/r24/4fKQH+zfw3rf8iND63BdkOmrxPy9+b+T3oI9AVN
N0D8GeTUazagb8jMrwV9H+5/58dBH5vN4pXIgWuw/A5k/62C/jbu//pJoJ94+06Iv4fs7WWUypF7
9gj627n/IypB/8bBfRD/Ajmq0X5875FjDgr6SDKR47MKk8U5qqw6FFlW8xWnqujOITmK5tCMzt5o
0h2Kxt3xYisUst8Xj4SlVA+ZHA5dB5LjbBqarEuKoRqmaWqqrEmyYhqaLtlk6U84kvGEJ2azSbFI
JPGvyv27+P/T44GsSElWbiKWtLKzQhGflZWbRRzPys4KegqtIDur9Z9ej3h85LJVnrBiYU+QXLFi
sUiMXCI/eiOxmOVNhK143F1oFUViFs9dN+IpIloeCISiQStkhROeRCASJmnuGNyne588W54VC3iC
Nm+yf++7bf0HDezW21YUKLd8OaUkTSRmK0oGgznxYCRhi1nRoKeC3J2euUs9RBdOkETh0oAv4HF7
k1F/hZsWd9MCpFwxecDa+5A+nzOwoJ+eo8u9utIsoaxcRXZmZ/ligVJaT0WTNTk7K5YMJwIhq+Y8
nohZnpA7GgtEYoFERVZujkpSByOFniAtF3MnAt4SdzhOs6k6qx2cyERc5omFklE4y86KkkeN+NxJ
EjXouc/y+IKBsFV7hTRdJOazSMObmklSlQSiUXqmOjTqVDLs9bvBBiIgxen9yYuNJ5GEhz16zd1D
gXjcIme66WIn7pgnQZ5Mtuum01X3cMJzu+k7knAnE17SbnScyFHkHBgpclU11zDtsmoOyWJFrbDv
XxQkrzgvWOahjkBiaCTTJbschmaaJJlL0TXFWacczSqWIodD1xw6bQ5IAs8PTfZAVhgbKhQI02e2
u3RFrj0U0uSGTAKqXdYNcuJiJw5deHgacJGAwy5r2jkBNwmpml02iQMhTzk/GVXjR5SYFoiTPn2e
OjkNjddDsbsMR209DKPeehjkMercW7W7zLPKsXqcEyB1Ii1UbCVonXznbyjZLjvrthM5eBVJiDT8
2V0DKkxDTlGlY5VpyCWGjJoHkO1n3Yv6Ak9QT2SU2M3PU3u1trb6WSnU2toaRm31xJZ2ucya6jns
hmmclQFqd26gtnJe2lfrqZthd5hKfe3qsJOJ76w2gHo67LqiuOrpBk67otY2IumcLlWupxecG6it
ZSLCX+j6OyaYxDum7KqndqST6i6z/k6qG/rZipoOq2l1OqlGXxar3PLWWw9ds2uOel5aVVXsilPH
ijhN2a6d0yuhIpqLvI9KPW+tYuqkcXSdtxSeQvskrLCXTBaxSMiNr0x9dTMMu2qc9fRQN42OAfq5
7eV0KmToq20kQ7FrilmnRobLrmpqTY3YKamRNxghk0hRAF5dWpHa2dpDCtrhJrJLUclAqOh0RKEj
uTsaDbFxjwdUMqaQEaaQDaKGrNpV3XBpplPVVd1FZMXumFVUM77qsm6qpP8YpoPOICxm6qrDdCou
Muqqqi6TdBZZF0BCp6zZDTpNxQM+dyzErhL77CZdTDp10qU0XXfwEuQpoYRTddk1TVc0MuaTahgq
a2F3WcCX8EMJ1ekgeUMWmcjrXiZPSowusaIJ9zkxcluShtgE7xX5yU3LwanYoJF44nwtSuZ/h9Oh
kWWwKrQoCdcEyDKAjiSsSckZ6a+a0+kg7aeTB3ac26SmQVSGAT4LTaqbDpW0ALlr3SZV6mlS1SRv
JMnvlF2q4TBl0zy7SU0iU2WnTipH2o7e9NwmNR0pN6nKmpSOVbUtatB3JlEWIU0ZCCfctQ1Ze622
7XJgGiYTk8MgD6CZGh0D6dufTJBlFnEkHIj76ZpGqXvZ60+GS9g6pm7ZWBznexIZdZH01/GHjxT3
fx4fWRLHPbGKVHaC/2b/p5qaQ9z/qYqhK3/t//7s/Z9VHqDjkicO+7B4oJhs0+iWrywSK8FtH98F
+pJ0x1N39xKK83NySkr6rCJPMki3W/QC2ZYFkxa8x3Aa84SLYT4Lktsl4HoxuXPCoic5BhlX4mTL
E/aRnYk1Ikmu0pHBQdPz67Ctocshsig2NcNlKHzG5SU8XjpaYBEyByoym5npjMJiZKKnP0Rg9Ujn
cbLOdypksDNph83OSoYDdNNkOJ18x+bGSwp/bvKzi9QqQl4LulmpuSijml5xk3OHYSdJVYeqGQ6V
bGB0RShQU1kop9OFDxneySLIwGqQ9iXjsgdWH3ZVcTk0MmDLDkVV6c6hpgRbOtlNnUz8zjrXYVnh
spMp3+lQ66xOEkXBSJQ+A9njyBpZKZhkceAgMxXdyxbyyofJ5jk7qyha+yNRQZDegO6ITV1zushT
mURXWEFsrBOV6bQSC1vBuhepT4H7LVhc0R/q+qyT+ZKFabMkqc3sUjBI9tuemCckdIvahbVQgkvx
atBTYdHtsYJ5/AGfzwrXhMusQLE/4Ya611yMk/U82TD5ImWkYJEnGCcvSSnb00EIHgMvkD5XypQ+
qzTgtVgqN9kQRLweqKeqkYmbfgsYhZ8gZKA77KFfFc77PYIWSSYD9O3r1X9QDvGVjKWFhTmGx1OU
Y/p0PUezCtUcy2O6HB6Hi1xWiKooZlmkw4RqPsPosKZRVMVR802AhOl1zSCLOgcZhMnqKOnzuPFD
h5uO9PBu4AcPCLKPIufE4hVhuuWnRbrD4w/0ksk8GbS60vVWIFw8kBSw3WCjBQbChxN6wR+LhInL
NvggZLM8Xr8Nekc2G2dIt034SdZug7r2zRvo7t6jZ96gvvnufnn5vW0de/Yn6yhbOGLL76mp1xOJ
H9ZzWS7FpZKtieLRXLQdorThFI0MD2TNE+XvmTvhJ3Xw0f7opZ+e6FiURVbw+JDU0sKg5WZO1vR6
tmliH4Hq+boh23UNvm7QjxXnLeWiGwFaipagX3lIqc50hI1HPV6rM3ytyqGNRjp3tPMfnp698dKs
/83K6I/fwG95S+zBSPH/ef4nu2G5zvxPytHthfnX/P9nHDWG/g875wMWVZX3cS0tI2vJ7A033I5l
hS0O8/8PSYKI/0IkQtOExoGZYaYGGJkhMWmlpLQkMzMz09KyFnuxsLClotJXLCoytsyorKisTFFp
xbLS2nt/53t0DprtfbfHZ9/3gcfn+TjX87nnzP3ec++551xkodLCQpXKndrv7h5Td4//j9f/lXuD
9jWg3+j/6oN0l/6vN5ks3f3/pIz/oxi7iI9AWNe1HvWf+JoQ44tC6gZ/qDiApRqm3lH51qOPCOyi
CDti3YAd515ovo4XO7JmcLxCDlFIfTrJ583R0xb1acHJl4OcIZ9LGQmre7BblIGQUW916a12vd2W
b/IYPXpTnsubZ3MZjQaD3euyeY22fI/d5nWYvXq9y5vvNXjyza58g96a7+K1uWj5SamvsFAdrrKL
zF6rxeuw5RvcFq8yMs/3OAwGr83tdtm9hjyD1+TV59usDlM+vjhfbmG03kIHCAs+6hbaELHowyx6
vY5vlZZ+Irar7XAVqYd3qvJR2fDrQ4a8Un/AnUDrZgmeMpe6vBZKCJaG8n3OkjJnofJM5ncG/UF4
Tk+Z8zj/SN9CqWaoX/zt1ysM35SgDEydlIa/KFgaTsieVFTitJn0Zict3DkLMkY4UycqDXKG9EG9
zmc5svtC8TfDkU0lRzcpzOVpiLsUnZ6RozblGEXd0n0ZP1nXfw2jvn99/KfU2vX6b9Zbu6//J2f+
RywGM3U1mEUsNTN1xYMdXWxm6mozu4jGh8ondc6oe+71/33/L/iV5z8N14DfHP8ZI/q/warO/5rM
3eO/k/v8l8hosMZmaZzuxWwrZmePmfwVE13KefbvTXQUnGAd4nebTSk4wWwKn5E8diry2AnIyKnG
Y6YL1QJujzqL5lbnPsU0pNFEb03IU5cGvcFhNFjs6qyqPEGpPCHZzSaDjZatUUfEXjEZaeoy9eot
oYG+OgNYcGQKFxvV5XaDw2G13yJm304wyXtLVMR54y4u8jBx0iSRy9QTJkk5LjSfF0qy6i0M7yEl
OdRXHhjm4cTHiKnwJKtVZ2DHzo3TdgPrMtOepGfqg0ESViu670cn6/qvdInfa/xntFmPuf7b9N3X
/5PxE3aG4qmvxUf0uCiDTm8wxFtt8UqfM1ptpiijTq+3K5/UDQaH2R5lUjZYxQarxRZl1qlvNWGD
zWCOsij7MB/Zh8kYZVXfrYi3WpQ/OodJKWHTqW9VqYpFZ3eYouwRnx02syHKoezCgl0YrCZ7FF0s
4h1qAZPDaOru7Se7/9NUwe/8/Gcxmi1d+r/eou9e/z8pP6P8AQ9TX+YuUscQicxnicpUM84qY5n+
IA2ppupzE9kol1LQrdzEWcgTZiG+uucvKmCuQEExC/rdzGBWTqB4po4AmUN5kizxhEtLipg6Y8eG
GhKZcttmE5TLC00esqLiMFM+FPrDYY/7+FUe2SlV6fKqrwiFZ6pNSM2cyPTHl651+cPMW1zCR7ND
1XVJRq8iRWWVqo0p8voLEtloZQdj3Uwfzy5mxV4WxB5CzHD8vR7dGe2L+fzhXzlMSs3hEldRSH2q
Vr+nMpIJqYfJqxw+dZqV/a7zaFHpkPmqDR1a5cC5ZqpDsYTUEYy/FK5+0dSs1COf/rcarzt9QupV
12SnZTJ1bjhJuT6wiJf7k4KuUIiJSYQkm9HMMIGQpNzmmfrCo3j3NMlg1hmNFsYnIJIsen2COpI+
/oEdpxx39TiqR8+jHGNav40qukm5FDm9hWEV+YHikCeR8U8ooZyeKmYqCRarjYhSJ5VNiXqzzqGO
uO2M9qDLDwYTlfucOu2YOiFjqnLWGRwsl03NmJQ+YbQuNTMzl02kGH89PT7hSrtL4KcZ/+DkH3Qz
XYUBOjFpK87EUt4b5FY5zDSkdfpcRe6Ap4QaZzaLhhmNRxuWNnlstnNMSsbI9LQsZSNZM1zhfJ+7
uCBXHAE63ErXLVZP/xIPM0fUZlIetB0Rx8BksqvHIC0r6+gxSEnLGpuS7pySMj7dmZmSdU1aljNt
UlpGtnx4jl4f1HOI8W+rbEr8dw9ZXJ6yu99jT0PE91YGJmarzW5hyonvUi4tIfrqBvVCI46xVf3i
dLbreM/LmpyLX0Kx6YwuNmFoVkoG85YW0dtDrgALBQP+sC6iBotZeU7sWoPZcOIalOca1CKuSL+5
S6tV6y7ZDH/Yxyamjh1aXDSU/imyEqtRGXp3qcRgd5y4kvSRmanq6VZcWuBTrlt0YWDK5S4vcLTH
WXQG5cFZuQRQdDoftd4S0eMidz0+bfyoCROUU4wKj/cUFpfMHKXcgJWbi3L1HUrXb7xZQ5cuq8Om
sxltbLx/BPWxyN8aylf6kfIEzIrzblCuUSxOX2Yze815Zr3FajPqh+i6NNDGxHII//Jm62+EhstV
IlNuMPwSpR5fz/TUYo/Xm6LeHU1HqzA5zDaDTT6+6gD7xFWkegIB5U6lZ4ksO2+sW6lLz8Z7wiX+
fOVY0Bs2LE29RrMsV9jD6EcpQq8yszj+L6kj6HI+3h8qVC8QSlc9Zot6qcfGbPVZnT4o47IhXZrf
5Rw02gz6f7n5R36OND97BN1jeCt50+PkNmVHtkn9YBAtMqi/YGKwmP6PHlDRfPt/1gG1Wm3miHuC
2vtPcF883i1YhdoTRo3PZurNTv19Cja1y3rjkRuUuDEZ4lnAFQrTxV4ZjCidyB9iCeHCYPdj3n/M
81+eX/uv/574+c9Av0wlP/8ZbCZz9+//npQfN/hZyznuVer///dg3q4F9P+sgDVgHRjjJeLXznt4
wJ4lA8j3JN7Ayw0D08FscHWh5HvBQecOIr/io+m83HawHewEM0slX0xEpNTFkb+sfCYvVwEuBJeC
mfMk3yfWQSbqya8beCsv9xs/4v8f8IO3fmcj/+2X+f57bABbwK1gXJVU/w3gqgeGk/+NcyEvNw0M
gmXgzgcl/0Zwo300+af2XKqp/QGR/wcZ5P/p0UeQE1gHNoDsMan+QrG/WZPIt6f+lZcbCWaDk0H9
c5IvLieDYq8nP2vHU5raXyzyf8lDfuHtfP895oFLweVg5/NS/UGR//WF5M+99GXkBNrBZHD5Rsmf
LvL/JUz+qtc283JNYCvYBq7cIvklIv+V5eQ3+N7S9P1DIv+USvK3nfEe9/uCseBgsLJVql9c0z77
fD75HU9uR78HG8BGMPkryS8V7am8j/wz03doar9YRBh0yUPkX7JnN/c7wB7tnH3AnH1S/TNE/q8+
Sv7wBfvR78GVYLXgYckvE/kXPEn+dQk/aWr/TJF/n2fID7ecspv3d3AH2A6mn7Y7sv6bRf5rnif/
nulRvFwYrASrwJ0xkj9L5D9uI/lr+vXbraX95SL/3U3kb3p2APfrwA1gE9jOpPrFu1c9724h/5Ps
QbzcZNAHBsCtF0v+X0T+ulbyDx6I4+UOgr2GcPYFffGSP1vk//an5Pd7QM/LLQWrwVqwr1nyK0T+
wa/JH2q383LDwHQwE6y9QvJvFTxnH/mjPxjOy20H28FOcPU4yb9N5P/Md+S7bh6tKb85Iv9rfia/
/IIJ3I8F40EzuDBLqr9S5N/Z26P6SxomIXewBWwFxzgl/3bRniVnkV+be72m9t8h8redR/6bP3vg
ezmjwRiwzC/VP1fk3xpL/pePFPJyK8FasB6MnS7580T+MweT/0tyKS83EswGc8D6Msm/U+T/x3jy
//h5Ofo92AkeArMrJP8ukf+LJvLNcyrR78HF4HKwfa7kzxf551xBfsbgqt0YZ3DawWTQd7/kV4n8
D48g37/5Pk353S0+PzKO/Dneh1APWAZWgK0PS/UvEPknZ5G/4vTHeLk+YAzIwJoayb9H5P/ZFPLr
q5/U1P6FIv/bXOS/M/YZ9HswB3SDDeul+u8V+V/sJ3/PrueRE3gI7PUC2rVZ8heJ/BuD5J9etVFT
++8T+XvKyB809HXu68FkcAxY3SzVv1jkf1oF+cO2tKDfg23gTjB5q+TfL9pTPZf8ScWtvFwQrADn
gcs/lfwlIv+x95AfjG7j5fqDg8F4sOoLyX9A5L9rCfnz132N+xfYCDaDbLfkLxX5z3+Y/Mez9qGf
gm4wAPb6TvIfFPnHP0H+K/u/Q78He3yP8xnMOb090l8m8n9rLfkfLv5ZU/4PifyL1pPfaTmtXYu/
XOT/h5fIP/v9s7jfCu4EO8BAtNT+FWJ/6xrJH1J2Hi9XDlaBi8EeAyT/YZF/VjP5qQMG8nKxYDxo
BquY5D8i8t//Lvm5Lwzm5RrAZnArWDtU8leK/Bd/RH7Z1HhNx2+VyN/yBfmLDpngmzmjwRiwwibV
/6jYz7Zd5NesuIKXWwnWgvXgwlTJf0zkP+Mf5L92Zaqm9q8W+cf8SP5nn47jfhvYAR4Ep2VI9T8u
9vdCT6/q/1SRxctVgovB5WD09ZL/hMh/6hnk/9dF12lq/19F/oeiyddvcnG/EdwKbgeTPVL91SL/
FTHkX+X283I+sAysANsCkr9G5H8lI9/Tezov1weMARlYGZb8J0X+n15G/uwnyni5arAe3AAOLpf8
/xb5VySQv2x0BS83BpwMTgPr5kh+jch/kI38up1z2zHO4DwE9pqHfnmv5K8VeWy6kvwtd96jKb+n
RP7uUeR/c/kD6PfgMHAkuHqZVP/TIv/eGeSf2vwwL9cCtoE7wWlrJb9W5P/ERPIHFj6hqf3rRP6j
c8m3n/0UznMwFhwMVq2T6n9G5L/TTX7W0+vR78ENYBM4b6PkPyvyvzNAfiDzJU3trxP5Xx4mf+63
jdzvBHtt5uwLBpqk+teL/TXPIn/Vomb0e3A1WAPGtkj+cyL/wjnkv2jaius9OBJMB+s+lvy/ifzP
nk/+tq0fafr+9SL/pxeR31H6Bfo9OA9cCJbvl+p/XuSfuYz8qPN3a6r/BZH/t6vIv6T+H5r8F0X+
i9aQP3zKj9zPAX1gEGw5LLW/QeRvWkf+lB977uH9HuxzCmc0GOi9J9J/SbTnvXryww+dwcstB6vB
WjD6LMl/WeR/0wbyFww7h5dLBtPBbLC2v+S/IvI/v4n8NR/H8HJtYDvYCWbGSv4GkX/92+Rv+gvj
5SrAheBScMMQyd8o8p/yPvkfXxi3R0t+/yPy//ET8g9uSOB+I9gCtoIjTVL9m0Q7HvqK/H55Nl7O
DQbBcrBuhOQ3ivyH7SU//tThmtq/WXz+5AD5o1ePQu5gPbgBZOOk+l8V+c8+TL4rLYOXGwNmgzng
wimS/5rIn/UuUP1ZX03U1P4mkf/GvuQvmZvL/XngYnAleHCaVP/rIv+8/uTXxnl4uXjQDo4El/sk
/w2R/6mx5L/xeoCXawZbwTZQH5T8N0X+qy8m/8sbwuinYDlYAe6YIfnNIv+0P5P/y5nlvFxfMAZk
oG+25L8ljufXRvIHrJ2Dfgo2gI1gxyLJ3yLyn5dIvjljvqb83hb5DxlBfsa+RZr8FpH/G2PJ9y1c
htzBlWA1aK+R2v93kf+NV5M/x/CopvrfEfn3nUL+infWaPLfFfmvnUb+30LruB8GK8F5YNULUvu3
ivwzfOS/0/95TfW/Jz53FJPfvn4D+j3YCDaDsY1S/dtE/vfOIP/0a5t4ucmgGwyAzW9K/vsif+Ns
8gcdfBv3L7BvC2d/sLJN8ltF/u/eQf4VD76v6ft/IPIPLyB/UuKnmvwPRf7nLSE/+NFX3N8O7gQ7
wDG7pPZ/JPJ/bgX5d5XvRX8HF4JLwcYDkr9d5H/t4+Q/PvA79HdQD5rBxT9I/sfi+/xQQ/4rLx/G
9R5sAVtBc8+9kf4nIv9ldeR/4Oy9l4/TwSBYBpafLfmfivyvaCC/s8dZe7Uc/zaR//ZN5J/9aH/u
rwbrwAaQxUj1fybyv+VN8uNSY3m5kWA2mAN2XiL5n4v8//Qu+ak7LtbU/i9E/q98SH7u7X/m/jxw
KbgSPKiT6t8hvse0z8mfcamJl4sD7eAwcGuy5H8p2nPKLvIXvZaoqf1fifwf+5b8Gt8I7gfAcrAC
rJ0g1f+1yH/kD+S/esY4TfXvFPl/2cNH8x9PXs39GrABbARjJ0r1fyPyv6MP+T9dNYWXSwdzwGlg
Y47k7xL5XxZN/nl7pvFyHWAPF2cfMNMt+btF/k3nk69f4OPlFoIrwWowukTy20X+/gvJH5cQ1HT8
9ojPZ15GvqdlBs4TcAfYDqbPkurfK/Kv0ZE/e/psXi4MVoJVYOydkr9P5D/eSv6D/eZqan+HyH9v
Evl1zy5AvwcbwWZw8CKp/m9F/vekkb8lewkvNxn0gUFw+SOS/w+Rv348+TsPrNDU/v0i/79nk3/q
A4+j34PVYC3Yd41Uf6fIvySH/IH2tejvYDqYDdbVSv4B0Z7+bvJtH9TxctvBdrADDL4u+d+J/Nff
SH7WzQ2avv/3Iv9JIfIDFzRq8g+K/L+/mfw7Gt7k/gawBdwKxm+R2v+DyH/pbeSvyn0X/R0MgmVg
6zbJ/1Hk77iL/Bd//hDt/wj9FYwBg59I/k8i/w/vJf+9Rz5HvwdrwXowZ4/kHxL5z3qQ/I7kXZqO
32HxeeAq8qM+/xb9HuwED4GTD0j1/yzyf7ma/MFzfkC/BxeDy8GqU/ZF+r+I/J215A8f3HOflvaL
v7h61JM/ZXMf7jeBrWAbGNdXqr8n/FtXvUJ+yBvNy/nAMrACbDtX8k+Bv2rEa+QvOD2Gl+sDxoAM
LL9A8k+Fv/GLLeRXV1/Iy9WADWAjGHex5PeC/1nlNvI3jb2Ml0sHc0A32HS55PeG3/PST8j/eJeO
l2sHD4G9Ejg7rJJ/GvxBr31J/vfzrZryOx1/SfHtIb/f0Cu5rweTwTFgdYpUfx+R/xkHyI/fksbL
tYBt4E6wx9WSf4bI/8lD5I8qHq+p/VEi/6t6+Wn+I3oi9/uDg8F4sGqyVP+ZIv/2M8mftS6Hl6sD
G8EmMHaa5PcV+d99Lvn3Z7l5uWzQDQbA5gLJP0vkn3AB+bX7b+TlOsFeAc6+YKBY8s8W+bdcRP4b
i0O83FKwGqwF+8yQ/D+I/KdfTv4Oyyxezg6OATPB5ZWSHy3y72ck/5dtt2nK7xyR/7MO8geU3YV+
ClaBi8G2u6X6+4n8s1PINw1YhJzAeNAMVv+TkvOPqvn+43jyK4RYqAnhjkYmhNaSEELjIlaTyYRG
CCEWC5maWIhlrmnTaBOFRkuIsoXLYiGTdW19adxNdPsxWr5nr/fzdc5ef37+epyzvR693u6j972d
zumzV/ivcP9qP/In5uzRdH577r9bT37YjC9x78FwMBL0OSb2d+D+HoHkb6hP07S/I/e/M4v8ffsy
NfmduP+a+eSf8s7GOUF/MADMPi3O78D9Oy8h/3rZOXQCzaAFDMgXviP3z11JvjnmRzUXCyaCyWDd
ZeG/yv1nriO/WY+fcO9BN9ADDLst/M7cv2ET+d3zb2l6/Zy4//6t5L8V+iv2gJFgNFj/UOzvwv1H
7CJ/WtMHmvZ35f6/GciPOPgnvs/BLDAXdH4q9nfj/htTyf9kbDXuPRgAhoB5L4XvzP116eSnVtRr
On937n/xBPnn4ptUqnsPGsBUsIlN5X/39+D+806Tf6ePrZpzBT1AH9DQVvg9uX/zfPKrrryi5oxg
CWgC/ToJX8f90y6T32ZRZzUXAcaAsWBFV+G/xv3H3yDfpU1PNWcHOoE6MK6X8Htx/8d3yB+Z0UfN
ZYJ5YAHo5y783tw/4T75M/UDK7X0c+H+/f4gf9XTN5VvAa08FW3A8GFi/+vc/1ol+dt3jFBzSWAK
mAZGTBB+H+6/pI789EHjNJ2/L/e3s1pAv/8o1qM7WA6aQX2A2O/K/Y81J9+0IlDNRYGxYALYZLbw
+3H/qW3Jf9ExRNP53+D+lo7kd8ier/xc0AgWga4Lxf7+3H9XV/L7By1Rc8FgGBgBliwTvhv3H9KL
/PHPV6q5etBmFb6fwcg1wh/A/W/3Iz907zrcUzANzATtNgh/IPePGkz+Oq+Pcd9BfzAAzIwX/iDu
7ziM/D33tuK+g2awDgzeJ3x37p/jS/6Jdbs09RvM/YP9yb/WbZ8mfwj3/2cq+RV5qbjvYDFYArql
ifMP5f5fzCDf+v10NRcKRoLRYGmG8D24//A55HdpnIXvc9AedAIjTwn/Te5vWkD+0NTT6A5mg3mg
7pzwPbn/+mXkTx6dj/c5MBAMAbOvC/8t7t9jDfnhDy5rev29uH/+evI/3nwD79NgEmgArW6J/cO4
/9x48lNcfsE9Bb1AX9C9TPje3L/ZdvJPX7qPew+WgibQ63/CH879DyWTf3PBH3ifBqPBWLDCLHwf
7u+XQv6TVk/VnC3oBOrAWIvwR3D/Pw6R3/JIHe4pmAcWgsWNnv7XH8n9P8kgXzfR6qmWfqO4f99T
5Hs/aa78StDKRtEGDG0l9vtyf+NZ8oMS26q5JDAVTAdtHIU/mvsv/oH85QM6aTr/GO7f9hr5W290
VX4xWA6aQb8eYv9Y7p95k/y05b3UXCQYCyaAwYOF78f9J98j/4L9G5rOP477Pysnv/Q79fWtssEC
0Ai6vyn2j+f+O83k104fpuYCwTAwAizwEf4E7u9uIb9dna+aqwdtRyvagxF+wvfn/jdfkO+6x1/N
GcB0MAu00wv/be6/qvFC+v2HZ4Ca8wL9wQAw/R3hT+T+Dq3ID7k7Q82VgmbQAnrNFf4k7v99e/I/
jJ6jqZ+e+7/7Kvm7uixUvjPoBnqAsYvF/snc/0V38jPOLlNzeWARWAJ6xAl/Cvc3vE7+5VlrNJ1/
KvcfNoD8cqsNmvwA7v+rB/kNX8bj3oOZYDZonyDOP437x/iQ7zhqu5rzBQPAYDA7SfjTuX93P/IH
lSeruQqwDrTaoxhiEP473P/CJPLf3pSi5uLAZDAFrDwg/EDuP+cd8sN6pak5F9AD9AJzjwk/iPs3
mUX+hh8zNL3+73L/r+eRbwg7pfxwMBqMBYtzxP4Z3H/MYvJPtTiHew86gTpQbxR+MPd/uIL869/+
oOn8M7l//FryH0+4hnsPBoIhYN51sf897t9nE/nN/ryJTqDVLXzugLp7wp/F/a8kkO+8Tf1/q0TQ
AKaCdSbhh3D/8CTyPfv/D/ce9AH9wNQK4c/m/q0N5E8rMqMTWA6aQf9K4b/P/Y8eIH/JUgs+v8BY
MAE0/CP8Odx/0mHyP2lfr6lfKPevPE5+6onGz9T7PVgAGkG35s/E3/9z/x055J8NaKXmAsEwMAJM
eFX487j/oAvk36lu/0zL+edz/+JL5FftVl/fqhQ0gxZQ31XsD+P+K66T39qjh5rzAv3BALCyr/A/
4P4d75Dvcud1TedfwP1PmcgfuWaA8qPBBDAJNLmL/Qu5f2AF+cGd31RzTqAr6A56eAs/nPv//YT8
Vbk+ai4PLAJLQA9f4S/i/ntryd8+00/NhYARYBRYPEH4i7m/10vyDzdMwuunf4afNxQdwKipwl/C
/e81C6fff+x/R82lgJlgNnOp8CO4/7o25Jt8Zmnqt5T7d+tI/vP78zT5y7h/XhfyO2xcrMlfzv1n
v0Z+f91K5buA7qAX6Lta/Psjub91P/LHXVyr5grBEtAEeq0X/grun+pOfui8Tbj3YBQYA5bGCX8l
9x/tRf665lvVnA3oADqDUYnCX8X9H4wiPzktSc2lg7lgAeiSLPwo7r95Avknxhlw78FgMBTM3S/8
1dzfZSr5Vx8dwPsOWA82ScV9Shf+Gu5/6V3yK7Yc1tT/Q+6/4H3yrfudwPs06AP6gZknxf5o7t9q
AflO13JwTtAEVoCuBcJfy/2PLCV/6JILms6/jvtPXE3+ZLvLyrcHdaArGHdV7P+I+z+JIX/hsev4
/AILQCPYxCT8GO6fGEf+x1PuaDr/eu4/IJH8lCoTPm9Aq/v4fgbDy8X+Ddz/xmfk5yRVqLlkMA1M
B23Mwt/I/ZfvJ//m4Eq8T4N+oB7MrBJ+LPe3P0T+k1u1uPdgBVgJ6l8IfxP3P3mU/BZRL/H5BSaA
SWCpddV//Y+5/zsnydc5Nq9Sn1+gK+gOptoJfzP3rztDvndOmyot/eK4/56L5AfO6Kj8YDAcjASN
jmJ/PPf3vEr+8vou2N9V0Q60BxN6C/8T7n+3mPyt+17TdP4t3D+6lPxD3v2U7wPqwUAwy03sT+D+
XcrJv1DmXoWfMxQrwTrQd7jwt3L/c4/JL43x0nT+bdw/pIr8mu6+yteB7qAHGDtW7P+U+zd6QX67
/AlqrgAsBkv5vwcJP5H7f2W96F+/b+hUTeffzv1HtSR/TNMZyrcBHUAnMOA9sX8H9y9vR37IwffV
XBqYBeaCpXOFv5P7b3Ikf83YBWrODwwEg8HcRcJP4v69upO/q2JpFZ67he6g1TJ83RXC38X9C13I
z4hfje9zMBlMBc3Rwt/N/T9wI/9Sn/W496AH6AOmxQr/M+7f0oP88itxuKdgCWgC9TuEn8z9Dw8n
vyE8UVP/Pdzffyz5Dm2Sce9BJ1AHxu4V+z/n/n9OJH9Qxn41lwnmggWg8ZDw93L/bdPJf1t/SNP5
Ddy//3vkz396VPkW0CpD0RYMOy727+P+1+eSv2HHSTWXBKaAaWDsGeF/wf2XLSLfMOgs7j3oA/qB
qeeFv5/7v7KC/JPFF9EdLAcrQb9Lwk/h/lnR5F9fcVXNRYFxYAJoLhL+l9x/Wiz5jzvexL0HdaAb
6Per8L/i/jVbyG+aXaqp3wHu/9lO8p2DynHfwTAwAix5KPancn+PveR7Pn+s5upBWzM+v5gvhP81
9//lK/ID9lZpOv9B7v/ht+Qv8VJf3yoEjAAjwZIGsf8Q93c6Tn78PWuLuu+gGbSAJY4W8ff/3P/M
9+Snrmtp0XL+b7j/e+fJP9utvSb/W+7/spD8kjxHTf5h7p9SRH7V7O7KDwUjwCiwWCf+/encf0QJ
+a0bv27Bc7cU7UAHMNJV+Ee4/+9l5PdOdbPguVsW/LyhmAs6uwv/KPePfUj+yNEeas4PDACDwTw/
4Wdw/9eekB/8YLim1y+T+/9QQ/7KzWM1+ce4//wG8re7TLLguVuKXqAPaJgizn+c+9s0W0y//7g0
Xc0ZwVKwHCycJfwT3P+b1uRfXPCepvNncf/xHcg3tZqnfFvQCdSBzhFi/3fc3+xE/vP0RZr2n+T+
W3Xk209cYcFzPhVDwDAwM0rsP8X933Alv/+TaDVXCVqtVbQBw2KEn839fxpE/rjEWAueu6WYCqaD
vtuE/z33j3iL/DkDEjT9+3O4f7tR5K+7sRP3FCwHK0CPz8T+09z/+Hjyk5fvxT0FY8EE0JIh/Fzu
P3UK+cftD2g6/xnuXx1E/tXvvtXkn+X+u2eT/3D6ceUHgmFgBJiWL85/jvsP/YB867rvNe3P4/4l
EeQ77TmvyT/P/VdHkT/E8xLuPegPBoDpRnH+C9z/1RjyJ98twr0HzaAFzCsXfj73P72Z/IXRJZrO
X8D9gz8lf1MXkyb/Ivdv2E1+ytmHOCdYBJaAAS/E+X/g/vu/ID9n1hNN+3/k/j4HyS+2qtXkF3L/
+0fIf/JlA+49mAXmgkbbavH3/9x/w3fktxjVrFrL/svcv+cZ8nuWt67Gc7cU68B6MKCd2H+F+xcU
kO+9qYOaiwOTwRRmd+Ebuf9cI/mBvbpoOv9V7t+8mPxlP+qUXwiWgCawfqDYf437p90lf2uYq6b9
P3H/cb+Tf6iFezWe81mN525V4+cOxaIhYn8R93/0iPzz376l5tLBLDAXTPUW/nXuv+UZ+aUTRqk5
fzAYDAVzxwj/Bvd3fU5+jXl8NZ67hddhgqINGDxR+D9z/6uNlvzr222bUo3nfKI3mAa6zBB+Mfdf
3IL8vv3f1fT63+T+du3IH100uxrP3VIsB81gwkKx/xb3P+ZAfsjSDzTtv839pziTv6b9UuXbgzrQ
FUyIFPtLuH9Vb/KTTkShO1gAGkG3aOHf4f5J/cnPCIipxnO3qvHzhmIEWLRR+L9w/8FDyb9UvRn3
HrSJU7QDI7cI/y73v+VN/u+7P8W9B9PATNBmp/BLuf+qMeQ3DP2sGj9nKPqBejApRfj3uL/jRPId
7nyhqd+v3D9nGvkD1xxUfjSYACaBlm/E/jLuP2Mm+W93PlqN526hO+gOlpwWvon714eSPz/3O03n
v8/994WTv37mGeWHgBFgFFicJ/b/xv29I8k3NBRg/0V0Bx3A7CvC/537l31I/sn9Rtx7MB3MAu2L
hF/O/WM2kl/kU1yN527h8wYMBnNvC/9/3L/HFvIf37+Lew9awHowuEz4D7h//g7ym278Xc3Fgkmg
AawwC/8h9w/9nPxuusea+lVw/6Zfke958Rk+v8AS0AT61oj9f3D/g9+QHzDvOe49GAXGgJXNa8Tf
/3P/scfIX9zcukbL+R9z/4ps8uPTWig/HcwFC0CX1mK/mfvH55F/YFy7Gjx3SzEYDGV2Ff6f3L9v
IflnHzloOv9f3N/4E/klW5xr8JxPRQOYArr2FPufcP9Ft8l/5uqi5txAH9AXNPQVfiX3b1NGfutr
/Wvw3C1FE1jBHCL8p9w/4wH5vZcMrcFzt2rwvE/FWNDkKfxn3F//F/kj7IarOXtQB7qCcSOFX8X9
n1aTH3xsjJrLAgtAI2iYJHwL99/xD/krp0zU1K+a+7s3jfjXT6yapnwL2GS6oi0YGiT213D/m7bk
H06aqeaSwTQwEyydJ/xa7r/SnvyLg+dqOn8d9+/kRH7ZrfAaPHcLvcFKMCBC7P+b+2f3JP/5qkg1
FwXGgYmg81rhP+f+QX3Jt3eM1nT+F9z/+UDy38jZiHsPGsFi0HWz2F/P/fd6kj9uxhbcezAcjARz
twn/H+4/bCT5c+p34Pw7Fe1ABzByt/AbuP+v48hfu+9z3HcwE8wG7b4Q/kvu/9Fk8pO9v8K9B/Vg
AJj1tfCtrNHfOYj842Xf4J6ClWAdGHhC+I3grz8fQr4x5pimftbwv3w/jPyH3b/HvQfdQS8wJVfs
bwz/fOMI8hvl5+Heg8VgKWgyCr8J/Pupq8h3Ci3UdP6m8BuN+Yj8IU2LlG8DOoDOYOzPYn8z+N0f
fky+/uBt3HswG8wDw0zCbw5/RNw28heOLdN0fhvu//pu8jdVPFC+GawHmzxE/0difwvuf3kf+fvj
/8LnF2gAU0HbZ8Jvyf0Xfk1+Tp8a3FPQC/QF61rWir//5/62R8gvvvKPpn+/Lfc/kkX+X+FNa7X4
rbn/pFzyW7RpXYvnfCo6gTowrq04fxvuX5lPfs8M+1o851MxDywE7RyE35b7b79C/jC9Uy2eu6UY
CoaDhd2Eb8f9B/5MfuDTnmrOAjbRKdqCTv2F3477//wL+ct29NX0+rXn/pG/kZ8waJDy3UFf0B80
DBH7X+H+HR6Rf6jYU82VgBVgJRjoLXx77n/yKfnnV4xUc1FgHJgI1o0WfgfuH/g3+Xc7jldzDqAL
6AaG6oXfkfv/bbWUfv9xarKaywYLQCPoOk34nbj/5zbk2wUF1eK5W+gORoKJYcJ34P5v2ZHf53mI
pn6O3L+0E/mj96qvb1UOWsB6UB8u9r/K/dd2I3+WV4Sa8wH1YCCYvlr4nbl/197kr7m3StP5nbj/
uTfIT1r3kfJjwEQwGTRvEPu7cP/ZQ8g/2m2zmnMG3UAP0LRV+F25v7X3/yk547Caz/ePh0wmE0II
SRLCaZj4hlCTlWk0GiEktFBTEzv8QiaTaTQyIRzEDkJNCM0yNZlYs5DJxGKZUHOqU37X7ud9X9fu
Pz9/vf7Y83I/5/M6z6mrXechPz/nS3QHi8Bi0H6z8Ltx/33e5D+YtRXvMzAKjAGLtgvfgft7jSe/
vvEunHvQFrQHY/YIvzv3fxhAvp1h/yvcu4X3MZgD2h4SviP3/zyI/Le9j6h1PmAgGAzmpQu/B/fv
FUK+36MMnHvQBFpk4v2UJXwn7p/3Mfnz1mXj3IPJYCqYky/8ntw/bAn5q1xyNb3/nLl/i8/I35F/
BecdLAHLQN01Mb8X9zeuJv+7sF9w7kE9GAfm3he+C/cf/wX5hS3uaNp/b+7/91fkPzH+gZ9fYDaY
C5qei/l9uP+m7eQ3ff+Jpvl9ub9uD/ndnj3X5Lty/+tp5A9NrHmFe7cUDWAa6GAW++/H/Zekkx/g
1siEez4VvUA/0GBp+q/fn/vbZpG/6IaVWlcEloEVoJ+18Adw/8wL5McvsVHrosA4MAGsait8Hfef
fJn8fbZ2Jty7pegC6sC4zsJ34/6vfib/XGY3tS4LzAMLwUE9hP8290++SX7x5F5qXSA4H4wAY9yE
P5D7D/2d/Bev+pu09B/E/W8/JN96+zsm/J6haAQzQKdhYv5g7q9/Sn6vYSPUOg/QDwwAc8YJ/x3u
36Wa/FF3vDXtfwj3P28mf5p+vPJjwUQwGbT4QMx35/4zLT+hv390+VCtcwB1oDuYEij8odzfwpr8
xPNBeJ1gIVgMxn0s/GHcf09b8g/PDNH0+v/H/Ud3Jv+SRbgJ924p2oL2YMJiMd+D+z9wJP/eniU4
p2AGmA1W6YU/nPuv7UN+zejPNO1/BPd3fpt827LVyi8HTaDFGsWQz8X8kdz/8lDy+6/9Qq2LB5PB
VDA8Wfie3H/+KPJ9nDdr2v8o7t98HPlzLm/HuQeLwVLQc6eYP5r7H/Ynf8X8PdgnqAfjwBKD8Mdw
f99A8rc1P2TCPZ/oDjqB8Ubhe3H/ipnknzicjnMPZoO5oC5D+N7c/8t55Bf4ZuHcg0FgCFh4Vvjv
cv8Bi8l/VHFBrasELXLwfgYT8oU/lvsXfkp+oy8va+rnw/0jV5LfecA1vE7QE/QBbe6J+eO4f5vP
yX+n8Kam+e9x/5MbyfeP/F2T78v9A74mP6zNI5x70AF0AfWPxf79uH91CvlrTz7FuQdzwQLQ9bnw
x3P/bQbydwdU4+cXOB+MAPNMwn+f+7sbyT9dbca5B63q8dzBEIsa8f1/7n/rJPlFWy1r1LkH08B0
0NpK+P7cf/lZ8v8eYl2De7cUfUB/MK2d8D/g/p1/IN/qVtsaLf0mcv/sn8jvsbxzDe75VEwAk8DK
rmL+JO4//Qb5wzv3qMG9WzX4/yU1+L0Dz6Gf8AO4f8Mt8qdk99G0/w+5f+p98j+Z/rbyg8EIMAYs
GizmT+b+ox6Tn9AwFPOHKdqAdqD9KOFP4f5/VJJ/YLf67xapYDqYATp4Cz+Q+68xkf+95zi1zgsM
AIPADD/hf8T9nSyW0N8/7vvX4N4txSrQDAYHCH8q97/UjPzq1YE1uHcL3cEUMHiW8Kdx/9BW5Ns4
BWvqF8T9m3Ugv8+lecrPA4vBUtD9YzF/Ovc/1JV8r9DFNbh3C93BWDB9mfBncP/3nMmf2Wyppv3P
5P5/9SN/WdpK5RvBbDAXtF8t5gdz/4TB5CeN+7wG926hOxgCJn4j/Fncv99w8o8+2ahp/7O5/89e
5Odt+FqTP4f7L/Yj/4HrTuXrQE/QBwzYL/Yfwv1tAsivv2rQNH8u9z8xjfwOi40492AsGA8WHxPz
Q7n/pDnkv22TUYN7txSdQFcw7pTw53H/qjDy/Y6fxTkFc8ECMPCK8Odz/68/IT904g+aXv8C7v/O
cvJXvfxJkx/G/X9bRf6OpBv4+QWmgUbQ8qbY/8fcP2Y9+ZmDb+Ocgj6gH2i8K/xw7t/xK/ILb95H
J7AcrAD9Hgp/Ifc/m0z+k6WPce7BeDARDHwp/EXcPyiVfMuOzzU9v8Xcv/4g+d3OmHDuwQKwCNSZ
xfwI7r/rGPlDp1nUqnMPhoNRYJpV7X/9SO4/8hT5k8zNajV9/5/7l54nf9HOVspPBdPBLNCmrZi/
hPuv+pH8+BEd1DpP0B8MBNM7CT+K+zv+TP7ee13VulKwEjSBXi7Cj+b+ub+Sfy7WWdPr/5T7z71L
/m/d+yvfCRwEeoApbmL+Uu7/xkPyX1wcXIt7t2rx+4ZiCWjnLfwY7n+wgnzrkOGa9r+M+/tUke/c
1FuTv5z7P64jf9QBP7zPwCwwB/SfIfb/Gff/okkU/f1jbICm+Xru37cF+dHl0zT5K7j/1TbkJ66f
o/wEMAU0gEVhYv8ruf+iTuQf7vNxLe75rMXvG3g/gymLhP9/3L+VI/m5Vz5R6wrAErAMdP9U+LHc
P703+ffCl6t1EWAsGA+WrRD+Ku7/gRv5NS1X45yCDqALGLJB+Ku5/wt38tseW6/p+a/h/ls8ye/v
/1Ut7t3CPDAcLEoS8+O4/yAf8n2eJ6t1VaDldkVrsPKE8Ndy/5sTyJ+9OVXT/j/n/kunkL9iYJom
fx33t5tJ/raiY5r8eO5/OpT849GnlB8DxoMJYOkZ8frXc/+pi8gvaH8BnzOgC6gD4y4K/wvuXxdN
/qNTP+Lcg3lgIaj7SfgbuH/KCvItPvoZP7/AcDAKLLgu/ATuP3wt+Z1rf1XrzKD1TUVbMOaW8Ddy
/3sJ5A/ecRfnFDSCGaDlfeF/yf1jk8if4PEQ5x30BwPBjHLhb+L+3VPID7tbgU5gJWgCAyuFn8j9
L+4jP25lFc49mAgmg+ZXwv+K+8/5lvzd3cw496AOdAcLmtWJ7/9zf8uT5J/OaVKn5f27hfvvP0P+
L7Na1OGeT8UoUA/atxfzk7j/uxfJ/7txW03zv+b+5fnkWxk6KT8NzAJzQPuuYv5W7r/+OvmO3o51
uOdTMRAMBrP6Cn8b9+9zi/zhj3pr2n8y979SSv6UdW7KjweTwVTQPEjM3879w8vJj3QZWod7txQ9
QC8w1UP433D/lpXkJ+R7qnUFYAlYBnp5CX8H9z/6ivwDYT5qXTioB+PAUl/hp3D/Ca/Jz2nhr9ZZ
g/agExg/Sfg7uf/zN6Lp7x/GKXW4dwvdwTzQHCz8Xdx/81vkV4+fqanfbu4/sD35rZ6FKr8StJin
aAUGh4n5qdy/qAv5fRIXqXVJoAE0gh4rhb+H+0f3JN/L7VNN+9/L/dv3I3/GjRWa/H3c/9Qg8pct
WYtzD8aBCaBNkti/gfsHepC/xXajpvn7uX/tGPKPZCbhnIK5YAHokyLmH+D+O3zJz5ucgucPGkAj
aL1b+Ae5v8ck8v94tU+tM4GWBnhg+EHhp3H/u1PJr0/+Vq1LAY1gOmh7UviHuP/K2eR3GHYSn79g
FKgHi78T/mHu3y2MfLc7Z3DuwQqwCky4KPxvuX9OJPl++oua+hm5/6xl5Id2+Un5DqAOdAcTr4r5
R7h/k1Xkx56/jnMPFoLFoO5X4R/l/oZ48nfMvIVzCkaAMWBRifCPcX/vRPIzLe6jO2gL2oMRZcJP
5/6PtpF/bU853ndgBpgN2lYI/zj3X7eb/CejK/E5DQaAQWBxjfBPcH+Xg+Rblr3S1O8k988/Sn7X
ta/xOQ0mg6mgubH5v/MzuH/Yd+QPdW5mVr+3gu6gJxhvI/xM7m99nvxJl98ya/r+P/c/con8hfPb
m3HvlqIejAOLO4r5p7j/+1fJj2/eVa2zBu1BJzDEWfhZ3P9ZEfl7D/fUtP/T3D+xhPxs337K9wOD
wBAwVyfmn+H+bmXk/1YxyIx7t7CPwYpWYIi78M9y/xt/kf98o4dalwimgmlgrrfws7n/kpfktxjg
pen1n+P+7erIdy70NePeLcUysAL0mSDmn+f+3zX+9F/fM3KSWhcFxoEJoMN04V/g/lPeJH9am2ma
9p/D/U2tyY8+OduMe7fwvMAC0C5UzP+e+2/vSP6mgDAz7t1SnA9GgHGrhX+R+w/rTv7h6khN+/+B
+99xIT936zJNfi731+vI/33IKk3+Je7f1Z38muJ4M+75VCwHK8H5G8Tr/5H7XxhJftvliTj3YDyY
CJq3CP8y9w8eS36/zsk496ALqAOTdgg/j/s3mkC+T/ZutS4HLACLwOI04edz/72TyZ89/aCm5/cT
9x8zg3x9w1H4xxRtQFtQf0LMv8L9y+aSv233dzj3oBHMALMuCL+A+69dSP5xz/Oa9n+V+/eKJv/K
/Us492AlaAKD8sX8n7l/np78R6uv4pyASWAyaHld+Ne4/4I48i2cfsXnPagDPUBDsfALuf+bCeR3
ulSi1uWBRWAp6FMq/Ovc/9st5A8OLcP7HIwCY8GKP4V/g/v77SB/QrMKfN6DtqA96FUt/F+4/9O9
5C9Ie6mpXxH3//Iw+XHj6vDzCwwEg8HCBjH/V+6vO0H+rieN63HvlqIJtGiiaGdTL77/z/2vnyb/
9IY36zV9/5/7f/I9+b+4tlG+DvQAvcDUdmJ+Mfdvm0/+06sd1bpCsBQsB6uchH+L+2cUkm+1uLum
/d/m/h8Wk+9o01v5tqAD6AomuYr5d7j/P/fI9ziuq8e9W4o5YB443134Jdx/25/kT5normn/d7n/
0GfkR74ciecEWngqWoExY8T837n/7X/I35A0Vq1LBg2gEXTwFf497v9ZA/kHBk9Q69xBL9APzJoo
/FLub//GUvr7x83Jal0xWAZWgEFThX+f+59rSf7tpTPwOsE4MAHMCRf+H9x/Rjvyq+1CNT3/B9z/
tT35rc4srMc9n+gOFjIjxfwy7p/qRH7vadF4nWA4GAGmxQj/Ifcf7Uq+l1mP/a9QtAHtwJhY4T/i
/g8Gkj9jZxzOKZgOZoF28cL/k/vH/Y/8mBEJap0n6A8GgobNwi/n/j3HkL/l3hace7ASrAK9tgn/
Mff/8T3yj8TuQHcwCUwBffYL/wn3nzeR/Mvd92nq/xf3t5pK/h8XDys/FywCS0D3o2J+Bfc/NIt8
85wTal0IGAXqwdKzwn/K/X0XkN+h6RlN+/+b+1dEkO924Hu8z8AsMAe0vSTmP+P+G2PI9x2bj+cM
BoLBYG6B8Cu5f/9Y8kPLC3HeQTNoeR2fn0XCf879r60jP3Z9Mc47mAIawMo7wn/B/SM2kf9Nn1J8
3oMeoBdoeCD8l9y/9TbyM6/8qdYVgCVgGWj3XPhV3P/ELvKvhT/T1K+a+wccIP9xy1c496AD6ALG
1Yr5/3D/6iPkWx5rwLkHc8A8MP7NBvH9f+6/NZP8rv5vNGj6/j/3H3KOfPfnLZVfBVq+pWgNhrcW
82u4f3Eu+ZM2t1PrkkADaAQjnIRfy/2XFZC/cGAXTfuv4/6dishfV6T+fYtisAysAH1cxHwz9z97
h/y90a5qXQwYDyaCVQOEX8/9pz8gP7v9oAbcu6XoAurA+CHCb+D+DU/Iv3nqf2pdFpgHFoK6kcJ/
zf13vyD/eeCYBty7hV5gBFj4rvAtmqC/Zy35LWrfU+vMoLWvoi2YNlX4jeCvut8o5l+/546Jmvo1
hr9ndXPyPT2mavKbwP++R2vyp96dpfxSsBKsAn3miv1bwr+fa0d+9MoFal0smAgmgaZw4TeF3yjU
gfxN3SLVOgdQB7qDSVHCfwN+92Yu5B/KiWnAvVuKRWAJ6KoXfjP4o9IGkJ87K1atCwGjQD2Yt0H4
Vtx/3BDyf28cr+n5N+f+T0aQb9q3CecezACzQbstYv6b3H/Du+S39d6GTmAgGAR6pQi/Bfd3fZ/8
fo92qXXloAm02I1/b6/wrbn/1Q/JH7vuAM4pmAymglWHhN+S+y+eTv5sl6PoBHqAXqDhuPDf4v42
c8nX52eqdQVgCVgGul8Qfivufzyc/K1h5zT1s+H+E6PIP97iEs49aA86gfo8Mb8193/5GflXjAVq
XTqYA+aB1iXCb8P9k9aQ/3B8kab9t+X+gzeQb/Hsjibflvvf3Ex+p8QHOKegATSCOS/E/ttx/5hv
yB/k9pem+e25f8e95E+48QKfty/x3EFXMPEfMb8D9z9ziPwFS2px7sE4MAFMbvRafP+f+087Tv4a
28av1TkFXUBX0Ggj/I7c35xF/q7M5q+1vP5O3H9nDvlZk1srPxAMAcPBHFsxvzP3H5FH/i+v7NQ6
E2jVUdEGDHEUvj33v3eN/KfJDpr234X7r/qN/GbDXJTvAfqBAaCxr5jflfs73iPf8c4Ata4ErAAr
wawxwu/G/X94RL6Hfoim/Ttw/5C/yZ/cZaQmvzv3b/oP+ZHn30UnsAAsAr3Gif07cv8D9eRvmPm+
WhcMRoBRYOEHwu/B/cc2Xfavv99i8mvcu6VoC9qDUR8J34n7l1uTn7NnulpnADPAbNB+lvB7cv8v
bMm/PXouXicYAAaBpkXCd+b+fe3Jr3oQrun59+L+BT3Ib7U26jXu3VJMBlPAqqVivgv3X9iX/N7O
epx70B30BEvWCL83939rIPljLq/5f8rNOKrm+//jURRiSQghE2IX4ZrQCCEKsWZFKGJ3NEIIIYRY
aMRCqImlXdytrNAIIYRYCLHaYrFry2Qyjd/5vt7P1zle//0+fz3umdfD+/25j173Op0zTffvwv2P
9CN/suFL7DsYBcaAJZvE+R9wf7/B5EfW26rmbEEn0Bm02it8Hfd/NoL8Lek7Nd2/K/ffOpb8Qz7f
YO/BIDAUNO0X53fj/vpA8i+YD2LfQYt0fI6BhkPC7879bwaTX7bxezUXDyaDaaDVUeG7cf+FBvJr
uh1Tc26gJ+gNpuYIvwf3bx5OfrPCXOw7WA6aQb884ffk/tmLyO8xNx97CsaAcWD2beH34v6BK8j3
sS/U1E/P/f9dS/70jNua/N7cP2kT+dH+v+D7CzSA4aDb3+L+H3L/j7aTv/PFI03n9+H+D3aTn7n9
T02+O/dfsZ/8a33+wd6D3qAfmFQj7t+X+zsfIv9x8X/YU9AMVoG+tSw2v/v//3P/05nkWy6pQ39u
EQXGgQmg2Ub4/bn/1Bzy27RqqOacQB2oB6PthO/B/S3zyHfPcVBzuWAhWAyWdBX+R9x//2Xyx01y
UnP/z/d/APcf9jP5X7xpr8kfyP1/v0v+ur0faPI9uX/sr+SnePZSvhfoDwaBxg/F8w/i/p2fkJ9T
1k/NlYNVYA3oP0D4g7n/pWfk31o1WM3FgAlgElg6VPhDuP+sV+RXth+p5lxAPegBJowSvhf3t621
hH7/cW6smssHi8FSMCxQ+EO5/2Eb8jvMCNT0/g/j/mPsyB9oHaJ8G9ARdAYjQ8X5w7l/ZXPyJ6QZ
0AnMAfNA17nC9+b+X7UlP2JEuKb7j+D+PTuRv/nJIuwpWANaRCoalorzR3L/n7uRf/DLFdh7MAlM
BWtWCd+H+0d8SP5Z3To15wZ6gt5g8gbh+3L/pgPIf3BlE/YeLAUrQPctwh/F/bOGkl89e7uaCwej
wViwYofwR3P/gFHk29vtUXMOoAuoAw3fCn8M93/lT37X7/dr6ufH/XcGkT983CHsKRgKhoElJnH+
WO7fP5T8kOeZ2HvQ6qiiLZh4WvjjuH/JLPKjEnI03f9j7r9sPvnbe+ehE+gN+oHZF8T5/ty/zVLy
TbcuY+/BCrASzCkS/ifcP3cV+ZcX/azp/uO5f8gG8h863sP3F6gD9WDcA3H+p9y/9hby3x77FfcE
C8Ai0PWR8AO4/74d5Lec+ASf92AYGAEmPBd+IPf3SiFfX/NM0/NP4P4P08gfvfsV9hQ0gZmg3X/i
/Incf62J/M8H1Kql9h70AwPA7Ka13vWDuH+nbPJX/2JTS8v9J3H/i6fI3x1tp8mfzP1nXiA/u52j
8l1AN9AdTGop7j+F+ze4Rv6NM23VXB5YBJaA+vbCD+b+xlvkP53WSc2FghFgFFjURfgh3H/UA/Kt
63RXczagI+gEhvcU/lTu/+dD8tsd+FDNpYHZYC7o0E/407j/5qfkewwfoOa8wQAwGMwbJPxQ7u/2
gvzxFUPVnBmsAa2G4e8ZIfzp3P9GDfnh60epuTgwCUwFjeOFP4P7z7daSr//6PKJpp+fz7i/gy35
+y8HKb8ALAHLQY9gcb6B+x9tQv6psFB0AqPBWFA3W/ifc//xrci/2zBM0/1ncv+X75NfdXi+8k1g
LpgPui4S58/i/oldyG/kt1TN+YOhYBhYulb4Ydy/b0/yOz9bpen+X3D/e33JH7Jlg/ITwFTQCNps
EufP5v5Rg8if1GsL9hT0An1B4zbhz+H+rUeQH1m0Q80VgxWgGfTaLfxw7n/Sj/wtC1LUXCQYC8aD
panCn8v9pwSQb2x2EHsPuoJuYKxR+PO4v0Uw+ReyTNh7MB8sBL2OC38+90/5jPyygGxN/SK4/+A5
5L9+dQp7D9rm4nMHDD8rzl/A/csXkt9s1wXsPWgETWDwbeEv5P5rlpPv5nFN0/0Xcf+Oa8n3uX9L
kx/J/S9sJH/68gfYezAeTAQ9nor7L+b+hm3kr2j7SNP5S7h/vd3k78x9is9psAgsBv3eiPOXcv/0
VPIzQ15oOj+K+/sYyb9a+z9N/jLu/zSD/Mf7rGqrvQdNYDboYFP73fsv5/6bTpBvOdRWzXmD/mAQ
mPOe8Fdw/+5nyW/9qImaqwCrwBowuLnwo7l/4SXy3de1UnOxYAKYBJrbCH8l9597g/xxru3VnA70
AL3A5I7CX8X97e+SH3axi5orAEvAcjBGL/zV3D+jjPx1M3vW1tIvhvv7PyY/pUE/5duCjqAzGP2R
OH8N9/+nkvwTxkHoDuaAeWCij/DXcv+vq8m/NWqEpvuv4/7uFlH0+48//ZRfCdaANmMVDf7i/Fju
f8ea/PrxAegOpoJGsHqi8Ndz/yXvkd+hR7Ca04OeoDdomib8Ddy/VXPyB974TM0VgaWgGfSfJfwv
uX9OG/ID589RcxFgNBgLls8Tfhz3n9SR/AiHRegOuoA6MGyt8Ddy/7ddyd90dLmmfpu4f3Jv8g+O
X6vJ38z9B31E/tmXG9EJtNqEn2dQt0fcP577/+pF/v3EbZrO/4r7r/Ylv7rvbk3+Fu7v4k++/b1U
7D1YAVaBaYfE/bdy/3MTyddFGTWdn8D9Z0wjf3jrTOw7qAPdwcQscf427m8zi/yQkyfUXC5YABaB
HqeEv537H5xH/tIpZ/E5DYaDkWBugfC/5v4jl5C/3eKypudP5P5/rCTflHIDew+awGzQ9ZY4fwf3
j1tP/qXBd/F5D/qBAWDkY+Hv5P5dvyL/4W9lmu6/i/tfTST/bcxjvE9gIVgM+pnF+Uncf04y+S06
PsNzgu6gJ5hcJfzd3L9xGvn6C9VqLh8sBktAzxrh7+H+Pxwhf7TBwlJ9zoBRYAxYYGn5rr+X+3+c
Rb6hno2aswWdQBfQo7Hwk7l/1UnyV6e/Z6nl/U/h/tvOk7/bp7nyfcEgMBQ0tRTnf8P9P7xKfpa5
jZqrBC3aKlqBhveFv4/7375J/o2NHdVcPJgMpoFW/YSfyv0j75Nv7tZN0/Pv5/4tH5JvXdhbk3+A
+58wk99u7kfKjwBjwDgwc5i4/7fcP6iK/P72QzWdn8b9/3tN/vgMX5wD5oEFoKufOP8g999juYx+
/+Hvr+YCQAMYDroGCz+d+w9sQP6GFxM13f877l9qT/7+7dOUnwimgSawaoY438j9V7Yk/1SfWWrO
HfQG/cDM2cI/xP3bv0/+neJ5aq4ENINVYMBC4R/m/nmdya9avAR7D8aBCWDxMuEf4f7Te5DfqNUq
7D2oA/Vgwhrhm7h/3b7ku+asV3O5YCFYDAZsFf733P9bT/KHTPpKU78fuL+3N/mT3iTC36FoBzqC
hiRxfgb3fzyG/EV7k7H3oAnMBp3ShZ/J/Td8Sv4WzzRN9z/K/XVTyDeWHVF+OVgF1oDBGeL8H7n/
lRnkn1+Vhb0HE8Ak0P2U8LO4/+zZ5Je1P6Xp/tnc/72F5L/OO6/8fLAYLAVzfhbnH+P+pmXkN51x
VdP5x7n/2DXku1nfUr4N6AA6gdHF4vwT3P/vOPJHpt1Xc0YwB8wDXcqEn8P9tyaQP33EQ3x/gUFg
KJhTIfyfuH/vJPJXPDFj78Ea0OopvtcrhX+S+9/aR/6OL6uw92ASmAraVAv/FPdf9B35mboaNecG
eoLeoPGt8HO5v2MG+VevWFqpvQdLwQowoKHVu/5p7n/sOPkVsxtYael/hvtPOEO+pV0T5TuALqAO
jG0mzj/L/V9fJL/19y3VXCaYBxaAke2En8f9k66T32fc+2rOHwwFDWBhB+Gf4/4D7pA/7nlnNVcF
WnVRtAXDuwr/PPf/pZT8sIQeai4RTANNoFNv4V/g/tEV5K/t3VfNuYPeoB/oO1j4+dy/XSX5Kbc8
NfW7yP3PvCT/xCJvvM9gLBgPVvmI8y9x/2lvyb/p6IfnBHWgHowIFP5l7m9lvZx+/3HsU033L+D+
+xuRX3/iFOUHgWFgBFg0VZx/hfsPb0a+S80MnP+Zoh3oCOojhX+V+1e0Jn/g7tma7n+N+6/vQH7g
gIWa/ELu36Ur+fN/WYa9ByvBKjBzjbj/de5/WU/+pug1ms6/wf3DPMhPa7cRew/qQQ8wOV6c/zP3
b+hF/tkzCdh7sAgsAb0ShV/E/Q/7kH9/WhL2HowAo8DM/cK/yf39Pib/pVWqpue/xf2fTSDf/sB3
2HswG8wFzcfF+be5/5ap5OuGZ2g6v5j795pJ/rCK45r8O9y/aC75IevPKD8OTASTwdJz4v53uf+C
xeQv7XIJew96gF5g8hXh3+P+zVaSv+3ydXzegyVgOehfJvwS7p8VS74p7I6m57/P/QPjyb/UsEyT
/4D7//s1+eWHK/B5D+aC+aCrWdz/F+6/ay/5b8dU4vMeDAYNYP5z4Zdyf49vyW/x7CX2HbSqxvcX
GP5a+GXc//5h8ntteavmEsBU0AhaWdZ51/+V+y//kfzRvazrqL0HvUBvMMZO+L9x/7YnyTcUNaqj
5f0v5/6558hftaCZ8iPBWDAeNLcQ5z/k/lOvkL+7WRs15wi6gm5gVCfhP+L+ljfJz8rqoOn+v3P/
1BLyrwd0VX4QGAZGgPlu4vwK7j+0nHzzK72aqwFteys6gL4ewn/M/R/9QX7dXerPLZJAI5gJOnoK
/wn3X/ecfGcPLzXnCfqBAWDmcOH/wf1dX5Pf/76PmisFK8FqMGiM8M3c/2LtFf/zP1n+sZqLBuPB
RLByvPCfcv9Z9ckPbztRzTmDbqA7mDhZ+H9yf1t78jfkTlVzeWARWALqZwj/L+5/qAX5qSEz1Vwo
GAFGgQUrhV/J/Ue3I/9U7Xmafv6ecf+/XMm/s2+xJv9v7h/vRv5zr5Wa/Ofcv4c7+Y0exSq/AqwG
Ldajf5x4/iruf2Mg+a7r4rH3YCKYDNZsFf4L7h8xnPzBrolqTgd6gF6g3wHh/8P9m44hf9LFvZqe
/yX3/3E8+Ytmfou9ByPBaDA3XZxfzf0/nUz+Vw2OYO9BJ9AZDP5B+K+4f/V08o3GH9WcCcwF80Hn
48L/l/vv+IL886NO4n0Cg0EDmHla+K+5f78F5Jf+eQ57ClqcV7QBfS8Kv4b734si//XmK9h7MBlM
A91uC/8/7r8shvymPW5q6veG+7eJI7/7jRLsPVgOVoBepeL8t9z/1FbyR84vx96DMWAcWGQWvgVe
hATvIj/Uwazp/rXgr6y1j/zlR58rPxvMBwtB3b/i/Np4kfJNOvk7xr/G5z1oAMPA/DfCt8SL00N+
ID/jZe26au9BG0tFOzCsbt13fSu8KCs/Rv7VxPpqLgk0gpmgYyPh18GLWmtPk1/R117NeYC+oD9o
bCr8unjRrtNF8mvfa6HmSkAzWMX/vZPwrfFiUH4h+a2j2tXV0s+G+39eTH6f1p2V7wzqQD2YoBPn
1+P+9UvJH3vSTc3lgoVgMajvJ/z63P+738kPm+Ku6f4NuL/vX+SvtfBUvhXoADqBhiHifFvu//Qf
8pNThqu5VDATzAF1gcJvyP03vyH/xOAxmu7fiPu71Y2m33/8Nl6T/x73v96Q/L9iJis/FkwEk8Ga
EHF/O+4/ryn59TvOUHOuoDvoCdrMEX5j7t+kNfkuF77QdH977p/pQv4AwwLsKRgFxoClkeL8Jtz/
Ex35gfWWqTlb0Al0AXM3C9+B+//Ti/z56TGa7t+U+yf2J3+jT5wmvxn37zuE/DTzVuVXghYJ+HkG
I7aL+zfn/ndHkn9m4y41Fw8mg2lg1R7h84uQpePIL+m2T825gZ6gN5h6QPgtuL/TBPJfXkvH3oOl
YAXofVj4Lbn/TyHkN577A54TjAHjwNKjwm/F/Sd/Tr7O/jj2HnQBdWDsT8J34v5vw8kflnEaew/m
gQWg3Tnht+b+KZHkB/tfVHMBoAEMB/MKhN+G+w+OJn/pi0J8f4E213Eu6Fws/Lbc/7d15G/bXoy9
B9NAE2hTInxn7h+zmfwjfUqx96A36AfmPRF+O+7f4WvyLxX/runn/33uf34P+eWL/8Leg3FgAlj1
tzi/Pff/7AD5b1q+xN6DOlAPplpYv+u7cH+bw+S3yHmj6f4duH/6UfJ7Taprrf7dCoaDkWBxPXF+
R+7v8xP5o940VHMWjRTtQEcwuYnwO3F/cx75hr1NMQeawGzQqYXwXbn/xgLyV3m2VnNeoD8YBGY7
C78z9+9WRH5SmYuaKwerwBowyFX4Xbj/tXvkZ63SqbkYMAFMAqP7C/8D7h/+G/nX2+uttfTTcf/G
f5D/R576+y0KwVKwAvQeKM7vyv0z/ia/7owh1vh3BrqD0WDROOF34/7+/5LvbO2j6f7duf+LWiv/
5/dLG6fJd+P+2+uR/8mICcr3BYPAYLAwRNy/B/fv05j8OU/Un1s4T1XUgXowerrwe3L/YkfyN3z5
uZqLA5PAVLA4Uvi9uP9iZ/JTdXM1Pb+e+7d0Jf/klUhNfm/un9Od/Duzo7H3YBQYA5asFvf/v3ae
NkSSJKvhUBwHRMUTFOZHWN6PWezKjsjvbO/W7enp2W2dnWumu/e8PZc0KzOqK52szLr86O65vZFD
/XGwgqgHHoIfyHGsKHKL64+FExbxjv3hx/4QT1A4RUFREXH/yHGI70VEVld1ZXVnV/f07RyVDERn
RLyPeO/F+4jIGrvW/yuOgH/vez+r9r1qb6r2Q6r97GtT8E6t//97VsB/zxu/Iue9qdq3VfuOaj/0
61Pwbq3/37kr4G89+A2171X7s6pNVPv2707Be7X+n7sv4G+/99vnkt9arf9/2hPwP/O5L0r4z6v2
ddV+SbXul6bo/3it/194RcAfWn90LvofrvX/o1zA/+rf/omyM9X+i2r/U7W7b03R/0it/68kAv4P
Dv9U7XvV/pJqf1m11786Bf9srf9+KeC/+kNfORf/P1Hr/7s+LeD/8a2/kPBfVu07qn1XtbfenaL/
XK3/139RwH/j5b9R+161A9WOVPvu16bg12v9b70m4H/wm3+v+P8HZceq/aBqj74+BX+71v+//5qA
X/2tf1bxS7V/qNo3VXvzX6fgN2r9v/abAn7r2f+Q855T7T3V7qr2y/81BX+n1v/K7wn46Ov/o/y+
av9btf+r2ue+OQW/Wev/r35fwP/8Z75xLv3drfWfvSHgP/8jH7gu96lqqWo/rNovfOf1qd//1/r/
vrcE/B//2XfLeX+u2ndV+3eq/fQPTMG/UOv/jbcF/F+G33/9XL//r/X/4B0B/2/f8cMS/rpqP6ja
m6r9zM0p+j9Z6/+9vxbwH/gikfNeV+2bqn1btdEzU/A/Vev/c18T8Defv3Uu/rOq7Ea8V+13darb
jFJ9l7k6M92Xu8ywDWt1f1T5w1HhF/t8ONR+rsjSa+d9KDy2aYoWnpOtpZv6NWbpluM4hs7sa5Q5
lmldI/TaFTxVUQY5IdfyLCtPm3fW+FP6vNrJHnbWyrziK51hFvHOWgc03lnpJEGPJ/LtWP/YnwUR
dPOjkudpkEAPz/Mshy74M8zynIdlyovC7/F+lvMa9+RI0AfYeiAejhI+5GkZlHGWApr7L23d2Von
6zyPg4SE1fYLHyfbezsbL5B+fMSj7gGgyXLSr5KkWyRZSXI+SoJHQB3f/IMA4NISEKUHcRQHfliN
Bo98nO7jBJiHCzymAzbf3fnpF82uSZ+/jViGnTVG3ZVOlMcHyCczqEFXOnmVlvGQj9+LMufB0B/l
cZbH5aPOWlcH1EnWCxKcl/tlHD700wKx6abkTrxQAD4M8mE1Em8rnREsNYv8CkYtfI94ECVxyo97
QHRZHnEQvCNQPYxHI3zTHRs1VaXhwBdqAACYjvRhY6uXrAzk0sfUh3FR8Bo3vvh5UMLKqGaJdfq4
J0q/KkOQE/qFLqNd4RnWdGONOpppOy935FSeRnMnuprOxhMPA9SAQCyE4njUsy3DdQCZaTLToxPz
EOvULPBJDrUMxmyUPCIR6xUierWTKsEMY/jL1ExmeBOPAyK2aGfNBr4n+z1Q8siDAUejQH7iMXHA
A/KmpuuWePHhVTc1xzYm5oHGh8FR08DjsV5GoLy4ANuex6v1rWEPhLjPS2Qvmi/LLtUoZYrB8Qsy
RRUPdEyeKmr08bRNNuGlCiVYHJ1a2jF+zdMt2rRqT2PUmh1AFpir2cxTfMiXY2ZCNKwGXnQQr6v4
MTUwtyZ2mge8uQP+nCHB2ezAMZdlVu++JmtpoCVNh5lmE9vNA97cAX/OkGB7dgDY5kc8bOKVWYZm
TZmz4lXXdU2ntW27nqF5ll4btGHZmnusTofCqGFN4pCqnRkQAix5GoKrz7Ohr6y7kTFPsyeNjo0Z
A3/l2NMcI48wFwbMExtTsGsbMDLBL6MaM5wGfk8OAL9hkkGA6MdiDyKbx5E4ABBN8AbBxnR0i+ng
99BJ+6MRxiemjfvB/i0LRnvSYbqeqdk21SGXsm3bcDEo+Tnvj30pOBxmO67JdBejgxxzTN12PB2m
G45hUEDHIeZLhJYrwgIv4sjPh7LX0CkI0TV1C7gwHIsZ9QxYr5gBfZoL/R51DdfWDWoJ+fuHcVQO
xAzdQ9c35BCkJ7tNC8X2kI9Kf2bMcBhIG/csFYEs9XEevrJpgWZFOVeipq5Ty7Vd3Tsh0vGA61gg
3bFIwYuAiwDt6WBFYDrmrEgdz3VtxqijnxCppVMD0llIrSdE6hlNInVMzbARyjIBG8j2pEhd3dJs
z7WprQNCh+ICpkUKmrObRerOFanrSJECpxMStQwMEYcZiDJOS/9YkMd9x7LrSnvUDTALAzWOewod
Q1VCCgUaSeNigPnKVHc4qNKHaCmeNT07L1R0x1hy49ryeYLPOeu/IIKUuAjyR+epBM+o/8C1OtP1
n84sy1jWf1dd//GjGH1XUIg6rIj3oUzDku8wyx+qsq+uAqMKK57J6mVY1O/wCjMj3g+qBMst7ICy
LKm4zPvwNQ/SfRHzEiBXiv59oFxyfOla4HsKKHnSCCoT/skKetF72Ii+7hdljUgGLV33LEbNcc5b
TwlCdChyDmQMEH1l2oieVY5BroB/4Hoh34THsCBmMXDzrmnDrCqNsWqyMXjJks1XXaxeOPztwcwM
9gVWL+NOqqCxx0cckD1R2FFg4xYUO7ZjTU0YMyvmOS4EaMeFoIORHaeBfMF3ByJ/0RhGFkod0wBP
6xgTM0SCA9m+4XrMmCgDxhNkNqIZzDItt54AGMp+ko1wLRp1LceDcsGEXAjmYLDr1YtIoYpe6fRH
x38ClBhEApgQIU+eZZgYCHuPQJ8ToxRjUJ7yZLITBFnEn+IiT8M/JhVuQnCVwyieCvUtu5IECu8g
D4ZT9sHGKd3UjBpU9SbBI56LsC7fB3EU8XQ8fMjj/UHpC97HnQXUDlAmRdkhTOwHSQG75UAWdWJI
LEN1gO0dSMiIH8Qhl6h8KD6yMBB86obpungo8FidRVDR+mmAxwtzDyZwSlXFuA2f397r6rYLTrXX
61pB0O86kWl2Dd7TuzxwPDuwPehmANXPOQfLGY7PY0xGXdsG+q5bHw7AMPaD8TMwTAMEE1ZR4KsT
Dx9dvtgj6uRDDMrTkZmx4lGKZwE45Y5Y/k4Ikb9K+G1MzuJ0fwcmkB8jOGFHnKBgxyDPUtAyESdD
hAfhgAjrWJEOB8y2HADWjb3b99Z3/Dubd9f37u36L67vvkBu3d029BWSZmT3rqE/AyADkfx1PObp
nuOxwPBQDiMUHJ4LYII0qvebXw6AhwjtMcQzKHRKHSgG1CJRpb2E+1KTY6uXBZo8DWo49qCa61p4
7IGnGPNmQUEAyRLOwhl43AOzVtHVFqMg5Kvi2KqLQgPjHq0uHKfD4qBzShK1ON4BDx9qSbZ/4fgP
/odOxH8H4r8OGfUy/l/FM1YoKarhEFuI1HG0zLqX+X/T/oeQcP47oDP2P0QO68T+p8by/ueK8v8b
hHRk4kFO3vXgkLwTIvJSCDviIkvUVQ3BQCp7j0sE0pmAnrhHIA2B0nxZThvfIZCmOFlPwuoklOxQ
0YPVgi+vg/xiEOiWjRgwfbV1agfUdqnrhAbXOTV6Qb/nBLrOmNsPnL7uhNx1+p7ZpzToh33GQzMI
GbXDQFILxPUT0BsOMUslHbNvW33PCVlk9R3KQu4x1neiKHD7rMf6Rp+Gju0ZoVq4vG4h4r5FCEhd
+GCP6Ji49CFQlmiyd+rqZ6If+QhSFO8n4BU65mcKvSpOolVxb7bKjwK8XitWR1URDvz8yB9CTRb7
o3ik4Hx+5DcMilUAmW5c/zWfYHmwCvmoL7QRp6OqXN19Kc19x6CmLy7u/P37t/2NPWDIL+iIagNr
jH5Y/8XGXflxF7SvSG3UUUqY52SyBjK68Xjpxq/K/58j62uf/wHVk/7fZPbS/1/N+U99GYzeZoVM
XDUTvDMhx5fNBG+bSUfkh/CGZ0bL09lv+/2Pex/2e7G6OA3c445lza//JvY/c6CfWbYO9Z+13P/v
I/2HWVrmWXJe59/i+y9jpv6HmLDM/6/k+cRxwk0w4dbXTFczHJNsSHUTZnim+wrZwUw+TveJMgMS
BXyYpaQqsLOAXJCXZH6OCFbUlUmnBL/Rlu5uhhRTSPLJxt6ddRKMRkkcigKkIGVGykFcKF5WSAE8
8PRAzPRf3N7xt7e2N/07Ww82N3Y/+uDjHzmbv9Z8CWaAxLi/F6fi9ESeh0Keb4AZN6CzqGYazkl0
62HIR7V8cbWAQ9O01vB7Bc9JFEckzUoQQxrJYxwS5jyCVBlKmeLKeLm/+TGycW9r8/4u9liM4AcZ
YCjAIV0jOzwHGRHQWiq+3QuiRysEKpABCZMYWEWljmABSD+Ji3IeWXeSrGVOWGjKD0EEgooYIv0s
V+TnIHO8C8nANvQmGexsPnhp84HkYY08wJXOgbfZxejPwrfSQZAI8ROorIuy0T5MzbToBXhrhF/Q
Vp8IL9NyctzF5eQaF+NtFv4yeKtvIxblbR78Ijp8UrxMy8mzF5aTR+mFeGuAvyTeTM31vAvw1gi/
oA6fCC+TcjIp8xaWk2dYF+KtAf5yeGNM0xf38wq+Mc7sbbWevjGM1j5ZxWVrgF28GBpUpWARr7+n
IusK6QXhw6zfx3AexUXQS3jUjNvQZ/KEnckYjae7PCKHcTkgkJGXVdEQredh2gTgE6DLyv6y6z+p
+AXKvzPqP+aY7MT9D3NsS1/Wf9+a+k8lxJO7UyXX1ehGy+nrZcmH0q9BOp8HccFJP044iXgR5vEI
f8CTxEPYtcKX4rcwOBE/7mlLYkP5S0niRFUK/2RJunaxmrSR8lYaY3CMPyUqXzk0yrOQF3NqLMs2
TzKP37pNgCMH/KhEvuWnJoSSW43fAT0zvwRpIAEeNUiz9NEwA6dYDAKI7GQIEgKvnvN9iDUEhKAV
g6GGn6cDXGvsdfmrurHEuhen1dHqXhofaeR2+2p4FvmduMBfdJE74hOjYySWZ7VFsS6+7iG74uue
gmyPb4zEGQEYDMOrtbbY1Nu2+qlXjaM9PP64LSTbWKBihEfN48Xq/Jh5OiODoCDiarU95AMecpBI
JKpjVWmrT+fkHtzeuiNLxbYYx9JI+AFPSNav0b4q0DyGnGBNmPFHH7y4fq+93SokwM+aZGhFhHvc
HthFH9epUvvFj7cb+gLolh99CaMNzyR3Ss0tYQXUE/B5SOKSlTiD8XKUOIP2LCWys5U4i3NxJbLH
bYnIbxZJo+slt/DrS9L228tnMCkOCohDcXCOZe7IDHZCE6cIESisb+xuvbQ5D7t+wkiVJxqdyxPJ
k5PFTNFx22I81RQdt40pNqE9aYqOez5/0oizvSnOkjvl/GesKse9dH8CJDzzspU4g/FylDiD9iwl
srOV6JmXp0T2uC2Rq/UnTRzM9ycNQjzVn0js00a6kD/x8FdszZlNPwALj4TBS9sk6sunNdAPh85h
VnKZbUdVjv8/QJAkpMfLQ85TMQWTUpVVA9i4Sy1e4l9BOVZDcexytlDwaKLtMjbaoQPKGrlfDXsA
CZqR36LXvKhioEBtMK2ZsqM/LQKkpwlwdhlKgKqeUgffYEynbm8Pf2n6PpVHQ9SeL4/ZZWy0Q9fa
oOgcg3Jt7ykR4KkGNbuMWYMCGZ9qUOqewV4wWDaE3zkYTw2Wnn1msJyD9qTJePY5Mp55ONsHy1ly
p9yWjIOJZ19uxjMmcblKnMV4KUqcRXuWEtmZSmzAubgS2eO2RK4w45nDwfyMp0GI8zMehZ2dMNLz
ZzzjO69FTBEvnNpiPMUUEU0bU2xCO22KiOl8/qQRZ1tTbCJ3ys2dUhVCXbo/kSQuV4mzGC9FibNo
z1IiO1OJDTgXVyJ73JbI1fqTJg7m+ZNGIZ7qTxC7fcJIF/En4j+Tsd6X+VqjUBrztTnL2GiH7iIV
lKRs60+JAOmpArT1MxJe8cnCGQkv/hjZMd6nBUBD1J4vj9llbLRDd5EKSlL22FMiwFMNanYZsxWU
Z59pUPJrkrm3Vz1cWpqVcT+WosGPTPD7kra4PhYIlclgU+W50JJgVHwWLP/LobbINqX+lx+NLJ/l
s3yWz/JZPstn+Syf5bN8ls/yWT7L59vx+X+g9HeyACAIAA==
=====SLOTBENCH-END cuphy-lockstep/results=====
=====SLOTBENCH-DONE status=ok=====
