2026/10/04 23:36:25.138, 825 MHz, 1215 MHz, 37, 56.45 W, 0 %
2026/10/04 23:36:25.389, 1095 MHz, 1215 MHz, 37, 59.90 W, 0 %
2026/10/04 23:36:25.639, 1095 MHz, 1215 MHz, 37, 59.66 W, 0 %
2026/10/04 23:36:25.889, 1410 MHz, 1215 MHz, 37, 74.41 W, 71 %
2026/10/04 23:36:26.139, 1410 MHz, 1215 MHz, 38, 75.50 W, 6 %
2026/10/04 23:36:26.390, 1410 MHz, 1215 MHz, 38, 75.50 W, 4 %
2026/10/04 23:36:26.640, 1410 MHz, 1215 MHz, 38, 75.50 W, 4 %
2026/10/04 23:36:26.891, 1410 MHz, 1215 MHz, 38, 75.50 W, 4 %
2026/10/04 23:36:27.141, 1410 MHz, 1215 MHz, 38, 75.74 W, 4 %
2026/10/04 23:36:27.392, 1410 MHz, 1215 MHz, 38, 75.74 W, 4 %
2026/10/04 23:36:27.642, 1095 MHz, 1215 MHz, 38, 75.74 W, 4 %
2026/10/04 23:36:27.893, 1095 MHz, 1215 MHz, 37, 59.90 W, 5 %
2026/10/04 23:36:28.143, 1095 MHz, 1215 MHz, 38, 59.66 W, 2 %
2026/10/04 23:36:28.393, 1095 MHz, 1215 MHz, 38, 71.26 W, 27 %
2026/10/04 23:36:28.643, 1095 MHz, 1215 MHz, 38, 71.26 W, 39 %
2026/10/04 23:36:28.893, 1095 MHz, 1215 MHz, 38, 71.26 W, 39 %
2026/10/04 23:36:29.143, 1095 MHz, 1215 MHz, 38, 71.01 W, 39 %
2026/10/04 23:36:29.393, 1095 MHz, 1215 MHz, 38, 71.26 W, 39 %
2026/10/04 23:36:29.643, 1095 MHz, 1215 MHz, 38, 71.26 W, 39 %
2026/10/04 23:36:29.893, 1095 MHz, 1215 MHz, 38, 71.26 W, 39 %
2026/10/04 23:36:30.144, 1095 MHz, 1215 MHz, 38, 71.50 W, 39 %
2026/10/04 23:36:30.394, 1095 MHz, 1215 MHz, 38, 71.26 W, 39 %
2026/10/04 23:36:30.644, 1095 MHz, 1215 MHz, 38, 71.26 W, 39 %
2026/10/04 23:36:30.894, 1095 MHz, 1215 MHz, 38, 59.66 W, 11 %
2026/10/04 23:36:31.145, 1095 MHz, 1215 MHz, 37, 59.66 W, 2 %
2026/10/04 23:36:31.395, 1095 MHz, 1215 MHz, 37, 59.66 W, 1 %
2026/10/04 23:36:31.646, 1095 MHz, 1215 MHz, 37, 59.66 W, 1 %
2026/10/04 23:36:31.896, 1095 MHz, 1215 MHz, 37, 59.66 W, 1 %
2026/10/04 23:36:32.146, 1095 MHz, 1215 MHz, 37, 59.66 W, 1 %
2026/10/04 23:36:32.397, 1095 MHz, 1215 MHz, 37, 59.66 W, 1 %
2026/10/04 23:36:32.647, 1095 MHz, 1215 MHz, 37, 60.69 W, 2 %
2026/10/04 23:36:32.897, 1095 MHz, 1215 MHz, 37, 60.94 W, 9 %
2026/10/04 23:36:33.147, 1200 MHz, 1215 MHz, 39, 63.36 W, 3 %
2026/10/04 23:36:33.397, 1410 MHz, 1215 MHz, 47, 277.06 W, 64 %
2026/10/04 23:36:33.647, 1410 MHz, 1215 MHz, 49, 283.57 W, 96 %
2026/10/04 23:36:33.898, 1410 MHz, 1215 MHz, 50, 284.90 W, 96 %
2026/10/04 23:36:34.148, 1410 MHz, 1215 MHz, 51, 285.39 W, 96 %
2026/10/04 23:36:34.398, 1410 MHz, 1215 MHz, 51, 286.18 W, 96 %
2026/10/04 23:36:34.648, 1410 MHz, 1215 MHz, 52, 286.47 W, 96 %
2026/10/04 23:36:34.898, 1410 MHz, 1215 MHz, 52, 286.96 W, 96 %
2026/10/04 23:36:35.148, 1410 MHz, 1215 MHz, 52, 287.26 W, 96 %
2026/10/04 23:36:35.398, 1410 MHz, 1215 MHz, 53, 287.51 W, 96 %
2026/10/04 23:36:35.648, 1410 MHz, 1215 MHz, 53, 287.75 W, 96 %
2026/10/04 23:36:35.898, 1410 MHz, 1215 MHz, 53, 288.05 W, 96 %
2026/10/04 23:36:36.148, 1410 MHz, 1215 MHz, 53, 288.29 W, 96 %
2026/10/04 23:36:36.411, 1410 MHz, 1215 MHz, 54, 288.29 W, 96 %
2026/10/04 23:36:36.661, 1410 MHz, 1215 MHz, 54, 288.59 W, 96 %
2026/10/04 23:36:36.912, 1410 MHz, 1215 MHz, 54, 288.83 W, 96 %
2026/10/04 23:36:37.162, 1410 MHz, 1215 MHz, 54, 289.08 W, 96 %
2026/10/04 23:36:37.412, 1410 MHz, 1215 MHz, 54, 289.38 W, 96 %
2026/10/04 23:36:37.662, 1410 MHz, 1215 MHz, 55, 289.62 W, 96 %
2026/10/04 23:36:37.913, 1410 MHz, 1215 MHz, 55, 289.62 W, 96 %
2026/10/04 23:36:38.163, 1410 MHz, 1215 MHz, 47, 88.67 W, 96 %
2026/10/04 23:36:38.413, 1410 MHz, 1215 MHz, 45, 83.14 W, 25 %
2026/10/04 23:36:38.663, 1410 MHz, 1215 MHz, 52, 268.65 W, 92 %
2026/10/04 23:36:38.913, 1410 MHz, 1215 MHz, 53, 272.83 W, 92 %
2026/10/04 23:36:39.163, 1410 MHz, 1215 MHz, 54, 273.05 W, 92 %
2026/10/04 23:36:39.413, 1410 MHz, 1215 MHz, 54, 273.62 W, 92 %
2026/10/04 23:36:39.663, 1410 MHz, 1215 MHz, 54, 273.59 W, 92 %
2026/10/04 23:36:39.913, 1410 MHz, 1215 MHz, 54, 274.16 W, 92 %
2026/10/04 23:36:40.163, 1410 MHz, 1215 MHz, 54, 274.16 W, 92 %
2026/10/04 23:36:40.413, 1410 MHz, 1215 MHz, 55, 274.08 W, 92 %
2026/10/04 23:36:40.663, 1410 MHz, 1215 MHz, 55, 274.70 W, 92 %
2026/10/04 23:36:40.914, 1410 MHz, 1215 MHz, 55, 274.70 W, 92 %
2026/10/04 23:36:41.164, 1410 MHz, 1215 MHz, 55, 274.62 W, 92 %
2026/10/04 23:36:41.414, 1410 MHz, 1215 MHz, 55, 274.62 W, 92 %
2026/10/04 23:36:41.664, 1410 MHz, 1215 MHz, 55, 274.62 W, 92 %
2026/10/04 23:36:41.915, 1410 MHz, 1215 MHz, 55, 275.19 W, 92 %
2026/10/04 23:36:42.165, 1410 MHz, 1215 MHz, 55, 275.19 W, 92 %
2026/10/04 23:36:42.415, 1410 MHz, 1215 MHz, 56, 274.95 W, 92 %
2026/10/04 23:36:42.665, 1410 MHz, 1215 MHz, 56, 275.17 W, 92 %
2026/10/04 23:36:42.915, 1410 MHz, 1215 MHz, 56, 275.41 W, 92 %
2026/10/04 23:36:43.165, 1410 MHz, 1215 MHz, 56, 275.65 W, 92 %
2026/10/04 23:36:43.415, 1410 MHz, 1215 MHz, 56, 275.65 W, 92 %
2026/10/04 23:36:43.665, 1410 MHz, 1215 MHz, 48, 88.92 W, 80 %
2026/10/04 23:36:43.915, 1410 MHz, 1215 MHz, 50, 81.27 W, 23 %
2026/10/04 23:36:44.165, 1410 MHz, 1215 MHz, 52, 218.04 W, 83 %
2026/10/04 23:36:44.416, 1410 MHz, 1215 MHz, 52, 217.79 W, 83 %
2026/10/04 23:36:44.666, 1410 MHz, 1215 MHz, 52, 218.04 W, 83 %
2026/10/04 23:36:44.916, 1410 MHz, 1215 MHz, 53, 218.04 W, 83 %
2026/10/04 23:36:45.166, 1410 MHz, 1215 MHz, 53, 218.33 W, 83 %
2026/10/04 23:36:45.416, 1410 MHz, 1215 MHz, 53, 218.33 W, 83 %
2026/10/04 23:36:45.666, 1410 MHz, 1215 MHz, 53, 218.33 W, 83 %
2026/10/04 23:36:45.916, 1410 MHz, 1215 MHz, 53, 218.58 W, 83 %
2026/10/04 23:36:46.166, 1410 MHz, 1215 MHz, 53, 218.58 W, 83 %
2026/10/04 23:36:46.416, 1410 MHz, 1215 MHz, 53, 218.58 W, 83 %
2026/10/04 23:36:46.666, 1410 MHz, 1215 MHz, 53, 218.58 W, 83 %
2026/10/04 23:36:46.917, 1410 MHz, 1215 MHz, 53, 218.58 W, 83 %
2026/10/04 23:36:47.167, 1410 MHz, 1215 MHz, 53, 218.82 W, 83 %
2026/10/04 23:36:47.417, 1410 MHz, 1215 MHz, 53, 218.82 W, 83 %
2026/10/04 23:36:47.667, 1410 MHz, 1215 MHz, 53, 218.58 W, 83 %
2026/10/04 23:36:47.917, 1410 MHz, 1215 MHz, 53, 218.82 W, 83 %
2026/10/04 23:36:48.167, 1410 MHz, 1215 MHz, 53, 218.58 W, 83 %
2026/10/04 23:36:48.417, 1410 MHz, 1215 MHz, 53, 218.82 W, 83 %
2026/10/04 23:36:48.667, 1410 MHz, 1215 MHz, 53, 218.58 W, 83 %
2026/10/04 23:36:48.917, 1410 MHz, 1215 MHz, 49, 114.03 W, 52 %
2026/10/04 23:36:49.167, 1410 MHz, 1215 MHz, 47, 88.42 W, 6 %
2026/10/04 23:36:49.418, 1410 MHz, 1215 MHz, 51, 214.89 W, 19 %
2026/10/04 23:36:49.668, 1410 MHz, 1215 MHz, 52, 216.75 W, 83 %
2026/10/04 23:36:49.918, 1410 MHz, 1215 MHz, 53, 217.00 W, 83 %
2026/10/04 23:36:50.168, 1410 MHz, 1215 MHz, 53, 217.25 W, 83 %
2026/10/04 23:36:50.418, 1410 MHz, 1215 MHz, 53, 217.54 W, 83 %
2026/10/04 23:36:50.668, 1410 MHz, 1215 MHz, 53, 217.79 W, 83 %
2026/10/04 23:36:50.918, 1410 MHz, 1215 MHz, 53, 217.79 W, 83 %
2026/10/04 23:36:51.168, 1410 MHz, 1215 MHz, 53, 217.54 W, 83 %
2026/10/04 23:36:51.418, 1410 MHz, 1215 MHz, 53, 217.79 W, 83 %
2026/10/04 23:36:51.668, 1410 MHz, 1215 MHz, 53, 217.79 W, 83 %
2026/10/04 23:36:51.919, 1410 MHz, 1215 MHz, 53, 217.79 W, 83 %
2026/10/04 23:36:52.169, 1410 MHz, 1215 MHz, 53, 218.04 W, 83 %
2026/10/04 23:36:52.419, 1410 MHz, 1215 MHz, 53, 218.04 W, 83 %
2026/10/04 23:36:52.669, 1410 MHz, 1215 MHz, 53, 218.04 W, 83 %
2026/10/04 23:36:52.919, 1410 MHz, 1215 MHz, 53, 218.04 W, 83 %
2026/10/04 23:36:53.169, 1410 MHz, 1215 MHz, 51, 193.01 W, 83 %
2026/10/04 23:36:53.419, 1410 MHz, 1215 MHz, 48, 91.83 W, 83 %
2026/10/04 23:36:53.669, 1410 MHz, 1215 MHz, 52, 212.27 W, 95 %
2026/10/04 23:36:53.919, 1410 MHz, 1215 MHz, 53, 208.04 W, 83 %
2026/10/04 23:36:54.169, 1410 MHz, 1215 MHz, 53, 211.73 W, 83 %
2026/10/04 23:36:54.420, 1410 MHz, 1215 MHz, 53, 205.14 W, 83 %
2026/10/04 23:36:54.670, 1410 MHz, 1215 MHz, 53, 210.16 W, 83 %
2026/10/04 23:36:54.920, 1410 MHz, 1215 MHz, 53, 201.74 W, 83 %
2026/10/04 23:36:55.170, 1410 MHz, 1215 MHz, 53, 208.83 W, 83 %
2026/10/04 23:36:55.420, 1410 MHz, 1215 MHz, 53, 200.40 W, 83 %
2026/10/04 23:36:55.670, 1410 MHz, 1215 MHz, 53, 217.25 W, 83 %
2026/10/04 23:36:55.920, 1410 MHz, 1215 MHz, 50, 126.02 W, 83 %
2026/10/04 23:36:56.170, 1410 MHz, 1215 MHz, 49, 125.23 W, 95 %
2026/10/04 23:36:56.420, 1410 MHz, 1215 MHz, 48, 124.69 W, 99 %
2026/10/04 23:36:56.671, 1410 MHz, 1215 MHz, 48, 124.69 W, 99 %
2026/10/04 23:36:56.921, 1410 MHz, 1215 MHz, 48, 123.91 W, 99 %
2026/10/04 23:36:57.171, 1410 MHz, 1215 MHz, 48, 124.60 W, 99 %
2026/10/04 23:36:57.421, 1410 MHz, 1215 MHz, 48, 123.91 W, 99 %
2026/10/04 23:36:57.671, 1410 MHz, 1215 MHz, 48, 123.91 W, 99 %
2026/10/04 23:36:57.921, 1410 MHz, 1215 MHz, 47, 124.15 W, 99 %
2026/10/04 23:36:58.171, 1410 MHz, 1215 MHz, 47, 124.29 W, 99 %
2026/10/04 23:36:58.421, 1410 MHz, 1215 MHz, 48, 130.51 W, 99 %
2026/10/04 23:36:58.672, 1410 MHz, 1215 MHz, 52, 217.00 W, 86 %
2026/10/04 23:36:58.922, 1410 MHz, 1215 MHz, 52, 216.21 W, 83 %
2026/10/04 23:36:59.172, 1410 MHz, 1215 MHz, 53, 214.89 W, 83 %
2026/10/04 23:36:59.422, 1410 MHz, 1215 MHz, 53, 217.54 W, 83 %
2026/10/04 23:36:59.673, 1410 MHz, 1215 MHz, 53, 217.79 W, 83 %
2026/10/04 23:36:59.923, 1410 MHz, 1215 MHz, 53, 217.79 W, 83 %
2026/10/04 23:37:00.173, 1410 MHz, 1215 MHz, 53, 218.04 W, 83 %
2026/10/04 23:37:00.424, 1410 MHz, 1215 MHz, 50, 93.16 W, 83 %
2026/10/04 23:37:00.674, 1410 MHz, 1215 MHz, 47, 81.27 W, 10 %
2026/10/04 23:37:00.924, 1410 MHz, 1215 MHz, 46, 80.23 W, 0 %
2026/10/04 23:37:01.175, 1410 MHz, 1215 MHz, 45, 79.69 W, 0 %
2026/10/04 23:37:01.425, 1410 MHz, 1215 MHz, 45, 79.44 W, 0 %
2026/10/04 23:37:01.675, 1410 MHz, 1215 MHz, 45, 217.79 W, 0 %
2026/10/04 23:37:01.925, 1410 MHz, 1215 MHz, 53, 267.02 W, 35 %
2026/10/04 23:37:02.175, 1410 MHz, 1215 MHz, 55, 274.08 W, 91 %
2026/10/04 23:37:02.425, 1410 MHz, 1215 MHz, 55, 274.62 W, 92 %
2026/10/04 23:37:02.676, 1410 MHz, 1215 MHz, 56, 275.41 W, 92 %
2026/10/04 23:37:02.926, 1410 MHz, 1215 MHz, 56, 275.65 W, 92 %
2026/10/04 23:37:03.176, 1410 MHz, 1215 MHz, 57, 275.95 W, 91 %
2026/10/04 23:37:03.426, 1410 MHz, 1215 MHz, 57, 276.44 W, 92 %
2026/10/04 23:37:03.677, 1410 MHz, 1215 MHz, 57, 276.73 W, 92 %
2026/10/04 23:37:03.927, 1410 MHz, 1215 MHz, 57, 276.73 W, 92 %
2026/10/04 23:37:04.177, 1410 MHz, 1215 MHz, 57, 277.23 W, 91 %
2026/10/04 23:37:04.427, 1410 MHz, 1215 MHz, 57, 277.52 W, 92 %
2026/10/04 23:37:04.677, 1410 MHz, 1215 MHz, 57, 277.23 W, 91 %
2026/10/04 23:37:04.927, 1410 MHz, 1215 MHz, 58, 277.23 W, 91 %
2026/10/04 23:37:05.177, 1410 MHz, 1215 MHz, 58, 277.52 W, 92 %
2026/10/04 23:37:05.427, 1410 MHz, 1215 MHz, 58, 277.52 W, 91 %
2026/10/04 23:37:05.678, 1410 MHz, 1215 MHz, 55, 238.61 W, 92 %
2026/10/04 23:37:05.928, 1410 MHz, 1215 MHz, 52, 96.86 W, 97 %
2026/10/04 23:37:06.178, 1410 MHz, 1215 MHz, 56, 263.07 W, 98 %
2026/10/04 23:37:06.428, 1410 MHz, 1215 MHz, 57, 271.50 W, 92 %
2026/10/04 23:37:06.678, 1410 MHz, 1215 MHz, 57, 263.56 W, 92 %
2026/10/04 23:37:06.928, 1410 MHz, 1215 MHz, 57, 251.22 W, 92 %
2026/10/04 23:37:07.178, 1410 MHz, 1215 MHz, 57, 261.50 W, 92 %
2026/10/04 23:37:07.428, 1410 MHz, 1215 MHz, 57, 275.49 W, 92 %
2026/10/04 23:37:07.679, 1410 MHz, 1215 MHz, 57, 258.36 W, 92 %
2026/10/04 23:37:07.929, 1410 MHz, 1215 MHz, 58, 276.19 W, 92 %
2026/10/04 23:37:08.179, 1410 MHz, 1215 MHz, 58, 277.77 W, 92 %
2026/10/04 23:37:08.429, 1410 MHz, 1215 MHz, 53, 139.72 W, 92 %
2026/10/04 23:37:08.679, 1410 MHz, 1215 MHz, 51, 140.27 W, 99 %
2026/10/04 23:37:08.929, 1410 MHz, 1215 MHz, 51, 139.48 W, 99 %
2026/10/04 23:37:09.179, 1410 MHz, 1215 MHz, 50, 139.48 W, 99 %
2026/10/04 23:37:09.429, 1410 MHz, 1215 MHz, 50, 139.48 W, 99 %
2026/10/04 23:37:09.679, 1410 MHz, 1215 MHz, 50, 140.51 W, 99 %
2026/10/04 23:37:09.930, 1410 MHz, 1215 MHz, 50, 139.19 W, 99 %
2026/10/04 23:37:10.180, 1410 MHz, 1215 MHz, 50, 139.72 W, 99 %
2026/10/04 23:37:10.430, 1410 MHz, 1215 MHz, 50, 140.51 W, 99 %
2026/10/04 23:37:10.680, 1410 MHz, 1215 MHz, 49, 139.19 W, 99 %
2026/10/04 23:37:10.930, 1410 MHz, 1215 MHz, 52, 134.99 W, 99 %
2026/10/04 23:37:11.180, 1410 MHz, 1215 MHz, 56, 275.65 W, 93 %
2026/10/04 23:37:11.430, 1410 MHz, 1215 MHz, 56, 274.62 W, 92 %
2026/10/04 23:37:11.680, 1410 MHz, 1215 MHz, 57, 273.05 W, 92 %
2026/10/04 23:37:11.930, 1410 MHz, 1215 MHz, 57, 277.52 W, 92 %
2026/10/04 23:37:12.180, 1410 MHz, 1215 MHz, 58, 277.52 W, 92 %
2026/10/04 23:37:12.430, 1410 MHz, 1215 MHz, 58, 278.06 W, 92 %
2026/10/04 23:37:12.681, 1410 MHz, 1215 MHz, 58, 278.31 W, 92 %
2026/10/04 23:37:12.931, 1410 MHz, 1215 MHz, 53, 104.51 W, 93 %
2026/10/04 23:37:13.181, 1410 MHz, 1215 MHz, 49, 82.85 W, 15 %
2026/10/04 23:37:13.431, 1410 MHz, 1215 MHz, 48, 82.06 W, 0 %
2026/10/04 23:37:13.681, 1410 MHz, 1215 MHz, 47, 81.56 W, 0 %
2026/10/04 23:37:13.931, 1410 MHz, 1215 MHz, 47, 81.27 W, 0 %
2026/10/04 23:37:14.182, 1410 MHz, 1215 MHz, 51, 262.58 W, 0 %
2026/10/04 23:37:14.432, 1410 MHz, 1215 MHz, 55, 274.08 W, 45 %
2026/10/04 23:37:14.682, 1410 MHz, 1215 MHz, 56, 275.65 W, 92 %
2026/10/04 23:37:14.932, 1410 MHz, 1215 MHz, 57, 276.44 W, 92 %
2026/10/04 23:37:15.182, 1410 MHz, 1215 MHz, 57, 276.98 W, 92 %
2026/10/04 23:37:15.432, 1410 MHz, 1215 MHz, 58, 277.23 W, 92 %
2026/10/04 23:37:15.682, 1410 MHz, 1215 MHz, 58, 277.77 W, 92 %
2026/10/04 23:37:15.932, 1410 MHz, 1215 MHz, 58, 277.77 W, 92 %
2026/10/04 23:37:16.182, 1410 MHz, 1215 MHz, 58, 278.06 W, 92 %
2026/10/04 23:37:16.433, 1410 MHz, 1215 MHz, 58, 278.06 W, 92 %
2026/10/04 23:37:16.683, 1410 MHz, 1215 MHz, 58, 278.31 W, 92 %
2026/10/04 23:37:16.933, 1410 MHz, 1215 MHz, 59, 278.31 W, 92 %
2026/10/04 23:37:17.183, 1410 MHz, 1215 MHz, 59, 278.31 W, 92 %
2026/10/04 23:37:17.434, 1410 MHz, 1215 MHz, 59, 278.56 W, 92 %
2026/10/04 23:37:17.684, 1410 MHz, 1215 MHz, 59, 278.56 W, 92 %
2026/10/04 23:37:17.934, 1410 MHz, 1215 MHz, 59, 278.85 W, 92 %
2026/10/04 23:37:18.184, 1410 MHz, 1215 MHz, 56, 259.14 W, 92 %
2026/10/04 23:37:18.434, 1410 MHz, 1215 MHz, 52, 101.60 W, 97 %
2026/10/04 23:37:18.684, 1410 MHz, 1215 MHz, 57, 263.07 W, 92 %
2026/10/04 23:37:18.934, 1410 MHz, 1215 MHz, 58, 250.97 W, 92 %
2026/10/04 23:37:19.184, 1410 MHz, 1215 MHz, 58, 261.74 W, 92 %
2026/10/04 23:37:19.435, 1410 MHz, 1215 MHz, 58, 275.19 W, 92 %
2026/10/04 23:37:19.685, 1410 MHz, 1215 MHz, 59, 258.90 W, 92 %
2026/10/04 23:37:19.935, 1410 MHz, 1215 MHz, 59, 277.23 W, 92 %
2026/10/04 23:37:20.185, 1410 MHz, 1215 MHz, 58, 255.99 W, 92 %
2026/10/04 23:37:20.435, 1410 MHz, 1215 MHz, 58, 276.98 W, 92 %
2026/10/04 23:37:20.685, 1410 MHz, 1215 MHz, 59, 278.56 W, 92 %
2026/10/04 23:37:20.935, 1410 MHz, 1215 MHz, 54, 145.00 W, 97 %
2026/10/04 23:37:21.185, 1410 MHz, 1215 MHz, 52, 141.55 W, 100 %
2026/10/04 23:37:21.435, 1410 MHz, 1215 MHz, 52, 141.55 W, 100 %
2026/10/04 23:37:21.685, 1410 MHz, 1215 MHz, 51, 141.85 W, 100 %
2026/10/04 23:37:21.936, 1410 MHz, 1215 MHz, 51, 143.42 W, 100 %
2026/10/04 23:37:22.186, 1410 MHz, 1215 MHz, 51, 140.27 W, 100 %
2026/10/04 23:37:22.436, 1410 MHz, 1215 MHz, 51, 142.39 W, 100 %
2026/10/04 23:37:22.686, 1410 MHz, 1215 MHz, 51, 142.63 W, 100 %
2026/10/04 23:37:22.936, 1410 MHz, 1215 MHz, 51, 141.05 W, 100 %
2026/10/04 23:37:23.186, 1410 MHz, 1215 MHz, 51, 141.05 W, 100 %
2026/10/04 23:37:23.436, 1410 MHz, 1215 MHz, 54, 143.18 W, 100 %
2026/10/04 23:37:23.687, 1410 MHz, 1215 MHz, 57, 276.44 W, 92 %
2026/10/04 23:37:23.937, 1410 MHz, 1215 MHz, 57, 274.62 W, 92 %
2026/10/04 23:37:24.187, 1410 MHz, 1215 MHz, 58, 271.97 W, 92 %
2026/10/04 23:37:24.437, 1410 MHz, 1215 MHz, 58, 278.06 W, 92 %
2026/10/04 23:37:24.688, 1410 MHz, 1215 MHz, 58, 278.31 W, 92 %
2026/10/04 23:37:24.938, 1410 MHz, 1215 MHz, 58, 278.56 W, 92 %
2026/10/04 23:37:25.188, 1410 MHz, 1215 MHz, 59, 278.85 W, 92 %
2026/10/04 23:37:25.438, 1410 MHz, 1215 MHz, 54, 109.55 W, 93 %
2026/10/04 23:37:25.689, 1410 MHz, 1215 MHz, 50, 85.27 W, 16 %
2026/10/04 23:37:25.939, 1410 MHz, 1215 MHz, 49, 82.85 W, 0 %
2026/10/04 23:37:26.189, 1410 MHz, 1215 MHz, 48, 82.35 W, 0 %
2026/10/04 23:37:26.440, 1410 MHz, 1215 MHz, 47, 82.06 W, 0 %
2026/10/04 23:37:26.690, 1410 MHz, 1215 MHz, 53, 146.33 W, 29 %
2026/10/04 23:37:26.940, 1410 MHz, 1215 MHz, 57, 294.34 W, 96 %
2026/10/04 23:37:27.190, 1410 MHz, 1215 MHz, 58, 298.03 W, 96 %
2026/10/04 23:37:27.440, 1410 MHz, 1215 MHz, 59, 299.11 W, 96 %
2026/10/04 23:37:27.690, 1410 MHz, 1215 MHz, 59, 299.60 W, 96 %
2026/10/04 23:37:27.940, 1410 MHz, 1215 MHz, 60, 299.89 W, 96 %
2026/10/04 23:37:28.190, 1395 MHz, 1215 MHz, 59, 288.05 W, 96 %
2026/10/04 23:37:28.441, 1410 MHz, 1215 MHz, 60, 300.39 W, 96 %
2026/10/04 23:37:28.691, 1410 MHz, 1215 MHz, 60, 300.93 W, 96 %
2026/10/04 23:37:28.941, 1410 MHz, 1215 MHz, 60, 301.17 W, 96 %
2026/10/04 23:37:29.191, 1395 MHz, 1215 MHz, 60, 285.68 W, 96 %
2026/10/04 23:37:29.441, 1410 MHz, 1215 MHz, 60, 301.47 W, 96 %
2026/10/04 23:37:29.692, 1410 MHz, 1215 MHz, 61, 301.72 W, 96 %
2026/10/04 23:37:29.942, 1410 MHz, 1215 MHz, 61, 301.72 W, 96 %
2026/10/04 23:37:30.192, 1410 MHz, 1215 MHz, 60, 287.51 W, 96 %
2026/10/04 23:37:30.442, 1410 MHz, 1215 MHz, 61, 301.72 W, 96 %
2026/10/04 23:37:30.692, 1410 MHz, 1215 MHz, 58, 214.89 W, 96 %
2026/10/04 23:37:30.942, 1410 MHz, 1215 MHz, 54, 122.87 W, 98 %
2026/10/04 23:37:31.192, 1410 MHz, 1215 MHz, 59, 285.39 W, 99 %
2026/10/04 23:37:31.443, 1410 MHz, 1215 MHz, 60, 299.35 W, 96 %
2026/10/04 23:37:31.693, 1410 MHz, 1215 MHz, 60, 275.95 W, 96 %
2026/10/04 23:37:31.943, 1410 MHz, 1215 MHz, 60, 299.35 W, 96 %
2026/10/04 23:37:32.193, 1410 MHz, 1215 MHz, 60, 273.84 W, 96 %
2026/10/04 23:37:32.443, 1410 MHz, 1215 MHz, 60, 299.11 W, 96 %
2026/10/04 23:37:32.693, 1410 MHz, 1215 MHz, 61, 300.14 W, 96 %
2026/10/04 23:37:32.943, 1410 MHz, 1215 MHz, 61, 298.27 W, 96 %
2026/10/04 23:37:33.193, 1410 MHz, 1215 MHz, 61, 302.26 W, 96 %
2026/10/04 23:37:33.443, 1410 MHz, 1215 MHz, 56, 180.34 W, 96 %
2026/10/04 23:37:33.694, 1410 MHz, 1215 MHz, 55, 179.55 W, 99 %
2026/10/04 23:37:33.944, 1410 MHz, 1215 MHz, 55, 172.70 W, 99 %
2026/10/04 23:37:34.194, 1410 MHz, 1215 MHz, 54, 172.50 W, 99 %
2026/10/04 23:37:34.444, 1410 MHz, 1215 MHz, 54, 176.65 W, 99 %
2026/10/04 23:37:34.694, 1410 MHz, 1215 MHz, 54, 173.29 W, 99 %
2026/10/04 23:37:34.944, 1410 MHz, 1215 MHz, 54, 170.04 W, 99 %
2026/10/04 23:37:35.194, 1410 MHz, 1215 MHz, 54, 175.07 W, 99 %
2026/10/04 23:37:35.444, 1410 MHz, 1215 MHz, 53, 172.95 W, 99 %
2026/10/04 23:37:35.694, 1410 MHz, 1215 MHz, 53, 178.22 W, 100 %
2026/10/04 23:37:35.945, 1410 MHz, 1215 MHz, 56, 297.00 W, 100 %
2026/10/04 23:37:36.195, 1410 MHz, 1215 MHz, 59, 300.39 W, 97 %
2026/10/04 23:37:36.445, 1410 MHz, 1215 MHz, 60, 288.29 W, 96 %
2026/10/04 23:37:36.695, 1410 MHz, 1215 MHz, 60, 274.40 W, 96 %
2026/10/04 23:37:36.945, 1410 MHz, 1215 MHz, 60, 301.17 W, 96 %
2026/10/04 23:37:37.195, 1395 MHz, 1215 MHz, 61, 300.14 W, 96 %
2026/10/04 23:37:37.445, 1410 MHz, 1215 MHz, 61, 298.03 W, 96 %
2026/10/04 23:37:37.695, 1410 MHz, 1215 MHz, 61, 302.50 W, 96 %
2026/10/04 23:37:37.946, 1410 MHz, 1215 MHz, 54, 153.18 W, 97 %
2026/10/04 23:37:38.196, 1410 MHz, 1215 MHz, 51, 87.34 W, 24 %
2026/10/04 23:37:38.446, 1410 MHz, 1215 MHz, 50, 84.18 W, 0 %
2026/10/04 23:37:38.697, 1410 MHz, 1215 MHz, 49, 83.39 W, 0 %
2026/10/04 23:37:39.003, 1410 MHz, 1215 MHz, 49, 83.14 W, 0 %
2026/10/04 23:37:39.253, 1410 MHz, 1215 MHz, 48, 82.85 W, 0 %
2026/10/04 23:37:39.503, 1410 MHz, 1215 MHz, 48, 88.67 W, 3 %
2026/10/04 23:37:39.754, 1410 MHz, 1215 MHz, 48, 82.35 W, 26 %
2026/10/04 23:37:40.004, 1410 MHz, 1215 MHz, 47, 82.06 W, 4 %
2026/10/04 23:37:40.254, 1410 MHz, 1215 MHz, 47, 82.06 W, 4 %
2026/10/04 23:37:40.505, 1410 MHz, 1215 MHz, 47, 81.81 W, 4 %
2026/10/04 23:37:40.755, 1410 MHz, 1215 MHz, 47, 81.81 W, 4 %
2026/10/04 23:37:41.005, 1410 MHz, 1215 MHz, 47, 81.81 W, 4 %
2026/10/04 23:37:41.256, 1095 MHz, 1215 MHz, 47, 83.64 W, 4 %
2026/10/04 23:37:41.506, 1095 MHz, 1215 MHz, 46, 64.15 W, 5 %
2026/10/04 23:37:41.756, 1095 MHz, 1215 MHz, 45, 63.36 W, 4 %
2026/10/04 23:37:42.006, 1095 MHz, 1215 MHz, 46, 75.20 W, 39 %
2026/10/04 23:37:42.256, 1095 MHz, 1215 MHz, 46, 75.20 W, 39 %
2026/10/04 23:37:42.506, 1095 MHz, 1215 MHz, 46, 74.95 W, 39 %
2026/10/04 23:37:42.756, 1095 MHz, 1215 MHz, 46, 75.20 W, 39 %
2026/10/04 23:37:43.007, 1095 MHz, 1215 MHz, 45, 74.95 W, 39 %
2026/10/04 23:37:43.257, 1095 MHz, 1215 MHz, 45, 74.95 W, 39 %
2026/10/04 23:37:43.507, 1095 MHz, 1215 MHz, 45, 74.95 W, 39 %
2026/10/04 23:37:43.757, 1095 MHz, 1215 MHz, 45, 74.95 W, 39 %
2026/10/04 23:37:44.007, 1095 MHz, 1215 MHz, 45, 74.95 W, 39 %
2026/10/04 23:37:44.257, 1095 MHz, 1215 MHz, 45, 74.71 W, 39 %
2026/10/04 23:37:44.507, 1095 MHz, 1215 MHz, 44, 63.06 W, 30 %
2026/10/04 23:37:44.757, 1095 MHz, 1215 MHz, 44, 62.82 W, 30 %
2026/10/04 23:37:45.008, 1095 MHz, 1215 MHz, 44, 62.82 W, 1 %
2026/10/04 23:37:45.258, 1095 MHz, 1215 MHz, 44, 62.82 W, 2 %
2026/10/04 23:37:45.509, 1095 MHz, 1215 MHz, 44, 62.82 W, 1 %
2026/10/04 23:37:45.759, 1095 MHz, 1215 MHz, 44, 62.52 W, 1 %
2026/10/04 23:37:46.010, 1095 MHz, 1215 MHz, 44, 62.52 W, 1 %
2026/10/04 23:37:46.260, 1095 MHz, 1215 MHz, 44, 62.52 W, 1 %
2026/10/04 23:37:46.510, 1095 MHz, 1215 MHz, 44, 62.52 W, 1 %
2026/10/04 23:37:46.760, 1095 MHz, 1215 MHz, 44, 63.85 W, 23 %
2026/10/04 23:37:47.010, 1305 MHz, 1215 MHz, 51, 226.99 W, 48 %
2026/10/04 23:37:47.260, 1410 MHz, 1215 MHz, 54, 284.90 W, 96 %
2026/10/04 23:37:47.511, 1410 MHz, 1215 MHz, 56, 290.65 W, 96 %
2026/10/04 23:37:47.761, 1410 MHz, 1215 MHz, 56, 291.44 W, 96 %
2026/10/04 23:37:48.011, 1410 MHz, 1215 MHz, 57, 292.52 W, 96 %
2026/10/04 23:37:48.261, 1410 MHz, 1215 MHz, 57, 292.77 W, 96 %
2026/10/04 23:37:48.511, 1410 MHz, 1215 MHz, 58, 293.31 W, 96 %
2026/10/04 23:37:48.761, 1410 MHz, 1215 MHz, 58, 293.55 W, 96 %
2026/10/04 23:37:49.011, 1410 MHz, 1215 MHz, 58, 294.09 W, 96 %
2026/10/04 23:37:49.261, 1410 MHz, 1215 MHz, 58, 294.09 W, 96 %
2026/10/04 23:37:49.511, 1410 MHz, 1215 MHz, 59, 294.34 W, 96 %
2026/10/04 23:37:49.761, 1410 MHz, 1215 MHz, 59, 294.64 W, 96 %
2026/10/04 23:37:50.011, 1410 MHz, 1215 MHz, 59, 294.88 W, 96 %
2026/10/04 23:37:50.262, 1410 MHz, 1215 MHz, 59, 295.13 W, 96 %
2026/10/04 23:37:50.512, 1410 MHz, 1215 MHz, 59, 295.13 W, 96 %
2026/10/04 23:37:50.762, 1410 MHz, 1215 MHz, 56, 165.11 W, 96 %
2026/10/04 23:37:51.012, 1410 MHz, 1215 MHz, 54, 272.80 W, 99 %
2026/10/04 23:37:51.262, 1410 MHz, 1215 MHz, 57, 286.18 W, 98 %
2026/10/04 23:37:51.512, 1410 MHz, 1215 MHz, 58, 291.19 W, 96 %
2026/10/04 23:37:51.763, 1410 MHz, 1215 MHz, 59, 290.95 W, 96 %
2026/10/04 23:37:52.013, 1410 MHz, 1215 MHz, 59, 294.09 W, 96 %
2026/10/04 23:37:52.263, 1410 MHz, 1215 MHz, 59, 288.83 W, 96 %
2026/10/04 23:37:52.513, 1410 MHz, 1215 MHz, 59, 278.56 W, 96 %
2026/10/04 23:37:52.763, 1410 MHz, 1215 MHz, 59, 298.27 W, 96 %
2026/10/04 23:37:53.013, 1410 MHz, 1215 MHz, 60, 271.18 W, 96 %
2026/10/04 23:37:53.264, 1410 MHz, 1215 MHz, 60, 297.79 W, 96 %
2026/10/04 23:37:53.514, 1410 MHz, 1215 MHz, 55, 164.08 W, 96 %
2026/10/04 23:37:53.764, 1410 MHz, 1215 MHz, 54, 167.13 W, 96 %
2026/10/04 23:37:54.014, 1410 MHz, 1215 MHz, 53, 166.64 W, 96 %
2026/10/04 23:37:54.264, 1410 MHz, 1215 MHz, 53, 163.48 W, 96 %
2026/10/04 23:37:54.514, 1410 MHz, 1215 MHz, 52, 165.31 W, 96 %
2026/10/04 23:37:54.764, 1410 MHz, 1215 MHz, 52, 163.78 W, 96 %
2026/10/04 23:37:55.014, 1410 MHz, 1215 MHz, 52, 160.88 W, 96 %
2026/10/04 23:37:55.264, 1410 MHz, 1215 MHz, 52, 164.27 W, 96 %
2026/10/04 23:37:55.514, 1410 MHz, 1215 MHz, 52, 164.76 W, 96 %
2026/10/04 23:37:55.764, 1410 MHz, 1215 MHz, 52, 159.60 W, 96 %
2026/10/04 23:37:56.015, 1410 MHz, 1215 MHz, 56, 286.96 W, 96 %
2026/10/04 23:37:56.265, 1410 MHz, 1215 MHz, 57, 293.01 W, 96 %
2026/10/04 23:37:56.515, 1410 MHz, 1215 MHz, 58, 291.19 W, 96 %
2026/10/04 23:37:56.765, 1410 MHz, 1215 MHz, 59, 299.60 W, 96 %
2026/10/04 23:37:57.015, 1410 MHz, 1215 MHz, 59, 300.14 W, 96 %
2026/10/04 23:37:57.265, 1410 MHz, 1215 MHz, 60, 284.60 W, 96 %
2026/10/04 23:37:57.515, 1410 MHz, 1215 MHz, 60, 300.93 W, 96 %
2026/10/04 23:37:57.765, 1410 MHz, 1215 MHz, 60, 299.60 W, 96 %
2026/10/04 23:37:58.015, 1410 MHz, 1215 MHz, 53, 92.62 W, 83 %
2026/10/04 23:37:58.266, 1410 MHz, 1215 MHz, 50, 86.31 W, 7 %
2026/10/04 23:37:58.516, 1410 MHz, 1215 MHz, 49, 82.85 W, 0 %
2026/10/04 23:37:58.766, 1410 MHz, 1215 MHz, 48, 82.35 W, 0 %
2026/10/04 23:37:59.016, 1410 MHz, 1215 MHz, 48, 82.06 W, 0 %
2026/10/04 23:37:59.266, 1410 MHz, 1215 MHz, 49, 82.60 W, 0 %
2026/10/04 23:37:59.517, 1410 MHz, 1215 MHz, 54, 219.91 W, 50 %
2026/10/04 23:37:59.767, 1410 MHz, 1215 MHz, 54, 220.40 W, 83 %
2026/10/04 23:38:00.017, 1410 MHz, 1215 MHz, 55, 221.24 W, 83 %
2026/10/04 23:38:00.267, 1410 MHz, 1215 MHz, 55, 221.24 W, 83 %
2026/10/04 23:38:00.517, 1410 MHz, 1215 MHz, 55, 221.24 W, 83 %
2026/10/04 23:38:00.767, 1410 MHz, 1215 MHz, 55, 221.24 W, 83 %
2026/10/04 23:38:01.017, 1410 MHz, 1215 MHz, 55, 221.48 W, 83 %
2026/10/04 23:38:01.267, 1410 MHz, 1215 MHz, 55, 221.48 W, 83 %
2026/10/04 23:38:01.517, 1410 MHz, 1215 MHz, 56, 221.24 W, 83 %
2026/10/04 23:38:01.767, 1410 MHz, 1215 MHz, 56, 221.73 W, 83 %
2026/10/04 23:38:02.017, 1410 MHz, 1215 MHz, 56, 221.48 W, 83 %
2026/10/04 23:38:02.268, 1410 MHz, 1215 MHz, 56, 221.73 W, 83 %
2026/10/04 23:38:02.518, 1410 MHz, 1215 MHz, 56, 221.48 W, 83 %
2026/10/04 23:38:02.768, 1410 MHz, 1215 MHz, 56, 221.73 W, 83 %
2026/10/04 23:38:03.018, 1410 MHz, 1215 MHz, 56, 221.73 W, 83 %
2026/10/04 23:38:03.268, 1410 MHz, 1215 MHz, 53, 119.67 W, 84 %
2026/10/04 23:38:03.518, 1410 MHz, 1215 MHz, 53, 197.75 W, 95 %
2026/10/04 23:38:03.768, 1410 MHz, 1215 MHz, 55, 213.06 W, 93 %
2026/10/04 23:38:04.018, 1410 MHz, 1215 MHz, 55, 218.04 W, 83 %
2026/10/04 23:38:04.268, 1410 MHz, 1215 MHz, 55, 213.31 W, 83 %
2026/10/04 23:38:04.518, 1410 MHz, 1215 MHz, 55, 217.00 W, 83 %
2026/10/04 23:38:04.769, 1410 MHz, 1215 MHz, 55, 211.73 W, 83 %
2026/10/04 23:38:05.019, 1410 MHz, 1215 MHz, 55, 215.97 W, 83 %
2026/10/04 23:38:05.269, 1410 MHz, 1215 MHz, 55, 210.16 W, 83 %
2026/10/04 23:38:05.519, 1410 MHz, 1215 MHz, 55, 214.64 W, 83 %
2026/10/04 23:38:05.769, 1410 MHz, 1215 MHz, 56, 220.94 W, 83 %
2026/10/04 23:38:06.019, 1410 MHz, 1215 MHz, 50, 106.26 W, 45 %
2026/10/04 23:38:06.269, 1410 MHz, 1215 MHz, 50, 106.26 W, 40 %
2026/10/04 23:38:06.519, 1410 MHz, 1215 MHz, 49, 105.60 W, 41 %
2026/10/04 23:38:06.769, 1410 MHz, 1215 MHz, 49, 103.85 W, 40 %
2026/10/04 23:38:07.019, 1410 MHz, 1215 MHz, 49, 103.06 W, 40 %
2026/10/04 23:38:07.270, 1410 MHz, 1215 MHz, 48, 105.97 W, 40 %
2026/10/04 23:38:07.520, 1410 MHz, 1215 MHz, 48, 105.60 W, 40 %
2026/10/04 23:38:07.770, 1410 MHz, 1215 MHz, 48, 103.60 W, 41 %
2026/10/04 23:38:08.020, 1410 MHz, 1215 MHz, 48, 102.56 W, 40 %
2026/10/04 23:38:08.270, 1410 MHz, 1215 MHz, 48, 105.18 W, 40 %
2026/10/04 23:38:08.520, 1410 MHz, 1215 MHz, 52, 218.33 W, 40 %
2026/10/04 23:38:08.770, 1410 MHz, 1215 MHz, 53, 219.61 W, 83 %
2026/10/04 23:38:09.020, 1410 MHz, 1215 MHz, 54, 216.75 W, 83 %
2026/10/04 23:38:09.270, 1410 MHz, 1215 MHz, 54, 213.06 W, 83 %
2026/10/04 23:38:09.520, 1410 MHz, 1215 MHz, 54, 220.15 W, 83 %
2026/10/04 23:38:09.771, 1410 MHz, 1215 MHz, 55, 220.15 W, 83 %
2026/10/04 23:38:10.021, 1410 MHz, 1215 MHz, 55, 220.94 W, 83 %
2026/10/04 23:38:10.271, 1410 MHz, 1215 MHz, 55, 220.70 W, 83 %
2026/10/04 23:38:10.521, 1410 MHz, 1215 MHz, 49, 88.92 W, 78 %
2026/10/04 23:38:10.772, 1410 MHz, 1215 MHz, 48, 82.85 W, 0 %
2026/10/04 23:38:11.022, 1410 MHz, 1215 MHz, 47, 82.35 W, 0 %
2026/10/04 23:38:11.272, 1410 MHz, 1215 MHz, 47, 81.81 W, 0 %
2026/10/04 23:38:11.523, 1410 MHz, 1215 MHz, 47, 81.56 W, 0 %
2026/10/04 23:38:11.773, 1410 MHz, 1215 MHz, 50, 85.27 W, 0 %
2026/10/04 23:38:12.023, 1410 MHz, 1215 MHz, 56, 291.98 W, 96 %
2026/10/04 23:38:12.273, 1410 MHz, 1215 MHz, 57, 295.13 W, 96 %
2026/10/04 23:38:12.524, 1410 MHz, 1215 MHz, 58, 298.03 W, 96 %
2026/10/04 23:38:12.774, 1410 MHz, 1215 MHz, 59, 299.11 W, 96 %
2026/10/04 23:38:13.024, 1410 MHz, 1215 MHz, 59, 299.35 W, 96 %
2026/10/04 23:38:13.274, 1410 MHz, 1215 MHz, 59, 299.89 W, 96 %
2026/10/04 23:38:13.524, 1410 MHz, 1215 MHz, 60, 300.14 W, 96 %
2026/10/04 23:38:13.774, 1410 MHz, 1215 MHz, 60, 290.65 W, 96 %
2026/10/04 23:38:14.024, 1410 MHz, 1215 MHz, 60, 300.68 W, 96 %
2026/10/04 23:38:14.274, 1410 MHz, 1215 MHz, 60, 300.93 W, 96 %
2026/10/04 23:38:14.525, 1395 MHz, 1215 MHz, 60, 300.93 W, 96 %
2026/10/04 23:38:14.775, 1410 MHz, 1215 MHz, 60, 299.35 W, 96 %
2026/10/04 23:38:15.025, 1410 MHz, 1215 MHz, 60, 301.47 W, 96 %
2026/10/04 23:38:15.275, 1410 MHz, 1215 MHz, 61, 301.17 W, 96 %
2026/10/04 23:38:15.525, 1395 MHz, 1215 MHz, 60, 286.47 W, 96 %
2026/10/04 23:38:15.776, 1410 MHz, 1215 MHz, 57, 201.44 W, 96 %
2026/10/04 23:38:16.026, 1410 MHz, 1215 MHz, 56, 211.73 W, 99 %
2026/10/04 23:38:16.276, 1410 MHz, 1215 MHz, 59, 295.42 W, 96 %
2026/10/04 23:38:16.526, 1410 MHz, 1215 MHz, 59, 299.11 W, 96 %
2026/10/04 23:38:16.776, 1410 MHz, 1215 MHz, 60, 296.46 W, 96 %
2026/10/04 23:38:17.026, 1410 MHz, 1215 MHz, 60, 298.57 W, 96 %
2026/10/04 23:38:17.276, 1410 MHz, 1215 MHz, 60, 295.42 W, 96 %
2026/10/04 23:38:17.526, 1410 MHz, 1215 MHz, 60, 298.03 W, 96 %
2026/10/04 23:38:17.776, 1410 MHz, 1215 MHz, 60, 293.85 W, 96 %
2026/10/04 23:38:18.026, 1410 MHz, 1215 MHz, 61, 296.70 W, 96 %
2026/10/04 23:38:18.276, 1410 MHz, 1215 MHz, 61, 301.96 W, 96 %
2026/10/04 23:38:18.527, 1410 MHz, 1215 MHz, 55, 168.27 W, 96 %
2026/10/04 23:38:18.777, 1410 MHz, 1215 MHz, 54, 166.88 W, 96 %
2026/10/04 23:38:19.027, 1410 MHz, 1215 MHz, 54, 163.54 W, 96 %
2026/10/04 23:38:19.277, 1410 MHz, 1215 MHz, 53, 168.22 W, 96 %
2026/10/04 23:38:19.527, 1410 MHz, 1215 MHz, 53, 166.69 W, 96 %
2026/10/04 23:38:19.777, 1410 MHz, 1215 MHz, 53, 168.46 W, 96 %
2026/10/04 23:38:20.028, 1410 MHz, 1215 MHz, 53, 163.29 W, 96 %
2026/10/04 23:38:20.278, 1410 MHz, 1215 MHz, 53, 168.76 W, 96 %
2026/10/04 23:38:20.528, 1410 MHz, 1215 MHz, 53, 166.64 W, 96 %
2026/10/04 23:38:20.778, 1410 MHz, 1215 MHz, 53, 169.01 W, 96 %
2026/10/04 23:38:21.028, 1410 MHz, 1215 MHz, 57, 297.49 W, 96 %
2026/10/04 23:38:21.278, 1410 MHz, 1215 MHz, 59, 300.39 W, 96 %
2026/10/04 23:38:21.528, 1410 MHz, 1215 MHz, 60, 300.68 W, 96 %
2026/10/04 23:38:21.778, 1410 MHz, 1215 MHz, 60, 299.11 W, 96 %
2026/10/04 23:38:22.028, 1410 MHz, 1215 MHz, 60, 297.79 W, 96 %
2026/10/04 23:38:22.278, 1410 MHz, 1215 MHz, 60, 301.47 W, 96 %
2026/10/04 23:38:22.529, 1410 MHz, 1215 MHz, 61, 301.72 W, 96 %
2026/10/04 23:38:22.779, 1410 MHz, 1215 MHz, 61, 301.47 W, 96 %
2026/10/04 23:38:23.029, 1410 MHz, 1215 MHz, 55, 95.28 W, 96 %
2026/10/04 23:38:23.279, 1410 MHz, 1215 MHz, 51, 85.27 W, 12 %
2026/10/04 23:38:23.530, 1410 MHz, 1215 MHz, 49, 83.39 W, 0 %
2026/10/04 23:38:23.780, 1410 MHz, 1215 MHz, 49, 83.14 W, 0 %
2026/10/04 23:38:24.030, 1410 MHz, 1215 MHz, 48, 87.88 W, 0 %
2026/10/04 23:38:24.281, 1410 MHz, 1215 MHz, 53, 262.28 W, 0 %
2026/10/04 23:38:24.531, 1410 MHz, 1215 MHz, 57, 279.10 W, 39 %
2026/10/04 23:38:24.781, 1410 MHz, 1215 MHz, 58, 283.03 W, 92 %
2026/10/04 23:38:25.031, 1410 MHz, 1215 MHz, 59, 284.11 W, 92 %
2026/10/04 23:38:25.281, 1410 MHz, 1215 MHz, 59, 284.36 W, 92 %
2026/10/04 23:38:25.531, 1410 MHz, 1215 MHz, 59, 284.60 W, 92 %
2026/10/04 23:38:25.781, 1410 MHz, 1215 MHz, 60, 285.14 W, 92 %
2026/10/04 23:38:26.031, 1410 MHz, 1215 MHz, 60, 285.14 W, 92 %
2026/10/04 23:38:26.282, 1410 MHz, 1215 MHz, 60, 285.39 W, 92 %
2026/10/04 23:38:26.532, 1410 MHz, 1215 MHz, 60, 285.68 W, 92 %
2026/10/04 23:38:26.782, 1410 MHz, 1215 MHz, 60, 285.68 W, 92 %
2026/10/04 23:38:27.032, 1410 MHz, 1215 MHz, 60, 285.93 W, 92 %
2026/10/04 23:38:27.282, 1410 MHz, 1215 MHz, 60, 285.93 W, 92 %
2026/10/04 23:38:27.532, 1410 MHz, 1215 MHz, 60, 286.18 W, 92 %
2026/10/04 23:38:27.782, 1410 MHz, 1215 MHz, 60, 286.18 W, 92 %
2026/10/04 23:38:28.032, 1410 MHz, 1215 MHz, 61, 286.96 W, 92 %
2026/10/04 23:38:28.282, 1410 MHz, 1215 MHz, 58, 270.39 W, 92 %
2026/10/04 23:38:28.533, 1410 MHz, 1215 MHz, 57, 260.42 W, 97 %
2026/10/04 23:38:28.783, 1410 MHz, 1215 MHz, 59, 282.25 W, 92 %
2026/10/04 23:38:29.033, 1410 MHz, 1215 MHz, 60, 280.43 W, 92 %
2026/10/04 23:38:29.283, 1410 MHz, 1215 MHz, 60, 282.49 W, 92 %
2026/10/04 23:38:29.533, 1410 MHz, 1215 MHz, 60, 278.56 W, 92 %
2026/10/04 23:38:29.783, 1410 MHz, 1215 MHz, 60, 281.46 W, 92 %
2026/10/04 23:38:30.033, 1410 MHz, 1215 MHz, 60, 277.23 W, 92 %
2026/10/04 23:38:30.284, 1410 MHz, 1215 MHz, 60, 262.52 W, 92 %
2026/10/04 23:38:30.534, 1410 MHz, 1215 MHz, 60, 273.84 W, 92 %
2026/10/04 23:38:30.784, 1410 MHz, 1215 MHz, 60, 285.93 W, 92 %
2026/10/04 23:38:31.034, 1410 MHz, 1215 MHz, 55, 145.25 W, 96 %
2026/10/04 23:38:31.284, 1410 MHz, 1215 MHz, 53, 142.63 W, 99 %
2026/10/04 23:38:31.534, 1410 MHz, 1215 MHz, 53, 145.00 W, 99 %
2026/10/04 23:38:31.784, 1410 MHz, 1215 MHz, 52, 143.42 W, 99 %
2026/10/04 23:38:32.034, 1410 MHz, 1215 MHz, 52, 142.09 W, 99 %
2026/10/04 23:38:32.284, 1410 MHz, 1215 MHz, 52, 145.25 W, 99 %
2026/10/04 23:38:32.534, 1410 MHz, 1215 MHz, 52, 142.88 W, 99 %
2026/10/04 23:38:32.784, 1410 MHz, 1215 MHz, 52, 142.39 W, 99 %
2026/10/04 23:38:33.035, 1410 MHz, 1215 MHz, 52, 142.09 W, 99 %
2026/10/04 23:38:33.285, 1410 MHz, 1215 MHz, 52, 144.46 W, 99 %
2026/10/04 23:38:33.535, 1410 MHz, 1215 MHz, 57, 276.44 W, 99 %
2026/10/04 23:38:33.785, 1410 MHz, 1215 MHz, 58, 280.92 W, 92 %
2026/10/04 23:38:34.035, 1410 MHz, 1215 MHz, 59, 284.11 W, 92 %
2026/10/04 23:38:34.285, 1410 MHz, 1215 MHz, 59, 284.90 W, 92 %
2026/10/04 23:38:34.535, 1410 MHz, 1215 MHz, 59, 278.56 W, 92 %
2026/10/04 23:38:34.786, 1410 MHz, 1215 MHz, 60, 272.26 W, 92 %
2026/10/04 23:38:35.036, 1410 MHz, 1215 MHz, 60, 285.14 W, 92 %
2026/10/04 23:38:35.286, 1410 MHz, 1215 MHz, 60, 285.93 W, 92 %
2026/10/04 23:38:35.536, 1410 MHz, 1215 MHz, 52, 87.24 W, 93 %
2026/10/04 23:38:35.787, 1410 MHz, 1215 MHz, 50, 86.06 W, 0 %
2026/10/04 23:38:36.037, 1410 MHz, 1215 MHz, 49, 83.64 W, 0 %
2026/10/04 23:38:36.287, 1410 MHz, 1215 MHz, 49, 82.85 W, 0 %
2026/10/04 23:38:36.538, 1410 MHz, 1215 MHz, 48, 87.34 W, 0 %
2026/10/04 23:38:36.788, 1410 MHz, 1215 MHz, 48, 89.46 W, 8 %
2026/10/04 23:38:37.038, 1410 MHz, 1215 MHz, 48, 82.60 W, 78 %
2026/10/04 23:38:37.289, 1410 MHz, 1215 MHz, 47, 82.06 W, 6 %
2026/10/04 23:38:37.539, 1410 MHz, 1215 MHz, 47, 82.06 W, 4 %
2026/10/04 23:38:37.789, 1410 MHz, 1215 MHz, 47, 82.06 W, 4 %
2026/10/04 23:38:38.040, 1410 MHz, 1215 MHz, 47, 81.81 W, 4 %
2026/10/04 23:38:38.290, 1410 MHz, 1215 MHz, 47, 81.81 W, 4 %
2026/10/04 23:38:38.540, 1410 MHz, 1215 MHz, 47, 81.81 W, 4 %
2026/10/04 23:38:38.791, 1095 MHz, 1215 MHz, 46, 64.15 W, 4 %
2026/10/04 23:38:39.041, 1095 MHz, 1215 MHz, 46, 63.85 W, 5 %
2026/10/04 23:38:39.291, 1095 MHz, 1215 MHz, 46, 75.20 W, 2 %
2026/10/04 23:38:39.541, 1095 MHz, 1215 MHz, 46, 75.20 W, 23 %
2026/10/04 23:38:39.791, 1095 MHz, 1215 MHz, 46, 75.20 W, 39 %
2026/10/04 23:38:40.042, 1095 MHz, 1215 MHz, 46, 74.95 W, 39 %
2026/10/04 23:38:40.292, 1095 MHz, 1215 MHz, 46, 75.20 W, 39 %
2026/10/04 23:38:40.542, 1095 MHz, 1215 MHz, 46, 74.95 W, 39 %
2026/10/04 23:38:40.792, 1095 MHz, 1215 MHz, 45, 74.95 W, 39 %
2026/10/04 23:38:41.042, 1095 MHz, 1215 MHz, 45, 74.95 W, 39 %
2026/10/04 23:38:41.292, 1095 MHz, 1215 MHz, 45, 74.95 W, 39 %
2026/10/04 23:38:41.542, 1095 MHz, 1215 MHz, 45, 74.95 W, 39 %
2026/10/04 23:38:41.792, 1095 MHz, 1215 MHz, 45, 74.71 W, 39 %
2026/10/04 23:38:42.043, 1095 MHz, 1215 MHz, 45, 63.06 W, 15 %
2026/10/04 23:38:42.293, 1095 MHz, 1215 MHz, 44, 63.06 W, 2 %
2026/10/04 23:38:42.544, 1095 MHz, 1215 MHz, 44, 62.82 W, 1 %
2026/10/04 23:38:42.794, 1095 MHz, 1215 MHz, 44, 62.82 W, 1 %
2026/10/04 23:38:43.044, 1095 MHz, 1215 MHz, 44, 62.52 W, 2 %
2026/10/04 23:38:43.295, 1095 MHz, 1215 MHz, 44, 62.82 W, 1 %
2026/10/04 23:38:43.545, 1095 MHz, 1215 MHz, 44, 62.52 W, 1 %
2026/10/04 23:38:43.795, 1095 MHz, 1215 MHz, 44, 64.64 W, 14 %
2026/10/04 23:38:44.046, 1095 MHz, 1215 MHz, 44, 65.43 W, 9 %
2026/10/04 23:38:44.296, 1200 MHz, 1215 MHz, 48, 177.23 W, 3 %
2026/10/04 23:38:44.546, 1410 MHz, 1215 MHz, 52, 268.82 W, 74 %
2026/10/04 23:38:44.796, 1410 MHz, 1215 MHz, 55, 274.62 W, 92 %
2026/10/04 23:38:45.046, 1410 MHz, 1215 MHz, 55, 275.41 W, 91 %
2026/10/04 23:38:45.296, 1410 MHz, 1215 MHz, 56, 276.19 W, 91 %
2026/10/04 23:38:45.546, 1410 MHz, 1215 MHz, 56, 276.44 W, 91 %
2026/10/04 23:38:45.796, 1410 MHz, 1215 MHz, 57, 277.23 W, 92 %
2026/10/04 23:38:46.046, 1410 MHz, 1215 MHz, 57, 277.23 W, 92 %
2026/10/04 23:38:46.296, 1410 MHz, 1215 MHz, 57, 277.52 W, 91 %
2026/10/04 23:38:46.547, 1410 MHz, 1215 MHz, 57, 277.77 W, 91 %
2026/10/04 23:38:46.797, 1410 MHz, 1215 MHz, 58, 277.77 W, 92 %
2026/10/04 23:38:47.047, 1410 MHz, 1215 MHz, 58, 278.06 W, 91 %
2026/10/04 23:38:47.297, 1410 MHz, 1215 MHz, 58, 282.79 W, 92 %
2026/10/04 23:38:47.547, 1410 MHz, 1215 MHz, 58, 283.03 W, 91 %
2026/10/04 23:38:47.797, 1410 MHz, 1215 MHz, 58, 283.57 W, 91 %
2026/10/04 23:38:48.047, 1410 MHz, 1215 MHz, 59, 283.82 W, 91 %
2026/10/04 23:38:48.297, 1410 MHz, 1215 MHz, 52, 141.05 W, 94 %
2026/10/04 23:38:48.547, 1410 MHz, 1215 MHz, 55, 211.73 W, 98 %
2026/10/04 23:38:48.798, 1410 MHz, 1215 MHz, 57, 267.55 W, 92 %
2026/10/04 23:38:49.048, 1410 MHz, 1215 MHz, 57, 255.94 W, 92 %
2026/10/04 23:38:49.298, 1410 MHz, 1215 MHz, 58, 270.93 W, 92 %
2026/10/04 23:38:49.548, 1410 MHz, 1215 MHz, 58, 255.69 W, 92 %
2026/10/04 23:38:49.798, 1410 MHz, 1215 MHz, 58, 268.33 W, 92 %
2026/10/04 23:38:50.048, 1410 MHz, 1215 MHz, 58, 266.46 W, 92 %
2026/10/04 23:38:50.298, 1410 MHz, 1215 MHz, 59, 263.31 W, 92 %
2026/10/04 23:38:50.548, 1410 MHz, 1215 MHz, 59, 282.49 W, 92 %
2026/10/04 23:38:50.798, 1410 MHz, 1215 MHz, 55, 198.05 W, 93 %
2026/10/04 23:38:51.048, 1410 MHz, 1215 MHz, 53, 147.90 W, 100 %
2026/10/04 23:38:51.299, 1410 MHz, 1215 MHz, 52, 142.88 W, 100 %
2026/10/04 23:38:51.549, 1410 MHz, 1215 MHz, 51, 141.55 W, 100 %
2026/10/04 23:38:51.799, 1410 MHz, 1215 MHz, 51, 141.85 W, 100 %
2026/10/04 23:38:52.049, 1410 MHz, 1215 MHz, 51, 141.30 W, 100 %
2026/10/04 23:38:52.299, 1410 MHz, 1215 MHz, 51, 142.39 W, 100 %
2026/10/04 23:38:52.549, 1410 MHz, 1215 MHz, 51, 143.18 W, 100 %
2026/10/04 23:38:52.799, 1410 MHz, 1215 MHz, 50, 141.30 W, 100 %
2026/10/04 23:38:53.049, 1410 MHz, 1215 MHz, 50, 143.67 W, 100 %
2026/10/04 23:38:53.299, 1410 MHz, 1215 MHz, 50, 139.97 W, 100 %
2026/10/04 23:38:53.549, 1410 MHz, 1215 MHz, 55, 275.41 W, 97 %
2026/10/04 23:38:53.799, 1410 MHz, 1215 MHz, 57, 277.52 W, 92 %
2026/10/04 23:38:54.050, 1410 MHz, 1215 MHz, 57, 255.94 W, 92 %
2026/10/04 23:38:54.300, 1410 MHz, 1215 MHz, 58, 281.71 W, 92 %
2026/10/04 23:38:54.550, 1410 MHz, 1215 MHz, 58, 282.25 W, 92 %
2026/10/04 23:38:54.800, 1410 MHz, 1215 MHz, 59, 280.92 W, 92 %
2026/10/04 23:38:55.050, 1410 MHz, 1215 MHz, 59, 284.11 W, 92 %
2026/10/04 23:38:55.300, 1410 MHz, 1215 MHz, 58, 282.79 W, 92 %
2026/10/04 23:38:55.551, 1410 MHz, 1215 MHz, 51, 88.13 W, 48 %
2026/10/04 23:38:55.801, 1410 MHz, 1215 MHz, 49, 82.75 W, 0 %
2026/10/04 23:38:56.051, 1410 MHz, 1215 MHz, 48, 82.35 W, 0 %
2026/10/04 23:38:56.301, 1410 MHz, 1215 MHz, 47, 81.81 W, 0 %
2026/10/04 23:38:56.551, 1410 MHz, 1215 MHz, 47, 87.78 W, 0 %
2026/10/04 23:38:56.802, 1410 MHz, 1215 MHz, 53, 218.33 W, 2 %
2026/10/04 23:38:57.052, 1410 MHz, 1215 MHz, 54, 219.61 W, 83 %
2026/10/04 23:38:57.302, 1410 MHz, 1215 MHz, 54, 220.15 W, 83 %
2026/10/04 23:38:57.552, 1410 MHz, 1215 MHz, 55, 220.70 W, 83 %
2026/10/04 23:38:57.802, 1410 MHz, 1215 MHz, 55, 220.70 W, 83 %
2026/10/04 23:38:58.052, 1410 MHz, 1215 MHz, 55, 220.94 W, 83 %
2026/10/04 23:38:58.302, 1410 MHz, 1215 MHz, 55, 221.24 W, 83 %
2026/10/04 23:38:58.552, 1410 MHz, 1215 MHz, 55, 221.24 W, 83 %
2026/10/04 23:38:58.802, 1410 MHz, 1215 MHz, 55, 222.02 W, 83 %
2026/10/04 23:38:59.052, 1410 MHz, 1215 MHz, 55, 221.24 W, 83 %
2026/10/04 23:38:59.302, 1410 MHz, 1215 MHz, 55, 221.24 W, 83 %
2026/10/04 23:38:59.553, 1410 MHz, 1215 MHz, 55, 221.48 W, 83 %
2026/10/04 23:38:59.803, 1410 MHz, 1215 MHz, 55, 221.24 W, 83 %
2026/10/04 23:39:00.053, 1410 MHz, 1215 MHz, 55, 221.48 W, 83 %
2026/10/04 23:39:00.303, 1410 MHz, 1215 MHz, 56, 221.48 W, 83 %
2026/10/04 23:39:00.553, 1410 MHz, 1215 MHz, 56, 223.05 W, 83 %
2026/10/04 23:39:00.803, 1410 MHz, 1215 MHz, 52, 163.54 W, 88 %
2026/10/04 23:39:01.053, 1410 MHz, 1215 MHz, 54, 212.27 W, 88 %
2026/10/04 23:39:01.303, 1410 MHz, 1215 MHz, 54, 206.71 W, 83 %
2026/10/04 23:39:01.553, 1410 MHz, 1215 MHz, 55, 213.56 W, 83 %
2026/10/04 23:39:01.804, 1410 MHz, 1215 MHz, 55, 205.43 W, 83 %
2026/10/04 23:39:02.054, 1410 MHz, 1215 MHz, 55, 212.52 W, 83 %
2026/10/04 23:39:02.304, 1410 MHz, 1215 MHz, 55, 203.32 W, 83 %
2026/10/04 23:39:02.554, 1410 MHz, 1215 MHz, 55, 209.62 W, 83 %
2026/10/04 23:39:02.804, 1410 MHz, 1215 MHz, 55, 217.54 W, 83 %
2026/10/04 23:39:03.054, 1410 MHz, 1215 MHz, 55, 206.71 W, 83 %
2026/10/04 23:39:03.304, 1410 MHz, 1215 MHz, 54, 189.88 W, 83 %
2026/10/04 23:39:03.555, 1410 MHz, 1215 MHz, 51, 126.57 W, 86 %
2026/10/04 23:39:03.805, 1410 MHz, 1215 MHz, 51, 126.81 W, 99 %
2026/10/04 23:39:04.055, 1410 MHz, 1215 MHz, 50, 126.57 W, 99 %
2026/10/04 23:39:04.305, 1410 MHz, 1215 MHz, 50, 126.27 W, 99 %
2026/10/04 23:39:04.555, 1410 MHz, 1215 MHz, 50, 126.27 W, 99 %
2026/10/04 23:39:04.805, 1410 MHz, 1215 MHz, 50, 125.73 W, 99 %
2026/10/04 23:39:05.056, 1410 MHz, 1215 MHz, 49, 125.73 W, 99 %
2026/10/04 23:39:05.306, 1410 MHz, 1215 MHz, 49, 125.48 W, 99 %
2026/10/04 23:39:05.556, 1410 MHz, 1215 MHz, 49, 125.48 W, 99 %
2026/10/04 23:39:05.806, 1410 MHz, 1215 MHz, 49, 125.48 W, 99 %
2026/10/04 23:39:06.056, 1410 MHz, 1215 MHz, 53, 219.37 W, 94 %
2026/10/04 23:39:06.306, 1410 MHz, 1215 MHz, 54, 220.15 W, 83 %
2026/10/04 23:39:06.556, 1410 MHz, 1215 MHz, 54, 220.70 W, 83 %
2026/10/04 23:39:06.806, 1410 MHz, 1215 MHz, 54, 220.94 W, 83 %
2026/10/04 23:39:07.056, 1410 MHz, 1215 MHz, 55, 220.94 W, 83 %
2026/10/04 23:39:07.306, 1410 MHz, 1215 MHz, 55, 217.79 W, 83 %
2026/10/04 23:39:07.556, 1410 MHz, 1215 MHz, 55, 213.85 W, 83 %
2026/10/04 23:39:07.807, 1410 MHz, 1215 MHz, 55, 222.81 W, 83 %
2026/10/04 23:39:08.057, 1410 MHz, 1215 MHz, 49, 82.75 W, 54 %
2026/10/04 23:39:08.307, 1410 MHz, 1215 MHz, 48, 82.06 W, 6 %
2026/10/04 23:39:08.558, 1410 MHz, 1215 MHz, 47, 81.81 W, 0 %
2026/10/04 23:39:08.808, 1410 MHz, 1215 MHz, 47, 81.56 W, 0 %
2026/10/04 23:39:09.058, 1410 MHz, 1215 MHz, 47, 86.21 W, 0 %
2026/10/04 23:39:09.308, 1410 MHz, 1215 MHz, 51, 203.56 W, 2 %
2026/10/04 23:39:09.558, 1410 MHz, 1215 MHz, 53, 219.12 W, 69 %
2026/10/04 23:39:09.808, 1410 MHz, 1215 MHz, 54, 219.91 W, 83 %
2026/10/04 23:39:10.058, 1410 MHz, 1215 MHz, 54, 220.40 W, 83 %
2026/10/04 23:39:10.308, 1410 MHz, 1215 MHz, 55, 220.40 W, 83 %
2026/10/04 23:39:10.559, 1410 MHz, 1215 MHz, 55, 220.40 W, 83 %
2026/10/04 23:39:10.809, 1410 MHz, 1215 MHz, 55, 220.40 W, 83 %
2026/10/04 23:39:11.059, 1410 MHz, 1215 MHz, 55, 220.70 W, 83 %
2026/10/04 23:39:11.309, 1410 MHz, 1215 MHz, 55, 220.94 W, 83 %
2026/10/04 23:39:11.559, 1410 MHz, 1215 MHz, 55, 220.94 W, 83 %
2026/10/04 23:39:11.809, 1410 MHz, 1215 MHz, 55, 220.94 W, 83 %
2026/10/04 23:39:12.060, 1410 MHz, 1215 MHz, 55, 220.94 W, 83 %
2026/10/04 23:39:12.310, 1410 MHz, 1215 MHz, 55, 220.68 W, 83 %
2026/10/04 23:39:12.560, 1410 MHz, 1215 MHz, 55, 221.24 W, 83 %
2026/10/04 23:39:12.810, 1410 MHz, 1215 MHz, 55, 220.94 W, 83 %
2026/10/04 23:39:13.061, 1410 MHz, 1215 MHz, 55, 221.73 W, 83 %
2026/10/04 23:39:13.311, 1410 MHz, 1215 MHz, 51, 212.77 W, 87 %
2026/10/04 23:39:13.562, 1410 MHz, 1215 MHz, 54, 210.70 W, 97 %
2026/10/04 23:39:13.812, 1410 MHz, 1215 MHz, 54, 218.33 W, 89 %
2026/10/04 23:39:14.062, 1410 MHz, 1215 MHz, 55, 219.61 W, 83 %
2026/10/04 23:39:14.312, 1410 MHz, 1215 MHz, 55, 218.58 W, 83 %
2026/10/04 23:39:14.562, 1410 MHz, 1215 MHz, 55, 219.37 W, 83 %
2026/10/04 23:39:14.812, 1410 MHz, 1215 MHz, 55, 218.04 W, 83 %
2026/10/04 23:39:15.062, 1410 MHz, 1215 MHz, 55, 219.37 W, 83 %
2026/10/04 23:39:15.312, 1410 MHz, 1215 MHz, 55, 217.79 W, 83 %
2026/10/04 23:39:15.562, 1410 MHz, 1215 MHz, 55, 219.12 W, 83 %
2026/10/04 23:39:15.812, 1410 MHz, 1215 MHz, 52, 220.40 W, 83 %
2026/10/04 23:39:16.063, 1410 MHz, 1215 MHz, 50, 105.47 W, 40 %
2026/10/04 23:39:16.313, 1410 MHz, 1215 MHz, 49, 104.64 W, 40 %
2026/10/04 23:39:16.563, 1410 MHz, 1215 MHz, 49, 106.51 W, 41 %
2026/10/04 23:39:16.813, 1410 MHz, 1215 MHz, 48, 105.47 W, 40 %
2026/10/04 23:39:17.063, 1410 MHz, 1215 MHz, 48, 103.60 W, 40 %
2026/10/04 23:39:17.313, 1410 MHz, 1215 MHz, 48, 103.06 W, 40 %
2026/10/04 23:39:17.563, 1410 MHz, 1215 MHz, 48, 105.47 W, 41 %
2026/10/04 23:39:17.814, 1410 MHz, 1215 MHz, 48, 104.93 W, 40 %
2026/10/04 23:39:18.064, 1410 MHz, 1215 MHz, 48, 104.39 W, 40 %
2026/10/04 23:39:18.314, 1410 MHz, 1215 MHz, 47, 103.35 W, 40 %
2026/10/04 23:39:18.564, 1410 MHz, 1215 MHz, 53, 218.04 W, 49 %
2026/10/04 23:39:18.814, 1410 MHz, 1215 MHz, 53, 219.37 W, 83 %
2026/10/04 23:39:19.064, 1410 MHz, 1215 MHz, 54, 219.61 W, 83 %
2026/10/04 23:39:19.314, 1410 MHz, 1215 MHz, 54, 219.91 W, 83 %
2026/10/04 23:39:19.564, 1410 MHz, 1215 MHz, 54, 220.40 W, 83 %
2026/10/04 23:39:19.814, 1410 MHz, 1215 MHz, 54, 210.95 W, 83 %
2026/10/04 23:39:20.065, 1410 MHz, 1215 MHz, 55, 214.89 W, 83 %
2026/10/04 23:39:20.315, 1410 MHz, 1215 MHz, 55, 221.48 W, 83 %
2026/10/04 23:39:20.565, 1410 MHz, 1215 MHz, 49, 89.36 W, 55 %
2026/10/04 23:39:20.815, 1410 MHz, 1215 MHz, 47, 81.96 W, 6 %
2026/10/04 23:39:21.066, 1410 MHz, 1215 MHz, 47, 81.47 W, 0 %
2026/10/04 23:39:21.316, 1410 MHz, 1215 MHz, 46, 81.17 W, 0 %
2026/10/04 23:39:21.566, 1410 MHz, 1215 MHz, 46, 85.42 W, 0 %
2026/10/04 23:39:21.816, 1410 MHz, 1215 MHz, 55, 288.59 W, 2 %
2026/10/04 23:39:22.066, 1410 MHz, 1215 MHz, 57, 291.64 W, 96 %
2026/10/04 23:39:22.316, 1410 MHz, 1215 MHz, 57, 292.42 W, 96 %
2026/10/04 23:39:22.566, 1410 MHz, 1215 MHz, 58, 293.85 W, 96 %
2026/10/04 23:39:22.817, 1410 MHz, 1215 MHz, 58, 294.09 W, 96 %
2026/10/04 23:39:23.067, 1410 MHz, 1215 MHz, 59, 294.64 W, 96 %
2026/10/04 23:39:23.317, 1410 MHz, 1215 MHz, 59, 294.64 W, 96 %
2026/10/04 23:39:23.567, 1410 MHz, 1215 MHz, 59, 295.13 W, 96 %
2026/10/04 23:39:23.817, 1410 MHz, 1215 MHz, 59, 295.08 W, 96 %
2026/10/04 23:39:24.067, 1410 MHz, 1215 MHz, 60, 299.89 W, 96 %
2026/10/04 23:39:24.317, 1410 MHz, 1215 MHz, 60, 300.14 W, 96 %
2026/10/04 23:39:24.567, 1410 MHz, 1215 MHz, 60, 300.39 W, 96 %
2026/10/04 23:39:24.817, 1410 MHz, 1215 MHz, 60, 293.55 W, 96 %
2026/10/04 23:39:25.068, 1410 MHz, 1215 MHz, 60, 300.33 W, 96 %
2026/10/04 23:39:25.318, 1410 MHz, 1215 MHz, 60, 300.82 W, 96 %
2026/10/04 23:39:25.568, 1410 MHz, 1215 MHz, 59, 239.61 W, 96 %
2026/10/04 23:39:25.818, 1410 MHz, 1215 MHz, 54, 105.97 W, 97 %
2026/10/04 23:39:26.068, 1410 MHz, 1215 MHz, 58, 268.82 W, 98 %
2026/10/04 23:39:26.318, 1410 MHz, 1215 MHz, 59, 295.86 W, 96 %
2026/10/04 23:39:26.568, 1410 MHz, 1215 MHz, 60, 272.80 W, 96 %
2026/10/04 23:39:26.818, 1410 MHz, 1215 MHz, 60, 298.27 W, 96 %
2026/10/04 23:39:27.068, 1410 MHz, 1215 MHz, 60, 296.46 W, 96 %
2026/10/04 23:39:27.318, 1410 MHz, 1215 MHz, 60, 291.19 W, 96 %
2026/10/04 23:39:27.569, 1410 MHz, 1215 MHz, 60, 295.67 W, 96 %
2026/10/04 23:39:27.819, 1410 MHz, 1215 MHz, 60, 288.74 W, 96 %
2026/10/04 23:39:28.069, 1410 MHz, 1215 MHz, 61, 293.75 W, 96 %
2026/10/04 23:39:28.319, 1410 MHz, 1215 MHz, 57, 301.36 W, 96 %
2026/10/04 23:39:28.569, 1410 MHz, 1215 MHz, 55, 179.01 W, 100 %
2026/10/04 23:39:28.819, 1410 MHz, 1215 MHz, 54, 171.96 W, 100 %
2026/10/04 23:39:29.070, 1410 MHz, 1215 MHz, 54, 172.74 W, 100 %
2026/10/04 23:39:29.320, 1410 MHz, 1215 MHz, 54, 174.07 W, 100 %
2026/10/04 23:39:29.570, 1410 MHz, 1215 MHz, 53, 171.96 W, 100 %
2026/10/04 23:39:29.820, 1410 MHz, 1215 MHz, 53, 170.38 W, 100 %
2026/10/04 23:39:30.070, 1410 MHz, 1215 MHz, 53, 170.58 W, 100 %
2026/10/04 23:39:30.320, 1410 MHz, 1215 MHz, 53, 171.17 W, 100 %
2026/10/04 23:39:30.570, 1410 MHz, 1215 MHz, 53, 170.14 W, 100 %
2026/10/04 23:39:30.820, 1410 MHz, 1215 MHz, 53, 171.17 W, 100 %
2026/10/04 23:39:31.070, 1410 MHz, 1215 MHz, 58, 291.98 W, 96 %
2026/10/04 23:39:31.320, 1410 MHz, 1215 MHz, 59, 294.78 W, 96 %
2026/10/04 23:39:31.570, 1410 MHz, 1215 MHz, 60, 300.39 W, 96 %
2026/10/04 23:39:31.821, 1410 MHz, 1215 MHz, 60, 300.93 W, 96 %
2026/10/04 23:39:32.071, 1410 MHz, 1215 MHz, 60, 301.12 W, 96 %
2026/10/04 23:39:32.321, 1410 MHz, 1215 MHz, 60, 301.36 W, 96 %
2026/10/04 23:39:32.571, 1410 MHz, 1215 MHz, 61, 301.61 W, 96 %
2026/10/04 23:39:32.821, 1410 MHz, 1215 MHz, 61, 299.79 W, 96 %
2026/10/04 23:39:33.071, 1410 MHz, 1215 MHz, 51, 85.96 W, 6 %
2026/10/04 23:39:33.322, 1410 MHz, 1215 MHz, 50, 84.08 W, 0 %
2026/10/04 23:39:33.572, 1410 MHz, 1215 MHz, 49, 83.05 W, 0 %
2026/10/04 23:39:33.822, 1410 MHz, 1215 MHz, 48, 82.75 W, 0 %
2026/10/04 23:39:34.073, 1410 MHz, 1215 MHz, 48, 89.11 W, 2 %
2026/10/04 23:39:34.323, 1410 MHz, 1215 MHz, 56, 290.95 W, 70 %
2026/10/04 23:39:34.573, 1410 MHz, 1215 MHz, 58, 298.03 W, 96 %
2026/10/04 23:39:34.823, 1410 MHz, 1215 MHz, 59, 300.14 W, 96 %
2026/10/04 23:39:35.074, 1410 MHz, 1215 MHz, 60, 300.93 W, 96 %
2026/10/04 23:39:35.324, 1410 MHz, 1215 MHz, 60, 301.47 W, 96 %
2026/10/04 23:39:35.574, 1410 MHz, 1215 MHz, 60, 301.72 W, 96 %
2026/10/04 23:39:35.824, 1395 MHz, 1215 MHz, 60, 288.83 W, 96 %
2026/10/04 23:39:36.074, 1410 MHz, 1215 MHz, 61, 302.26 W, 96 %
2026/10/04 23:39:36.324, 1395 MHz, 1215 MHz, 61, 299.11 W, 96 %
2026/10/04 23:39:36.574, 1410 MHz, 1215 MHz, 61, 302.50 W, 96 %
2026/10/04 23:39:36.824, 1410 MHz, 1215 MHz, 61, 286.96 W, 96 %
2026/10/04 23:39:37.074, 1410 MHz, 1215 MHz, 61, 302.75 W, 96 %
2026/10/04 23:39:37.324, 1395 MHz, 1215 MHz, 61, 287.51 W, 96 %
2026/10/04 23:39:37.574, 1410 MHz, 1215 MHz, 61, 302.75 W, 96 %
2026/10/04 23:39:37.824, 1410 MHz, 1215 MHz, 61, 287.26 W, 96 %
2026/10/04 23:39:38.074, 1410 MHz, 1215 MHz, 60, 251.76 W, 96 %
2026/10/04 23:39:38.325, 1410 MHz, 1215 MHz, 55, 108.33 W, 99 %
2026/10/04 23:39:38.575, 1410 MHz, 1215 MHz, 59, 297.24 W, 99 %
2026/10/04 23:39:38.825, 1410 MHz, 1215 MHz, 60, 294.64 W, 96 %
2026/10/04 23:39:39.075, 1410 MHz, 1215 MHz, 61, 297.79 W, 96 %
2026/10/04 23:39:39.325, 1410 MHz, 1215 MHz, 61, 293.31 W, 96 %
2026/10/04 23:39:39.576, 1410 MHz, 1215 MHz, 61, 296.70 W, 96 %
2026/10/04 23:39:39.826, 1410 MHz, 1215 MHz, 61, 289.38 W, 96 %
2026/10/04 23:39:40.076, 1410 MHz, 1215 MHz, 61, 294.88 W, 96 %
2026/10/04 23:39:40.326, 1410 MHz, 1215 MHz, 61, 282.49 W, 96 %
2026/10/04 23:39:40.577, 1410 MHz, 1215 MHz, 62, 302.75 W, 96 %
2026/10/04 23:39:40.827, 1410 MHz, 1215 MHz, 59, 174.82 W, 96 %
2026/10/04 23:39:41.077, 1410 MHz, 1215 MHz, 56, 166.94 W, 96 %
2026/10/04 23:39:41.327, 1410 MHz, 1215 MHz, 55, 168.76 W, 96 %
2026/10/04 23:39:41.577, 1410 MHz, 1215 MHz, 54, 165.36 W, 96 %
2026/10/04 23:39:41.827, 1410 MHz, 1215 MHz, 54, 170.58 W, 96 %
2026/10/04 23:39:42.077, 1410 MHz, 1215 MHz, 54, 167.43 W, 96 %
2026/10/04 23:39:42.327, 1410 MHz, 1215 MHz, 54, 169.01 W, 96 %
2026/10/04 23:39:42.577, 1410 MHz, 1215 MHz, 54, 167.13 W, 96 %
2026/10/04 23:39:42.827, 1410 MHz, 1215 MHz, 54, 164.32 W, 96 %
2026/10/04 23:39:43.078, 1410 MHz, 1215 MHz, 53, 163.29 W, 96 %
2026/10/04 23:39:43.329, 1410 MHz, 1215 MHz, 53, 170.34 W, 96 %
2026/10/04 23:39:43.579, 1410 MHz, 1215 MHz, 59, 288.29 W, 95 %
2026/10/04 23:39:43.829, 1410 MHz, 1215 MHz, 60, 300.68 W, 96 %
2026/10/04 23:39:44.079, 1410 MHz, 1215 MHz, 61, 301.17 W, 96 %
2026/10/04 23:39:44.330, 1410 MHz, 1215 MHz, 61, 300.93 W, 96 %
2026/10/04 23:39:44.580, 1410 MHz, 1215 MHz, 61, 287.26 W, 96 %
2026/10/04 23:39:44.830, 1410 MHz, 1215 MHz, 61, 303.29 W, 96 %
2026/10/04 23:39:45.080, 1410 MHz, 1215 MHz, 61, 303.29 W, 96 %
2026/10/04 23:39:45.330, 1410 MHz, 1215 MHz, 62, 233.05 W, 96 %
2026/10/04 23:39:45.580, 1410 MHz, 1215 MHz, 52, 87.88 W, 80 %
2026/10/04 23:39:45.831, 1410 MHz, 1215 MHz, 50, 84.97 W, 0 %
2026/10/04 23:39:46.081, 1410 MHz, 1215 MHz, 50, 84.18 W, 0 %
2026/10/04 23:39:46.331, 1410 MHz, 1215 MHz, 49, 83.64 W, 0 %
2026/10/04 23:39:46.582, 1410 MHz, 1215 MHz, 49, 89.21 W, 0 %
2026/10/04 23:39:46.832, 1410 MHz, 1215 MHz, 57, 276.76 W, 57 %
2026/10/04 23:39:47.082, 1410 MHz, 1215 MHz, 58, 281.71 W, 92 %
2026/10/04 23:39:47.332, 1410 MHz, 1215 MHz, 59, 283.57 W, 92 %
2026/10/04 23:39:47.582, 1410 MHz, 1215 MHz, 60, 284.36 W, 92 %
2026/10/04 23:39:47.832, 1410 MHz, 1215 MHz, 60, 284.60 W, 92 %
2026/10/04 23:39:48.082, 1410 MHz, 1215 MHz, 60, 285.14 W, 92 %
2026/10/04 23:39:48.332, 1410 MHz, 1215 MHz, 60, 285.14 W, 91 %
2026/10/04 23:39:48.582, 1410 MHz, 1215 MHz, 60, 285.68 W, 92 %
2026/10/04 23:39:48.832, 1410 MHz, 1215 MHz, 61, 285.68 W, 92 %
2026/10/04 23:39:49.083, 1410 MHz, 1215 MHz, 61, 285.68 W, 91 %
2026/10/04 23:39:49.333, 1410 MHz, 1215 MHz, 61, 286.18 W, 92 %
2026/10/04 23:39:49.583, 1410 MHz, 1215 MHz, 61, 286.18 W, 91 %
2026/10/04 23:39:49.833, 1410 MHz, 1215 MHz, 61, 286.18 W, 91 %
2026/10/04 23:39:50.084, 1410 MHz, 1215 MHz, 61, 286.18 W, 91 %
2026/10/04 23:39:50.334, 1410 MHz, 1215 MHz, 61, 286.18 W, 91 %
2026/10/04 23:39:50.584, 1410 MHz, 1215 MHz, 60, 287.75 W, 92 %
2026/10/04 23:39:50.834, 1410 MHz, 1215 MHz, 54, 205.14 W, 98 %
2026/10/04 23:39:51.084, 1410 MHz, 1215 MHz, 59, 268.10 W, 97 %
2026/10/04 23:39:51.334, 1410 MHz, 1215 MHz, 60, 277.06 W, 92 %
2026/10/04 23:39:51.585, 1410 MHz, 1215 MHz, 60, 266.71 W, 92 %
2026/10/04 23:39:51.835, 1410 MHz, 1215 MHz, 60, 275.41 W, 92 %
2026/10/04 23:39:52.085, 1410 MHz, 1215 MHz, 60, 263.08 W, 92 %
2026/10/04 23:39:52.335, 1410 MHz, 1215 MHz, 60, 272.58 W, 92 %
2026/10/04 23:39:52.585, 1410 MHz, 1215 MHz, 60, 258.60 W, 92 %
2026/10/04 23:39:52.835, 1410 MHz, 1215 MHz, 61, 268.65 W, 92 %
2026/10/04 23:39:53.085, 1410 MHz, 1215 MHz, 61, 284.90 W, 92 %
2026/10/04 23:39:53.335, 1410 MHz, 1215 MHz, 56, 145.79 W, 91 %
2026/10/04 23:39:53.585, 1410 MHz, 1215 MHz, 54, 146.33 W, 98 %
2026/10/04 23:39:53.835, 1410 MHz, 1215 MHz, 54, 143.42 W, 99 %
2026/10/04 23:39:54.086, 1410 MHz, 1215 MHz, 53, 143.18 W, 99 %
2026/10/04 23:39:54.336, 1410 MHz, 1215 MHz, 53, 145.17 W, 99 %
2026/10/04 23:39:54.586, 1410 MHz, 1215 MHz, 53, 142.88 W, 99 %
2026/10/04 23:39:54.836, 1410 MHz, 1215 MHz, 52, 143.42 W, 99 %
2026/10/04 23:39:55.086, 1410 MHz, 1215 MHz, 52, 142.88 W, 99 %
2026/10/04 23:39:55.336, 1410 MHz, 1215 MHz, 52, 141.05 W, 99 %
2026/10/04 23:39:55.586, 1410 MHz, 1215 MHz, 52, 140.68 W, 99 %
2026/10/04 23:39:55.836, 1410 MHz, 1215 MHz, 56, 273.62 W, 99 %
2026/10/04 23:39:56.086, 1410 MHz, 1215 MHz, 58, 278.64 W, 92 %
2026/10/04 23:39:56.336, 1410 MHz, 1215 MHz, 59, 284.15 W, 92 %
2026/10/04 23:39:56.587, 1410 MHz, 1215 MHz, 60, 284.36 W, 92 %
2026/10/04 23:39:56.837, 1410 MHz, 1215 MHz, 60, 284.90 W, 92 %
2026/10/04 23:39:57.087, 1410 MHz, 1215 MHz, 60, 275.19 W, 92 %
2026/10/04 23:39:57.337, 1410 MHz, 1215 MHz, 60, 262.04 W, 92 %
2026/10/04 23:39:57.587, 1410 MHz, 1215 MHz, 60, 285.23 W, 92 %
2026/10/04 23:39:57.837, 1410 MHz, 1215 MHz, 54, 94.50 W, 86 %
2026/10/04 23:39:58.087, 1410 MHz, 1215 MHz, 52, 86.31 W, 7 %
2026/10/04 23:39:58.338, 1410 MHz, 1215 MHz, 50, 83.93 W, 0 %
2026/10/04 23:39:58.588, 1410 MHz, 1215 MHz, 49, 83.64 W, 0 %
2026/10/04 23:39:58.838, 1410 MHz, 1215 MHz, 49, 83.14 W, 0 %
2026/10/04 23:39:59.089, 1410 MHz, 1215 MHz, 49, 83.93 W, 0 %
2026/10/04 23:39:59.339, 1410 MHz, 1215 MHz, 58, 293.55 W, 49 %
2026/10/04 23:39:59.589, 1410 MHz, 1215 MHz, 59, 299.89 W, 96 %
2026/10/04 23:39:59.839, 1410 MHz, 1215 MHz, 60, 300.93 W, 96 %
2026/10/04 23:40:00.089, 1410 MHz, 1215 MHz, 60, 301.47 W, 96 %
2026/10/04 23:40:00.339, 1410 MHz, 1215 MHz, 61, 301.96 W, 96 %
2026/10/04 23:40:00.589, 1410 MHz, 1215 MHz, 60, 298.03 W, 96 %
2026/10/04 23:40:00.840, 1410 MHz, 1215 MHz, 61, 302.50 W, 96 %
2026/10/04 23:40:01.090, 1410 MHz, 1215 MHz, 61, 302.50 W, 96 %
2026/10/04 23:40:01.340, 1410 MHz, 1215 MHz, 61, 302.75 W, 96 %
2026/10/04 23:40:01.590, 1410 MHz, 1215 MHz, 61, 302.50 W, 96 %
2026/10/04 23:40:01.840, 1410 MHz, 1215 MHz, 62, 303.05 W, 96 %
2026/10/04 23:40:02.091, 1395 MHz, 1215 MHz, 62, 303.29 W, 96 %
2026/10/04 23:40:02.341, 1395 MHz, 1215 MHz, 62, 302.75 W, 96 %
2026/10/04 23:40:02.591, 1410 MHz, 1215 MHz, 62, 298.27 W, 96 %
2026/10/04 23:40:02.841, 1410 MHz, 1215 MHz, 62, 303.29 W, 96 %
2026/10/04 23:40:03.091, 1410 MHz, 1215 MHz, 59, 304.37 W, 96 %
2026/10/04 23:40:03.341, 1410 MHz, 1215 MHz, 56, 148.94 W, 99 %
2026/10/04 23:40:03.591, 1410 MHz, 1215 MHz, 60, 298.57 W, 99 %
2026/10/04 23:40:03.842, 1410 MHz, 1215 MHz, 61, 277.55 W, 96 %
2026/10/04 23:40:04.092, 1410 MHz, 1215 MHz, 61, 300.39 W, 96 %
2026/10/04 23:40:04.342, 1410 MHz, 1215 MHz, 61, 272.83 W, 96 %
2026/10/04 23:40:04.592, 1410 MHz, 1215 MHz, 61, 301.28 W, 96 %
2026/10/04 23:40:04.842, 1410 MHz, 1215 MHz, 62, 301.47 W, 96 %
2026/10/04 23:40:05.092, 1410 MHz, 1215 MHz, 62, 299.35 W, 96 %
2026/10/04 23:40:05.343, 1410 MHz, 1215 MHz, 62, 301.17 W, 96 %
2026/10/04 23:40:05.593, 1410 MHz, 1215 MHz, 62, 298.27 W, 96 %
2026/10/04 23:40:05.843, 1410 MHz, 1215 MHz, 57, 182.95 W, 99 %
2026/10/04 23:40:06.093, 1410 MHz, 1215 MHz, 56, 173.49 W, 99 %
2026/10/04 23:40:06.343, 1410 MHz, 1215 MHz, 55, 174.52 W, 99 %
2026/10/04 23:40:06.593, 1410 MHz, 1215 MHz, 55, 183.25 W, 99 %
2026/10/04 23:40:06.844, 1410 MHz, 1215 MHz, 55, 181.13 W, 99 %
2026/10/04 23:40:07.094, 1410 MHz, 1215 MHz, 55, 177.19 W, 99 %
2026/10/04 23:40:07.344, 1410 MHz, 1215 MHz, 55, 175.86 W, 99 %
2026/10/04 23:40:07.594, 1410 MHz, 1215 MHz, 54, 180.34 W, 99 %
2026/10/04 23:40:07.844, 1410 MHz, 1215 MHz, 54, 178.22 W, 99 %
2026/10/04 23:40:08.094, 1410 MHz, 1215 MHz, 54, 175.07 W, 99 %
2026/10/04 23:40:08.344, 1410 MHz, 1215 MHz, 58, 289.42 W, 99 %
2026/10/04 23:40:08.594, 1410 MHz, 1215 MHz, 60, 300.68 W, 97 %
2026/10/04 23:40:08.844, 1410 MHz, 1215 MHz, 61, 301.96 W, 96 %
2026/10/04 23:40:09.095, 1410 MHz, 1215 MHz, 61, 302.50 W, 96 %
2026/10/04 23:40:09.345, 1395 MHz, 1215 MHz, 61, 303.05 W, 96 %
2026/10/04 23:40:09.595, 1410 MHz, 1215 MHz, 61, 303.05 W, 96 %
2026/10/04 23:40:09.845, 1410 MHz, 1215 MHz, 62, 303.54 W, 96 %
2026/10/04 23:40:10.095, 1410 MHz, 1215 MHz, 62, 300.49 W, 96 %
2026/10/04 23:40:10.345, 1410 MHz, 1215 MHz, 55, 91.04 W, 97 %
2026/10/04 23:40:10.595, 1410 MHz, 1215 MHz, 52, 86.85 W, 7 %
2026/10/04 23:40:10.846, 1410 MHz, 1215 MHz, 50, 84.48 W, 0 %
2026/10/04 23:40:11.096, 1410 MHz, 1215 MHz, 50, 83.64 W, 0 %
2026/10/04 23:40:11.347, 1410 MHz, 1215 MHz, 49, 83.39 W, 0 %
2026/10/04 23:40:11.597, 1410 MHz, 1215 MHz, 49, 84.48 W, 0 %
2026/10/04 23:40:11.847, 1410 MHz, 1215 MHz, 49, 84.18 W, 69 %
2026/10/04 23:40:12.097, 1410 MHz, 1215 MHz, 48, 83.39 W, 4 %
2026/10/04 23:40:12.348, 1410 MHz, 1215 MHz, 48, 82.94 W, 4 %
2026/10/04 23:40:12.598, 1410 MHz, 1215 MHz, 48, 83.14 W, 4 %
2026/10/04 23:40:12.849, 1410 MHz, 1215 MHz, 48, 82.60 W, 4 %
2026/10/04 23:40:13.099, 1410 MHz, 1215 MHz, 48, 83.14 W, 4 %
2026/10/04 23:40:13.350, 1410 MHz, 1215 MHz, 47, 82.35 W, 4 %
2026/10/04 23:40:13.600, 1410 MHz, 1215 MHz, 47, 81.81 W, 4 %
2026/10/04 23:40:13.851, 1095 MHz, 1215 MHz, 47, 64.47 W, 5 %
2026/10/04 23:40:14.101, 1095 MHz, 1215 MHz, 46, 63.92 W, 2 %
2026/10/04 23:40:14.351, 1095 MHz, 1215 MHz, 47, 75.29 W, 29 %
2026/10/04 23:40:14.601, 1095 MHz, 1215 MHz, 47, 75.58 W, 39 %
2026/10/04 23:40:14.851, 1095 MHz, 1215 MHz, 46, 75.29 W, 39 %
2026/10/04 23:40:15.102, 1095 MHz, 1215 MHz, 46, 75.29 W, 39 %
2026/10/04 23:40:15.352, 1095 MHz, 1215 MHz, 46, 75.29 W, 39 %
2026/10/04 23:40:15.602, 1095 MHz, 1215 MHz, 46, 75.29 W, 39 %
2026/10/04 23:40:15.852, 1095 MHz, 1215 MHz, 46, 75.29 W, 39 %
2026/10/04 23:40:16.102, 1095 MHz, 1215 MHz, 46, 75.29 W, 39 %
2026/10/04 23:40:16.352, 1095 MHz, 1215 MHz, 46, 75.29 W, 39 %
2026/10/04 23:40:16.602, 1095 MHz, 1215 MHz, 46, 75.29 W, 39 %
2026/10/04 23:40:16.852, 1095 MHz, 1215 MHz, 45, 64.22 W, 39 %
2026/10/04 23:40:17.103, 1095 MHz, 1215 MHz, 45, 63.43 W, 10 %
2026/10/04 23:40:17.353, 1095 MHz, 1215 MHz, 45, 63.14 W, 1 %
2026/10/04 23:40:17.603, 1095 MHz, 1215 MHz, 45, 63.14 W, 1 %
2026/10/04 23:40:17.854, 1095 MHz, 1215 MHz, 45, 63.14 W, 2 %
2026/10/04 23:40:18.104, 1095 MHz, 1215 MHz, 45, 63.14 W, 1 %
2026/10/04 23:40:18.354, 1095 MHz, 1215 MHz, 44, 62.89 W, 2 %
2026/10/04 23:40:18.605, 1095 MHz, 1215 MHz, 44, 62.89 W, 1 %
2026/10/04 23:40:18.855, 1095 MHz, 1215 MHz, 44, 63.43 W, 14 %
2026/10/04 23:40:19.105, 1095 MHz, 1215 MHz, 44, 65.50 W, 9 %
2026/10/04 23:40:19.355, 1410 MHz, 1215 MHz, 49, 151.49 W, 92 %
2026/10/04 23:40:19.605, 1410 MHz, 1215 MHz, 54, 269.43 W, 92 %
2026/10/04 23:40:19.855, 1410 MHz, 1215 MHz, 56, 275.49 W, 92 %
2026/10/04 23:40:20.105, 1410 MHz, 1215 MHz, 56, 276.52 W, 92 %
2026/10/04 23:40:20.355, 1410 MHz, 1215 MHz, 57, 277.06 W, 92 %
2026/10/04 23:40:20.605, 1410 MHz, 1215 MHz, 57, 277.55 W, 92 %
2026/10/04 23:40:20.856, 1410 MHz, 1215 MHz, 57, 277.55 W, 92 %
2026/10/04 23:40:21.106, 1410 MHz, 1215 MHz, 58, 277.85 W, 92 %
2026/10/04 23:40:21.356, 1410 MHz, 1215 MHz, 58, 278.39 W, 92 %
2026/10/04 23:40:21.606, 1410 MHz, 1215 MHz, 58, 278.64 W, 92 %
2026/10/04 23:40:21.856, 1410 MHz, 1215 MHz, 58, 278.88 W, 92 %
2026/10/04 23:40:22.106, 1410 MHz, 1215 MHz, 58, 282.82 W, 92 %
2026/10/04 23:40:22.356, 1410 MHz, 1215 MHz, 59, 283.90 W, 92 %
2026/10/04 23:40:22.606, 1410 MHz, 1215 MHz, 59, 283.90 W, 92 %
2026/10/04 23:40:22.856, 1410 MHz, 1215 MHz, 59, 284.15 W, 92 %
2026/10/04 23:40:23.106, 1410 MHz, 1215 MHz, 56, 231.77 W, 92 %
2026/10/04 23:40:23.357, 1410 MHz, 1215 MHz, 54, 109.24 W, 99 %
2026/10/04 23:40:23.607, 1410 MHz, 1215 MHz, 57, 276.52 W, 92 %
2026/10/04 23:40:23.857, 1410 MHz, 1215 MHz, 58, 260.18 W, 92 %
2026/10/04 23:40:24.107, 1410 MHz, 1215 MHz, 58, 282.04 W, 92 %
2026/10/04 23:40:24.358, 1410 MHz, 1215 MHz, 59, 272.58 W, 92 %
2026/10/04 23:40:24.608, 1410 MHz, 1215 MHz, 59, 281.25 W, 92 %
2026/10/04 23:40:24.858, 1410 MHz, 1215 MHz, 59, 282.82 W, 92 %
2026/10/04 23:40:25.108, 1410 MHz, 1215 MHz, 59, 280.46 W, 92 %
2026/10/04 23:40:25.359, 1410 MHz, 1215 MHz, 59, 282.33 W, 92 %
2026/10/04 23:40:25.609, 1410 MHz, 1215 MHz, 59, 284.44 W, 92 %
2026/10/04 23:40:25.859, 1410 MHz, 1215 MHz, 54, 145.17 W, 95 %
2026/10/04 23:40:26.109, 1410 MHz, 1215 MHz, 53, 145.71 W, 100 %
2026/10/04 23:40:26.359, 1410 MHz, 1215 MHz, 52, 143.34 W, 100 %
2026/10/04 23:40:26.610, 1410 MHz, 1215 MHz, 52, 144.63 W, 100 %
2026/10/04 23:40:26.860, 1410 MHz, 1215 MHz, 51, 143.34 W, 100 %
2026/10/04 23:40:27.110, 1410 MHz, 1215 MHz, 51, 141.22 W, 100 %
2026/10/04 23:40:27.360, 1410 MHz, 1215 MHz, 51, 141.47 W, 100 %
2026/10/04 23:40:27.610, 1410 MHz, 1215 MHz, 51, 140.92 W, 100 %
2026/10/04 23:40:27.860, 1410 MHz, 1215 MHz, 51, 143.05 W, 100 %
2026/10/04 23:40:28.110, 1410 MHz, 1215 MHz, 51, 141.22 W, 100 %
2026/10/04 23:40:28.360, 1410 MHz, 1215 MHz, 54, 274.95 W, 100 %
2026/10/04 23:40:28.610, 1410 MHz, 1215 MHz, 57, 277.55 W, 92 %
2026/10/04 23:40:28.861, 1410 MHz, 1215 MHz, 58, 283.12 W, 92 %
2026/10/04 23:40:29.111, 1410 MHz, 1215 MHz, 58, 259.93 W, 92 %
2026/10/04 23:40:29.361, 1410 MHz, 1215 MHz, 58, 283.90 W, 92 %
2026/10/04 23:40:29.611, 1410 MHz, 1215 MHz, 59, 282.82 W, 92 %
2026/10/04 23:40:29.861, 1410 MHz, 1215 MHz, 59, 281.00 W, 92 %
2026/10/04 23:40:30.111, 1410 MHz, 1215 MHz, 59, 284.69 W, 92 %
2026/10/04 23:40:30.361, 1410 MHz, 1215 MHz, 53, 90.00 W, 93 %
2026/10/04 23:40:30.612, 1410 MHz, 1215 MHz, 50, 84.58 W, 30 %
2026/10/04 23:40:30.862, 1410 MHz, 1215 MHz, 49, 82.94 W, 6 %
2026/10/04 23:40:31.112, 1410 MHz, 1215 MHz, 48, 82.45 W, 0 %
2026/10/04 23:40:31.363, 1410 MHz, 1215 MHz, 48, 82.70 W, 0 %
2026/10/04 23:40:31.613, 1410 MHz, 1215 MHz, 48, 119.02 W, 0 %
2026/10/04 23:40:31.863, 1410 MHz, 1215 MHz, 54, 218.58 W, 14 %
2026/10/04 23:40:32.113, 1410 MHz, 1215 MHz, 54, 219.87 W, 83 %
2026/10/04 23:40:32.364, 1410 MHz, 1215 MHz, 55, 220.16 W, 83 %
2026/10/04 23:40:32.614, 1410 MHz, 1215 MHz, 55, 220.41 W, 83 %
2026/10/04 23:40:32.864, 1410 MHz, 1215 MHz, 55, 220.41 W, 83 %
2026/10/04 23:40:33.114, 1410 MHz, 1215 MHz, 55, 220.95 W, 83 %
2026/10/04 23:40:33.365, 1410 MHz, 1215 MHz, 55, 220.66 W, 83 %
2026/10/04 23:40:33.615, 1410 MHz, 1215 MHz, 56, 220.95 W, 83 %
2026/10/04 23:40:33.865, 1410 MHz, 1215 MHz, 56, 220.66 W, 83 %
2026/10/04 23:40:34.116, 1410 MHz, 1215 MHz, 56, 220.95 W, 83 %
2026/10/04 23:40:34.366, 1410 MHz, 1215 MHz, 56, 220.95 W, 83 %
2026/10/04 23:40:34.616, 1410 MHz, 1215 MHz, 56, 220.95 W, 83 %
2026/10/04 23:40:34.866, 1410 MHz, 1215 MHz, 56, 221.20 W, 83 %
2026/10/04 23:40:35.116, 1410 MHz, 1215 MHz, 56, 221.20 W, 83 %
2026/10/04 23:40:35.366, 1410 MHz, 1215 MHz, 56, 221.20 W, 83 %
2026/10/04 23:40:35.616, 1410 MHz, 1215 MHz, 52, 158.39 W, 83 %
2026/10/04 23:40:35.866, 1410 MHz, 1215 MHz, 52, 111.66 W, 89 %
2026/10/04 23:40:36.116, 1410 MHz, 1215 MHz, 55, 201.68 W, 85 %
2026/10/04 23:40:36.367, 1410 MHz, 1215 MHz, 55, 218.83 W, 83 %
2026/10/04 23:40:36.617, 1410 MHz, 1215 MHz, 55, 219.87 W, 83 %
2026/10/04 23:40:36.867, 1410 MHz, 1215 MHz, 55, 218.58 W, 83 %
2026/10/04 23:40:37.117, 1410 MHz, 1215 MHz, 55, 219.37 W, 83 %
2026/10/04 23:40:37.368, 1410 MHz, 1215 MHz, 55, 217.50 W, 83 %
2026/10/04 23:40:37.618, 1410 MHz, 1215 MHz, 56, 218.83 W, 83 %
2026/10/04 23:40:37.868, 1410 MHz, 1215 MHz, 56, 216.46 W, 83 %
2026/10/04 23:40:38.118, 1410 MHz, 1215 MHz, 55, 220.41 W, 83 %
2026/10/04 23:40:38.368, 1410 MHz, 1215 MHz, 52, 127.50 W, 88 %
2026/10/04 23:40:38.618, 1410 MHz, 1215 MHz, 51, 127.50 W, 99 %
2026/10/04 23:40:38.869, 1410 MHz, 1215 MHz, 51, 126.42 W, 99 %
2026/10/04 23:40:39.119, 1410 MHz, 1215 MHz, 50, 126.17 W, 99 %
2026/10/04 23:40:39.369, 1410 MHz, 1215 MHz, 50, 126.71 W, 99 %
2026/10/04 23:40:39.619, 1410 MHz, 1215 MHz, 50, 126.17 W, 99 %
2026/10/04 23:40:39.869, 1410 MHz, 1215 MHz, 50, 125.63 W, 99 %
2026/10/04 23:40:40.119, 1410 MHz, 1215 MHz, 50, 126.17 W, 99 %
2026/10/04 23:40:40.369, 1410 MHz, 1215 MHz, 50, 125.87 W, 99 %
2026/10/04 23:40:40.619, 1410 MHz, 1215 MHz, 50, 125.63 W, 99 %
2026/10/04 23:40:40.870, 1410 MHz, 1215 MHz, 53, 217.01 W, 99 %
2026/10/04 23:40:41.120, 1410 MHz, 1215 MHz, 54, 218.83 W, 83 %
2026/10/04 23:40:41.370, 1410 MHz, 1215 MHz, 55, 219.62 W, 83 %
2026/10/04 23:40:41.620, 1410 MHz, 1215 MHz, 55, 220.41 W, 83 %
2026/10/04 23:40:41.870, 1410 MHz, 1215 MHz, 55, 220.16 W, 83 %
2026/10/04 23:40:42.121, 1410 MHz, 1215 MHz, 55, 220.41 W, 83 %
2026/10/04 23:40:42.371, 1410 MHz, 1215 MHz, 55, 213.81 W, 83 %
2026/10/04 23:40:42.621, 1410 MHz, 1215 MHz, 55, 205.67 W, 83 %
2026/10/04 23:40:42.871, 1410 MHz, 1215 MHz, 50, 89.86 W, 85 %
2026/10/04 23:40:43.122, 1410 MHz, 1215 MHz, 48, 82.70 W, 6 %
2026/10/04 23:40:43.372, 1410 MHz, 1215 MHz, 48, 82.15 W, 0 %
2026/10/04 23:40:43.622, 1410 MHz, 1215 MHz, 47, 81.91 W, 0 %
2026/10/04 23:40:43.872, 1410 MHz, 1215 MHz, 47, 81.91 W, 0 %
2026/10/04 23:40:44.122, 1410 MHz, 1215 MHz, 52, 217.25 W, 13 %
2026/10/04 23:40:44.372, 1410 MHz, 1215 MHz, 53, 218.83 W, 83 %
2026/10/04 23:40:44.623, 1410 MHz, 1215 MHz, 54, 219.37 W, 83 %
2026/10/04 23:40:44.873, 1410 MHz, 1215 MHz, 54, 219.87 W, 83 %
2026/10/04 23:40:45.123, 1410 MHz, 1215 MHz, 55, 220.16 W, 83 %
2026/10/04 23:40:45.373, 1410 MHz, 1215 MHz, 55, 220.66 W, 83 %
2026/10/04 23:40:45.623, 1410 MHz, 1215 MHz, 55, 220.41 W, 83 %
2026/10/04 23:40:45.873, 1410 MHz, 1215 MHz, 55, 220.41 W, 83 %
2026/10/04 23:40:46.123, 1410 MHz, 1215 MHz, 55, 220.41 W, 83 %
2026/10/04 23:40:46.373, 1410 MHz, 1215 MHz, 55, 220.95 W, 83 %
2026/10/04 23:40:46.623, 1410 MHz, 1215 MHz, 55, 220.95 W, 83 %
2026/10/04 23:40:46.873, 1410 MHz, 1215 MHz, 55, 220.95 W, 83 %
2026/10/04 23:40:47.123, 1410 MHz, 1215 MHz, 55, 220.95 W, 83 %
2026/10/04 23:40:47.374, 1410 MHz, 1215 MHz, 55, 220.66 W, 83 %
2026/10/04 23:40:47.624, 1410 MHz, 1215 MHz, 55, 220.95 W, 83 %
2026/10/04 23:40:47.874, 1410 MHz, 1215 MHz, 55, 221.99 W, 83 %
2026/10/04 23:40:48.124, 1410 MHz, 1215 MHz, 53, 97.76 W, 89 %
2026/10/04 23:40:48.374, 1410 MHz, 1215 MHz, 52, 192.44 W, 96 %
2026/10/04 23:40:48.625, 1410 MHz, 1215 MHz, 55, 202.22 W, 86 %
2026/10/04 23:40:48.875, 1410 MHz, 1215 MHz, 55, 218.83 W, 83 %
2026/10/04 23:40:49.125, 1410 MHz, 1215 MHz, 55, 219.37 W, 83 %
2026/10/04 23:40:49.375, 1410 MHz, 1215 MHz, 55, 218.29 W, 83 %
2026/10/04 23:40:49.626, 1410 MHz, 1215 MHz, 55, 219.08 W, 83 %
2026/10/04 23:40:49.876, 1410 MHz, 1215 MHz, 55, 217.50 W, 83 %
2026/10/04 23:40:50.126, 1410 MHz, 1215 MHz, 55, 218.58 W, 83 %
2026/10/04 23:40:50.376, 1410 MHz, 1215 MHz, 55, 215.92 W, 83 %
2026/10/04 23:40:50.626, 1410 MHz, 1215 MHz, 53, 116.40 W, 83 %
2026/10/04 23:40:50.877, 1410 MHz, 1215 MHz, 50, 107.42 W, 71 %
2026/10/04 23:40:51.127, 1410 MHz, 1215 MHz, 49, 104.76 W, 40 %
2026/10/04 23:40:51.377, 1410 MHz, 1215 MHz, 49, 104.09 W, 41 %
2026/10/04 23:40:51.627, 1410 MHz, 1215 MHz, 49, 106.63 W, 40 %
2026/10/04 23:40:51.877, 1410 MHz, 1215 MHz, 48, 105.30 W, 40 %
2026/10/04 23:40:52.127, 1410 MHz, 1215 MHz, 48, 104.51 W, 40 %
2026/10/04 23:40:52.377, 1410 MHz, 1215 MHz, 48, 104.09 W, 40 %
2026/10/04 23:40:52.627, 1410 MHz, 1215 MHz, 48, 104.38 W, 41 %
2026/10/04 23:40:52.877, 1410 MHz, 1215 MHz, 48, 106.09 W, 40 %
2026/10/04 23:40:53.127, 1410 MHz, 1215 MHz, 48, 104.63 W, 40 %
2026/10/04 23:40:53.378, 1410 MHz, 1215 MHz, 52, 214.35 W, 56 %
2026/10/04 23:40:53.628, 1410 MHz, 1215 MHz, 53, 218.04 W, 83 %
2026/10/04 23:40:53.878, 1410 MHz, 1215 MHz, 54, 219.37 W, 83 %
2026/10/04 23:40:54.128, 1410 MHz, 1215 MHz, 54, 219.62 W, 83 %
2026/10/04 23:40:54.379, 1410 MHz, 1215 MHz, 54, 220.16 W, 83 %
2026/10/04 23:40:54.629, 1410 MHz, 1215 MHz, 54, 220.16 W, 83 %
2026/10/04 23:40:54.879, 1410 MHz, 1215 MHz, 55, 207.25 W, 83 %
2026/10/04 23:40:55.129, 1410 MHz, 1215 MHz, 55, 220.41 W, 83 %
2026/10/04 23:40:55.379, 1410 MHz, 1215 MHz, 49, 89.86 W, 43 %
2026/10/04 23:40:55.630, 1410 MHz, 1215 MHz, 48, 82.94 W, 6 %
2026/10/04 23:40:55.880, 1410 MHz, 1215 MHz, 47, 82.15 W, 0 %
2026/10/04 23:40:56.130, 1410 MHz, 1215 MHz, 47, 81.66 W, 0 %
2026/10/04 23:40:56.380, 1410 MHz, 1215 MHz, 46, 81.66 W, 0 %
2026/10/04 23:40:56.631, 1410 MHz, 1215 MHz, 53, 269.43 W, 2 %
2026/10/04 23:40:56.881, 1410 MHz, 1215 MHz, 55, 275.49 W, 82 %
2026/10/04 23:40:57.131, 1410 MHz, 1215 MHz, 57, 276.76 W, 92 %
2026/10/04 23:40:57.381, 1410 MHz, 1215 MHz, 57, 277.30 W, 92 %
2026/10/04 23:40:57.632, 1410 MHz, 1215 MHz, 58, 278.09 W, 92 %
2026/10/04 23:40:57.882, 1410 MHz, 1215 MHz, 58, 278.39 W, 92 %
2026/10/04 23:40:58.132, 1410 MHz, 1215 MHz, 58, 278.39 W, 92 %
2026/10/04 23:40:58.383, 1410 MHz, 1215 MHz, 58, 278.88 W, 92 %
2026/10/04 23:40:58.633, 1410 MHz, 1215 MHz, 58, 279.18 W, 92 %
2026/10/04 23:40:58.883, 1410 MHz, 1215 MHz, 59, 279.42 W, 92 %
2026/10/04 23:40:59.134, 1410 MHz, 1215 MHz, 59, 283.36 W, 92 %
2026/10/04 23:40:59.384, 1410 MHz, 1215 MHz, 59, 284.15 W, 92 %
2026/10/04 23:40:59.634, 1410 MHz, 1215 MHz, 59, 284.15 W, 92 %
2026/10/04 23:40:59.884, 1410 MHz, 1215 MHz, 59, 284.15 W, 92 %
2026/10/04 23:41:00.134, 1410 MHz, 1215 MHz, 59, 284.15 W, 92 %
2026/10/04 23:41:00.384, 1410 MHz, 1215 MHz, 60, 284.69 W, 92 %
2026/10/04 23:41:00.634, 1410 MHz, 1215 MHz, 57, 149.66 W, 94 %
2026/10/04 23:41:00.885, 1410 MHz, 1215 MHz, 56, 231.74 W, 98 %
2026/10/04 23:41:01.135, 1410 MHz, 1215 MHz, 58, 263.37 W, 94 %
2026/10/04 23:41:01.385, 1410 MHz, 1215 MHz, 58, 271.25 W, 92 %
2026/10/04 23:41:01.635, 1410 MHz, 1215 MHz, 59, 269.43 W, 92 %
2026/10/04 23:41:01.885, 1410 MHz, 1215 MHz, 59, 275.98 W, 92 %
2026/10/04 23:41:02.135, 1410 MHz, 1215 MHz, 59, 266.53 W, 92 %
2026/10/04 23:41:02.385, 1410 MHz, 1215 MHz, 59, 274.95 W, 92 %
2026/10/04 23:41:02.635, 1410 MHz, 1215 MHz, 59, 278.64 W, 92 %
2026/10/04 23:41:02.885, 1410 MHz, 1215 MHz, 59, 273.12 W, 92 %
2026/10/04 23:41:03.135, 1410 MHz, 1215 MHz, 60, 284.69 W, 92 %
2026/10/04 23:41:03.386, 1410 MHz, 1215 MHz, 54, 145.71 W, 100 %
2026/10/04 23:41:03.636, 1410 MHz, 1215 MHz, 53, 142.80 W, 100 %
2026/10/04 23:41:03.886, 1410 MHz, 1215 MHz, 52, 141.71 W, 100 %
2026/10/04 23:41:04.136, 1410 MHz, 1215 MHz, 52, 141.71 W, 100 %
2026/10/04 23:41:04.386, 1410 MHz, 1215 MHz, 52, 141.71 W, 100 %
2026/10/04 23:41:04.636, 1410 MHz, 1215 MHz, 51, 140.68 W, 100 %
2026/10/04 23:41:04.886, 1410 MHz, 1215 MHz, 51, 142.01 W, 100 %
2026/10/04 23:41:05.136, 1410 MHz, 1215 MHz, 51, 141.71 W, 100 %
2026/10/04 23:41:05.386, 1410 MHz, 1215 MHz, 51, 141.71 W, 100 %
2026/10/04 23:41:05.637, 1410 MHz, 1215 MHz, 51, 142.55 W, 100 %
2026/10/04 23:41:05.888, 1410 MHz, 1215 MHz, 56, 276.52 W, 97 %
2026/10/04 23:41:06.138, 1410 MHz, 1215 MHz, 57, 275.73 W, 92 %
2026/10/04 23:41:06.388, 1410 MHz, 1215 MHz, 58, 274.70 W, 92 %
2026/10/04 23:41:06.638, 1410 MHz, 1215 MHz, 58, 274.70 W, 92 %
2026/10/04 23:41:06.888, 1410 MHz, 1215 MHz, 59, 283.36 W, 92 %
2026/10/04 23:41:07.139, 1410 MHz, 1215 MHz, 59, 283.66 W, 92 %
2026/10/04 23:41:07.389, 1410 MHz, 1215 MHz, 59, 284.44 W, 92 %
2026/10/04 23:41:07.639, 1410 MHz, 1215 MHz, 59, 286.81 W, 92 %
2026/10/04 23:41:07.889, 1410 MHz, 1215 MHz, 52, 89.32 W, 48 %
2026/10/04 23:41:08.139, 1410 MHz, 1215 MHz, 49, 83.24 W, 6 %
2026/10/04 23:41:08.390, 1410 MHz, 1215 MHz, 49, 82.70 W, 0 %
2026/10/04 23:41:08.640, 1410 MHz, 1215 MHz, 48, 82.15 W, 0 %
2026/10/04 23:41:08.890, 1410 MHz, 1215 MHz, 48, 84.28 W, 0 %
2026/10/04 23:41:09.141, 1410 MHz, 1215 MHz, 55, 275.19 W, 2 %
2026/10/04 23:41:09.391, 1410 MHz, 1215 MHz, 57, 276.52 W, 84 %
2026/10/04 23:41:09.641, 1410 MHz, 1215 MHz, 58, 282.58 W, 92 %
2026/10/04 23:41:09.891, 1410 MHz, 1215 MHz, 58, 283.12 W, 92 %
2026/10/04 23:41:10.141, 1410 MHz, 1215 MHz, 59, 283.90 W, 92 %
2026/10/04 23:41:10.392, 1410 MHz, 1215 MHz, 59, 284.15 W, 92 %
2026/10/04 23:41:10.642, 1410 MHz, 1215 MHz, 59, 284.44 W, 92 %
2026/10/04 23:41:10.892, 1410 MHz, 1215 MHz, 59, 284.69 W, 92 %
2026/10/04 23:41:11.142, 1410 MHz, 1215 MHz, 60, 284.93 W, 92 %
2026/10/04 23:41:11.392, 1410 MHz, 1215 MHz, 60, 284.93 W, 92 %
2026/10/04 23:41:11.643, 1410 MHz, 1215 MHz, 60, 284.93 W, 92 %
2026/10/04 23:41:11.893, 1410 MHz, 1215 MHz, 60, 285.23 W, 92 %
2026/10/04 23:41:12.143, 1410 MHz, 1215 MHz, 60, 285.48 W, 91 %
2026/10/04 23:41:12.393, 1410 MHz, 1215 MHz, 60, 285.72 W, 92 %
2026/10/04 23:41:12.643, 1410 MHz, 1215 MHz, 60, 285.72 W, 92 %
2026/10/04 23:41:12.893, 1410 MHz, 1215 MHz, 60, 285.72 W, 92 %
2026/10/04 23:41:13.143, 1410 MHz, 1215 MHz, 53, 119.02 W, 94 %
2026/10/04 23:41:13.394, 1410 MHz, 1215 MHz, 57, 229.13 W, 98 %
2026/10/04 23:41:13.644, 1410 MHz, 1215 MHz, 59, 279.42 W, 94 %
2026/10/04 23:41:13.894, 1410 MHz, 1215 MHz, 59, 273.62 W, 92 %
2026/10/04 23:41:14.145, 1410 MHz, 1215 MHz, 60, 278.39 W, 92 %
2026/10/04 23:41:14.395, 1410 MHz, 1215 MHz, 60, 271.02 W, 92 %
2026/10/04 23:41:14.645, 1410 MHz, 1215 MHz, 60, 275.19 W, 92 %
2026/10/04 23:41:14.896, 1410 MHz, 1215 MHz, 60, 263.37 W, 92 %
2026/10/04 23:41:15.146, 1410 MHz, 1215 MHz, 60, 271.79 W, 92 %
2026/10/04 23:41:15.396, 1410 MHz, 1215 MHz, 60, 264.96 W, 92 %
2026/10/04 23:41:15.646, 1410 MHz, 1215 MHz, 57, 184.58 W, 92 %
2026/10/04 23:41:15.896, 1410 MHz, 1215 MHz, 54, 144.13 W, 93 %
2026/10/04 23:41:16.146, 1410 MHz, 1215 MHz, 53, 145.17 W, 99 %
2026/10/04 23:41:16.397, 1410 MHz, 1215 MHz, 53, 143.59 W, 99 %
2026/10/04 23:41:16.647, 1410 MHz, 1215 MHz, 52, 142.26 W, 99 %
2026/10/04 23:41:16.897, 1410 MHz, 1215 MHz, 52, 144.01 W, 99 %
2026/10/04 23:41:17.147, 1410 MHz, 1215 MHz, 52, 142.01 W, 99 %
2026/10/04 23:41:17.397, 1410 MHz, 1215 MHz, 52, 143.34 W, 99 %
2026/10/04 23:41:17.647, 1410 MHz, 1215 MHz, 52, 143.84 W, 99 %
2026/10/04 23:41:17.897, 1410 MHz, 1215 MHz, 51, 139.89 W, 99 %
2026/10/04 23:41:18.147, 1410 MHz, 1215 MHz, 51, 141.47 W, 99 %
2026/10/04 23:41:18.398, 1410 MHz, 1215 MHz, 56, 277.06 W, 97 %
2026/10/04 23:41:18.648, 1410 MHz, 1215 MHz, 58, 283.66 W, 92 %
2026/10/04 23:41:18.898, 1410 MHz, 1215 MHz, 59, 270.22 W, 92 %
2026/10/04 23:41:19.148, 1410 MHz, 1215 MHz, 59, 275.81 W, 92 %
2026/10/04 23:41:19.398, 1410 MHz, 1215 MHz, 59, 284.44 W, 92 %
2026/10/04 23:41:19.648, 1410 MHz, 1215 MHz, 60, 283.36 W, 92 %
2026/10/04 23:41:19.898, 1410 MHz, 1215 MHz, 60, 285.72 W, 92 %
2026/10/04 23:41:20.148, 1410 MHz, 1215 MHz, 60, 285.48 W, 92 %
2026/10/04 23:41:20.399, 1410 MHz, 1215 MHz, 52, 87.44 W, 58 %
2026/10/04 23:41:20.649, 1410 MHz, 1215 MHz, 50, 83.74 W, 6 %
2026/10/04 23:41:20.899, 1410 MHz, 1215 MHz, 49, 83.24 W, 0 %
2026/10/04 23:41:21.150, 1410 MHz, 1215 MHz, 49, 82.70 W, 0 %
2026/10/04 23:41:21.400, 1410 MHz, 1215 MHz, 48, 85.37 W, 0 %
2026/10/04 23:41:21.650, 1410 MHz, 1215 MHz, 48, 89.56 W, 2 %
2026/10/04 23:41:21.900, 1410 MHz, 1215 MHz, 48, 82.94 W, 50 %
2026/10/04 23:41:22.150, 1410 MHz, 1215 MHz, 47, 82.45 W, 4 %
2026/10/04 23:41:22.401, 1410 MHz, 1215 MHz, 47, 82.70 W, 4 %
2026/10/04 23:41:22.651, 1410 MHz, 1215 MHz, 47, 82.45 W, 4 %
2026/10/04 23:41:22.901, 1410 MHz, 1215 MHz, 47, 82.45 W, 4 %
2026/10/04 23:41:23.151, 1410 MHz, 1215 MHz, 47, 82.15 W, 4 %
2026/10/04 23:41:23.401, 1410 MHz, 1215 MHz, 47, 81.36 W, 4 %
2026/10/04 23:41:23.652, 1095 MHz, 1215 MHz, 46, 63.92 W, 4 %
2026/10/04 23:41:23.902, 1095 MHz, 1215 MHz, 46, 63.43 W, 5 %
2026/10/04 23:41:24.152, 1095 MHz, 1215 MHz, 46, 75.29 W, 1 %
2026/10/04 23:41:24.403, 1095 MHz, 1215 MHz, 46, 75.29 W, 39 %
2026/10/04 23:41:24.653, 1095 MHz, 1215 MHz, 46, 75.04 W, 39 %
2026/10/04 23:41:24.903, 1095 MHz, 1215 MHz, 46, 75.04 W, 39 %
2026/10/04 23:41:25.153, 1095 MHz, 1215 MHz, 46, 75.04 W, 39 %
2026/10/04 23:41:25.403, 1095 MHz, 1215 MHz, 46, 74.79 W, 39 %
2026/10/04 23:41:25.653, 1095 MHz, 1215 MHz, 45, 75.04 W, 39 %
2026/10/04 23:41:25.903, 1095 MHz, 1215 MHz, 45, 74.79 W, 39 %
2026/10/04 23:41:26.153, 1095 MHz, 1215 MHz, 45, 74.79 W, 39 %
2026/10/04 23:41:26.403, 1095 MHz, 1215 MHz, 45, 74.79 W, 39 %
2026/10/04 23:41:26.654, 1095 MHz, 1215 MHz, 45, 72.12 W, 39 %
2026/10/04 23:41:26.904, 1095 MHz, 1215 MHz, 45, 62.89 W, 36 %
2026/10/04 23:41:27.155, 1095 MHz, 1215 MHz, 44, 62.89 W, 1 %
2026/10/04 23:41:27.405, 1095 MHz, 1215 MHz, 44, 62.89 W, 1 %
2026/10/04 23:41:27.655, 1095 MHz, 1215 MHz, 44, 62.59 W, 2 %
2026/10/04 23:41:27.906, 1095 MHz, 1215 MHz, 44, 62.89 W, 1 %
2026/10/04 23:41:28.156, 1095 MHz, 1215 MHz, 44, 63.43 W, 2 %
2026/10/04 23:41:28.406, 1095 MHz, 1215 MHz, 44, 62.89 W, 1 %
2026/10/04 23:41:28.657, 1095 MHz, 1215 MHz, 44, 63.92 W, 1 %
2026/10/04 23:41:28.907, 1095 MHz, 1215 MHz, 44, 62.89 W, 20 %
2026/10/04 23:41:29.157, 1095 MHz, 1215 MHz, 47, 154.40 W, 32 %
2026/10/04 23:41:29.407, 1410 MHz, 1215 MHz, 52, 158.39 W, 96 %
2026/10/04 23:41:29.657, 1410 MHz, 1215 MHz, 55, 289.42 W, 96 %
2026/10/04 23:41:29.907, 1410 MHz, 1215 MHz, 56, 291.29 W, 96 %
2026/10/04 23:41:30.158, 1410 MHz, 1215 MHz, 57, 292.32 W, 96 %
2026/10/04 23:41:30.408, 1410 MHz, 1215 MHz, 57, 292.86 W, 96 %
2026/10/04 23:41:30.658, 1410 MHz, 1215 MHz, 58, 293.65 W, 96 %
2026/10/04 23:41:30.908, 1410 MHz, 1215 MHz, 58, 293.90 W, 96 %
2026/10/04 23:41:31.159, 1410 MHz, 1215 MHz, 58, 294.19 W, 96 %
2026/10/04 23:41:31.409, 1410 MHz, 1215 MHz, 58, 294.44 W, 96 %
2026/10/04 23:41:31.659, 1410 MHz, 1215 MHz, 59, 294.44 W, 96 %
2026/10/04 23:41:31.909, 1410 MHz, 1215 MHz, 59, 294.68 W, 96 %
2026/10/04 23:41:32.160, 1410 MHz, 1215 MHz, 59, 299.70 W, 96 %
2026/10/04 23:41:32.410, 1410 MHz, 1215 MHz, 59, 299.95 W, 96 %
2026/10/04 23:41:32.660, 1410 MHz, 1215 MHz, 60, 300.49 W, 96 %
2026/10/04 23:41:32.910, 1395 MHz, 1215 MHz, 59, 295.23 W, 96 %
2026/10/04 23:41:33.160, 1410 MHz, 1215 MHz, 52, 111.66 W, 99 %
2026/10/04 23:41:33.411, 1410 MHz, 1215 MHz, 56, 268.66 W, 99 %
2026/10/04 23:41:33.661, 1410 MHz, 1215 MHz, 58, 283.12 W, 96 %
2026/10/04 23:41:33.911, 1410 MHz, 1215 MHz, 59, 294.19 W, 96 %
2026/10/04 23:41:34.161, 1410 MHz, 1215 MHz, 59, 287.05 W, 96 %
2026/10/04 23:41:34.412, 1410 MHz, 1215 MHz, 59, 291.78 W, 96 %
2026/10/04 23:41:34.662, 1410 MHz, 1215 MHz, 59, 283.12 W, 96 %
2026/10/04 23:41:34.912, 1410 MHz, 1215 MHz, 59, 288.38 W, 96 %
2026/10/04 23:41:35.162, 1410 MHz, 1215 MHz, 59, 274.48 W, 96 %
2026/10/04 23:41:35.413, 1410 MHz, 1215 MHz, 60, 281.79 W, 96 %
2026/10/04 23:41:35.663, 1410 MHz, 1215 MHz, 60, 301.28 W, 96 %
2026/10/04 23:41:35.913, 1410 MHz, 1215 MHz, 54, 168.12 W, 96 %
2026/10/04 23:41:36.163, 1410 MHz, 1215 MHz, 54, 163.92 W, 96 %
2026/10/04 23:41:36.413, 1410 MHz, 1215 MHz, 53, 164.96 W, 96 %
2026/10/04 23:41:36.663, 1410 MHz, 1215 MHz, 53, 160.76 W, 96 %
2026/10/04 23:41:36.913, 1410 MHz, 1215 MHz, 52, 166.48 W, 96 %
2026/10/04 23:41:37.163, 1410 MHz, 1215 MHz, 52, 163.38 W, 96 %
2026/10/04 23:41:37.413, 1410 MHz, 1215 MHz, 52, 164.16 W, 96 %
2026/10/04 23:41:37.663, 1410 MHz, 1215 MHz, 52, 163.67 W, 96 %
2026/10/04 23:41:37.913, 1410 MHz, 1215 MHz, 52, 159.79 W, 96 %
2026/10/04 23:41:38.163, 1410 MHz, 1215 MHz, 52, 165.25 W, 96 %
2026/10/04 23:41:38.414, 1410 MHz, 1215 MHz, 57, 292.57 W, 96 %
2026/10/04 23:41:38.664, 1410 MHz, 1215 MHz, 58, 290.50 W, 96 %
2026/10/04 23:41:38.914, 1410 MHz, 1215 MHz, 59, 286.27 W, 96 %
2026/10/04 23:41:39.164, 1410 MHz, 1215 MHz, 59, 299.70 W, 96 %
2026/10/04 23:41:39.415, 1410 MHz, 1215 MHz, 60, 300.49 W, 96 %
2026/10/04 23:41:39.665, 1410 MHz, 1215 MHz, 60, 301.28 W, 96 %
2026/10/04 23:41:39.915, 1410 MHz, 1215 MHz, 60, 301.53 W, 96 %
2026/10/04 23:41:40.165, 1410 MHz, 1215 MHz, 60, 301.53 W, 96 %
2026/10/04 23:41:40.415, 1410 MHz, 1215 MHz, 51, 86.95 W, 13 %
2026/10/04 23:41:40.666, 1410 MHz, 1215 MHz, 50, 83.74 W, 0 %
2026/10/04 23:41:40.916, 1410 MHz, 1215 MHz, 49, 82.94 W, 0 %
2026/10/04 23:41:41.166, 1410 MHz, 1215 MHz, 48, 82.70 W, 0 %
2026/10/04 23:41:41.417, 1410 MHz, 1215 MHz, 48, 85.37 W, 0 %
2026/10/04 23:41:41.667, 1410 MHz, 1215 MHz, 52, 215.14 W, 30 %
2026/10/04 23:41:41.917, 1410 MHz, 1215 MHz, 54, 219.62 W, 83 %
2026/10/04 23:41:42.168, 1410 MHz, 1215 MHz, 55, 220.16 W, 83 %
2026/10/04 23:41:42.418, 1410 MHz, 1215 MHz, 55, 220.41 W, 83 %
2026/10/04 23:41:42.668, 1410 MHz, 1215 MHz, 55, 220.66 W, 83 %
2026/10/04 23:41:42.918, 1410 MHz, 1215 MHz, 55, 220.41 W, 83 %
2026/10/04 23:41:43.169, 1410 MHz, 1215 MHz, 55, 220.95 W, 83 %
2026/10/04 23:41:43.419, 1410 MHz, 1215 MHz, 55, 220.95 W, 83 %
2026/10/04 23:41:43.669, 1410 MHz, 1215 MHz, 56, 220.95 W, 83 %
2026/10/04 23:41:43.920, 1410 MHz, 1215 MHz, 56, 221.20 W, 83 %
2026/10/04 23:41:44.170, 1410 MHz, 1215 MHz, 56, 221.20 W, 83 %
2026/10/04 23:41:44.420, 1410 MHz, 1215 MHz, 56, 221.20 W, 83 %
2026/10/04 23:41:44.670, 1410 MHz, 1215 MHz, 56, 221.20 W, 83 %
2026/10/04 23:41:44.920, 1410 MHz, 1215 MHz, 56, 221.20 W, 83 %
2026/10/04 23:41:45.170, 1410 MHz, 1215 MHz, 56, 221.20 W, 83 %
2026/10/04 23:41:45.420, 1410 MHz, 1215 MHz, 56, 220.95 W, 83 %
2026/10/04 23:41:45.671, 1410 MHz, 1215 MHz, 51, 94.06 W, 92 %
2026/10/04 23:41:45.921, 1410 MHz, 1215 MHz, 54, 215.14 W, 97 %
2026/10/04 23:41:46.171, 1410 MHz, 1215 MHz, 55, 217.79 W, 83 %
2026/10/04 23:41:46.422, 1410 MHz, 1215 MHz, 55, 214.60 W, 83 %
2026/10/04 23:41:46.672, 1410 MHz, 1215 MHz, 55, 217.01 W, 83 %
2026/10/04 23:41:46.922, 1410 MHz, 1215 MHz, 55, 211.98 W, 83 %
2026/10/04 23:41:47.172, 1410 MHz, 1215 MHz, 55, 203.55 W, 83 %
2026/10/04 23:41:47.423, 1410 MHz, 1215 MHz, 55, 210.40 W, 83 %
2026/10/04 23:41:47.673, 1410 MHz, 1215 MHz, 55, 214.35 W, 83 %
2026/10/04 23:41:47.923, 1410 MHz, 1215 MHz, 55, 203.80 W, 83 %
2026/10/04 23:41:48.173, 1410 MHz, 1215 MHz, 52, 108.59 W, 83 %
2026/10/04 23:41:48.423, 1410 MHz, 1215 MHz, 51, 107.00 W, 83 %
2026/10/04 23:41:48.673, 1410 MHz, 1215 MHz, 49, 104.38 W, 40 %
2026/10/04 23:41:48.924, 1410 MHz, 1215 MHz, 49, 105.18 W, 40 %
2026/10/04 23:41:49.174, 1410 MHz, 1215 MHz, 49, 106.21 W, 40 %
2026/10/04 23:41:49.424, 1410 MHz, 1215 MHz, 49, 105.72 W, 41 %
2026/10/04 23:41:49.674, 1410 MHz, 1215 MHz, 48, 104.38 W, 40 %
2026/10/04 23:41:49.924, 1410 MHz, 1215 MHz, 48, 104.09 W, 40 %
2026/10/04 23:41:50.174, 1410 MHz, 1215 MHz, 48, 107.00 W, 40 %
2026/10/04 23:41:50.424, 1410 MHz, 1215 MHz, 48, 105.18 W, 40 %
2026/10/04 23:41:50.674, 1410 MHz, 1215 MHz, 49, 104.09 W, 41 %
2026/10/04 23:41:50.925, 1410 MHz, 1215 MHz, 52, 217.79 W, 40 %
2026/10/04 23:41:51.175, 1410 MHz, 1215 MHz, 54, 219.08 W, 83 %
2026/10/04 23:41:51.425, 1410 MHz, 1215 MHz, 54, 210.11 W, 83 %
2026/10/04 23:41:51.675, 1410 MHz, 1215 MHz, 54, 219.87 W, 83 %
2026/10/04 23:41:51.926, 1410 MHz, 1215 MHz, 55, 218.58 W, 83 %
2026/10/04 23:41:52.176, 1410 MHz, 1215 MHz, 55, 217.01 W, 83 %
2026/10/04 23:41:52.426, 1410 MHz, 1215 MHz, 55, 220.41 W, 83 %
2026/10/04 23:41:52.676, 1410 MHz, 1215 MHz, 54, 221.74 W, 83 %
2026/10/04 23:41:52.927, 1410 MHz, 1215 MHz, 49, 90.36 W, 85 %
2026/10/04 23:41:53.177, 1410 MHz, 1215 MHz, 48, 82.45 W, 0 %
2026/10/04 23:41:53.427, 1410 MHz, 1215 MHz, 47, 82.15 W, 0 %
2026/10/04 23:41:53.677, 1410 MHz, 1215 MHz, 47, 81.91 W, 0 %
2026/10/04 23:41:53.928, 1410 MHz, 1215 MHz, 47, 86.16 W, 0 %
2026/10/04 23:41:54.178, 1410 MHz, 1215 MHz, 55, 289.17 W, 20 %
2026/10/04 23:41:54.428, 1410 MHz, 1215 MHz, 57, 291.53 W, 96 %
2026/10/04 23:41:54.678, 1410 MHz, 1215 MHz, 58, 293.11 W, 96 %
2026/10/04 23:41:54.928, 1410 MHz, 1215 MHz, 58, 293.90 W, 96 %
2026/10/04 23:41:55.178, 1410 MHz, 1215 MHz, 59, 294.98 W, 96 %
2026/10/04 23:41:55.428, 1410 MHz, 1215 MHz, 59, 294.98 W, 96 %
2026/10/04 23:41:55.678, 1410 MHz, 1215 MHz, 59, 295.47 W, 96 %
2026/10/04 23:41:55.928, 1410 MHz, 1215 MHz, 59, 295.77 W, 96 %
2026/10/04 23:41:56.179, 1410 MHz, 1215 MHz, 60, 296.26 W, 96 %
2026/10/04 23:41:56.429, 1410 MHz, 1215 MHz, 60, 296.02 W, 96 %
2026/10/04 23:41:56.679, 1410 MHz, 1215 MHz, 60, 296.26 W, 96 %
2026/10/04 23:41:56.929, 1410 MHz, 1215 MHz, 60, 296.02 W, 96 %
2026/10/04 23:41:57.179, 1410 MHz, 1215 MHz, 60, 296.56 W, 96 %
2026/10/04 23:41:57.429, 1410 MHz, 1215 MHz, 60, 300.74 W, 96 %
2026/10/04 23:41:57.679, 1410 MHz, 1215 MHz, 61, 301.28 W, 96 %
2026/10/04 23:41:57.929, 1395 MHz, 1215 MHz, 60, 300.74 W, 96 %
2026/10/04 23:41:58.179, 1410 MHz, 1215 MHz, 53, 107.30 W, 98 %
2026/10/04 23:41:58.429, 1410 MHz, 1215 MHz, 57, 283.36 W, 100 %
2026/10/04 23:41:58.680, 1410 MHz, 1215 MHz, 59, 288.63 W, 96 %
2026/10/04 23:41:58.930, 1410 MHz, 1215 MHz, 60, 296.80 W, 96 %
2026/10/04 23:41:59.180, 1410 MHz, 1215 MHz, 60, 298.92 W, 96 %
2026/10/04 23:41:59.430, 1410 MHz, 1215 MHz, 60, 296.80 W, 96 %
2026/10/04 23:41:59.680, 1410 MHz, 1215 MHz, 60, 298.62 W, 96 %
2026/10/04 23:41:59.930, 1410 MHz, 1215 MHz, 60, 295.47 W, 96 %
2026/10/04 23:42:00.180, 1410 MHz, 1215 MHz, 61, 297.59 W, 96 %
2026/10/04 23:42:00.430, 1410 MHz, 1215 MHz, 61, 293.11 W, 96 %
2026/10/04 23:42:00.680, 1410 MHz, 1215 MHz, 57, 182.13 W, 96 %
2026/10/04 23:42:00.930, 1410 MHz, 1215 MHz, 55, 175.02 W, 98 %
2026/10/04 23:42:01.181, 1410 MHz, 1215 MHz, 54, 173.94 W, 100 %
2026/10/04 23:42:01.431, 1410 MHz, 1215 MHz, 54, 173.94 W, 99 %
2026/10/04 23:42:01.681, 1410 MHz, 1215 MHz, 54, 177.64 W, 100 %
2026/10/04 23:42:01.931, 1410 MHz, 1215 MHz, 54, 172.36 W, 100 %
2026/10/04 23:42:02.181, 1410 MHz, 1215 MHz, 54, 176.60 W, 100 %
2026/10/04 23:42:02.431, 1410 MHz, 1215 MHz, 53, 172.90 W, 99 %
2026/10/04 23:42:02.681, 1410 MHz, 1215 MHz, 53, 173.15 W, 100 %
2026/10/04 23:42:02.931, 1410 MHz, 1215 MHz, 53, 175.81 W, 100 %
2026/10/04 23:42:03.182, 1410 MHz, 1215 MHz, 53, 171.02 W, 99 %
2026/10/04 23:42:03.432, 1410 MHz, 1215 MHz, 58, 291.53 W, 98 %
2026/10/04 23:42:03.682, 1410 MHz, 1215 MHz, 59, 295.23 W, 96 %
2026/10/04 23:42:03.932, 1410 MHz, 1215 MHz, 60, 298.13 W, 96 %
2026/10/04 23:42:04.182, 1410 MHz, 1215 MHz, 60, 300.74 W, 96 %
2026/10/04 23:42:04.432, 1410 MHz, 1215 MHz, 60, 301.03 W, 96 %
2026/10/04 23:42:04.682, 1410 MHz, 1215 MHz, 61, 301.28 W, 96 %
2026/10/04 23:42:04.932, 1410 MHz, 1215 MHz, 61, 301.82 W, 96 %
2026/10/04 23:42:05.183, 1410 MHz, 1215 MHz, 59, 114.17 W, 96 %
2026/10/04 23:42:05.433, 1410 MHz, 1215 MHz, 52, 89.56 W, 31 %
2026/10/04 23:42:05.683, 1410 MHz, 1215 MHz, 50, 84.03 W, 6 %
2026/10/04 23:42:05.933, 1410 MHz, 1215 MHz, 49, 84.28 W, 0 %
2026/10/04 23:42:06.183, 1410 MHz, 1215 MHz, 49, 83.74 W, 0 %
2026/10/04 23:42:06.433, 1410 MHz, 1215 MHz, 48, 87.73 W, 0 %
2026/10/04 23:42:06.683, 1410 MHz, 1215 MHz, 54, 218.83 W, 22 %
2026/10/04 23:42:06.933, 1410 MHz, 1215 MHz, 55, 220.16 W, 82 %
2026/10/04 23:42:07.183, 1410 MHz, 1215 MHz, 55, 220.66 W, 83 %
2026/10/04 23:42:07.434, 1410 MHz, 1215 MHz, 56, 221.20 W, 83 %
2026/10/04 23:42:07.684, 1410 MHz, 1215 MHz, 56, 221.49 W, 83 %
2026/10/04 23:42:07.934, 1410 MHz, 1215 MHz, 56, 221.49 W, 83 %
2026/10/04 23:42:08.185, 1410 MHz, 1215 MHz, 56, 221.74 W, 83 %
2026/10/04 23:42:08.435, 1410 MHz, 1215 MHz, 56, 221.49 W, 83 %
2026/10/04 23:42:08.685, 1410 MHz, 1215 MHz, 56, 221.74 W, 83 %
2026/10/04 23:42:08.935, 1410 MHz, 1215 MHz, 56, 221.74 W, 83 %
2026/10/04 23:42:09.185, 1410 MHz, 1215 MHz, 56, 221.74 W, 83 %
2026/10/04 23:42:09.436, 1410 MHz, 1215 MHz, 56, 221.74 W, 83 %
2026/10/04 23:42:09.686, 1410 MHz, 1215 MHz, 56, 221.74 W, 83 %
2026/10/04 23:42:09.936, 1410 MHz, 1215 MHz, 56, 221.74 W, 83 %
2026/10/04 23:42:10.187, 1410 MHz, 1215 MHz, 56, 221.99 W, 83 %
2026/10/04 23:42:10.437, 1410 MHz, 1215 MHz, 56, 221.99 W, 83 %
2026/10/04 23:42:10.687, 1410 MHz, 1215 MHz, 52, 95.64 W, 89 %
2026/10/04 23:42:10.937, 1410 MHz, 1215 MHz, 54, 213.56 W, 98 %
2026/10/04 23:42:11.187, 1410 MHz, 1215 MHz, 55, 206.96 W, 83 %
2026/10/04 23:42:11.437, 1410 MHz, 1215 MHz, 56, 220.16 W, 83 %
2026/10/04 23:42:11.687, 1410 MHz, 1215 MHz, 56, 204.59 W, 83 %
2026/10/04 23:42:11.938, 1410 MHz, 1215 MHz, 56, 219.87 W, 83 %
2026/10/04 23:42:12.188, 1410 MHz, 1215 MHz, 56, 214.85 W, 83 %
2026/10/04 23:42:12.438, 1410 MHz, 1215 MHz, 56, 219.87 W, 83 %
2026/10/04 23:42:12.688, 1410 MHz, 1215 MHz, 56, 220.41 W, 83 %
2026/10/04 23:42:12.938, 1410 MHz, 1215 MHz, 56, 219.37 W, 83 %
2026/10/04 23:42:13.188, 1410 MHz, 1215 MHz, 53, 128.79 W, 90 %
2026/10/04 23:42:13.438, 1410 MHz, 1215 MHz, 52, 127.50 W, 99 %
2026/10/04 23:42:13.688, 1410 MHz, 1215 MHz, 51, 126.96 W, 99 %
2026/10/04 23:42:13.938, 1410 MHz, 1215 MHz, 51, 126.56 W, 99 %
2026/10/04 23:42:14.189, 1410 MHz, 1215 MHz, 50, 126.42 W, 99 %
2026/10/04 23:42:14.439, 1410 MHz, 1215 MHz, 50, 126.71 W, 99 %
2026/10/04 23:42:14.689, 1410 MHz, 1215 MHz, 50, 125.87 W, 99 %
2026/10/04 23:42:14.939, 1410 MHz, 1215 MHz, 50, 126.17 W, 99 %
2026/10/04 23:42:15.189, 1410 MHz, 1215 MHz, 50, 125.08 W, 99 %
2026/10/04 23:42:15.439, 1410 MHz, 1215 MHz, 50, 125.87 W, 99 %
2026/10/04 23:42:15.689, 1410 MHz, 1215 MHz, 51, 125.38 W, 99 %
2026/10/04 23:42:15.939, 1410 MHz, 1215 MHz, 54, 218.29 W, 90 %
2026/10/04 23:42:16.189, 1410 MHz, 1215 MHz, 55, 218.29 W, 83 %
2026/10/04 23:42:16.439, 1410 MHz, 1215 MHz, 55, 220.41 W, 83 %
2026/10/04 23:42:16.690, 1410 MHz, 1215 MHz, 55, 220.41 W, 83 %
2026/10/04 23:42:16.940, 1410 MHz, 1215 MHz, 55, 220.95 W, 83 %
2026/10/04 23:42:17.190, 1410 MHz, 1215 MHz, 55, 220.95 W, 83 %
2026/10/04 23:42:17.440, 1410 MHz, 1215 MHz, 55, 220.95 W, 83 %
2026/10/04 23:42:17.690, 1410 MHz, 1215 MHz, 52, 96.43 W, 84 %
2026/10/04 23:42:17.941, 1410 MHz, 1215 MHz, 49, 83.49 W, 28 %
2026/10/04 23:42:18.191, 1410 MHz, 1215 MHz, 48, 82.45 W, 0 %
2026/10/04 23:42:18.442, 1410 MHz, 1215 MHz, 48, 82.15 W, 0 %
2026/10/04 23:42:18.692, 1410 MHz, 1215 MHz, 47, 81.66 W, 0 %
2026/10/04 23:42:18.942, 1410 MHz, 1215 MHz, 47, 81.66 W, 0 %
2026/10/04 23:42:19.193, 1410 MHz, 1215 MHz, 47, 81.36 W, 0 %
2026/10/04 23:42:19.443, 780 MHz, 1215 MHz, 46, 81.11 W, 0 %
2026/10/04 23:42:19.693, 720 MHz, 1215 MHz, 46, 59.18 W, 0 %
2026/10/04 23:42:19.944, 330 MHz, 1215 MHz, 45, 57.85 W, 0 %
2026/10/04 23:42:20.194, 285 MHz, 1215 MHz, 45, 57.60 W, 0 %
2026/10/04 23:42:20.445, 285 MHz, 1215 MHz, 45, 57.60 W, 0 %
2026/10/04 23:42:20.695, 240 MHz, 1215 MHz, 45, 57.30 W, 0 %
2026/10/04 23:42:20.947, 210 MHz, 1215 MHz, 44, 57.85 W, 0 %
2026/10/04 23:42:21.197, 1095 MHz, 1215 MHz, 45, 62.89 W, 5 %
2026/10/04 23:42:21.447, 1410 MHz, 1215 MHz, 47, 116.00 W, 98 %
2026/10/04 23:42:21.697, 1410 MHz, 1215 MHz, 52, 195.85 W, 98 %
2026/10/04 23:42:21.947, 1410 MHz, 1215 MHz, 53, 196.39 W, 98 %
2026/10/04 23:42:22.197, 1410 MHz, 1215 MHz, 53, 197.43 W, 98 %
2026/10/04 23:42:22.447, 1410 MHz, 1215 MHz, 53, 197.43 W, 98 %
2026/10/04 23:42:22.698, 1410 MHz, 1215 MHz, 54, 197.49 W, 98 %
2026/10/04 23:42:22.948, 1410 MHz, 1215 MHz, 54, 197.72 W, 98 %
2026/10/04 23:42:23.198, 1410 MHz, 1215 MHz, 54, 197.49 W, 98 %
2026/10/04 23:42:23.448, 1410 MHz, 1215 MHz, 54, 197.97 W, 98 %
2026/10/04 23:42:23.698, 1410 MHz, 1215 MHz, 54, 197.74 W, 98 %
2026/10/04 23:42:23.948, 1410 MHz, 1215 MHz, 54, 198.22 W, 98 %
2026/10/04 23:42:24.198, 1410 MHz, 1215 MHz, 54, 197.97 W, 98 %
2026/10/04 23:42:24.448, 1410 MHz, 1215 MHz, 54, 197.99 W, 98 %
2026/10/04 23:42:24.698, 1410 MHz, 1215 MHz, 54, 197.74 W, 98 %
2026/10/04 23:42:24.948, 1410 MHz, 1215 MHz, 54, 197.97 W, 98 %
2026/10/04 23:42:25.199, 1410 MHz, 1215 MHz, 54, 198.51 W, 98 %
2026/10/04 23:42:25.449, 1410 MHz, 1215 MHz, 54, 198.28 W, 98 %
2026/10/04 23:42:25.699, 1410 MHz, 1215 MHz, 54, 198.22 W, 98 %
2026/10/04 23:42:25.949, 1410 MHz, 1215 MHz, 55, 198.28 W, 98 %
2026/10/04 23:42:26.199, 1410 MHz, 1215 MHz, 55, 198.22 W, 98 %
2026/10/04 23:42:26.449, 1410 MHz, 1215 MHz, 49, 85.86 W, 83 %
2026/10/04 23:42:26.700, 1410 MHz, 1215 MHz, 53, 195.60 W, 4 %
2026/10/04 23:42:26.950, 1410 MHz, 1215 MHz, 54, 196.95 W, 63 %
2026/10/04 23:42:27.200, 1410 MHz, 1215 MHz, 54, 196.93 W, 96 %
2026/10/04 23:42:27.450, 1410 MHz, 1215 MHz, 54, 197.18 W, 96 %
2026/10/04 23:42:27.700, 1410 MHz, 1215 MHz, 54, 197.72 W, 96 %
2026/10/04 23:42:27.950, 1410 MHz, 1215 MHz, 54, 197.18 W, 96 %
2026/10/04 23:42:28.200, 1410 MHz, 1215 MHz, 54, 197.72 W, 96 %
2026/10/04 23:42:28.450, 1410 MHz, 1215 MHz, 54, 197.72 W, 96 %
2026/10/04 23:42:28.700, 1410 MHz, 1215 MHz, 54, 197.72 W, 96 %
2026/10/04 23:42:28.951, 1410 MHz, 1215 MHz, 54, 197.97 W, 96 %
2026/10/04 23:42:29.201, 1410 MHz, 1215 MHz, 54, 197.43 W, 96 %
2026/10/04 23:42:29.451, 1410 MHz, 1215 MHz, 54, 197.49 W, 96 %
2026/10/04 23:42:29.701, 1410 MHz, 1215 MHz, 55, 197.20 W, 96 %
2026/10/04 23:42:29.951, 1410 MHz, 1215 MHz, 55, 197.49 W, 96 %
2026/10/04 23:42:30.201, 1410 MHz, 1215 MHz, 55, 197.72 W, 96 %
2026/10/04 23:42:30.451, 1410 MHz, 1215 MHz, 55, 197.72 W, 96 %
2026/10/04 23:42:30.701, 1410 MHz, 1215 MHz, 55, 197.97 W, 96 %
2026/10/04 23:42:30.951, 1410 MHz, 1215 MHz, 55, 197.72 W, 96 %
2026/10/04 23:42:31.201, 1410 MHz, 1215 MHz, 55, 197.72 W, 96 %
2026/10/04 23:42:31.451, 1410 MHz, 1215 MHz, 55, 197.74 W, 96 %
2026/10/04 23:42:31.701, 1410 MHz, 1215 MHz, 49, 83.49 W, 96 %
2026/10/04 23:42:31.952, 1410 MHz, 1215 MHz, 51, 121.82 W, 25 %
2026/10/04 23:42:32.202, 1410 MHz, 1215 MHz, 52, 166.54 W, 89 %
2026/10/04 23:42:32.452, 1410 MHz, 1215 MHz, 52, 166.83 W, 89 %
2026/10/04 23:42:32.702, 1410 MHz, 1215 MHz, 52, 167.08 W, 89 %
2026/10/04 23:42:32.952, 1410 MHz, 1215 MHz, 52, 166.83 W, 89 %
2026/10/04 23:42:33.202, 1410 MHz, 1215 MHz, 52, 166.83 W, 89 %
2026/10/04 23:42:33.452, 1410 MHz, 1215 MHz, 52, 166.83 W, 89 %
2026/10/04 23:42:33.702, 1410 MHz, 1215 MHz, 52, 166.83 W, 89 %
2026/10/04 23:42:33.952, 1410 MHz, 1215 MHz, 52, 167.08 W, 88 %
2026/10/04 23:42:34.203, 1410 MHz, 1215 MHz, 52, 166.83 W, 89 %
2026/10/04 23:42:34.453, 1410 MHz, 1215 MHz, 52, 166.83 W, 88 %
2026/10/04 23:42:34.703, 1410 MHz, 1215 MHz, 52, 166.54 W, 89 %
2026/10/04 23:42:34.953, 1410 MHz, 1215 MHz, 52, 166.54 W, 89 %
2026/10/04 23:42:35.203, 1410 MHz, 1215 MHz, 52, 166.83 W, 89 %
2026/10/04 23:42:35.453, 1410 MHz, 1215 MHz, 52, 166.83 W, 89 %
2026/10/04 23:42:35.703, 1410 MHz, 1215 MHz, 52, 166.54 W, 89 %
2026/10/04 23:42:35.953, 1410 MHz, 1215 MHz, 52, 166.83 W, 89 %
2026/10/04 23:42:36.203, 1410 MHz, 1215 MHz, 52, 166.54 W, 89 %
2026/10/04 23:42:36.453, 1410 MHz, 1215 MHz, 52, 166.83 W, 89 %
2026/10/04 23:42:36.704, 1410 MHz, 1215 MHz, 52, 166.83 W, 89 %
2026/10/04 23:42:36.954, 1410 MHz, 1215 MHz, 49, 89.02 W, 89 %
2026/10/04 23:42:37.204, 1410 MHz, 1215 MHz, 51, 173.15 W, 4 %
2026/10/04 23:42:37.454, 1410 MHz, 1215 MHz, 53, 194.83 W, 62 %
2026/10/04 23:42:37.704, 1410 MHz, 1215 MHz, 53, 196.39 W, 95 %
2026/10/04 23:42:37.954, 1410 MHz, 1215 MHz, 54, 195.91 W, 96 %
2026/10/04 23:42:38.204, 1410 MHz, 1215 MHz, 54, 196.39 W, 95 %
2026/10/04 23:42:38.454, 1410 MHz, 1215 MHz, 54, 196.93 W, 96 %
2026/10/04 23:42:38.705, 1410 MHz, 1215 MHz, 54, 196.93 W, 96 %
2026/10/04 23:42:38.955, 1410 MHz, 1215 MHz, 54, 196.93 W, 96 %
2026/10/04 23:42:39.205, 1410 MHz, 1215 MHz, 54, 196.93 W, 96 %
2026/10/04 23:42:39.455, 1410 MHz, 1215 MHz, 54, 196.93 W, 96 %
2026/10/04 23:42:39.705, 1410 MHz, 1215 MHz, 54, 197.18 W, 96 %
2026/10/04 23:42:39.955, 1410 MHz, 1215 MHz, 54, 196.93 W, 96 %
2026/10/04 23:42:40.205, 1410 MHz, 1215 MHz, 54, 196.93 W, 95 %
2026/10/04 23:42:40.456, 1410 MHz, 1215 MHz, 54, 196.95 W, 95 %
2026/10/04 23:42:40.706, 1410 MHz, 1215 MHz, 54, 196.95 W, 96 %
2026/10/04 23:42:40.956, 1410 MHz, 1215 MHz, 54, 196.95 W, 96 %
2026/10/04 23:42:41.206, 1410 MHz, 1215 MHz, 54, 197.43 W, 95 %
2026/10/04 23:42:41.457, 1410 MHz, 1215 MHz, 54, 196.63 W, 97 %
2026/10/04 23:42:41.707, 1410 MHz, 1215 MHz, 55, 196.93 W, 98 %
2026/10/04 23:42:41.957, 1410 MHz, 1215 MHz, 55, 197.43 W, 96 %
2026/10/04 23:42:42.207, 1410 MHz, 1215 MHz, 55, 196.70 W, 96 %
2026/10/04 23:42:42.458, 1410 MHz, 1215 MHz, 55, 197.43 W, 96 %
2026/10/04 23:42:42.708, 1410 MHz, 1215 MHz, 55, 197.43 W, 96 %
2026/10/04 23:42:42.958, 1410 MHz, 1215 MHz, 55, 197.72 W, 96 %
2026/10/04 23:42:43.209, 1410 MHz, 1215 MHz, 55, 197.43 W, 96 %
2026/10/04 23:42:43.459, 1410 MHz, 1215 MHz, 55, 197.43 W, 96 %
2026/10/04 23:42:43.709, 1410 MHz, 1215 MHz, 55, 197.72 W, 96 %
2026/10/04 23:42:43.959, 1410 MHz, 1215 MHz, 54, 206.96 W, 95 %
2026/10/04 23:42:44.209, 1410 MHz, 1215 MHz, 55, 207.50 W, 98 %
2026/10/04 23:42:44.459, 1410 MHz, 1215 MHz, 55, 207.25 W, 98 %
2026/10/04 23:42:44.710, 1410 MHz, 1215 MHz, 55, 207.50 W, 98 %
2026/10/04 23:42:44.960, 1410 MHz, 1215 MHz, 55, 207.98 W, 98 %
2026/10/04 23:42:45.210, 1410 MHz, 1215 MHz, 55, 207.74 W, 98 %
2026/10/04 23:42:45.460, 1410 MHz, 1215 MHz, 55, 208.28 W, 98 %
2026/10/04 23:42:45.710, 1410 MHz, 1215 MHz, 55, 208.28 W, 98 %
2026/10/04 23:42:45.960, 1410 MHz, 1215 MHz, 55, 208.28 W, 98 %
2026/10/04 23:42:46.210, 1410 MHz, 1215 MHz, 55, 208.04 W, 98 %
2026/10/04 23:42:46.460, 1410 MHz, 1215 MHz, 55, 208.04 W, 98 %
2026/10/04 23:42:46.711, 1410 MHz, 1215 MHz, 55, 197.49 W, 96 %
2026/10/04 23:42:46.961, 1410 MHz, 1215 MHz, 55, 197.72 W, 96 %
2026/10/04 23:42:47.211, 1410 MHz, 1215 MHz, 55, 197.72 W, 96 %
2026/10/04 23:42:47.461, 1410 MHz, 1215 MHz, 55, 198.51 W, 96 %
2026/10/04 23:42:47.711, 1410 MHz, 1215 MHz, 55, 197.97 W, 96 %
2026/10/04 23:42:47.961, 1410 MHz, 1215 MHz, 55, 197.97 W, 96 %
2026/10/04 23:42:48.211, 1410 MHz, 1215 MHz, 55, 198.22 W, 96 %
2026/10/04 23:42:48.461, 1410 MHz, 1215 MHz, 50, 106.21 W, 85 %
2026/10/04 23:42:48.712, 1410 MHz, 1215 MHz, 48, 82.94 W, 4 %
2026/10/04 23:42:48.962, 1410 MHz, 1215 MHz, 48, 82.45 W, 0 %
2026/10/04 23:42:49.213, 1410 MHz, 1215 MHz, 47, 81.91 W, 0 %
2026/10/04 23:42:49.463, 1410 MHz, 1215 MHz, 47, 81.66 W, 0 %
2026/10/04 23:42:49.713, 1410 MHz, 1215 MHz, 47, 81.66 W, 1 %
2026/10/04 23:42:49.963, 1410 MHz, 1215 MHz, 46, 83.74 W, 50 %
2026/10/04 23:42:50.214, 1410 MHz, 1215 MHz, 46, 81.66 W, 4 %
2026/10/04 23:42:50.464, 1410 MHz, 1215 MHz, 46, 82.15 W, 4 %
2026/10/04 23:42:50.714, 1410 MHz, 1215 MHz, 46, 81.36 W, 4 %
2026/10/04 23:42:50.964, 1410 MHz, 1215 MHz, 46, 86.41 W, 4 %
2026/10/04 23:42:51.215, 1410 MHz, 1215 MHz, 46, 81.66 W, 4 %
2026/10/04 23:42:51.465, 1410 MHz, 1215 MHz, 46, 80.87 W, 4 %
2026/10/04 23:42:51.715, 1095 MHz, 1215 MHz, 45, 63.68 W, 4 %
2026/10/04 23:42:51.966, 1095 MHz, 1215 MHz, 45, 63.14 W, 5 %
2026/10/04 23:42:52.216, 1095 MHz, 1215 MHz, 45, 67.09 W, 2 %
2026/10/04 23:42:52.466, 1095 MHz, 1215 MHz, 45, 74.79 W, 39 %
2026/10/04 23:42:52.716, 1095 MHz, 1215 MHz, 45, 74.50 W, 39 %
2026/10/04 23:42:52.966, 1095 MHz, 1215 MHz, 45, 74.50 W, 39 %
2026/10/04 23:42:53.217, 1095 MHz, 1215 MHz, 45, 74.50 W, 39 %
2026/10/04 23:42:53.467, 1095 MHz, 1215 MHz, 45, 74.50 W, 39 %
2026/10/04 23:42:53.717, 1095 MHz, 1215 MHz, 45, 74.50 W, 39 %
2026/10/04 23:42:53.967, 1095 MHz, 1215 MHz, 45, 74.50 W, 39 %
2026/10/04 23:42:54.217, 1095 MHz, 1215 MHz, 44, 74.50 W, 39 %
2026/10/04 23:42:54.467, 1095 MHz, 1215 MHz, 44, 74.50 W, 39 %
2026/10/04 23:42:54.717, 1095 MHz, 1215 MHz, 44, 74.25 W, 39 %
2026/10/04 23:42:54.967, 1095 MHz, 1215 MHz, 44, 62.59 W, 36 %
2026/10/04 23:42:55.218, 1095 MHz, 1215 MHz, 44, 62.35 W, 1 %
2026/10/04 23:42:55.468, 1095 MHz, 1215 MHz, 43, 62.35 W, 1 %
2026/10/04 23:42:55.719, 1095 MHz, 1215 MHz, 43, 62.35 W, 2 %
2026/10/04 23:42:55.969, 1095 MHz, 1215 MHz, 43, 62.35 W, 1 %
2026/10/04 23:42:56.219, 1095 MHz, 1215 MHz, 43, 62.35 W, 2 %
2026/10/04 23:42:56.469, 1095 MHz, 1215 MHz, 43, 62.35 W, 1 %
2026/10/04 23:42:56.720, 1095 MHz, 1215 MHz, 43, 64.47 W, 1 %
2026/10/04 23:42:56.970, 1095 MHz, 1215 MHz, 43, 64.22 W, 22 %
2026/10/04 23:42:57.220, 1410 MHz, 1215 MHz, 46, 101.22 W, 77 %
2026/10/04 23:42:57.470, 1410 MHz, 1215 MHz, 48, 161.26 W, 88 %
2026/10/04 23:42:57.720, 1410 MHz, 1215 MHz, 49, 163.92 W, 88 %
2026/10/04 23:42:57.970, 1410 MHz, 1215 MHz, 49, 163.92 W, 88 %
2026/10/04 23:42:58.220, 1410 MHz, 1215 MHz, 50, 164.16 W, 88 %
2026/10/04 23:42:58.471, 1410 MHz, 1215 MHz, 50, 164.16 W, 88 %
2026/10/04 23:42:58.721, 1410 MHz, 1215 MHz, 50, 164.46 W, 88 %
2026/10/04 23:42:58.971, 1410 MHz, 1215 MHz, 50, 164.46 W, 88 %
2026/10/04 23:42:59.221, 1410 MHz, 1215 MHz, 50, 164.71 W, 88 %
2026/10/04 23:42:59.472, 1410 MHz, 1215 MHz, 50, 164.71 W, 88 %
2026/10/04 23:42:59.722, 1410 MHz, 1215 MHz, 50, 164.71 W, 88 %
2026/10/04 23:42:59.972, 1410 MHz, 1215 MHz, 50, 164.71 W, 88 %
2026/10/04 23:43:00.222, 1410 MHz, 1215 MHz, 50, 164.46 W, 88 %
2026/10/04 23:43:00.473, 1410 MHz, 1215 MHz, 51, 164.96 W, 88 %
2026/10/04 23:43:00.723, 1410 MHz, 1215 MHz, 51, 164.96 W, 88 %
2026/10/04 23:43:00.973, 1410 MHz, 1215 MHz, 51, 164.16 W, 88 %
2026/10/04 23:43:01.223, 1410 MHz, 1215 MHz, 51, 163.92 W, 96 %
2026/10/04 23:43:01.473, 1410 MHz, 1215 MHz, 51, 165.25 W, 91 %
2026/10/04 23:43:01.723, 1410 MHz, 1215 MHz, 51, 165.25 W, 89 %
2026/10/04 23:43:01.973, 1410 MHz, 1215 MHz, 51, 164.96 W, 89 %
2026/10/04 23:43:02.224, 1410 MHz, 1215 MHz, 51, 165.25 W, 89 %
2026/10/04 23:43:02.474, 1410 MHz, 1215 MHz, 51, 165.25 W, 89 %
2026/10/04 23:43:02.724, 1410 MHz, 1215 MHz, 51, 165.25 W, 89 %
2026/10/04 23:43:02.974, 1410 MHz, 1215 MHz, 51, 165.50 W, 89 %
2026/10/04 23:43:03.224, 1410 MHz, 1215 MHz, 51, 165.25 W, 89 %
2026/10/04 23:43:03.474, 1410 MHz, 1215 MHz, 51, 164.96 W, 89 %
2026/10/04 23:43:03.724, 1410 MHz, 1215 MHz, 49, 135.15 W, 81 %
2026/10/04 23:43:03.974, 1410 MHz, 1215 MHz, 49, 134.61 W, 66 %
2026/10/04 23:43:04.225, 1410 MHz, 1215 MHz, 49, 134.36 W, 66 %
2026/10/04 23:43:04.475, 1410 MHz, 1215 MHz, 49, 134.61 W, 66 %
2026/10/04 23:43:04.725, 1410 MHz, 1215 MHz, 48, 134.76 W, 66 %
2026/10/04 23:43:04.975, 1410 MHz, 1215 MHz, 48, 134.86 W, 66 %
2026/10/04 23:43:05.225, 1410 MHz, 1215 MHz, 48, 134.61 W, 66 %
2026/10/04 23:43:05.475, 1410 MHz, 1215 MHz, 48, 134.61 W, 66 %
2026/10/04 23:43:05.725, 1410 MHz, 1215 MHz, 48, 134.61 W, 66 %
2026/10/04 23:43:05.975, 1410 MHz, 1215 MHz, 48, 134.52 W, 66 %
2026/10/04 23:43:06.225, 1410 MHz, 1215 MHz, 49, 134.61 W, 66 %
2026/10/04 23:43:06.475, 1410 MHz, 1215 MHz, 50, 164.71 W, 75 %
2026/10/04 23:43:06.726, 1410 MHz, 1215 MHz, 50, 164.96 W, 89 %
2026/10/04 23:43:06.977, 1410 MHz, 1215 MHz, 50, 164.96 W, 89 %
2026/10/04 23:43:07.227, 1410 MHz, 1215 MHz, 51, 165.25 W, 89 %
2026/10/04 23:43:07.477, 1410 MHz, 1215 MHz, 51, 164.96 W, 89 %
2026/10/04 23:43:07.727, 1410 MHz, 1215 MHz, 51, 165.25 W, 89 %
2026/10/04 23:43:07.977, 1410 MHz, 1215 MHz, 51, 165.25 W, 89 %
2026/10/04 23:43:08.227, 1410 MHz, 1215 MHz, 47, 88.77 W, 89 %
2026/10/04 23:43:08.478, 1410 MHz, 1215 MHz, 46, 81.36 W, 36 %
2026/10/04 23:43:08.728, 1410 MHz, 1215 MHz, 45, 80.87 W, 0 %
2026/10/04 23:43:08.979, 1410 MHz, 1215 MHz, 45, 80.57 W, 0 %
2026/10/04 23:43:09.229, 1410 MHz, 1215 MHz, 45, 80.08 W, 0 %
2026/10/04 23:43:09.479, 1410 MHz, 1215 MHz, 46, 81.11 W, 0 %
2026/10/04 23:43:09.730, 1410 MHz, 1215 MHz, 49, 163.67 W, 26 %
2026/10/04 23:43:09.980, 1410 MHz, 1215 MHz, 50, 164.16 W, 88 %
2026/10/04 23:43:10.230, 1410 MHz, 1215 MHz, 50, 164.46 W, 88 %
2026/10/04 23:43:10.480, 1410 MHz, 1215 MHz, 50, 164.71 W, 88 %
2026/10/04 23:43:10.731, 1410 MHz, 1215 MHz, 50, 164.71 W, 88 %
2026/10/04 23:43:10.981, 1410 MHz, 1215 MHz, 50, 164.71 W, 88 %
2026/10/04 23:43:11.231, 1410 MHz, 1215 MHz, 50, 164.96 W, 88 %
2026/10/04 23:43:11.481, 1410 MHz, 1215 MHz, 50, 164.96 W, 88 %
2026/10/04 23:43:11.731, 1410 MHz, 1215 MHz, 51, 164.96 W, 88 %
2026/10/04 23:43:11.981, 1410 MHz, 1215 MHz, 51, 164.96 W, 88 %
2026/10/04 23:43:12.231, 1410 MHz, 1215 MHz, 51, 164.96 W, 88 %
2026/10/04 23:43:12.481, 1410 MHz, 1215 MHz, 51, 164.96 W, 88 %
2026/10/04 23:43:12.731, 1410 MHz, 1215 MHz, 51, 164.96 W, 88 %
2026/10/04 23:43:12.982, 1410 MHz, 1215 MHz, 51, 164.96 W, 88 %
2026/10/04 23:43:13.232, 1410 MHz, 1215 MHz, 51, 164.96 W, 88 %
2026/10/04 23:43:13.482, 1410 MHz, 1215 MHz, 51, 165.25 W, 88 %
2026/10/04 23:43:13.732, 1410 MHz, 1215 MHz, 51, 165.25 W, 90 %
2026/10/04 23:43:13.982, 1410 MHz, 1215 MHz, 51, 165.25 W, 97 %
2026/10/04 23:43:14.233, 1410 MHz, 1215 MHz, 51, 165.25 W, 89 %
2026/10/04 23:43:14.483, 1410 MHz, 1215 MHz, 51, 165.25 W, 89 %
2026/10/04 23:43:14.733, 1410 MHz, 1215 MHz, 51, 165.25 W, 89 %
2026/10/04 23:43:14.983, 1410 MHz, 1215 MHz, 51, 165.25 W, 89 %
2026/10/04 23:43:15.234, 1410 MHz, 1215 MHz, 51, 165.25 W, 89 %
2026/10/04 23:43:15.484, 1410 MHz, 1215 MHz, 51, 165.50 W, 89 %
2026/10/04 23:43:15.734, 1410 MHz, 1215 MHz, 51, 165.25 W, 89 %
2026/10/04 23:43:15.984, 1410 MHz, 1215 MHz, 51, 165.25 W, 89 %
2026/10/04 23:43:16.234, 1410 MHz, 1215 MHz, 51, 182.13 W, 91 %
2026/10/04 23:43:16.484, 1410 MHz, 1215 MHz, 51, 182.13 W, 93 %
2026/10/04 23:43:16.735, 1410 MHz, 1215 MHz, 52, 182.38 W, 93 %
2026/10/04 23:43:16.985, 1410 MHz, 1215 MHz, 52, 182.13 W, 93 %
2026/10/04 23:43:17.235, 1410 MHz, 1215 MHz, 52, 181.88 W, 93 %
2026/10/04 23:43:17.485, 1410 MHz, 1215 MHz, 52, 182.13 W, 93 %
2026/10/04 23:43:17.735, 1410 MHz, 1215 MHz, 52, 182.38 W, 93 %
2026/10/04 23:43:17.985, 1410 MHz, 1215 MHz, 52, 182.13 W, 93 %
2026/10/04 23:43:18.235, 1410 MHz, 1215 MHz, 52, 181.88 W, 93 %
2026/10/04 23:43:18.485, 1410 MHz, 1215 MHz, 52, 182.67 W, 93 %
2026/10/04 23:43:18.735, 1410 MHz, 1215 MHz, 51, 166.04 W, 93 %
2026/10/04 23:43:18.985, 1410 MHz, 1215 MHz, 51, 165.75 W, 90 %
2026/10/04 23:43:19.235, 1410 MHz, 1215 MHz, 51, 165.50 W, 89 %
2026/10/04 23:43:19.486, 1410 MHz, 1215 MHz, 51, 165.75 W, 89 %
2026/10/04 23:43:19.736, 1410 MHz, 1215 MHz, 51, 166.04 W, 89 %
2026/10/04 23:43:19.986, 1410 MHz, 1215 MHz, 51, 165.50 W, 89 %
2026/10/04 23:43:20.236, 1410 MHz, 1215 MHz, 51, 165.50 W, 89 %
2026/10/04 23:43:20.486, 1410 MHz, 1215 MHz, 51, 165.75 W, 89 %
2026/10/04 23:43:20.736, 1410 MHz, 1215 MHz, 48, 88.53 W, 90 %
2026/10/04 23:43:20.987, 1410 MHz, 1215 MHz, 46, 81.36 W, 6 %
2026/10/04 23:43:21.237, 1410 MHz, 1215 MHz, 45, 80.57 W, 0 %
2026/10/04 23:43:21.487, 1410 MHz, 1215 MHz, 45, 80.57 W, 0 %
2026/10/04 23:43:21.737, 1410 MHz, 1215 MHz, 45, 82.45 W, 0 %
2026/10/04 23:43:21.987, 1410 MHz, 1215 MHz, 51, 194.51 W, 0 %
2026/10/04 23:43:22.237, 1410 MHz, 1215 MHz, 52, 195.35 W, 98 %
2026/10/04 23:43:22.488, 1410 MHz, 1215 MHz, 52, 195.85 W, 98 %
2026/10/04 23:43:22.738, 1410 MHz, 1215 MHz, 52, 196.14 W, 98 %
2026/10/04 23:43:22.988, 1410 MHz, 1215 MHz, 53, 196.14 W, 98 %
2026/10/04 23:43:23.238, 1410 MHz, 1215 MHz, 53, 196.39 W, 98 %
2026/10/04 23:43:23.488, 1410 MHz, 1215 MHz, 53, 196.39 W, 98 %
2026/10/04 23:43:23.738, 1410 MHz, 1215 MHz, 53, 196.63 W, 98 %
2026/10/04 23:43:23.989, 1410 MHz, 1215 MHz, 53, 196.63 W, 98 %
2026/10/04 23:43:24.239, 1410 MHz, 1215 MHz, 53, 196.63 W, 98 %
2026/10/04 23:43:24.489, 1410 MHz, 1215 MHz, 53, 196.93 W, 98 %
2026/10/04 23:43:24.739, 1410 MHz, 1215 MHz, 53, 196.63 W, 98 %
2026/10/04 23:43:24.989, 1410 MHz, 1215 MHz, 53, 196.93 W, 98 %
2026/10/04 23:43:25.239, 1410 MHz, 1215 MHz, 53, 196.93 W, 98 %
2026/10/04 23:43:25.489, 1410 MHz, 1215 MHz, 53, 196.93 W, 98 %
2026/10/04 23:43:25.739, 1410 MHz, 1215 MHz, 53, 197.18 W, 98 %
2026/10/04 23:43:25.990, 1410 MHz, 1215 MHz, 53, 196.93 W, 97 %
2026/10/04 23:43:26.240, 1410 MHz, 1215 MHz, 54, 197.18 W, 99 %
2026/10/04 23:43:26.490, 1410 MHz, 1215 MHz, 54, 197.18 W, 98 %
2026/10/04 23:43:26.740, 1410 MHz, 1215 MHz, 54, 197.18 W, 98 %
2026/10/04 23:43:26.990, 1410 MHz, 1215 MHz, 54, 197.18 W, 98 %
2026/10/04 23:43:27.240, 1410 MHz, 1215 MHz, 54, 197.43 W, 98 %
2026/10/04 23:43:27.490, 1410 MHz, 1215 MHz, 54, 197.18 W, 98 %
2026/10/04 23:43:27.740, 1410 MHz, 1215 MHz, 54, 197.18 W, 98 %
2026/10/04 23:43:27.990, 1410 MHz, 1215 MHz, 54, 197.18 W, 98 %
2026/10/04 23:43:28.240, 1410 MHz, 1215 MHz, 54, 197.18 W, 98 %
2026/10/04 23:43:28.491, 1410 MHz, 1215 MHz, 50, 152.28 W, 96 %
2026/10/04 23:43:28.741, 1410 MHz, 1215 MHz, 48, 101.47 W, 30 %
2026/10/04 23:43:28.991, 1410 MHz, 1215 MHz, 48, 101.22 W, 30 %
2026/10/04 23:43:29.241, 1410 MHz, 1215 MHz, 47, 101.22 W, 30 %
2026/10/04 23:43:29.491, 1410 MHz, 1215 MHz, 47, 100.43 W, 30 %
2026/10/04 23:43:29.741, 1410 MHz, 1215 MHz, 47, 100.68 W, 30 %
2026/10/04 23:43:29.992, 1410 MHz, 1215 MHz, 47, 100.43 W, 30 %
2026/10/04 23:43:30.242, 1140 MHz, 1215 MHz, 46, 100.43 W, 30 %
2026/10/04 23:43:30.492, 1140 MHz, 1215 MHz, 45, 77.17 W, 37 %
2026/10/04 23:43:30.742, 1125 MHz, 1215 MHz, 45, 76.08 W, 38 %
2026/10/04 23:43:30.992, 1125 MHz, 1215 MHz, 45, 76.38 W, 38 %
2026/10/04 23:43:31.242, 1410 MHz, 1215 MHz, 50, 141.47 W, 98 %
2026/10/04 23:43:31.492, 1410 MHz, 1215 MHz, 51, 195.35 W, 98 %
2026/10/04 23:43:31.743, 1410 MHz, 1215 MHz, 52, 195.85 W, 98 %
2026/10/04 23:43:31.993, 1410 MHz, 1215 MHz, 52, 196.39 W, 98 %
2026/10/04 23:43:32.243, 1410 MHz, 1215 MHz, 53, 196.63 W, 98 %
2026/10/04 23:43:32.493, 1410 MHz, 1215 MHz, 53, 196.63 W, 98 %
2026/10/04 23:43:32.743, 1410 MHz, 1215 MHz, 53, 196.93 W, 98 %
2026/10/04 23:43:32.993, 1410 MHz, 1215 MHz, 53, 184.50 W, 98 %
2026/10/04 23:43:33.243, 1410 MHz, 1215 MHz, 46, 81.36 W, 3 %
2026/10/04 23:43:33.494, 1410 MHz, 1215 MHz, 46, 80.87 W, 0 %
2026/10/04 23:43:33.744, 1410 MHz, 1215 MHz, 45, 80.32 W, 0 %
2026/10/04 23:43:33.994, 1410 MHz, 1215 MHz, 45, 80.08 W, 0 %
2026/10/04 23:43:34.244, 1410 MHz, 1215 MHz, 48, 121.43 W, 2 %
2026/10/04 23:43:34.494, 1410 MHz, 1215 MHz, 51, 194.81 W, 98 %
2026/10/04 23:43:34.745, 1410 MHz, 1215 MHz, 52, 195.85 W, 98 %
2026/10/04 23:43:34.995, 1410 MHz, 1215 MHz, 52, 196.14 W, 98 %
2026/10/04 23:43:35.245, 1410 MHz, 1215 MHz, 53, 196.14 W, 98 %
2026/10/04 23:43:35.495, 1410 MHz, 1215 MHz, 53, 196.39 W, 98 %
2026/10/04 23:43:35.745, 1410 MHz, 1215 MHz, 53, 196.63 W, 98 %
2026/10/04 23:43:35.995, 1410 MHz, 1215 MHz, 53, 196.63 W, 98 %
2026/10/04 23:43:36.245, 1410 MHz, 1215 MHz, 53, 196.63 W, 98 %
2026/10/04 23:43:36.495, 1410 MHz, 1215 MHz, 53, 196.63 W, 98 %
2026/10/04 23:43:36.746, 1410 MHz, 1215 MHz, 53, 196.93 W, 98 %
2026/10/04 23:43:36.996, 1410 MHz, 1215 MHz, 53, 196.93 W, 98 %
2026/10/04 23:43:37.246, 1410 MHz, 1215 MHz, 53, 197.18 W, 98 %
2026/10/04 23:43:37.496, 1410 MHz, 1215 MHz, 53, 197.18 W, 98 %
2026/10/04 23:43:37.746, 1410 MHz, 1215 MHz, 54, 196.93 W, 98 %
2026/10/04 23:43:37.996, 1410 MHz, 1215 MHz, 54, 197.18 W, 98 %
2026/10/04 23:43:38.246, 1410 MHz, 1215 MHz, 54, 197.43 W, 97 %
2026/10/04 23:43:38.496, 1410 MHz, 1215 MHz, 54, 196.93 W, 99 %
2026/10/04 23:43:38.747, 1410 MHz, 1215 MHz, 54, 197.18 W, 98 %
2026/10/04 23:43:38.997, 1410 MHz, 1215 MHz, 54, 197.43 W, 98 %
2026/10/04 23:43:39.247, 1410 MHz, 1215 MHz, 54, 197.43 W, 98 %
2026/10/04 23:43:39.497, 1410 MHz, 1215 MHz, 54, 197.43 W, 98 %
2026/10/04 23:43:39.747, 1410 MHz, 1215 MHz, 54, 197.43 W, 98 %
2026/10/04 23:43:39.997, 1410 MHz, 1215 MHz, 54, 197.72 W, 98 %
2026/10/04 23:43:40.247, 1410 MHz, 1215 MHz, 54, 197.72 W, 98 %
2026/10/04 23:43:40.497, 1410 MHz, 1215 MHz, 54, 197.72 W, 98 %
2026/10/04 23:43:40.747, 1410 MHz, 1215 MHz, 54, 197.72 W, 98 %
2026/10/04 23:43:40.997, 1410 MHz, 1215 MHz, 54, 217.75 W, 98 %
2026/10/04 23:43:41.248, 1410 MHz, 1215 MHz, 54, 217.25 W, 99 %
2026/10/04 23:43:41.498, 1410 MHz, 1215 MHz, 55, 217.01 W, 99 %
2026/10/04 23:43:41.748, 1410 MHz, 1215 MHz, 55, 217.79 W, 99 %
2026/10/04 23:43:41.998, 1410 MHz, 1215 MHz, 55, 217.50 W, 99 %
2026/10/04 23:43:42.248, 1410 MHz, 1215 MHz, 55, 217.50 W, 99 %
2026/10/04 23:43:42.498, 1410 MHz, 1215 MHz, 55, 217.50 W, 99 %
2026/10/04 23:43:42.748, 1410 MHz, 1215 MHz, 55, 218.04 W, 99 %
2026/10/04 23:43:42.998, 1410 MHz, 1215 MHz, 55, 218.04 W, 99 %
2026/10/04 23:43:43.248, 1410 MHz, 1215 MHz, 55, 218.04 W, 99 %
2026/10/04 23:43:43.498, 1410 MHz, 1215 MHz, 55, 198.76 W, 99 %
2026/10/04 23:43:43.748, 1410 MHz, 1215 MHz, 55, 198.51 W, 98 %
2026/10/04 23:43:43.998, 1410 MHz, 1215 MHz, 55, 198.51 W, 98 %
2026/10/04 23:43:44.249, 1410 MHz, 1215 MHz, 54, 198.51 W, 98 %
2026/10/04 23:43:44.499, 1410 MHz, 1215 MHz, 54, 198.51 W, 98 %
2026/10/04 23:43:44.749, 1410 MHz, 1215 MHz, 54, 198.51 W, 98 %
2026/10/04 23:43:44.999, 1410 MHz, 1215 MHz, 54, 198.51 W, 98 %
2026/10/04 23:43:45.249, 1410 MHz, 1215 MHz, 54, 198.51 W, 98 %
2026/10/04 23:43:45.499, 1410 MHz, 1215 MHz, 48, 83.74 W, 33 %
2026/10/04 23:43:45.750, 1410 MHz, 1215 MHz, 47, 82.70 W, 0 %
2026/10/04 23:43:46.000, 1410 MHz, 1215 MHz, 47, 82.45 W, 0 %
2026/10/04 23:43:46.250, 1410 MHz, 1215 MHz, 46, 81.66 W, 0 %
2026/10/04 23:43:46.500, 1410 MHz, 1215 MHz, 46, 81.36 W, 0 %
2026/10/04 23:43:46.751, 1410 MHz, 1215 MHz, 51, 193.72 W, 0 %
2026/10/04 23:43:47.001, 1410 MHz, 1215 MHz, 52, 195.35 W, 38 %
2026/10/04 23:43:47.251, 1410 MHz, 1215 MHz, 53, 195.85 W, 95 %
2026/10/04 23:43:47.501, 1410 MHz, 1215 MHz, 53, 196.39 W, 95 %
2026/10/04 23:43:47.751, 1410 MHz, 1215 MHz, 54, 196.39 W, 95 %
2026/10/04 23:43:48.001, 1410 MHz, 1215 MHz, 54, 195.85 W, 95 %
2026/10/04 23:43:48.251, 1410 MHz, 1215 MHz, 54, 196.63 W, 95 %
2026/10/04 23:43:48.501, 1410 MHz, 1215 MHz, 54, 196.63 W, 95 %
2026/10/04 23:43:48.751, 1410 MHz, 1215 MHz, 54, 196.63 W, 95 %
2026/10/04 23:43:49.001, 1410 MHz, 1215 MHz, 54, 196.39 W, 95 %
2026/10/04 23:43:49.252, 1410 MHz, 1215 MHz, 54, 196.63 W, 95 %
2026/10/04 23:43:49.502, 1410 MHz, 1215 MHz, 54, 196.93 W, 95 %
2026/10/04 23:43:49.752, 1410 MHz, 1215 MHz, 54, 196.93 W, 95 %
2026/10/04 23:43:50.002, 1410 MHz, 1215 MHz, 54, 196.93 W, 95 %
2026/10/04 23:43:50.252, 1410 MHz, 1215 MHz, 54, 196.93 W, 95 %
2026/10/04 23:43:50.502, 1410 MHz, 1215 MHz, 54, 196.93 W, 95 %
2026/10/04 23:43:50.752, 1410 MHz, 1215 MHz, 54, 195.85 W, 95 %
2026/10/04 23:43:51.003, 1410 MHz, 1215 MHz, 54, 192.69 W, 96 %
2026/10/04 23:43:51.253, 1410 MHz, 1215 MHz, 54, 197.18 W, 96 %
2026/10/04 23:43:51.503, 1410 MHz, 1215 MHz, 54, 196.63 W, 96 %
2026/10/04 23:43:51.753, 1410 MHz, 1215 MHz, 54, 197.18 W, 96 %
2026/10/04 23:43:52.003, 1410 MHz, 1215 MHz, 54, 196.93 W, 96 %
2026/10/04 23:43:52.253, 1410 MHz, 1215 MHz, 54, 196.63 W, 96 %
2026/10/04 23:43:52.503, 1410 MHz, 1215 MHz, 54, 196.93 W, 96 %
2026/10/04 23:43:52.753, 1410 MHz, 1215 MHz, 54, 196.63 W, 96 %
2026/10/04 23:43:53.003, 1410 MHz, 1215 MHz, 54, 197.18 W, 96 %
2026/10/04 23:43:53.253, 1410 MHz, 1215 MHz, 52, 154.94 W, 95 %
2026/10/04 23:43:53.504, 1410 MHz, 1215 MHz, 51, 141.71 W, 79 %
2026/10/04 23:43:53.754, 1410 MHz, 1215 MHz, 51, 152.28 W, 67 %
2026/10/04 23:43:54.004, 1410 MHz, 1215 MHz, 50, 132.40 W, 71 %
2026/10/04 23:43:54.254, 1410 MHz, 1215 MHz, 50, 149.91 W, 60 %
2026/10/04 23:43:54.504, 1410 MHz, 1215 MHz, 50, 153.12 W, 65 %
2026/10/04 23:43:54.754, 1410 MHz, 1215 MHz, 51, 139.81 W, 70 %
2026/10/04 23:43:55.004, 1410 MHz, 1215 MHz, 51, 151.49 W, 71 %
2026/10/04 23:43:55.254, 1410 MHz, 1215 MHz, 51, 153.12 W, 72 %
2026/10/04 23:43:55.505, 1410 MHz, 1215 MHz, 51, 152.28 W, 73 %
2026/10/04 23:43:55.755, 1410 MHz, 1215 MHz, 51, 151.78 W, 73 %
2026/10/04 23:43:56.005, 1410 MHz, 1215 MHz, 53, 195.85 W, 73 %
2026/10/04 23:43:56.255, 1410 MHz, 1215 MHz, 54, 196.39 W, 96 %
2026/10/04 23:43:56.505, 1410 MHz, 1215 MHz, 54, 196.39 W, 96 %
2026/10/04 23:43:56.755, 1410 MHz, 1215 MHz, 54, 196.63 W, 96 %
2026/10/04 23:43:57.005, 1410 MHz, 1215 MHz, 54, 196.63 W, 96 %
2026/10/04 23:43:57.255, 1410 MHz, 1215 MHz, 54, 196.93 W, 96 %
2026/10/04 23:43:57.505, 1410 MHz, 1215 MHz, 54, 196.63 W, 96 %
2026/10/04 23:43:57.755, 1410 MHz, 1215 MHz, 51, 120.24 W, 96 %
2026/10/04 23:43:58.006, 1410 MHz, 1215 MHz, 48, 82.45 W, 94 %
2026/10/04 23:43:58.256, 1410 MHz, 1215 MHz, 47, 81.66 W, 0 %
2026/10/04 23:43:58.507, 1410 MHz, 1215 MHz, 46, 81.36 W, 0 %
2026/10/04 23:43:58.757, 1410 MHz, 1215 MHz, 46, 81.11 W, 0 %
2026/10/04 23:43:59.007, 1410 MHz, 1215 MHz, 46, 83.74 W, 0 %
2026/10/04 23:43:59.257, 1410 MHz, 1215 MHz, 52, 195.60 W, 65 %
2026/10/04 23:43:59.507, 1410 MHz, 1215 MHz, 53, 196.39 W, 98 %
2026/10/04 23:43:59.757, 1410 MHz, 1215 MHz, 53, 196.63 W, 98 %
2026/10/04 23:44:00.007, 1410 MHz, 1215 MHz, 53, 196.93 W, 98 %
2026/10/04 23:44:00.257, 1410 MHz, 1215 MHz, 54, 197.18 W, 98 %
2026/10/04 23:44:00.507, 1410 MHz, 1215 MHz, 54, 197.18 W, 98 %
2026/10/04 23:44:00.757, 1410 MHz, 1215 MHz, 54, 197.43 W, 98 %
2026/10/04 23:44:01.008, 1410 MHz, 1215 MHz, 54, 197.43 W, 98 %
2026/10/04 23:44:01.258, 1410 MHz, 1215 MHz, 54, 197.72 W, 98 %
2026/10/04 23:44:01.508, 1410 MHz, 1215 MHz, 54, 197.72 W, 98 %
2026/10/04 23:44:01.758, 1410 MHz, 1215 MHz, 54, 197.72 W, 98 %
2026/10/04 23:44:02.008, 1410 MHz, 1215 MHz, 54, 197.72 W, 98 %
2026/10/04 23:44:02.258, 1410 MHz, 1215 MHz, 54, 197.72 W, 98 %
2026/10/04 23:44:02.508, 1410 MHz, 1215 MHz, 54, 197.72 W, 98 %
2026/10/04 23:44:02.758, 1410 MHz, 1215 MHz, 54, 197.97 W, 98 %
2026/10/04 23:44:03.008, 1410 MHz, 1215 MHz, 54, 197.72 W, 98 %
2026/10/04 23:44:03.259, 1410 MHz, 1215 MHz, 54, 197.43 W, 99 %
2026/10/04 23:44:03.509, 1410 MHz, 1215 MHz, 54, 197.97 W, 99 %
2026/10/04 23:44:03.759, 1410 MHz, 1215 MHz, 54, 198.22 W, 98 %
2026/10/04 23:44:04.009, 1410 MHz, 1215 MHz, 54, 198.22 W, 98 %
2026/10/04 23:44:04.259, 1410 MHz, 1215 MHz, 54, 198.22 W, 98 %
2026/10/04 23:44:04.509, 1410 MHz, 1215 MHz, 54, 198.22 W, 98 %
2026/10/04 23:44:04.759, 1410 MHz, 1215 MHz, 54, 198.22 W, 98 %
2026/10/04 23:44:05.009, 1410 MHz, 1215 MHz, 54, 198.22 W, 98 %
2026/10/04 23:44:05.259, 1410 MHz, 1215 MHz, 54, 198.22 W, 98 %
2026/10/04 23:44:05.509, 1410 MHz, 1215 MHz, 54, 198.22 W, 98 %
2026/10/04 23:44:05.759, 1410 MHz, 1215 MHz, 49, 103.05 W, 93 %
2026/10/04 23:44:06.009, 1410 MHz, 1215 MHz, 49, 102.26 W, 30 %
2026/10/04 23:44:06.260, 1410 MHz, 1215 MHz, 48, 101.71 W, 30 %
2026/10/04 23:44:06.510, 1410 MHz, 1215 MHz, 48, 101.47 W, 30 %
2026/10/04 23:44:06.760, 1410 MHz, 1215 MHz, 47, 101.47 W, 30 %
2026/10/04 23:44:07.010, 1410 MHz, 1215 MHz, 47, 101.22 W, 30 %
2026/10/04 23:44:07.260, 1410 MHz, 1215 MHz, 47, 100.93 W, 30 %
2026/10/04 23:44:07.510, 1140 MHz, 1215 MHz, 46, 94.85 W, 30 %
2026/10/04 23:44:07.760, 1140 MHz, 1215 MHz, 46, 77.41 W, 37 %
2026/10/04 23:44:08.010, 1125 MHz, 1215 MHz, 46, 76.62 W, 38 %
2026/10/04 23:44:08.262, 1125 MHz, 1215 MHz, 49, 133.18 W, 47 %
2026/10/04 23:44:08.512, 1410 MHz, 1215 MHz, 51, 171.32 W, 98 %
2026/10/04 23:44:08.762, 1410 MHz, 1215 MHz, 52, 196.39 W, 98 %
2026/10/04 23:44:09.012, 1410 MHz, 1215 MHz, 53, 196.63 W, 98 %
2026/10/04 23:44:09.262, 1410 MHz, 1215 MHz, 53, 197.18 W, 98 %
2026/10/04 23:44:09.512, 1410 MHz, 1215 MHz, 53, 197.18 W, 98 %
2026/10/04 23:44:09.762, 1410 MHz, 1215 MHz, 54, 197.43 W, 98 %
2026/10/04 23:44:10.012, 1410 MHz, 1215 MHz, 54, 197.43 W, 98 %
2026/10/04 23:44:10.263, 1410 MHz, 1215 MHz, 48, 88.53 W, 60 %
2026/10/04 23:44:10.513, 1410 MHz, 1215 MHz, 47, 81.66 W, 3 %
2026/10/04 23:44:10.763, 1410 MHz, 1215 MHz, 46, 81.11 W, 0 %
2026/10/04 23:44:11.014, 1410 MHz, 1215 MHz, 46, 81.11 W, 0 %
2026/10/04 23:44:11.264, 1410 MHz, 1215 MHz, 46, 80.87 W, 0 %
2026/10/04 23:44:11.514, 1410 MHz, 1215 MHz, 48, 149.41 W, 8 %
2026/10/04 23:44:11.764, 1410 MHz, 1215 MHz, 50, 164.96 W, 88 %
2026/10/04 23:44:12.014, 1410 MHz, 1215 MHz, 51, 164.96 W, 88 %
2026/10/04 23:44:12.264, 1410 MHz, 1215 MHz, 51, 165.50 W, 88 %
2026/10/04 23:44:12.514, 1410 MHz, 1215 MHz, 51, 165.50 W, 88 %
2026/10/04 23:44:12.765, 1410 MHz, 1215 MHz, 51, 165.75 W, 88 %
2026/10/04 23:44:13.015, 1410 MHz, 1215 MHz, 51, 165.50 W, 88 %
2026/10/04 23:44:13.265, 1410 MHz, 1215 MHz, 51, 165.75 W, 88 %
2026/10/04 23:44:13.515, 1410 MHz, 1215 MHz, 51, 165.50 W, 88 %
2026/10/04 23:44:13.765, 1410 MHz, 1215 MHz, 51, 165.75 W, 88 %
2026/10/04 23:44:14.015, 1410 MHz, 1215 MHz, 51, 165.75 W, 88 %
2026/10/04 23:44:14.266, 1410 MHz, 1215 MHz, 51, 165.75 W, 88 %
2026/10/04 23:44:14.516, 1410 MHz, 1215 MHz, 51, 165.75 W, 88 %
2026/10/04 23:44:14.766, 1410 MHz, 1215 MHz, 51, 165.75 W, 88 %
2026/10/04 23:44:15.017, 1410 MHz, 1215 MHz, 51, 165.75 W, 88 %
2026/10/04 23:44:15.267, 1410 MHz, 1215 MHz, 51, 165.75 W, 88 %
2026/10/04 23:44:15.517, 1410 MHz, 1215 MHz, 51, 166.04 W, 89 %
2026/10/04 23:44:15.767, 1410 MHz, 1215 MHz, 51, 165.75 W, 97 %
2026/10/04 23:44:16.017, 1410 MHz, 1215 MHz, 51, 166.04 W, 90 %
2026/10/04 23:44:16.268, 1410 MHz, 1215 MHz, 51, 166.04 W, 89 %
2026/10/04 23:44:16.518, 1410 MHz, 1215 MHz, 51, 166.04 W, 89 %
2026/10/04 23:44:16.768, 1410 MHz, 1215 MHz, 51, 166.04 W, 89 %
2026/10/04 23:44:17.018, 1410 MHz, 1215 MHz, 51, 165.75 W, 89 %
2026/10/04 23:44:17.268, 1410 MHz, 1215 MHz, 51, 165.75 W, 89 %
2026/10/04 23:44:17.518, 1410 MHz, 1215 MHz, 51, 166.04 W, 89 %
2026/10/04 23:44:17.768, 1410 MHz, 1215 MHz, 51, 166.04 W, 89 %
2026/10/04 23:44:18.018, 1410 MHz, 1215 MHz, 51, 165.75 W, 89 %
2026/10/04 23:44:18.268, 1410 MHz, 1215 MHz, 50, 135.40 W, 66 %
2026/10/04 23:44:18.518, 1410 MHz, 1215 MHz, 49, 135.31 W, 66 %
2026/10/04 23:44:18.769, 1410 MHz, 1215 MHz, 49, 135.31 W, 66 %
2026/10/04 23:44:19.019, 1410 MHz, 1215 MHz, 49, 135.31 W, 66 %
2026/10/04 23:44:19.269, 1410 MHz, 1215 MHz, 49, 135.01 W, 66 %
2026/10/04 23:44:19.519, 1410 MHz, 1215 MHz, 49, 134.76 W, 66 %
2026/10/04 23:44:19.769, 1410 MHz, 1215 MHz, 49, 135.01 W, 66 %
2026/10/04 23:44:20.019, 1410 MHz, 1215 MHz, 49, 135.31 W, 66 %
2026/10/04 23:44:20.269, 1410 MHz, 1215 MHz, 49, 134.86 W, 66 %
2026/10/04 23:44:20.519, 1410 MHz, 1215 MHz, 49, 135.01 W, 66 %
2026/10/04 23:44:20.770, 1410 MHz, 1215 MHz, 51, 165.25 W, 77 %
2026/10/04 23:44:21.020, 1410 MHz, 1215 MHz, 51, 165.50 W, 89 %
2026/10/04 23:44:21.270, 1410 MHz, 1215 MHz, 51, 165.50 W, 89 %
2026/10/04 23:44:21.520, 1410 MHz, 1215 MHz, 51, 165.75 W, 89 %
2026/10/04 23:44:21.770, 1410 MHz, 1215 MHz, 51, 166.04 W, 89 %
2026/10/04 23:44:22.020, 1410 MHz, 1215 MHz, 51, 165.50 W, 89 %
2026/10/04 23:44:22.270, 1410 MHz, 1215 MHz, 51, 165.75 W, 89 %
2026/10/04 23:44:22.520, 1410 MHz, 1215 MHz, 51, 166.04 W, 90 %
2026/10/04 23:44:22.770, 1410 MHz, 1215 MHz, 47, 82.45 W, 30 %
2026/10/04 23:44:23.021, 1410 MHz, 1215 MHz, 46, 81.66 W, 0 %
2026/10/04 23:44:23.271, 1410 MHz, 1215 MHz, 45, 81.11 W, 0 %
2026/10/04 23:44:23.521, 1410 MHz, 1215 MHz, 45, 81.66 W, 0 %
2026/10/04 23:44:23.771, 1410 MHz, 1215 MHz, 45, 84.28 W, 0 %
2026/10/04 23:44:24.021, 1410 MHz, 1215 MHz, 50, 193.23 W, 38 %
2026/10/04 23:44:24.272, 1410 MHz, 1215 MHz, 52, 194.51 W, 95 %
2026/10/04 23:44:24.522, 1410 MHz, 1215 MHz, 52, 194.81 W, 95 %
2026/10/04 23:44:24.772, 1410 MHz, 1215 MHz, 52, 195.05 W, 95 %
2026/10/04 23:44:25.022, 1410 MHz, 1215 MHz, 53, 195.05 W, 96 %
2026/10/04 23:44:25.272, 1410 MHz, 1215 MHz, 53, 195.60 W, 95 %
2026/10/04 23:44:25.522, 1410 MHz, 1215 MHz, 53, 195.60 W, 95 %
2026/10/04 23:44:25.772, 1410 MHz, 1215 MHz, 53, 195.85 W, 95 %
2026/10/04 23:44:26.022, 1410 MHz, 1215 MHz, 53, 195.85 W, 95 %
2026/10/04 23:44:26.272, 1410 MHz, 1215 MHz, 53, 195.60 W, 95 %
2026/10/04 23:44:26.522, 1410 MHz, 1215 MHz, 53, 196.14 W, 95 %
2026/10/04 23:44:26.773, 1410 MHz, 1215 MHz, 53, 196.14 W, 95 %
2026/10/04 23:44:27.023, 1410 MHz, 1215 MHz, 53, 196.14 W, 95 %
2026/10/04 23:44:27.273, 1410 MHz, 1215 MHz, 53, 196.14 W, 95 %
2026/10/04 23:44:27.523, 1410 MHz, 1215 MHz, 53, 196.14 W, 95 %
2026/10/04 23:44:27.773, 1410 MHz, 1215 MHz, 53, 192.15 W, 96 %
2026/10/04 23:44:28.023, 1410 MHz, 1215 MHz, 53, 195.05 W, 95 %
2026/10/04 23:44:28.274, 1410 MHz, 1215 MHz, 53, 196.39 W, 99 %
2026/10/04 23:44:28.524, 1410 MHz, 1215 MHz, 54, 196.14 W, 96 %
2026/10/04 23:44:28.774, 1410 MHz, 1215 MHz, 54, 196.39 W, 96 %
2026/10/04 23:44:29.024, 1410 MHz, 1215 MHz, 54, 196.14 W, 96 %
2026/10/04 23:44:29.274, 1410 MHz, 1215 MHz, 54, 196.39 W, 96 %
2026/10/04 23:44:29.524, 1410 MHz, 1215 MHz, 54, 196.14 W, 96 %
2026/10/04 23:44:29.774, 1410 MHz, 1215 MHz, 54, 196.63 W, 96 %
2026/10/04 23:44:30.024, 1410 MHz, 1215 MHz, 54, 196.39 W, 96 %
2026/10/04 23:44:30.275, 1410 MHz, 1215 MHz, 54, 196.63 W, 96 %
2026/10/04 23:44:30.525, 1410 MHz, 1215 MHz, 54, 206.70 W, 96 %
2026/10/04 23:44:30.775, 1410 MHz, 1215 MHz, 54, 206.46 W, 97 %
2026/10/04 23:44:31.025, 1410 MHz, 1215 MHz, 54, 206.95 W, 98 %
2026/10/04 23:44:31.275, 1410 MHz, 1215 MHz, 54, 207.74 W, 98 %
2026/10/04 23:44:31.525, 1410 MHz, 1215 MHz, 54, 207.20 W, 98 %
2026/10/04 23:44:31.775, 1410 MHz, 1215 MHz, 54, 206.95 W, 98 %
2026/10/04 23:44:32.025, 1410 MHz, 1215 MHz, 54, 207.74 W, 98 %
2026/10/04 23:44:32.275, 1410 MHz, 1215 MHz, 54, 206.95 W, 98 %
2026/10/04 23:44:32.526, 1410 MHz, 1215 MHz, 54, 206.71 W, 98 %
2026/10/04 23:44:32.776, 1410 MHz, 1215 MHz, 54, 207.74 W, 98 %
2026/10/04 23:44:33.026, 1410 MHz, 1215 MHz, 54, 197.18 W, 98 %
2026/10/04 23:44:33.276, 1410 MHz, 1215 MHz, 54, 197.18 W, 96 %
2026/10/04 23:44:33.526, 1410 MHz, 1215 MHz, 54, 197.18 W, 96 %
2026/10/04 23:44:33.776, 1410 MHz, 1215 MHz, 54, 197.18 W, 96 %
2026/10/04 23:44:34.026, 1410 MHz, 1215 MHz, 54, 197.18 W, 96 %
2026/10/04 23:44:34.276, 1410 MHz, 1215 MHz, 54, 197.18 W, 96 %
2026/10/04 23:44:34.527, 1410 MHz, 1215 MHz, 54, 196.93 W, 96 %
2026/10/04 23:44:34.777, 1410 MHz, 1215 MHz, 54, 196.93 W, 96 %
2026/10/04 23:44:35.027, 1410 MHz, 1215 MHz, 51, 85.07 W, 96 %
2026/10/04 23:44:35.277, 1410 MHz, 1215 MHz, 48, 81.91 W, 4 %
2026/10/04 23:44:35.528, 1410 MHz, 1215 MHz, 47, 81.36 W, 0 %
2026/10/04 23:44:35.778, 1410 MHz, 1215 MHz, 46, 81.11 W, 0 %
2026/10/04 23:44:36.028, 1410 MHz, 1215 MHz, 46, 82.45 W, 0 %
2026/10/04 23:44:36.278, 1410 MHz, 1215 MHz, 49, 162.04 W, 1 %
2026/10/04 23:44:36.529, 1410 MHz, 1215 MHz, 50, 164.96 W, 63 %
2026/10/04 23:44:36.779, 1410 MHz, 1215 MHz, 51, 165.25 W, 88 %
2026/10/04 23:44:37.029, 1410 MHz, 1215 MHz, 51, 165.50 W, 88 %
2026/10/04 23:44:37.279, 1410 MHz, 1215 MHz, 51, 165.75 W, 88 %
2026/10/04 23:44:37.529, 1410 MHz, 1215 MHz, 51, 165.75 W, 88 %
2026/10/04 23:44:37.779, 1410 MHz, 1215 MHz, 51, 165.75 W, 88 %
2026/10/04 23:44:38.029, 1410 MHz, 1215 MHz, 51, 165.75 W, 88 %
2026/10/04 23:44:38.279, 1410 MHz, 1215 MHz, 51, 165.75 W, 88 %
2026/10/04 23:44:38.529, 1410 MHz, 1215 MHz, 52, 165.75 W, 88 %
2026/10/04 23:44:38.779, 1410 MHz, 1215 MHz, 52, 165.75 W, 88 %
2026/10/04 23:44:39.030, 1410 MHz, 1215 MHz, 52, 165.75 W, 88 %
2026/10/04 23:44:39.280, 1410 MHz, 1215 MHz, 52, 165.75 W, 88 %
2026/10/04 23:44:39.530, 1410 MHz, 1215 MHz, 52, 165.75 W, 88 %
2026/10/04 23:44:39.780, 1410 MHz, 1215 MHz, 52, 166.04 W, 88 %
2026/10/04 23:44:40.030, 1410 MHz, 1215 MHz, 52, 165.75 W, 88 %
2026/10/04 23:44:40.280, 1410 MHz, 1215 MHz, 52, 166.04 W, 88 %
2026/10/04 23:44:40.530, 1410 MHz, 1215 MHz, 52, 165.50 W, 94 %
2026/10/04 23:44:40.780, 1410 MHz, 1215 MHz, 52, 166.04 W, 93 %
2026/10/04 23:44:41.030, 1410 MHz, 1215 MHz, 52, 166.04 W, 89 %
2026/10/04 23:44:41.281, 1410 MHz, 1215 MHz, 52, 166.04 W, 89 %
2026/10/04 23:44:41.531, 1410 MHz, 1215 MHz, 52, 166.04 W, 89 %
2026/10/04 23:44:41.781, 1410 MHz, 1215 MHz, 52, 165.75 W, 89 %
2026/10/04 23:44:42.031, 1410 MHz, 1215 MHz, 52, 166.04 W, 89 %
2026/10/04 23:44:42.281, 1410 MHz, 1215 MHz, 52, 166.04 W, 89 %
2026/10/04 23:44:42.531, 1410 MHz, 1215 MHz, 52, 166.04 W, 89 %
2026/10/04 23:44:42.781, 1410 MHz, 1215 MHz, 52, 165.75 W, 89 %
2026/10/04 23:44:43.031, 1410 MHz, 1215 MHz, 52, 176.06 W, 92 %
2026/10/04 23:44:43.281, 1410 MHz, 1215 MHz, 52, 182.67 W, 92 %
2026/10/04 23:44:43.532, 1410 MHz, 1215 MHz, 52, 182.92 W, 92 %
2026/10/04 23:44:43.782, 1410 MHz, 1215 MHz, 52, 182.92 W, 93 %
2026/10/04 23:44:44.032, 1410 MHz, 1215 MHz, 52, 183.46 W, 93 %
2026/10/04 23:44:44.282, 1410 MHz, 1215 MHz, 52, 182.92 W, 93 %
2026/10/04 23:44:44.532, 1410 MHz, 1215 MHz, 52, 183.17 W, 93 %
2026/10/04 23:44:44.782, 1410 MHz, 1215 MHz, 52, 182.92 W, 93 %
2026/10/04 23:44:45.032, 1410 MHz, 1215 MHz, 52, 182.67 W, 92 %
2026/10/04 23:44:45.282, 1410 MHz, 1215 MHz, 52, 183.17 W, 92 %
2026/10/04 23:44:45.533, 1410 MHz, 1215 MHz, 52, 166.54 W, 92 %
2026/10/04 23:44:45.783, 1410 MHz, 1215 MHz, 52, 166.54 W, 88 %
2026/10/04 23:44:46.033, 1410 MHz, 1215 MHz, 52, 166.29 W, 89 %
2026/10/04 23:44:46.283, 1410 MHz, 1215 MHz, 52, 166.29 W, 88 %
2026/10/04 23:44:46.533, 1410 MHz, 1215 MHz, 52, 166.29 W, 88 %
2026/10/04 23:44:46.783, 1410 MHz, 1215 MHz, 52, 166.04 W, 88 %
2026/10/04 23:44:47.033, 1410 MHz, 1215 MHz, 52, 166.29 W, 89 %
2026/10/04 23:44:47.283, 1410 MHz, 1215 MHz, 52, 166.04 W, 88 %
2026/10/04 23:44:47.534, 1410 MHz, 1215 MHz, 47, 81.66 W, 60 %
2026/10/04 23:44:47.784, 1410 MHz, 1215 MHz, 46, 81.11 W, 0 %
2026/10/04 23:44:48.035, 1410 MHz, 1215 MHz, 46, 80.57 W, 0 %
2026/10/04 23:44:48.285, 1410 MHz, 1215 MHz, 46, 80.57 W, 0 %
2026/10/04 23:44:48.535, 1410 MHz, 1215 MHz, 45, 86.95 W, 0 %
2026/10/04 23:44:48.785, 1410 MHz, 1215 MHz, 45, 87.44 W, 4 %
2026/10/04 23:44:49.035, 1410 MHz, 1215 MHz, 45, 81.11 W, 20 %
2026/10/04 23:44:49.286, 1410 MHz, 1215 MHz, 45, 80.32 W, 5 %
2026/10/04 23:44:49.536, 1410 MHz, 1215 MHz, 45, 80.87 W, 5 %
2026/10/04 23:44:49.787, 1410 MHz, 1215 MHz, 45, 80.08 W, 5 %
2026/10/04 23:44:50.037, 1410 MHz, 1215 MHz, 45, 80.08 W, 5 %
2026/10/04 23:44:50.288, 1410 MHz, 1215 MHz, 44, 80.08 W, 5 %
2026/10/04 23:44:50.538, 1410 MHz, 1215 MHz, 44, 80.08 W, 5 %
2026/10/04 23:44:50.788, 1095 MHz, 1215 MHz, 44, 62.67 W, 4 %
2026/10/04 23:44:51.038, 1095 MHz, 1215 MHz, 44, 62.35 W, 4 %
2026/10/04 23:44:51.288, 1095 MHz, 1215 MHz, 44, 74.00 W, 11 %
2026/10/04 23:44:51.539, 1095 MHz, 1215 MHz, 44, 74.00 W, 39 %
2026/10/04 23:44:51.789, 1095 MHz, 1215 MHz, 44, 74.33 W, 39 %
2026/10/04 23:44:52.039, 1095 MHz, 1215 MHz, 44, 74.00 W, 39 %
2026/10/04 23:44:52.289, 1095 MHz, 1215 MHz, 44, 74.00 W, 39 %
2026/10/04 23:44:52.539, 1095 MHz, 1215 MHz, 44, 74.00 W, 39 %
2026/10/04 23:44:52.789, 1095 MHz, 1215 MHz, 44, 74.00 W, 39 %
2026/10/04 23:44:53.039, 1095 MHz, 1215 MHz, 44, 74.00 W, 39 %
2026/10/04 23:44:53.289, 1095 MHz, 1215 MHz, 44, 74.00 W, 39 %
2026/10/04 23:44:53.539, 1095 MHz, 1215 MHz, 43, 74.00 W, 39 %
2026/10/04 23:44:53.789, 1095 MHz, 1215 MHz, 43, 73.71 W, 39 %
2026/10/04 23:44:54.040, 1095 MHz, 1215 MHz, 43, 62.17 W, 1 %
2026/10/04 23:44:54.290, 1095 MHz, 1215 MHz, 43, 62.17 W, 2 %
2026/10/04 23:44:54.541, 1095 MHz, 1215 MHz, 42, 62.42 W, 2 %
2026/10/04 23:44:54.791, 1095 MHz, 1215 MHz, 42, 61.88 W, 1 %
2026/10/04 23:44:55.042, 1095 MHz, 1215 MHz, 42, 61.88 W, 2 %
2026/10/04 23:44:55.292, 1095 MHz, 1215 MHz, 42, 61.88 W, 1 %
2026/10/04 23:44:55.542, 1095 MHz, 1215 MHz, 42, 61.88 W, 1 %
2026/10/04 23:44:55.792, 1095 MHz, 1215 MHz, 42, 62.96 W, 2 %
2026/10/04 23:44:56.042, 1095 MHz, 1215 MHz, 43, 111.00 W, 12 %
2026/10/04 23:44:56.292, 1410 MHz, 1215 MHz, 46, 161.26 W, 96 %
2026/10/04 23:44:56.543, 1410 MHz, 1215 MHz, 50, 192.69 W, 95 %
2026/10/04 23:44:56.793, 1410 MHz, 1215 MHz, 50, 193.47 W, 95 %
2026/10/04 23:44:57.043, 1410 MHz, 1215 MHz, 51, 193.47 W, 95 %
2026/10/04 23:44:57.293, 1410 MHz, 1215 MHz, 51, 194.02 W, 95 %
2026/10/04 23:44:57.543, 1410 MHz, 1215 MHz, 51, 194.02 W, 95 %
2026/10/04 23:44:57.793, 1410 MHz, 1215 MHz, 51, 194.26 W, 95 %
2026/10/04 23:44:58.043, 1410 MHz, 1215 MHz, 52, 194.26 W, 95 %
2026/10/04 23:44:58.293, 1410 MHz, 1215 MHz, 52, 194.81 W, 95 %
2026/10/04 23:44:58.543, 1410 MHz, 1215 MHz, 52, 194.81 W, 95 %
2026/10/04 23:44:58.793, 1410 MHz, 1215 MHz, 52, 194.81 W, 95 %
2026/10/04 23:44:59.043, 1410 MHz, 1215 MHz, 52, 195.05 W, 95 %
2026/10/04 23:44:59.294, 1410 MHz, 1215 MHz, 52, 195.05 W, 95 %
2026/10/04 23:44:59.544, 1410 MHz, 1215 MHz, 52, 194.81 W, 95 %
2026/10/04 23:44:59.794, 1410 MHz, 1215 MHz, 52, 195.05 W, 95 %
2026/10/04 23:45:00.044, 1410 MHz, 1215 MHz, 52, 195.05 W, 95 %
2026/10/04 23:45:00.294, 1410 MHz, 1215 MHz, 52, 194.02 W, 99 %
2026/10/04 23:45:00.544, 1410 MHz, 1215 MHz, 52, 195.05 W, 96 %
2026/10/04 23:45:00.794, 1410 MHz, 1215 MHz, 52, 195.35 W, 96 %
2026/10/04 23:45:01.044, 1410 MHz, 1215 MHz, 52, 195.05 W, 96 %
2026/10/04 23:45:01.294, 1410 MHz, 1215 MHz, 52, 195.35 W, 96 %
2026/10/04 23:45:01.544, 1410 MHz, 1215 MHz, 53, 195.60 W, 96 %
2026/10/04 23:45:01.795, 1410 MHz, 1215 MHz, 53, 195.35 W, 96 %
2026/10/04 23:45:02.045, 1410 MHz, 1215 MHz, 53, 195.35 W, 96 %
2026/10/04 23:45:02.296, 1410 MHz, 1215 MHz, 53, 195.35 W, 96 %
2026/10/04 23:45:02.546, 1410 MHz, 1215 MHz, 53, 195.35 W, 96 %
2026/10/04 23:45:02.796, 1410 MHz, 1215 MHz, 50, 152.03 W, 95 %
2026/10/04 23:45:03.046, 1410 MHz, 1215 MHz, 50, 152.28 W, 73 %
2026/10/04 23:45:03.296, 1410 MHz, 1215 MHz, 50, 152.03 W, 73 %
2026/10/04 23:45:03.546, 1410 MHz, 1215 MHz, 50, 151.78 W, 73 %
2026/10/04 23:45:03.796, 1410 MHz, 1215 MHz, 50, 152.28 W, 73 %
2026/10/04 23:45:04.046, 1410 MHz, 1215 MHz, 49, 152.03 W, 73 %
2026/10/04 23:45:04.296, 1410 MHz, 1215 MHz, 49, 151.49 W, 73 %
2026/10/04 23:45:04.546, 1410 MHz, 1215 MHz, 49, 149.66 W, 73 %
2026/10/04 23:45:04.797, 1410 MHz, 1215 MHz, 49, 151.78 W, 73 %
2026/10/04 23:45:05.047, 1410 MHz, 1215 MHz, 49, 150.70 W, 73 %
2026/10/04 23:45:05.297, 1410 MHz, 1215 MHz, 51, 192.44 W, 73 %
2026/10/04 23:45:05.547, 1410 MHz, 1215 MHz, 52, 195.35 W, 86 %
2026/10/04 23:45:05.797, 1410 MHz, 1215 MHz, 52, 195.05 W, 96 %
2026/10/04 23:45:06.047, 1410 MHz, 1215 MHz, 52, 195.60 W, 96 %
2026/10/04 23:45:06.297, 1410 MHz, 1215 MHz, 53, 195.85 W, 96 %
2026/10/04 23:45:06.548, 1410 MHz, 1215 MHz, 53, 195.85 W, 96 %
2026/10/04 23:45:06.798, 1410 MHz, 1215 MHz, 53, 195.85 W, 96 %
2026/10/04 23:45:07.048, 1410 MHz, 1215 MHz, 53, 195.85 W, 96 %
2026/10/04 23:45:07.298, 1410 MHz, 1215 MHz, 47, 87.44 W, 96 %
2026/10/04 23:45:07.548, 1410 MHz, 1215 MHz, 46, 80.87 W, 20 %
2026/10/04 23:45:07.798, 1410 MHz, 1215 MHz, 45, 80.08 W, 0 %
2026/10/04 23:45:08.049, 1410 MHz, 1215 MHz, 45, 79.78 W, 0 %
2026/10/04 23:45:08.299, 1410 MHz, 1215 MHz, 45, 79.53 W, 0 %
2026/10/04 23:45:08.549, 1410 MHz, 1215 MHz, 50, 191.36 W, 0 %
2026/10/04 23:45:08.799, 1410 MHz, 1215 MHz, 51, 192.44 W, 51 %
2026/10/04 23:45:09.049, 1410 MHz, 1215 MHz, 52, 195.35 W, 98 %
2026/10/04 23:45:09.299, 1410 MHz, 1215 MHz, 52, 195.85 W, 98 %
2026/10/04 23:45:09.550, 1410 MHz, 1215 MHz, 52, 195.85 W, 98 %
2026/10/04 23:45:09.800, 1410 MHz, 1215 MHz, 53, 196.14 W, 98 %
2026/10/04 23:45:10.050, 1410 MHz, 1215 MHz, 53, 196.39 W, 98 %
2026/10/04 23:45:10.300, 1410 MHz, 1215 MHz, 53, 196.39 W, 98 %
2026/10/04 23:45:10.550, 1410 MHz, 1215 MHz, 53, 196.39 W, 98 %
2026/10/04 23:45:10.800, 1410 MHz, 1215 MHz, 53, 196.39 W, 98 %
2026/10/04 23:45:11.050, 1410 MHz, 1215 MHz, 53, 196.39 W, 98 %
2026/10/04 23:45:11.301, 1410 MHz, 1215 MHz, 53, 196.39 W, 98 %
2026/10/04 23:45:11.551, 1410 MHz, 1215 MHz, 53, 196.39 W, 98 %
2026/10/04 23:45:11.801, 1410 MHz, 1215 MHz, 53, 196.63 W, 98 %
2026/10/04 23:45:12.051, 1410 MHz, 1215 MHz, 53, 196.63 W, 98 %
2026/10/04 23:45:12.302, 1410 MHz, 1215 MHz, 53, 196.63 W, 98 %
2026/10/04 23:45:12.552, 1410 MHz, 1215 MHz, 53, 196.39 W, 97 %
2026/10/04 23:45:12.802, 1410 MHz, 1215 MHz, 53, 196.93 W, 98 %
2026/10/04 23:45:13.052, 1410 MHz, 1215 MHz, 53, 196.93 W, 98 %
2026/10/04 23:45:13.303, 1410 MHz, 1215 MHz, 53, 197.18 W, 98 %
2026/10/04 23:45:13.553, 1410 MHz, 1215 MHz, 53, 197.18 W, 98 %
2026/10/04 23:45:13.803, 1410 MHz, 1215 MHz, 53, 197.18 W, 98 %
2026/10/04 23:45:14.053, 1410 MHz, 1215 MHz, 53, 196.93 W, 98 %
2026/10/04 23:45:14.303, 1410 MHz, 1215 MHz, 53, 197.18 W, 98 %
2026/10/04 23:45:14.553, 1410 MHz, 1215 MHz, 53, 197.18 W, 98 %
2026/10/04 23:45:14.803, 1410 MHz, 1215 MHz, 53, 197.18 W, 98 %
2026/10/04 23:45:15.053, 1410 MHz, 1215 MHz, 54, 217.26 W, 98 %
2026/10/04 23:45:15.304, 1410 MHz, 1215 MHz, 54, 217.01 W, 99 %
2026/10/04 23:45:15.554, 1410 MHz, 1215 MHz, 54, 216.71 W, 99 %
2026/10/04 23:45:15.804, 1410 MHz, 1215 MHz, 54, 217.26 W, 99 %
2026/10/04 23:45:16.054, 1410 MHz, 1215 MHz, 54, 217.75 W, 99 %
2026/10/04 23:45:16.304, 1410 MHz, 1215 MHz, 54, 217.25 W, 99 %
2026/10/04 23:45:16.554, 1410 MHz, 1215 MHz, 54, 217.01 W, 99 %
2026/10/04 23:45:16.804, 1410 MHz, 1215 MHz, 54, 217.26 W, 99 %
2026/10/04 23:45:17.054, 1410 MHz, 1215 MHz, 54, 217.75 W, 99 %
2026/10/04 23:45:17.304, 1410 MHz, 1215 MHz, 55, 218.05 W, 99 %
2026/10/04 23:45:17.554, 1410 MHz, 1215 MHz, 55, 212.23 W, 99 %
2026/10/04 23:45:17.805, 1410 MHz, 1215 MHz, 54, 198.22 W, 99 %
2026/10/04 23:45:18.055, 1410 MHz, 1215 MHz, 54, 197.97 W, 98 %
2026/10/04 23:45:18.305, 1410 MHz, 1215 MHz, 54, 197.97 W, 98 %
2026/10/04 23:45:18.555, 1410 MHz, 1215 MHz, 54, 197.97 W, 98 %
2026/10/04 23:45:18.805, 1410 MHz, 1215 MHz, 54, 197.97 W, 98 %
2026/10/04 23:45:19.056, 1410 MHz, 1215 MHz, 54, 197.72 W, 98 %
2026/10/04 23:45:19.306, 1410 MHz, 1215 MHz, 54, 197.72 W, 98 %
2026/10/04 23:45:19.556, 1410 MHz, 1215 MHz, 51, 198.51 W, 98 %
2026/10/04 23:45:19.807, 1410 MHz, 1215 MHz, 48, 82.94 W, 84 %
2026/10/04 23:45:20.058, 1410 MHz, 1215 MHz, 47, 81.91 W, 0 %
2026/10/04 23:45:20.308, 1410 MHz, 1215 MHz, 46, 81.66 W, 0 %
2026/10/04 23:45:20.558, 1410 MHz, 1215 MHz, 46, 80.57 W, 0 %
2026/10/04 23:45:20.809, 1410 MHz, 1215 MHz, 46, 85.37 W, 0 %
2026/10/04 23:45:21.059, 1410 MHz, 1215 MHz, 52, 192.44 W, 72 %
2026/10/04 23:45:21.309, 1410 MHz, 1215 MHz, 52, 193.47 W, 98 %
2026/10/04 23:45:21.559, 1410 MHz, 1215 MHz, 53, 196.14 W, 98 %
2026/10/04 23:45:21.809, 1410 MHz, 1215 MHz, 53, 196.39 W, 98 %
2026/10/04 23:45:22.060, 1410 MHz, 1215 MHz, 53, 196.63 W, 98 %
2026/10/04 23:45:22.310, 1410 MHz, 1215 MHz, 53, 196.93 W, 98 %
2026/10/04 23:45:22.560, 1410 MHz, 1215 MHz, 54, 196.93 W, 98 %
2026/10/04 23:45:22.810, 1410 MHz, 1215 MHz, 54, 196.93 W, 98 %
2026/10/04 23:45:23.060, 1410 MHz, 1215 MHz, 54, 197.18 W, 98 %
2026/10/04 23:45:23.310, 1410 MHz, 1215 MHz, 54, 197.18 W, 98 %
2026/10/04 23:45:23.561, 1410 MHz, 1215 MHz, 54, 197.18 W, 98 %
2026/10/04 23:45:23.811, 1410 MHz, 1215 MHz, 54, 197.18 W, 98 %
2026/10/04 23:45:24.061, 1410 MHz, 1215 MHz, 54, 197.18 W, 98 %
2026/10/04 23:45:24.311, 1410 MHz, 1215 MHz, 54, 197.18 W, 98 %
2026/10/04 23:45:24.561, 1410 MHz, 1215 MHz, 54, 197.18 W, 98 %
2026/10/04 23:45:24.811, 1410 MHz, 1215 MHz, 54, 195.05 W, 98 %
2026/10/04 23:45:25.061, 1410 MHz, 1215 MHz, 54, 196.93 W, 99 %
2026/10/04 23:45:25.311, 1410 MHz, 1215 MHz, 54, 197.43 W, 99 %
2026/10/04 23:45:25.561, 1410 MHz, 1215 MHz, 54, 197.43 W, 98 %
2026/10/04 23:45:25.811, 1410 MHz, 1215 MHz, 54, 197.72 W, 98 %
2026/10/04 23:45:26.062, 1410 MHz, 1215 MHz, 54, 197.43 W, 98 %
2026/10/04 23:45:26.312, 1410 MHz, 1215 MHz, 54, 197.43 W, 98 %
2026/10/04 23:45:26.562, 1410 MHz, 1215 MHz, 54, 197.43 W, 98 %
2026/10/04 23:45:26.812, 1410 MHz, 1215 MHz, 54, 197.43 W, 98 %
2026/10/04 23:45:27.062, 1410 MHz, 1215 MHz, 54, 197.43 W, 98 %
2026/10/04 23:45:27.312, 1410 MHz, 1215 MHz, 54, 197.72 W, 98 %
2026/10/04 23:45:27.562, 1410 MHz, 1215 MHz, 50, 102.80 W, 90 %
2026/10/04 23:45:27.813, 1410 MHz, 1215 MHz, 48, 102.02 W, 30 %
2026/10/04 23:45:28.063, 1410 MHz, 1215 MHz, 48, 101.47 W, 30 %
2026/10/04 23:45:28.313, 1410 MHz, 1215 MHz, 47, 100.93 W, 30 %
2026/10/04 23:45:28.563, 1410 MHz, 1215 MHz, 47, 100.93 W, 30 %
2026/10/04 23:45:28.813, 1410 MHz, 1215 MHz, 47, 100.68 W, 30 %
2026/10/04 23:45:29.063, 1410 MHz, 1215 MHz, 47, 100.93 W, 30 %
2026/10/04 23:45:29.313, 1140 MHz, 1215 MHz, 46, 83.24 W, 30 %
2026/10/04 23:45:29.563, 1140 MHz, 1215 MHz, 46, 77.41 W, 37 %
2026/10/04 23:45:29.814, 1125 MHz, 1215 MHz, 45, 76.38 W, 38 %
2026/10/04 23:45:30.064, 1410 MHz, 1215 MHz, 48, 76.38 W, 38 %
2026/10/04 23:45:30.314, 1410 MHz, 1215 MHz, 52, 195.35 W, 98 %
2026/10/04 23:45:30.564, 1410 MHz, 1215 MHz, 52, 196.14 W, 98 %
2026/10/04 23:45:30.814, 1410 MHz, 1215 MHz, 53, 196.39 W, 98 %
2026/10/04 23:45:31.065, 1410 MHz, 1215 MHz, 53, 196.63 W, 98 %
2026/10/04 23:45:31.315, 1410 MHz, 1215 MHz, 53, 196.63 W, 98 %
2026/10/04 23:45:31.565, 1410 MHz, 1215 MHz, 53, 196.93 W, 98 %
2026/10/04 23:45:31.815, 1410 MHz, 1215 MHz, 53, 196.93 W, 98 %
2026/10/04 23:45:32.066, 1410 MHz, 1215 MHz, 49, 130.82 W, 98 %
2026/10/04 23:45:32.316, 1410 MHz, 1215 MHz, 47, 82.45 W, 3 %
2026/10/04 23:45:32.567, 1410 MHz, 1215 MHz, 46, 81.36 W, 0 %
2026/10/04 23:45:32.817, 1410 MHz, 1215 MHz, 46, 80.87 W, 0 %
2026/10/04 23:45:33.067, 1410 MHz, 1215 MHz, 45, 80.87 W, 0 %
2026/10/04 23:45:33.317, 1410 MHz, 1215 MHz, 50, 186.07 W, 8 %
2026/10/04 23:45:33.567, 1410 MHz, 1215 MHz, 51, 194.51 W, 95 %
2026/10/04 23:45:33.818, 1410 MHz, 1215 MHz, 52, 195.35 W, 95 %
2026/10/04 23:45:34.068, 1410 MHz, 1215 MHz, 53, 195.35 W, 95 %
2026/10/04 23:45:34.318, 1410 MHz, 1215 MHz, 53, 195.60 W, 95 %
2026/10/04 23:45:34.568, 1410 MHz, 1215 MHz, 53, 195.60 W, 95 %
2026/10/04 23:45:34.818, 1410 MHz, 1215 MHz, 53, 195.85 W, 96 %
2026/10/04 23:45:35.068, 1410 MHz, 1215 MHz, 53, 195.85 W, 96 %
2026/10/04 23:45:35.318, 1410 MHz, 1215 MHz, 53, 196.14 W, 96 %
2026/10/04 23:45:35.568, 1410 MHz, 1215 MHz, 53, 195.85 W, 96 %
2026/10/04 23:45:35.818, 1410 MHz, 1215 MHz, 53, 195.85 W, 95 %
2026/10/04 23:45:36.068, 1410 MHz, 1215 MHz, 53, 196.14 W, 95 %
2026/10/04 23:45:36.319, 1410 MHz, 1215 MHz, 53, 196.14 W, 95 %
2026/10/04 23:45:36.569, 1410 MHz, 1215 MHz, 54, 196.39 W, 95 %
2026/10/04 23:45:36.819, 1410 MHz, 1215 MHz, 54, 196.14 W, 96 %
2026/10/04 23:45:37.069, 1410 MHz, 1215 MHz, 54, 196.39 W, 95 %
2026/10/04 23:45:37.319, 1410 MHz, 1215 MHz, 54, 196.39 W, 95 %
2026/10/04 23:45:37.569, 1410 MHz, 1215 MHz, 54, 195.85 W, 99 %
2026/10/04 23:45:37.819, 1410 MHz, 1215 MHz, 54, 196.14 W, 96 %
2026/10/04 23:45:38.069, 1410 MHz, 1215 MHz, 54, 196.14 W, 96 %
2026/10/04 23:45:38.319, 1410 MHz, 1215 MHz, 54, 196.63 W, 96 %
2026/10/04 23:45:38.570, 1410 MHz, 1215 MHz, 54, 196.63 W, 96 %
2026/10/04 23:45:38.820, 1410 MHz, 1215 MHz, 54, 196.93 W, 96 %
2026/10/04 23:45:39.070, 1410 MHz, 1215 MHz, 54, 196.93 W, 96 %
2026/10/04 23:45:39.320, 1410 MHz, 1215 MHz, 54, 196.14 W, 96 %
2026/10/04 23:45:39.570, 1410 MHz, 1215 MHz, 54, 196.63 W, 96 %
2026/10/04 23:45:39.820, 1410 MHz, 1215 MHz, 53, 170.78 W, 96 %
2026/10/04 23:45:40.070, 1410 MHz, 1215 MHz, 51, 153.36 W, 85 %
2026/10/04 23:45:40.320, 1410 MHz, 1215 MHz, 51, 153.29 W, 73 %
2026/10/04 23:45:40.570, 1410 MHz, 1215 MHz, 51, 153.61 W, 73 %
2026/10/04 23:45:40.820, 1410 MHz, 1215 MHz, 51, 153.61 W, 73 %
2026/10/04 23:45:41.070, 1410 MHz, 1215 MHz, 51, 153.12 W, 74 %
2026/10/04 23:45:41.320, 1410 MHz, 1215 MHz, 51, 152.03 W, 73 %
2026/10/04 23:45:41.570, 1410 MHz, 1215 MHz, 51, 152.28 W, 73 %
2026/10/04 23:45:41.821, 1410 MHz, 1215 MHz, 51, 153.36 W, 73 %
2026/10/04 23:45:42.071, 1410 MHz, 1215 MHz, 51, 152.57 W, 73 %
2026/10/04 23:45:42.321, 1410 MHz, 1215 MHz, 51, 152.82 W, 73 %
2026/10/04 23:45:42.571, 1410 MHz, 1215 MHz, 53, 195.85 W, 85 %
2026/10/04 23:45:42.821, 1410 MHz, 1215 MHz, 53, 196.39 W, 96 %
2026/10/04 23:45:43.071, 1410 MHz, 1215 MHz, 53, 196.14 W, 96 %
2026/10/04 23:45:43.322, 1410 MHz, 1215 MHz, 54, 196.63 W, 96 %
2026/10/04 23:45:43.572, 1410 MHz, 1215 MHz, 54, 196.63 W, 96 %
2026/10/04 23:45:43.822, 1410 MHz, 1215 MHz, 54, 196.39 W, 96 %
2026/10/04 23:45:44.072, 1410 MHz, 1215 MHz, 54, 196.93 W, 96 %
2026/10/04 23:45:44.322, 1410 MHz, 1215 MHz, 54, 191.36 W, 96 %
2026/10/04 23:45:44.573, 1410 MHz, 1215 MHz, 48, 82.45 W, 30 %
2026/10/04 23:45:44.823, 1410 MHz, 1215 MHz, 47, 81.11 W, 0 %
2026/10/04 23:45:45.073, 1410 MHz, 1215 MHz, 46, 81.11 W, 0 %
2026/10/04 23:45:45.323, 1410 MHz, 1215 MHz, 46, 80.87 W, 0 %
2026/10/04 23:45:45.574, 1410 MHz, 1215 MHz, 46, 86.41 W, 0 %
2026/10/04 23:45:45.824, 1410 MHz, 1215 MHz, 50, 164.46 W, 32 %
2026/10/04 23:45:46.074, 1410 MHz, 1215 MHz, 51, 164.96 W, 88 %
2026/10/04 23:45:46.324, 1410 MHz, 1215 MHz, 51, 165.25 W, 88 %
2026/10/04 23:45:46.574, 1410 MHz, 1215 MHz, 51, 165.50 W, 88 %
2026/10/04 23:45:46.824, 1410 MHz, 1215 MHz, 51, 165.50 W, 88 %
2026/10/04 23:45:47.074, 1410 MHz, 1215 MHz, 51, 165.50 W, 88 %
2026/10/04 23:45:47.324, 1410 MHz, 1215 MHz, 51, 165.50 W, 88 %
2026/10/04 23:45:47.574, 1410 MHz, 1215 MHz, 51, 165.50 W, 88 %
2026/10/04 23:45:47.824, 1410 MHz, 1215 MHz, 51, 165.50 W, 88 %
2026/10/04 23:45:48.075, 1410 MHz, 1215 MHz, 51, 165.50 W, 88 %
2026/10/04 23:45:48.325, 1410 MHz, 1215 MHz, 51, 165.75 W, 88 %
2026/10/04 23:45:48.576, 1410 MHz, 1215 MHz, 51, 165.75 W, 88 %
2026/10/04 23:45:48.826, 1410 MHz, 1215 MHz, 51, 165.75 W, 88 %
2026/10/04 23:45:49.076, 1410 MHz, 1215 MHz, 51, 165.75 W, 88 %
2026/10/04 23:45:49.326, 1410 MHz, 1215 MHz, 51, 165.75 W, 88 %
2026/10/04 23:45:49.576, 1410 MHz, 1215 MHz, 51, 165.75 W, 88 %
2026/10/04 23:45:49.827, 1410 MHz, 1215 MHz, 51, 164.96 W, 90 %
2026/10/04 23:45:50.077, 1410 MHz, 1215 MHz, 51, 164.96 W, 96 %
2026/10/04 23:45:50.327, 1410 MHz, 1215 MHz, 51, 165.75 W, 89 %
2026/10/04 23:45:50.577, 1410 MHz, 1215 MHz, 51, 165.75 W, 89 %
2026/10/04 23:45:50.827, 1410 MHz, 1215 MHz, 51, 165.75 W, 89 %
2026/10/04 23:45:51.077, 1410 MHz, 1215 MHz, 51, 165.75 W, 89 %
2026/10/04 23:45:51.328, 1410 MHz, 1215 MHz, 51, 165.75 W, 89 %
2026/10/04 23:45:51.578, 1410 MHz, 1215 MHz, 51, 165.75 W, 89 %
2026/10/04 23:45:51.828, 1410 MHz, 1215 MHz, 51, 165.75 W, 89 %
2026/10/04 23:45:52.079, 1410 MHz, 1215 MHz, 51, 165.75 W, 89 %
2026/10/04 23:45:52.329, 1410 MHz, 1215 MHz, 50, 136.10 W, 72 %
2026/10/04 23:45:52.579, 1410 MHz, 1215 MHz, 50, 135.31 W, 66 %
2026/10/04 23:45:52.829, 1410 MHz, 1215 MHz, 49, 135.31 W, 66 %
2026/10/04 23:45:53.079, 1410 MHz, 1215 MHz, 49, 135.31 W, 66 %
2026/10/04 23:45:53.329, 1410 MHz, 1215 MHz, 49, 135.01 W, 66 %
2026/10/04 23:45:53.579, 1410 MHz, 1215 MHz, 49, 134.76 W, 66 %
2026/10/04 23:45:53.829, 1410 MHz, 1215 MHz, 49, 134.76 W, 66 %
2026/10/04 23:45:54.079, 1410 MHz, 1215 MHz, 49, 134.76 W, 65 %
2026/10/04 23:45:54.329, 1410 MHz, 1215 MHz, 49, 134.76 W, 66 %
2026/10/04 23:45:54.579, 1410 MHz, 1215 MHz, 49, 135.01 W, 66 %
2026/10/04 23:45:54.830, 1410 MHz, 1215 MHz, 50, 134.76 W, 66 %
2026/10/04 23:45:55.080, 1410 MHz, 1215 MHz, 51, 165.25 W, 66 %
2026/10/04 23:45:55.330, 1410 MHz, 1215 MHz, 51, 165.50 W, 89 %
2026/10/04 23:45:55.580, 1410 MHz, 1215 MHz, 51, 165.50 W, 89 %
2026/10/04 23:45:55.830, 1410 MHz, 1215 MHz, 51, 165.50 W, 89 %
2026/10/04 23:45:56.081, 1410 MHz, 1215 MHz, 51, 165.75 W, 89 %
2026/10/04 23:45:56.331, 1410 MHz, 1215 MHz, 51, 165.75 W, 89 %
2026/10/04 23:45:56.581, 1410 MHz, 1215 MHz, 51, 166.04 W, 89 %
2026/10/04 23:45:56.831, 1410 MHz, 1215 MHz, 48, 91.44 W, 89 %
2026/10/04 23:45:57.082, 1410 MHz, 1215 MHz, 46, 81.36 W, 90 %
2026/10/04 23:45:57.332, 1410 MHz, 1215 MHz, 46, 80.57 W, 0 %
2026/10/04 23:45:57.583, 1410 MHz, 1215 MHz, 45, 80.57 W, 0 %
2026/10/04 23:45:57.833, 1410 MHz, 1215 MHz, 45, 80.32 W, 0 %
2026/10/04 23:45:58.083, 1410 MHz, 1215 MHz, 45, 81.36 W, 0 %
2026/10/04 23:45:58.333, 1410 MHz, 1215 MHz, 51, 195.05 W, 64 %
2026/10/04 23:45:58.583, 1410 MHz, 1215 MHz, 52, 195.60 W, 98 %
2026/10/04 23:45:58.833, 1410 MHz, 1215 MHz, 53, 196.14 W, 98 %
2026/10/04 23:45:59.083, 1410 MHz, 1215 MHz, 53, 196.14 W, 98 %
2026/10/04 23:45:59.333, 1410 MHz, 1215 MHz, 53, 196.39 W, 98 %
2026/10/04 23:45:59.583, 1410 MHz, 1215 MHz, 53, 196.39 W, 98 %
2026/10/04 23:45:59.834, 1410 MHz, 1215 MHz, 53, 196.63 W, 98 %
2026/10/04 23:46:00.084, 1410 MHz, 1215 MHz, 53, 196.63 W, 98 %
2026/10/04 23:46:00.334, 1410 MHz, 1215 MHz, 53, 196.93 W, 98 %
2026/10/04 23:46:00.584, 1410 MHz, 1215 MHz, 53, 196.93 W, 98 %
2026/10/04 23:46:00.834, 1410 MHz, 1215 MHz, 53, 196.93 W, 98 %
2026/10/04 23:46:01.084, 1410 MHz, 1215 MHz, 54, 196.93 W, 98 %
2026/10/04 23:46:01.334, 1410 MHz, 1215 MHz, 54, 197.18 W, 98 %
2026/10/04 23:46:01.584, 1410 MHz, 1215 MHz, 54, 197.18 W, 98 %
2026/10/04 23:46:01.834, 1410 MHz, 1215 MHz, 54, 197.18 W, 98 %
2026/10/04 23:46:02.084, 1410 MHz, 1215 MHz, 54, 197.18 W, 98 %
2026/10/04 23:46:02.334, 1410 MHz, 1215 MHz, 54, 197.18 W, 99 %
2026/10/04 23:46:02.585, 1410 MHz, 1215 MHz, 54, 197.43 W, 99 %
2026/10/04 23:46:02.835, 1410 MHz, 1215 MHz, 54, 197.43 W, 98 %
2026/10/04 23:46:03.085, 1410 MHz, 1215 MHz, 54, 197.43 W, 98 %
2026/10/04 23:46:03.335, 1410 MHz, 1215 MHz, 54, 197.43 W, 98 %
2026/10/04 23:46:03.585, 1410 MHz, 1215 MHz, 54, 197.43 W, 98 %
2026/10/04 23:46:03.835, 1410 MHz, 1215 MHz, 54, 197.43 W, 98 %
2026/10/04 23:46:04.085, 1410 MHz, 1215 MHz, 54, 197.43 W, 98 %
2026/10/04 23:46:04.335, 1410 MHz, 1215 MHz, 54, 197.43 W, 98 %
2026/10/04 23:46:04.585, 1410 MHz, 1215 MHz, 54, 197.43 W, 98 %
2026/10/04 23:46:04.836, 1410 MHz, 1215 MHz, 54, 216.96 W, 98 %
2026/10/04 23:46:05.086, 1410 MHz, 1215 MHz, 54, 217.51 W, 99 %
2026/10/04 23:46:05.336, 1410 MHz, 1215 MHz, 55, 217.75 W, 99 %
2026/10/04 23:46:05.586, 1410 MHz, 1215 MHz, 55, 217.50 W, 99 %
2026/10/04 23:46:05.836, 1410 MHz, 1215 MHz, 55, 217.51 W, 99 %
2026/10/04 23:46:06.086, 1410 MHz, 1215 MHz, 55, 217.50 W, 99 %
2026/10/04 23:46:06.337, 1410 MHz, 1215 MHz, 55, 218.30 W, 99 %
2026/10/04 23:46:06.587, 1410 MHz, 1215 MHz, 55, 217.50 W, 99 %
2026/10/04 23:46:06.837, 1410 MHz, 1215 MHz, 55, 218.05 W, 99 %
2026/10/04 23:46:07.087, 1410 MHz, 1215 MHz, 55, 217.26 W, 99 %
2026/10/04 23:46:07.337, 1410 MHz, 1215 MHz, 55, 198.51 W, 99 %
2026/10/04 23:46:07.587, 1410 MHz, 1215 MHz, 55, 198.22 W, 98 %
2026/10/04 23:46:07.837, 1410 MHz, 1215 MHz, 55, 198.22 W, 98 %
2026/10/04 23:46:08.088, 1410 MHz, 1215 MHz, 55, 198.22 W, 98 %
2026/10/04 23:46:08.338, 1410 MHz, 1215 MHz, 54, 198.22 W, 98 %
2026/10/04 23:46:08.588, 1410 MHz, 1215 MHz, 54, 198.22 W, 98 %
2026/10/04 23:46:08.838, 1410 MHz, 1215 MHz, 54, 198.22 W, 98 %
2026/10/04 23:46:09.088, 1410 MHz, 1215 MHz, 54, 198.22 W, 98 %
2026/10/04 23:46:09.338, 1410 MHz, 1215 MHz, 49, 85.37 W, 69 %
2026/10/04 23:46:09.589, 1410 MHz, 1215 MHz, 48, 82.94 W, 3 %
2026/10/04 23:46:09.839, 1410 MHz, 1215 MHz, 47, 81.91 W, 0 %
2026/10/04 23:46:10.090, 1410 MHz, 1215 MHz, 46, 81.66 W, 0 %
2026/10/04 23:46:10.340, 1410 MHz, 1215 MHz, 46, 81.11 W, 0 %
2026/10/04 23:46:10.590, 1410 MHz, 1215 MHz, 49, 139.51 W, 1 %
2026/10/04 23:46:10.840, 1410 MHz, 1215 MHz, 51, 164.96 W, 83 %
2026/10/04 23:46:11.090, 1410 MHz, 1215 MHz, 51, 165.50 W, 88 %
2026/10/04 23:46:11.340, 1410 MHz, 1215 MHz, 51, 165.50 W, 88 %
2026/10/04 23:46:11.590, 1410 MHz, 1215 MHz, 51, 165.75 W, 88 %
2026/10/04 23:46:11.840, 1410 MHz, 1215 MHz, 52, 165.75 W, 88 %
2026/10/04 23:46:12.091, 1410 MHz, 1215 MHz, 52, 165.75 W, 88 %
2026/10/04 23:46:12.341, 1410 MHz, 1215 MHz, 52, 165.75 W, 88 %
2026/10/04 23:46:12.591, 1410 MHz, 1215 MHz, 52, 165.75 W, 88 %
2026/10/04 23:46:12.841, 1410 MHz, 1215 MHz, 52, 166.04 W, 88 %
2026/10/04 23:46:13.091, 1410 MHz, 1215 MHz, 52, 166.04 W, 88 %
2026/10/04 23:46:13.341, 1410 MHz, 1215 MHz, 52, 165.75 W, 88 %
2026/10/04 23:46:13.591, 1410 MHz, 1215 MHz, 52, 165.75 W, 88 %
2026/10/04 23:46:13.841, 1410 MHz, 1215 MHz, 52, 165.75 W, 88 %
2026/10/04 23:46:14.092, 1410 MHz, 1215 MHz, 52, 166.04 W, 88 %
2026/10/04 23:46:14.342, 1410 MHz, 1215 MHz, 52, 166.04 W, 88 %
2026/10/04 23:46:14.592, 1410 MHz, 1215 MHz, 52, 166.83 W, 89 %
2026/10/04 23:46:14.842, 1410 MHz, 1215 MHz, 52, 165.75 W, 96 %
2026/10/04 23:46:15.092, 1410 MHz, 1215 MHz, 52, 166.04 W, 91 %
2026/10/04 23:46:15.342, 1410 MHz, 1215 MHz, 52, 166.04 W, 89 %
2026/10/04 23:46:15.592, 1410 MHz, 1215 MHz, 52, 166.04 W, 89 %
2026/10/04 23:46:15.842, 1410 MHz, 1215 MHz, 52, 166.04 W, 89 %
2026/10/04 23:46:16.093, 1410 MHz, 1215 MHz, 52, 166.04 W, 89 %
2026/10/04 23:46:16.343, 1410 MHz, 1215 MHz, 52, 166.04 W, 89 %
2026/10/04 23:46:16.593, 1410 MHz, 1215 MHz, 52, 166.04 W, 89 %
2026/10/04 23:46:16.843, 1410 MHz, 1215 MHz, 52, 166.04 W, 89 %
2026/10/04 23:46:17.093, 1410 MHz, 1215 MHz, 52, 165.75 W, 89 %
2026/10/04 23:46:17.343, 1410 MHz, 1215 MHz, 52, 183.17 W, 93 %
2026/10/04 23:46:17.593, 1410 MHz, 1215 MHz, 52, 182.38 W, 93 %
2026/10/04 23:46:17.843, 1410 MHz, 1215 MHz, 52, 182.67 W, 93 %
2026/10/04 23:46:18.093, 1410 MHz, 1215 MHz, 52, 182.67 W, 93 %
2026/10/04 23:46:18.343, 1410 MHz, 1215 MHz, 52, 182.67 W, 93 %
2026/10/04 23:46:18.594, 1410 MHz, 1215 MHz, 52, 182.92 W, 93 %
2026/10/04 23:46:18.844, 1410 MHz, 1215 MHz, 52, 182.92 W, 93 %
2026/10/04 23:46:19.094, 1410 MHz, 1215 MHz, 52, 183.17 W, 93 %
2026/10/04 23:46:19.344, 1410 MHz, 1215 MHz, 52, 183.17 W, 93 %
2026/10/04 23:46:19.594, 1410 MHz, 1215 MHz, 53, 183.17 W, 93 %
2026/10/04 23:46:19.844, 1410 MHz, 1215 MHz, 52, 166.29 W, 91 %
2026/10/04 23:46:20.095, 1410 MHz, 1215 MHz, 52, 166.54 W, 89 %
2026/10/04 23:46:20.345, 1410 MHz, 1215 MHz, 52, 166.54 W, 89 %
2026/10/04 23:46:20.595, 1410 MHz, 1215 MHz, 52, 166.29 W, 89 %
2026/10/04 23:46:20.845, 1410 MHz, 1215 MHz, 52, 166.04 W, 89 %
2026/10/04 23:46:21.096, 1410 MHz, 1215 MHz, 52, 166.29 W, 89 %
2026/10/04 23:46:21.346, 1410 MHz, 1215 MHz, 52, 166.04 W, 89 %
2026/10/04 23:46:21.596, 1410 MHz, 1215 MHz, 52, 161.55 W, 89 %
2026/10/04 23:46:21.846, 1410 MHz, 1215 MHz, 47, 81.66 W, 35 %
2026/10/04 23:46:22.097, 1410 MHz, 1215 MHz, 46, 81.11 W, 0 %
2026/10/04 23:46:22.347, 1410 MHz, 1215 MHz, 46, 80.87 W, 0 %
2026/10/04 23:46:22.597, 1410 MHz, 1215 MHz, 46, 80.87 W, 0 %
2026/10/04 23:46:22.847, 1410 MHz, 1215 MHz, 45, 80.87 W, 0 %
2026/10/04 23:46:23.098, 1410 MHz, 1215 MHz, 51, 194.26 W, 27 %
2026/10/04 23:46:23.348, 1410 MHz, 1215 MHz, 52, 195.35 W, 95 %
2026/10/04 23:46:23.598, 1410 MHz, 1215 MHz, 53, 195.35 W, 95 %
2026/10/04 23:46:23.848, 1410 MHz, 1215 MHz, 53, 195.85 W, 95 %
2026/10/04 23:46:24.098, 1410 MHz, 1215 MHz, 53, 195.85 W, 95 %
2026/10/04 23:46:24.348, 1410 MHz, 1215 MHz, 53, 196.14 W, 95 %
2026/10/04 23:46:24.598, 1410 MHz, 1215 MHz, 53, 196.14 W, 96 %
2026/10/04 23:46:24.849, 1410 MHz, 1215 MHz, 53, 196.14 W, 95 %
2026/10/04 23:46:25.099, 1410 MHz, 1215 MHz, 54, 196.39 W, 95 %
2026/10/04 23:46:25.349, 1410 MHz, 1215 MHz, 54, 196.14 W, 95 %
2026/10/04 23:46:25.599, 1410 MHz, 1215 MHz, 54, 196.39 W, 95 %
2026/10/04 23:46:25.849, 1410 MHz, 1215 MHz, 54, 196.63 W, 95 %
2026/10/04 23:46:26.100, 1410 MHz, 1215 MHz, 54, 196.63 W, 95 %
2026/10/04 23:46:26.350, 1410 MHz, 1215 MHz, 54, 196.63 W, 95 %
2026/10/04 23:46:26.600, 1410 MHz, 1215 MHz, 54, 196.39 W, 96 %
2026/10/04 23:46:26.850, 1410 MHz, 1215 MHz, 54, 196.14 W, 95 %
2026/10/04 23:46:27.100, 1410 MHz, 1215 MHz, 54, 196.14 W, 95 %
2026/10/04 23:46:27.350, 1410 MHz, 1215 MHz, 54, 196.63 W, 96 %
2026/10/04 23:46:27.601, 1410 MHz, 1215 MHz, 54, 196.93 W, 96 %
2026/10/04 23:46:27.851, 1410 MHz, 1215 MHz, 54, 196.93 W, 96 %
2026/10/04 23:46:28.101, 1410 MHz, 1215 MHz, 54, 196.93 W, 96 %
2026/10/04 23:46:28.351, 1410 MHz, 1215 MHz, 54, 196.63 W, 96 %
2026/10/04 23:46:28.601, 1410 MHz, 1215 MHz, 54, 196.63 W, 96 %
2026/10/04 23:46:28.851, 1410 MHz, 1215 MHz, 54, 197.18 W, 96 %
2026/10/04 23:46:29.101, 1410 MHz, 1215 MHz, 54, 197.18 W, 96 %
2026/10/04 23:46:29.351, 1410 MHz, 1215 MHz, 54, 197.43 W, 96 %
2026/10/04 23:46:29.602, 1410 MHz, 1215 MHz, 54, 206.95 W, 97 %
2026/10/04 23:46:29.852, 1410 MHz, 1215 MHz, 54, 207.74 W, 98 %
2026/10/04 23:46:30.102, 1410 MHz, 1215 MHz, 54, 207.49 W, 98 %
2026/10/04 23:46:30.352, 1410 MHz, 1215 MHz, 54, 207.98 W, 98 %
2026/10/04 23:46:30.602, 1410 MHz, 1215 MHz, 54, 207.98 W, 98 %
2026/10/04 23:46:30.852, 1410 MHz, 1215 MHz, 54, 208.52 W, 98 %
2026/10/04 23:46:31.102, 1410 MHz, 1215 MHz, 54, 207.20 W, 98 %
2026/10/04 23:46:31.352, 1410 MHz, 1215 MHz, 54, 207.20 W, 98 %
2026/10/04 23:46:31.603, 1410 MHz, 1215 MHz, 54, 207.49 W, 98 %
2026/10/04 23:46:31.853, 1410 MHz, 1215 MHz, 55, 207.98 W, 98 %
2026/10/04 23:46:32.103, 1410 MHz, 1215 MHz, 55, 207.74 W, 98 %
2026/10/04 23:46:32.353, 1410 MHz, 1215 MHz, 54, 197.72 W, 96 %
2026/10/04 23:46:32.603, 1410 MHz, 1215 MHz, 54, 197.43 W, 96 %
2026/10/04 23:46:32.853, 1410 MHz, 1215 MHz, 54, 197.43 W, 96 %
2026/10/04 23:46:33.103, 1410 MHz, 1215 MHz, 54, 197.43 W, 96 %
2026/10/04 23:46:33.353, 1410 MHz, 1215 MHz, 54, 197.43 W, 96 %
2026/10/04 23:46:33.604, 1410 MHz, 1215 MHz, 54, 197.43 W, 96 %
2026/10/04 23:46:33.854, 1410 MHz, 1215 MHz, 54, 197.43 W, 96 %
2026/10/04 23:46:34.104, 1410 MHz, 1215 MHz, 50, 119.70 W, 95 %
2026/10/04 23:46:34.354, 1410 MHz, 1215 MHz, 48, 82.70 W, 0 %
2026/10/04 23:46:34.604, 1410 MHz, 1215 MHz, 47, 82.94 W, 0 %
2026/10/04 23:46:34.855, 1410 MHz, 1215 MHz, 47, 81.66 W, 0 %
2026/10/04 23:46:35.105, 1410 MHz, 1215 MHz, 46, 81.36 W, 0 %
2026/10/04 23:46:35.355, 1410 MHz, 1215 MHz, 46, 81.36 W, 0 %
2026/10/04 23:46:35.605, 1410 MHz, 1215 MHz, 46, 81.91 W, 42 %
2026/10/04 23:46:35.856, 1410 MHz, 1215 MHz, 46, 81.11 W, 47 %
2026/10/04 23:46:36.106, 1410 MHz, 1215 MHz, 46, 81.11 W, 4 %
2026/10/04 23:46:36.356, 1410 MHz, 1215 MHz, 45, 80.87 W, 4 %
2026/10/04 23:46:36.607, 1410 MHz, 1215 MHz, 45, 81.11 W, 4 %
2026/10/04 23:46:36.857, 1410 MHz, 1215 MHz, 45, 80.87 W, 4 %
2026/10/04 23:46:37.107, 1410 MHz, 1215 MHz, 45, 81.11 W, 4 %
2026/10/04 23:46:37.358, 1410 MHz, 1215 MHz, 45, 80.87 W, 4 %
2026/10/04 23:46:37.608, 1095 MHz, 1215 MHz, 44, 63.51 W, 4 %
2026/10/04 23:46:37.858, 1095 MHz, 1215 MHz, 44, 72.37 W, 4 %
2026/10/04 23:46:38.108, 1095 MHz, 1215 MHz, 44, 74.25 W, 1 %
2026/10/04 23:46:38.358, 1095 MHz, 1215 MHz, 44, 74.58 W, 39 %
2026/10/04 23:46:38.608, 1095 MHz, 1215 MHz, 44, 74.58 W, 39 %
2026/10/04 23:46:38.858, 1095 MHz, 1215 MHz, 44, 74.25 W, 39 %
2026/10/04 23:46:39.108, 1095 MHz, 1215 MHz, 44, 74.25 W, 39 %
2026/10/04 23:46:39.359, 1095 MHz, 1215 MHz, 44, 74.33 W, 39 %
2026/10/04 23:46:39.609, 1095 MHz, 1215 MHz, 44, 74.25 W, 39 %
2026/10/04 23:46:39.859, 1095 MHz, 1215 MHz, 44, 74.25 W, 39 %
2026/10/04 23:46:40.109, 1095 MHz, 1215 MHz, 44, 74.09 W, 39 %
2026/10/04 23:46:40.359, 1095 MHz, 1215 MHz, 44, 74.33 W, 39 %
2026/10/04 23:46:40.609, 1095 MHz, 1215 MHz, 43, 62.42 W, 39 %
2026/10/04 23:46:40.860, 1095 MHz, 1215 MHz, 43, 62.42 W, 1 %
2026/10/04 23:46:41.110, 1095 MHz, 1215 MHz, 43, 62.67 W, 1 %
2026/10/04 23:46:41.360, 1095 MHz, 1215 MHz, 43, 62.67 W, 2 %
2026/10/04 23:46:41.611, 1095 MHz, 1215 MHz, 43, 62.17 W, 1 %
2026/10/04 23:46:41.861, 1095 MHz, 1215 MHz, 43, 62.17 W, 1 %
2026/10/04 23:46:42.112, 1095 MHz, 1215 MHz, 43, 62.17 W, 2 %
2026/10/04 23:46:42.362, 1095 MHz, 1215 MHz, 43, 64.79 W, 1 %
2026/10/04 23:46:42.612, 1095 MHz, 1215 MHz, 43, 64.00 W, 22 %
2026/10/04 23:46:42.862, 1260 MHz, 1215 MHz, 43, 72.67 W, 2 %
2026/10/04 23:46:43.112, 1410 MHz, 1215 MHz, 43, 78.45 W, 46 %
2026/10/04 23:46:43.363, 1410 MHz, 1215 MHz, 43, 78.99 W, 4 %
2026/10/04 23:46:43.613, 1410 MHz, 1215 MHz, 43, 79.29 W, 4 %
2026/10/04 23:46:43.863, 1410 MHz, 1215 MHz, 43, 78.99 W, 4 %
2026/10/04 23:46:44.113, 1410 MHz, 1215 MHz, 43, 79.29 W, 4 %
2026/10/04 23:46:44.364, 1410 MHz, 1215 MHz, 43, 79.29 W, 4 %
2026/10/04 23:46:44.614, 1410 MHz, 1215 MHz, 43, 79.53 W, 4 %
2026/10/04 23:46:44.865, 1095 MHz, 1215 MHz, 43, 64.00 W, 4 %
2026/10/04 23:46:45.115, 1095 MHz, 1215 MHz, 42, 62.42 W, 4 %
2026/10/04 23:46:45.365, 1095 MHz, 1215 MHz, 43, 73.25 W, 2 %
2026/10/04 23:46:45.615, 1095 MHz, 1215 MHz, 43, 73.54 W, 25 %
2026/10/04 23:46:45.865, 1095 MHz, 1215 MHz, 43, 73.79 W, 39 %
2026/10/04 23:46:46.115, 1095 MHz, 1215 MHz, 43, 73.54 W, 39 %
2026/10/04 23:46:46.365, 1095 MHz, 1215 MHz, 43, 73.46 W, 39 %
2026/10/04 23:46:46.615, 1095 MHz, 1215 MHz, 43, 73.46 W, 39 %
2026/10/04 23:46:46.865, 1095 MHz, 1215 MHz, 43, 73.16 W, 39 %
2026/10/04 23:46:47.116, 1095 MHz, 1215 MHz, 43, 73.54 W, 39 %
2026/10/04 23:46:47.366, 1095 MHz, 1215 MHz, 43, 73.54 W, 39 %
2026/10/04 23:46:47.616, 1095 MHz, 1215 MHz, 42, 73.46 W, 39 %
2026/10/04 23:46:47.866, 1095 MHz, 1215 MHz, 42, 73.46 W, 39 %
2026/10/04 23:46:48.117, 1095 MHz, 1215 MHz, 42, 61.88 W, 39 %
2026/10/04 23:46:48.367, 1095 MHz, 1215 MHz, 42, 61.88 W, 2 %
2026/10/04 23:46:48.618, 1095 MHz, 1215 MHz, 42, 61.63 W, 1 %
2026/10/04 23:46:48.868, 1095 MHz, 1215 MHz, 42, 61.63 W, 1 %
2026/10/04 23:46:49.118, 1095 MHz, 1215 MHz, 41, 61.38 W, 2 %
2026/10/04 23:46:49.369, 1095 MHz, 1215 MHz, 41, 61.38 W, 1 %
2026/10/04 23:46:49.619, 1095 MHz, 1215 MHz, 41, 61.63 W, 1 %
2026/10/04 23:46:49.869, 1095 MHz, 1215 MHz, 41, 62.17 W, 2 %
2026/10/04 23:46:50.119, 1095 MHz, 1215 MHz, 41, 61.63 W, 14 %
2026/10/04 23:46:50.369, 1320 MHz, 1215 MHz, 46, 152.82 W, 48 %
2026/10/04 23:46:50.619, 1410 MHz, 1215 MHz, 48, 185.83 W, 95 %
2026/10/04 23:46:50.870, 1410 MHz, 1215 MHz, 49, 192.44 W, 96 %
2026/10/04 23:46:51.120, 1410 MHz, 1215 MHz, 50, 192.44 W, 96 %
2026/10/04 23:46:51.370, 1410 MHz, 1215 MHz, 50, 192.93 W, 96 %
2026/10/04 23:46:51.620, 1410 MHz, 1215 MHz, 50, 193.23 W, 96 %
2026/10/04 23:46:51.870, 1410 MHz, 1215 MHz, 51, 193.72 W, 96 %
2026/10/04 23:46:52.120, 1410 MHz, 1215 MHz, 51, 193.47 W, 96 %
2026/10/04 23:46:52.370, 1410 MHz, 1215 MHz, 51, 194.02 W, 96 %
2026/10/04 23:46:52.620, 1410 MHz, 1215 MHz, 51, 194.02 W, 96 %
2026/10/04 23:46:52.870, 1410 MHz, 1215 MHz, 51, 194.26 W, 96 %
2026/10/04 23:46:53.121, 1410 MHz, 1215 MHz, 51, 194.02 W, 96 %
2026/10/04 23:46:53.371, 1410 MHz, 1215 MHz, 51, 194.26 W, 96 %
2026/10/04 23:46:53.621, 1410 MHz, 1215 MHz, 51, 194.02 W, 95 %
2026/10/04 23:46:53.871, 1410 MHz, 1215 MHz, 52, 194.26 W, 95 %
2026/10/04 23:46:54.121, 1410 MHz, 1215 MHz, 52, 194.81 W, 95 %
2026/10/04 23:46:54.371, 1410 MHz, 1215 MHz, 52, 193.23 W, 97 %
2026/10/04 23:46:54.622, 1410 MHz, 1215 MHz, 52, 194.81 W, 98 %
2026/10/04 23:46:54.872, 1410 MHz, 1215 MHz, 52, 194.81 W, 96 %
2026/10/04 23:46:55.122, 1410 MHz, 1215 MHz, 52, 194.81 W, 96 %
2026/10/04 23:46:55.372, 1410 MHz, 1215 MHz, 52, 194.51 W, 96 %
2026/10/04 23:46:55.622, 1410 MHz, 1215 MHz, 52, 194.51 W, 96 %
2026/10/04 23:46:55.872, 1410 MHz, 1215 MHz, 52, 194.81 W, 96 %
2026/10/04 23:46:56.122, 1410 MHz, 1215 MHz, 52, 195.35 W, 96 %
2026/10/04 23:46:56.372, 1410 MHz, 1215 MHz, 52, 195.05 W, 96 %
2026/10/04 23:46:56.622, 1410 MHz, 1215 MHz, 52, 194.81 W, 96 %
2026/10/04 23:46:56.873, 1410 MHz, 1215 MHz, 50, 152.21 W, 95 %
2026/10/04 23:46:57.123, 1410 MHz, 1215 MHz, 50, 151.49 W, 75 %
2026/10/04 23:46:57.373, 1410 MHz, 1215 MHz, 49, 152.03 W, 73 %
2026/10/04 23:46:57.623, 1410 MHz, 1215 MHz, 49, 152.21 W, 73 %
2026/10/04 23:46:57.873, 1410 MHz, 1215 MHz, 49, 152.21 W, 73 %
2026/10/04 23:46:58.123, 1410 MHz, 1215 MHz, 49, 149.91 W, 73 %
2026/10/04 23:46:58.373, 1410 MHz, 1215 MHz, 49, 151.78 W, 73 %
2026/10/04 23:46:58.623, 1410 MHz, 1215 MHz, 49, 151.78 W, 73 %
2026/10/04 23:46:58.874, 1410 MHz, 1215 MHz, 49, 151.49 W, 73 %
2026/10/04 23:46:59.124, 1410 MHz, 1215 MHz, 49, 149.66 W, 73 %
2026/10/04 23:46:59.374, 1410 MHz, 1215 MHz, 51, 190.07 W, 73 %
2026/10/04 23:46:59.624, 1410 MHz, 1215 MHz, 52, 194.81 W, 96 %
2026/10/04 23:46:59.874, 1410 MHz, 1215 MHz, 52, 194.81 W, 96 %
2026/10/04 23:47:00.124, 1410 MHz, 1215 MHz, 52, 195.35 W, 96 %
2026/10/04 23:47:00.374, 1410 MHz, 1215 MHz, 52, 195.05 W, 96 %
2026/10/04 23:47:00.624, 1410 MHz, 1215 MHz, 52, 195.60 W, 96 %
2026/10/04 23:47:00.874, 1410 MHz, 1215 MHz, 52, 195.60 W, 96 %
2026/10/04 23:47:01.124, 1410 MHz, 1215 MHz, 52, 195.60 W, 96 %
2026/10/04 23:47:01.375, 1410 MHz, 1215 MHz, 48, 86.41 W, 74 %
2026/10/04 23:47:01.625, 1410 MHz, 1215 MHz, 46, 80.57 W, 3 %
2026/10/04 23:47:01.876, 1410 MHz, 1215 MHz, 45, 80.32 W, 0 %
2026/10/04 23:47:02.126, 1410 MHz, 1215 MHz, 45, 79.78 W, 0 %
2026/10/04 23:47:02.376, 1410 MHz, 1215 MHz, 44, 79.87 W, 0 %
2026/10/04 23:47:02.626, 1410 MHz, 1215 MHz, 50, 193.23 W, 1 %
2026/10/04 23:47:02.876, 1410 MHz, 1215 MHz, 51, 194.51 W, 86 %
2026/10/04 23:47:03.126, 1410 MHz, 1215 MHz, 51, 195.05 W, 98 %
2026/10/04 23:47:03.377, 1410 MHz, 1215 MHz, 52, 195.60 W, 98 %
2026/10/04 23:47:03.627, 1410 MHz, 1215 MHz, 52, 195.60 W, 98 %
2026/10/04 23:47:03.877, 1410 MHz, 1215 MHz, 52, 195.85 W, 98 %
2026/10/04 23:47:04.127, 1410 MHz, 1215 MHz, 52, 196.14 W, 98 %
2026/10/04 23:47:04.377, 1410 MHz, 1215 MHz, 53, 196.14 W, 98 %
2026/10/04 23:47:04.627, 1410 MHz, 1215 MHz, 53, 196.14 W, 98 %
2026/10/04 23:47:04.877, 1410 MHz, 1215 MHz, 53, 196.39 W, 98 %
2026/10/04 23:47:05.127, 1410 MHz, 1215 MHz, 53, 196.39 W, 98 %
2026/10/04 23:47:05.377, 1410 MHz, 1215 MHz, 53, 196.39 W, 98 %
2026/10/04 23:47:05.627, 1410 MHz, 1215 MHz, 53, 196.39 W, 98 %
2026/10/04 23:47:05.877, 1410 MHz, 1215 MHz, 53, 196.39 W, 98 %
2026/10/04 23:47:06.128, 1410 MHz, 1215 MHz, 53, 196.39 W, 98 %
2026/10/04 23:47:06.378, 1410 MHz, 1215 MHz, 53, 196.39 W, 98 %
2026/10/04 23:47:06.628, 1410 MHz, 1215 MHz, 53, 196.14 W, 97 %
2026/10/04 23:47:06.878, 1410 MHz, 1215 MHz, 53, 196.39 W, 99 %
2026/10/04 23:47:07.129, 1410 MHz, 1215 MHz, 53, 196.63 W, 98 %
2026/10/04 23:47:07.379, 1410 MHz, 1215 MHz, 53, 196.93 W, 98 %
2026/10/04 23:47:07.629, 1410 MHz, 1215 MHz, 53, 196.63 W, 98 %
2026/10/04 23:47:07.879, 1410 MHz, 1215 MHz, 53, 196.93 W, 98 %
2026/10/04 23:47:08.129, 1410 MHz, 1215 MHz, 53, 196.93 W, 98 %
2026/10/04 23:47:08.379, 1410 MHz, 1215 MHz, 53, 196.93 W, 98 %
2026/10/04 23:47:08.629, 1410 MHz, 1215 MHz, 53, 196.93 W, 98 %
2026/10/04 23:47:08.880, 1410 MHz, 1215 MHz, 53, 196.93 W, 98 %
2026/10/04 23:47:09.130, 1410 MHz, 1215 MHz, 50, 196.93 W, 80 %
2026/10/04 23:47:09.380, 1410 MHz, 1215 MHz, 48, 101.47 W, 30 %
2026/10/04 23:47:09.630, 1410 MHz, 1215 MHz, 47, 101.22 W, 30 %
2026/10/04 23:47:09.880, 1410 MHz, 1215 MHz, 47, 100.68 W, 30 %
2026/10/04 23:47:10.130, 1410 MHz, 1215 MHz, 46, 100.43 W, 30 %
2026/10/04 23:47:10.381, 1410 MHz, 1215 MHz, 46, 100.14 W, 30 %
2026/10/04 23:47:10.631, 1410 MHz, 1215 MHz, 46, 100.43 W, 30 %
2026/10/04 23:47:10.881, 1410 MHz, 1215 MHz, 46, 100.14 W, 30 %
2026/10/04 23:47:11.131, 1140 MHz, 1215 MHz, 45, 76.96 W, 38 %
2026/10/04 23:47:11.381, 1125 MHz, 1215 MHz, 45, 76.87 W, 38 %
2026/10/04 23:47:11.631, 1125 MHz, 1215 MHz, 44, 76.17 W, 38 %
2026/10/04 23:47:11.881, 1410 MHz, 1215 MHz, 50, 187.41 W, 59 %
2026/10/04 23:47:12.131, 1410 MHz, 1215 MHz, 51, 195.35 W, 98 %
2026/10/04 23:47:12.381, 1410 MHz, 1215 MHz, 52, 195.85 W, 98 %
2026/10/04 23:47:12.631, 1410 MHz, 1215 MHz, 52, 195.85 W, 98 %
2026/10/04 23:47:12.882, 1410 MHz, 1215 MHz, 52, 196.14 W, 98 %
2026/10/04 23:47:13.132, 1410 MHz, 1215 MHz, 53, 196.39 W, 98 %
2026/10/04 23:47:13.382, 1410 MHz, 1215 MHz, 53, 196.39 W, 98 %
2026/10/04 23:47:13.632, 1410 MHz, 1215 MHz, 50, 197.43 W, 98 %
2026/10/04 23:47:13.882, 1410 MHz, 1215 MHz, 47, 83.24 W, 44 %
2026/10/04 23:47:14.133, 1410 MHz, 1215 MHz, 46, 80.57 W, 0 %
2026/10/04 23:47:14.383, 1410 MHz, 1215 MHz, 45, 80.32 W, 0 %
2026/10/04 23:47:14.633, 1410 MHz, 1215 MHz, 45, 80.08 W, 0 %
2026/10/04 23:47:14.883, 1410 MHz, 1215 MHz, 45, 82.70 W, 0 %
2026/10/04 23:47:15.134, 1410 MHz, 1215 MHz, 49, 163.38 W, 88 %
2026/10/04 23:47:15.384, 1410 MHz, 1215 MHz, 50, 163.92 W, 88 %
2026/10/04 23:47:15.634, 1410 MHz, 1215 MHz, 50, 164.46 W, 88 %
2026/10/04 23:47:15.884, 1410 MHz, 1215 MHz, 50, 164.71 W, 88 %
2026/10/04 23:47:16.134, 1410 MHz, 1215 MHz, 50, 164.46 W, 88 %
2026/10/04 23:47:16.385, 1410 MHz, 1215 MHz, 50, 164.46 W, 88 %
2026/10/04 23:47:16.635, 1410 MHz, 1215 MHz, 50, 164.71 W, 88 %
2026/10/04 23:47:16.885, 1410 MHz, 1215 MHz, 50, 164.71 W, 88 %
2026/10/04 23:47:17.135, 1410 MHz, 1215 MHz, 51, 164.71 W, 88 %
2026/10/04 23:47:17.385, 1410 MHz, 1215 MHz, 51, 164.71 W, 88 %
2026/10/04 23:47:17.636, 1410 MHz, 1215 MHz, 51, 164.96 W, 88 %
2026/10/04 23:47:17.886, 1410 MHz, 1215 MHz, 51, 164.96 W, 88 %
2026/10/04 23:47:18.136, 1410 MHz, 1215 MHz, 51, 164.71 W, 88 %
2026/10/04 23:47:18.386, 1410 MHz, 1215 MHz, 51, 164.71 W, 88 %
2026/10/04 23:47:18.637, 1410 MHz, 1215 MHz, 51, 164.71 W, 88 %
2026/10/04 23:47:18.887, 1410 MHz, 1215 MHz, 51, 159.68 W, 88 %
2026/10/04 23:47:19.137, 1410 MHz, 1215 MHz, 51, 164.46 W, 89 %
2026/10/04 23:47:19.387, 1410 MHz, 1215 MHz, 51, 164.96 W, 97 %
2026/10/04 23:47:19.637, 1410 MHz, 1215 MHz, 51, 164.96 W, 89 %
2026/10/04 23:47:19.887, 1410 MHz, 1215 MHz, 51, 164.96 W, 89 %
2026/10/04 23:47:20.138, 1410 MHz, 1215 MHz, 51, 164.96 W, 89 %
2026/10/04 23:47:20.388, 1410 MHz, 1215 MHz, 51, 164.96 W, 89 %
2026/10/04 23:47:20.638, 1410 MHz, 1215 MHz, 51, 164.96 W, 89 %
2026/10/04 23:47:20.888, 1410 MHz, 1215 MHz, 51, 164.96 W, 89 %
2026/10/04 23:47:21.139, 1410 MHz, 1215 MHz, 51, 164.96 W, 89 %
2026/10/04 23:47:21.389, 1410 MHz, 1215 MHz, 51, 164.71 W, 89 %
2026/10/04 23:47:21.639, 1410 MHz, 1215 MHz, 51, 181.59 W, 88 %
2026/10/04 23:47:21.889, 1410 MHz, 1215 MHz, 51, 181.59 W, 91 %
2026/10/04 23:47:22.139, 1410 MHz, 1215 MHz, 52, 182.13 W, 93 %
2026/10/04 23:47:22.389, 1410 MHz, 1215 MHz, 52, 182.13 W, 93 %
2026/10/04 23:47:22.639, 1410 MHz, 1215 MHz, 52, 182.13 W, 93 %
2026/10/04 23:47:22.889, 1410 MHz, 1215 MHz, 52, 182.13 W, 92 %
2026/10/04 23:47:23.139, 1410 MHz, 1215 MHz, 52, 182.13 W, 93 %
2026/10/04 23:47:23.390, 1410 MHz, 1215 MHz, 52, 182.67 W, 93 %
2026/10/04 23:47:23.640, 1410 MHz, 1215 MHz, 52, 182.38 W, 93 %
2026/10/04 23:47:23.890, 1410 MHz, 1215 MHz, 52, 182.13 W, 93 %
2026/10/04 23:47:24.140, 1410 MHz, 1215 MHz, 52, 165.75 W, 93 %
2026/10/04 23:47:24.390, 1410 MHz, 1215 MHz, 51, 165.50 W, 90 %
2026/10/04 23:47:24.640, 1410 MHz, 1215 MHz, 51, 165.25 W, 89 %
2026/10/04 23:47:24.891, 1410 MHz, 1215 MHz, 51, 165.50 W, 89 %
2026/10/04 23:47:25.141, 1410 MHz, 1215 MHz, 51, 165.25 W, 89 %
2026/10/04 23:47:25.391, 1410 MHz, 1215 MHz, 51, 165.25 W, 89 %
2026/10/04 23:47:25.642, 1410 MHz, 1215 MHz, 51, 165.25 W, 89 %
2026/10/04 23:47:25.892, 1410 MHz, 1215 MHz, 51, 165.50 W, 89 %
2026/10/04 23:47:26.142, 1410 MHz, 1215 MHz, 47, 82.15 W, 89 %
2026/10/04 23:47:26.393, 1410 MHz, 1215 MHz, 46, 81.11 W, 15 %
2026/10/04 23:47:26.643, 1410 MHz, 1215 MHz, 45, 80.57 W, 0 %
2026/10/04 23:47:26.894, 1410 MHz, 1215 MHz, 45, 80.32 W, 0 %
2026/10/04 23:47:27.144, 1410 MHz, 1215 MHz, 45, 80.08 W, 0 %
2026/10/04 23:47:27.394, 1410 MHz, 1215 MHz, 48, 188.20 W, 0 %
2026/10/04 23:47:27.644, 1410 MHz, 1215 MHz, 51, 194.02 W, 53 %
2026/10/04 23:47:27.894, 1410 MHz, 1215 MHz, 52, 194.51 W, 95 %
2026/10/04 23:47:28.144, 1410 MHz, 1215 MHz, 52, 194.81 W, 95 %
2026/10/04 23:47:28.394, 1410 MHz, 1215 MHz, 52, 194.81 W, 95 %
2026/10/04 23:47:28.644, 1410 MHz, 1215 MHz, 52, 194.81 W, 95 %
2026/10/04 23:47:28.894, 1410 MHz, 1215 MHz, 53, 195.05 W, 95 %
2026/10/04 23:47:29.145, 1410 MHz, 1215 MHz, 53, 195.35 W, 95 %
2026/10/04 23:47:29.395, 1410 MHz, 1215 MHz, 53, 195.35 W, 95 %
2026/10/04 23:47:29.645, 1410 MHz, 1215 MHz, 53, 195.85 W, 95 %
2026/10/04 23:47:29.895, 1410 MHz, 1215 MHz, 53, 195.05 W, 95 %
2026/10/04 23:47:30.146, 1410 MHz, 1215 MHz, 53, 195.60 W, 95 %
2026/10/04 23:47:30.396, 1410 MHz, 1215 MHz, 53, 195.60 W, 95 %
2026/10/04 23:47:30.646, 1410 MHz, 1215 MHz, 53, 195.60 W, 95 %
2026/10/04 23:47:30.896, 1410 MHz, 1215 MHz, 53, 195.85 W, 95 %
2026/10/04 23:47:31.146, 1410 MHz, 1215 MHz, 53, 195.85 W, 95 %
2026/10/04 23:47:31.396, 1410 MHz, 1215 MHz, 53, 195.85 W, 95 %
2026/10/04 23:47:31.646, 1410 MHz, 1215 MHz, 53, 195.05 W, 97 %
2026/10/04 23:47:31.896, 1410 MHz, 1215 MHz, 53, 195.85 W, 98 %
2026/10/04 23:47:32.146, 1410 MHz, 1215 MHz, 53, 195.60 W, 96 %
2026/10/04 23:47:32.396, 1410 MHz, 1215 MHz, 53, 195.85 W, 96 %
2026/10/04 23:47:32.647, 1410 MHz, 1215 MHz, 53, 196.14 W, 96 %
2026/10/04 23:47:32.897, 1410 MHz, 1215 MHz, 53, 195.85 W, 96 %
2026/10/04 23:47:33.147, 1410 MHz, 1215 MHz, 53, 196.14 W, 96 %
2026/10/04 23:47:33.397, 1410 MHz, 1215 MHz, 53, 196.39 W, 96 %
2026/10/04 23:47:33.647, 1410 MHz, 1215 MHz, 53, 196.14 W, 96 %
2026/10/04 23:47:33.897, 1410 MHz, 1215 MHz, 53, 195.85 W, 96 %
2026/10/04 23:47:34.147, 1410 MHz, 1215 MHz, 53, 206.70 W, 97 %
2026/10/04 23:47:34.397, 1410 MHz, 1215 MHz, 54, 206.41 W, 98 %
2026/10/04 23:47:34.648, 1410 MHz, 1215 MHz, 54, 206.95 W, 98 %
2026/10/04 23:47:34.898, 1410 MHz, 1215 MHz, 54, 206.70 W, 98 %
2026/10/04 23:47:35.148, 1410 MHz, 1215 MHz, 54, 206.41 W, 98 %
2026/10/04 23:47:35.398, 1410 MHz, 1215 MHz, 54, 206.41 W, 98 %
2026/10/04 23:47:35.648, 1410 MHz, 1215 MHz, 54, 207.20 W, 98 %
2026/10/04 23:47:35.898, 1410 MHz, 1215 MHz, 54, 206.70 W, 98 %
2026/10/04 23:47:36.148, 1410 MHz, 1215 MHz, 54, 207.20 W, 98 %
2026/10/04 23:47:36.398, 1410 MHz, 1215 MHz, 54, 207.20 W, 98 %
2026/10/04 23:47:36.648, 1410 MHz, 1215 MHz, 54, 196.93 W, 98 %
2026/10/04 23:47:36.899, 1410 MHz, 1215 MHz, 54, 196.63 W, 96 %
2026/10/04 23:47:37.149, 1410 MHz, 1215 MHz, 54, 196.39 W, 96 %
2026/10/04 23:47:37.399, 1410 MHz, 1215 MHz, 54, 196.39 W, 96 %
2026/10/04 23:47:37.649, 1410 MHz, 1215 MHz, 54, 196.63 W, 96 %
2026/10/04 23:47:37.899, 1410 MHz, 1215 MHz, 54, 196.63 W, 96 %
2026/10/04 23:47:38.149, 1410 MHz, 1215 MHz, 54, 196.63 W, 96 %
2026/10/04 23:47:38.399, 1410 MHz, 1215 MHz, 54, 196.93 W, 96 %
2026/10/04 23:47:38.649, 1410 MHz, 1215 MHz, 48, 82.70 W, 75 %
2026/10/04 23:47:38.899, 1410 MHz, 1215 MHz, 47, 81.91 W, 3 %
2026/10/04 23:47:39.150, 1410 MHz, 1215 MHz, 46, 81.36 W, 0 %
2026/10/04 23:47:39.401, 1410 MHz, 1215 MHz, 46, 81.36 W, 0 %
2026/10/04 23:47:39.652, 1410 MHz, 1215 MHz, 46, 83.74 W, 0 %
2026/10/04 23:47:39.902, 1410 MHz, 1215 MHz, 50, 164.16 W, 5 %
2026/10/04 23:47:40.152, 1410 MHz, 1215 MHz, 51, 165.25 W, 88 %
2026/10/04 23:47:40.402, 1410 MHz, 1215 MHz, 51, 165.25 W, 88 %
2026/10/04 23:47:40.652, 1410 MHz, 1215 MHz, 51, 165.25 W, 88 %
2026/10/04 23:47:40.902, 1410 MHz, 1215 MHz, 51, 165.50 W, 88 %
2026/10/04 23:47:41.152, 1410 MHz, 1215 MHz, 51, 165.50 W, 88 %
2026/10/04 23:47:41.402, 1410 MHz, 1215 MHz, 51, 165.50 W, 88 %
2026/10/04 23:47:41.652, 1410 MHz, 1215 MHz, 51, 165.75 W, 88 %
2026/10/04 23:47:41.902, 1410 MHz, 1215 MHz, 51, 165.50 W, 88 %
2026/10/04 23:47:42.152, 1410 MHz, 1215 MHz, 51, 165.50 W, 88 %
2026/10/04 23:47:42.403, 1410 MHz, 1215 MHz, 51, 165.50 W, 88 %
2026/10/04 23:47:42.653, 1410 MHz, 1215 MHz, 51, 165.50 W, 88 %
2026/10/04 23:47:42.903, 1410 MHz, 1215 MHz, 51, 165.50 W, 88 %
2026/10/04 23:47:43.153, 1410 MHz, 1215 MHz, 51, 165.75 W, 88 %
2026/10/04 23:47:43.403, 1410 MHz, 1215 MHz, 51, 165.75 W, 88 %
2026/10/04 23:47:43.654, 1410 MHz, 1215 MHz, 51, 166.29 W, 88 %
2026/10/04 23:47:43.904, 1410 MHz, 1215 MHz, 51, 164.96 W, 89 %
2026/10/04 23:47:44.154, 1410 MHz, 1215 MHz, 51, 165.75 W, 91 %
2026/10/04 23:47:44.404, 1410 MHz, 1215 MHz, 51, 165.75 W, 89 %
2026/10/04 23:47:44.654, 1410 MHz, 1215 MHz, 51, 165.75 W, 89 %
2026/10/04 23:47:44.904, 1410 MHz, 1215 MHz, 51, 165.75 W, 89 %
2026/10/04 23:47:45.154, 1410 MHz, 1215 MHz, 51, 165.75 W, 89 %
2026/10/04 23:47:45.404, 1410 MHz, 1215 MHz, 51, 165.75 W, 89 %
2026/10/04 23:47:45.655, 1410 MHz, 1215 MHz, 51, 165.75 W, 89 %
2026/10/04 23:47:45.905, 1410 MHz, 1215 MHz, 51, 165.75 W, 89 %
2026/10/04 23:47:46.155, 1410 MHz, 1215 MHz, 51, 165.50 W, 89 %
2026/10/04 23:47:46.405, 1410 MHz, 1215 MHz, 50, 136.10 W, 82 %
2026/10/04 23:47:46.655, 1410 MHz, 1215 MHz, 49, 135.31 W, 66 %
2026/10/04 23:47:46.905, 1410 MHz, 1215 MHz, 49, 135.31 W, 66 %
2026/10/04 23:47:47.155, 1410 MHz, 1215 MHz, 49, 135.31 W, 66 %
2026/10/04 23:47:47.406, 1410 MHz, 1215 MHz, 49, 135.56 W, 66 %
2026/10/04 23:47:47.656, 1410 MHz, 1215 MHz, 49, 135.01 W, 66 %
2026/10/04 23:47:47.906, 1410 MHz, 1215 MHz, 49, 135.01 W, 66 %
2026/10/04 23:47:48.156, 1410 MHz, 1215 MHz, 49, 135.01 W, 66 %
2026/10/04 23:47:48.406, 1410 MHz, 1215 MHz, 49, 135.01 W, 66 %
2026/10/04 23:47:48.656, 1410 MHz, 1215 MHz, 49, 135.01 W, 66 %
2026/10/04 23:47:48.906, 1410 MHz, 1215 MHz, 49, 135.31 W, 66 %
2026/10/04 23:47:49.156, 1410 MHz, 1215 MHz, 51, 164.96 W, 89 %
2026/10/04 23:47:49.406, 1410 MHz, 1215 MHz, 51, 165.50 W, 89 %
2026/10/04 23:47:49.657, 1410 MHz, 1215 MHz, 51, 165.25 W, 89 %
2026/10/04 23:47:49.907, 1410 MHz, 1215 MHz, 51, 165.50 W, 89 %
2026/10/04 23:47:50.157, 1410 MHz, 1215 MHz, 51, 165.25 W, 89 %
2026/10/04 23:47:50.407, 1410 MHz, 1215 MHz, 51, 165.50 W, 89 %
2026/10/04 23:47:50.657, 1410 MHz, 1215 MHz, 51, 165.25 W, 89 %
2026/10/04 23:47:50.907, 1410 MHz, 1215 MHz, 49, 162.23 W, 89 %
2026/10/04 23:47:51.157, 1410 MHz, 1215 MHz, 46, 81.11 W, 0 %
2026/10/04 23:47:51.408, 1410 MHz, 1215 MHz, 46, 80.57 W, 0 %
2026/10/04 23:47:51.658, 1410 MHz, 1215 MHz, 45, 80.32 W, 0 %
2026/10/04 23:47:51.908, 1410 MHz, 1215 MHz, 45, 80.08 W, 0 %
2026/10/04 23:47:52.158, 1410 MHz, 1215 MHz, 48, 80.08 W, 26 %
2026/10/04 23:47:52.409, 1410 MHz, 1215 MHz, 51, 194.81 W, 98 %
2026/10/04 23:47:52.659, 1410 MHz, 1215 MHz, 52, 195.05 W, 98 %
2026/10/04 23:47:52.909, 1410 MHz, 1215 MHz, 52, 195.35 W, 98 %
2026/10/04 23:47:53.159, 1410 MHz, 1215 MHz, 53, 195.85 W, 98 %
2026/10/04 23:47:53.409, 1410 MHz, 1215 MHz, 53, 195.85 W, 98 %
2026/10/04 23:47:53.659, 1410 MHz, 1215 MHz, 53, 196.14 W, 98 %
2026/10/04 23:47:53.909, 1410 MHz, 1215 MHz, 53, 196.39 W, 98 %
2026/10/04 23:47:54.159, 1410 MHz, 1215 MHz, 53, 196.14 W, 98 %
2026/10/04 23:47:54.410, 1410 MHz, 1215 MHz, 53, 196.14 W, 98 %
2026/10/04 23:47:54.660, 1410 MHz, 1215 MHz, 53, 196.39 W, 98 %
2026/10/04 23:47:54.910, 1410 MHz, 1215 MHz, 53, 196.39 W, 98 %
2026/10/04 23:47:55.160, 1410 MHz, 1215 MHz, 53, 196.63 W, 98 %
2026/10/04 23:47:55.410, 1410 MHz, 1215 MHz, 53, 196.63 W, 98 %
2026/10/04 23:47:55.660, 1410 MHz, 1215 MHz, 53, 196.63 W, 98 %
2026/10/04 23:47:55.910, 1410 MHz, 1215 MHz, 53, 196.63 W, 98 %
2026/10/04 23:47:56.160, 1410 MHz, 1215 MHz, 54, 197.18 W, 98 %
2026/10/04 23:47:56.410, 1410 MHz, 1215 MHz, 54, 196.39 W, 97 %
2026/10/04 23:47:56.661, 1410 MHz, 1215 MHz, 54, 196.93 W, 99 %
2026/10/04 23:47:56.911, 1410 MHz, 1215 MHz, 54, 197.18 W, 98 %
2026/10/04 23:47:57.161, 1410 MHz, 1215 MHz, 54, 196.93 W, 98 %
2026/10/04 23:47:57.411, 1410 MHz, 1215 MHz, 54, 197.18 W, 98 %
2026/10/04 23:47:57.662, 1410 MHz, 1215 MHz, 54, 197.18 W, 98 %
2026/10/04 23:47:57.912, 1410 MHz, 1215 MHz, 54, 197.18 W, 98 %
2026/10/04 23:47:58.162, 1410 MHz, 1215 MHz, 54, 197.18 W, 98 %
2026/10/04 23:47:58.412, 1410 MHz, 1215 MHz, 54, 197.18 W, 98 %
2026/10/04 23:47:58.662, 1410 MHz, 1215 MHz, 54, 197.43 W, 98 %
2026/10/04 23:47:58.912, 1410 MHz, 1215 MHz, 54, 216.71 W, 98 %
2026/10/04 23:47:59.162, 1410 MHz, 1215 MHz, 54, 216.96 W, 99 %
2026/10/04 23:47:59.413, 1410 MHz, 1215 MHz, 54, 217.01 W, 99 %
2026/10/04 23:47:59.663, 1410 MHz, 1215 MHz, 55, 217.26 W, 99 %
2026/10/04 23:47:59.913, 1410 MHz, 1215 MHz, 55, 217.26 W, 99 %
2026/10/04 23:48:00.163, 1410 MHz, 1215 MHz, 55, 217.75 W, 99 %
2026/10/04 23:48:00.413, 1410 MHz, 1215 MHz, 55, 217.51 W, 99 %
2026/10/04 23:48:00.663, 1410 MHz, 1215 MHz, 55, 217.51 W, 99 %
2026/10/04 23:48:00.913, 1410 MHz, 1215 MHz, 55, 217.25 W, 99 %
2026/10/04 23:48:01.163, 1410 MHz, 1215 MHz, 55, 217.75 W, 99 %
2026/10/04 23:48:01.414, 1410 MHz, 1215 MHz, 55, 198.22 W, 98 %
2026/10/04 23:48:01.664, 1410 MHz, 1215 MHz, 54, 198.22 W, 98 %
2026/10/04 23:48:01.914, 1410 MHz, 1215 MHz, 54, 197.97 W, 98 %
2026/10/04 23:48:02.165, 1410 MHz, 1215 MHz, 54, 197.97 W, 98 %
2026/10/04 23:48:02.415, 1410 MHz, 1215 MHz, 54, 197.97 W, 98 %
2026/10/04 23:48:02.665, 1410 MHz, 1215 MHz, 54, 197.72 W, 98 %
2026/10/04 23:48:02.915, 1410 MHz, 1215 MHz, 54, 197.72 W, 98 %
2026/10/04 23:48:03.166, 1410 MHz, 1215 MHz, 54, 197.72 W, 98 %
2026/10/04 23:48:03.416, 1410 MHz, 1215 MHz, 50, 118.91 W, 97 %
2026/10/04 23:48:03.666, 1410 MHz, 1215 MHz, 47, 82.94 W, 0 %
2026/10/04 23:48:03.917, 1410 MHz, 1215 MHz, 47, 81.36 W, 0 %
2026/10/04 23:48:04.167, 1410 MHz, 1215 MHz, 46, 81.21 W, 0 %
