2026/10/05 01:58:51.254, 210 MHz, 1215 MHz, 37, 54.08 W, 0 %
2026/10/05 01:58:51.504, 1095 MHz, 1215 MHz, 37, 62.03 W, 0 %
2026/10/05 01:58:51.755, 1095 MHz, 1215 MHz, 37, 60.94 W, 3 %
2026/10/05 01:58:52.005, 1410 MHz, 1215 MHz, 37, 74.95 W, 39 %
2026/10/05 01:58:52.255, 1410 MHz, 1215 MHz, 38, 74.95 W, 4 %
2026/10/05 01:58:52.505, 1410 MHz, 1215 MHz, 38, 74.95 W, 4 %
2026/10/05 01:58:52.755, 1410 MHz, 1215 MHz, 38, 74.95 W, 4 %
2026/10/05 01:58:53.007, 1410 MHz, 1215 MHz, 38, 75.20 W, 4 %
2026/10/05 01:58:53.257, 1410 MHz, 1215 MHz, 38, 75.20 W, 4 %
2026/10/05 01:58:53.507, 1410 MHz, 1215 MHz, 38, 74.95 W, 4 %
2026/10/05 01:58:53.757, 1095 MHz, 1215 MHz, 37, 59.66 W, 4 %
2026/10/05 01:58:54.008, 1095 MHz, 1215 MHz, 37, 59.36 W, 5 %
2026/10/05 01:58:54.258, 1095 MHz, 1215 MHz, 37, 69.68 W, 2 %
2026/10/05 01:58:54.508, 1095 MHz, 1215 MHz, 38, 71.26 W, 39 %
2026/10/05 01:58:54.758, 1095 MHz, 1215 MHz, 38, 71.26 W, 39 %
2026/10/05 01:58:55.008, 1095 MHz, 1215 MHz, 38, 71.01 W, 39 %
2026/10/05 01:58:55.258, 1095 MHz, 1215 MHz, 38, 71.26 W, 39 %
2026/10/05 01:58:55.508, 1095 MHz, 1215 MHz, 38, 71.01 W, 39 %
2026/10/05 01:58:55.758, 1095 MHz, 1215 MHz, 38, 71.26 W, 39 %
2026/10/05 01:58:56.008, 1095 MHz, 1215 MHz, 38, 71.26 W, 39 %
2026/10/05 01:58:56.258, 1095 MHz, 1215 MHz, 38, 71.01 W, 39 %
2026/10/05 01:58:56.509, 1095 MHz, 1215 MHz, 38, 71.26 W, 39 %
2026/10/05 01:58:56.759, 1095 MHz, 1215 MHz, 38, 71.26 W, 39 %
2026/10/05 01:58:57.009, 1095 MHz, 1215 MHz, 37, 59.36 W, 1 %
2026/10/05 01:58:57.260, 1095 MHz, 1215 MHz, 37, 59.36 W, 1 %
2026/10/05 01:58:57.510, 1095 MHz, 1215 MHz, 37, 59.36 W, 1 %
2026/10/05 01:58:57.760, 1095 MHz, 1215 MHz, 37, 59.90 W, 2 %
2026/10/05 01:58:58.011, 1095 MHz, 1215 MHz, 37, 59.36 W, 1 %
2026/10/05 01:58:58.261, 1095 MHz, 1215 MHz, 37, 59.36 W, 2 %
2026/10/05 01:58:58.512, 1095 MHz, 1215 MHz, 37, 59.36 W, 1 %
2026/10/05 01:58:58.762, 1095 MHz, 1215 MHz, 37, 62.27 W, 1 %
2026/10/05 01:58:59.012, 1095 MHz, 1215 MHz, 37, 59.36 W, 0 %
2026/10/05 01:58:59.262, 1095 MHz, 1215 MHz, 37, 59.36 W, 0 %
2026/10/05 01:58:59.513, 1095 MHz, 1215 MHz, 37, 59.36 W, 0 %
2026/10/05 01:58:59.763, 1095 MHz, 1215 MHz, 37, 59.66 W, 0 %
2026/10/05 01:59:00.013, 1095 MHz, 1215 MHz, 37, 59.66 W, 0 %
2026/10/05 01:59:00.264, 1095 MHz, 1215 MHz, 37, 59.66 W, 0 %
2026/10/05 01:59:00.514, 405 MHz, 1215 MHz, 37, 54.94 W, 0 %
2026/10/05 01:59:00.765, 375 MHz, 1215 MHz, 37, 54.87 W, 0 %
2026/10/05 01:59:01.015, 315 MHz, 1215 MHz, 37, 54.63 W, 0 %
2026/10/05 01:59:01.265, 1095 MHz, 1215 MHz, 37, 55.42 W, 2 %
2026/10/05 01:59:01.516, 1410 MHz, 1215 MHz, 41, 134.99 W, 58 %
2026/10/05 01:59:01.766, 1410 MHz, 1215 MHz, 43, 156.88 W, 88 %
2026/10/05 01:59:02.016, 1410 MHz, 1215 MHz, 43, 157.12 W, 89 %
2026/10/05 01:59:02.266, 1410 MHz, 1215 MHz, 44, 157.37 W, 88 %
2026/10/05 01:59:02.516, 1410 MHz, 1215 MHz, 44, 157.67 W, 88 %
2026/10/05 01:59:02.766, 1410 MHz, 1215 MHz, 44, 157.91 W, 88 %
2026/10/05 01:59:03.016, 1410 MHz, 1215 MHz, 44, 157.91 W, 88 %
2026/10/05 01:59:03.266, 1410 MHz, 1215 MHz, 44, 158.21 W, 88 %
2026/10/05 01:59:03.516, 1410 MHz, 1215 MHz, 45, 158.46 W, 88 %
2026/10/05 01:59:03.767, 1410 MHz, 1215 MHz, 45, 158.46 W, 88 %
2026/10/05 01:59:04.017, 1410 MHz, 1215 MHz, 45, 158.46 W, 88 %
2026/10/05 01:59:04.267, 1410 MHz, 1215 MHz, 45, 158.21 W, 88 %
2026/10/05 01:59:04.518, 1410 MHz, 1215 MHz, 45, 158.70 W, 89 %
2026/10/05 01:59:04.768, 1410 MHz, 1215 MHz, 45, 158.70 W, 88 %
2026/10/05 01:59:05.019, 1410 MHz, 1215 MHz, 45, 158.70 W, 88 %
2026/10/05 01:59:05.278, 1410 MHz, 1215 MHz, 45, 158.21 W, 88 %
2026/10/05 01:59:05.528, 1410 MHz, 1215 MHz, 45, 158.70 W, 88 %
2026/10/05 01:59:05.779, 1410 MHz, 1215 MHz, 45, 158.70 W, 88 %
2026/10/05 01:59:06.029, 1410 MHz, 1215 MHz, 46, 158.70 W, 88 %
2026/10/05 01:59:06.279, 1410 MHz, 1215 MHz, 46, 158.70 W, 88 %
2026/10/05 01:59:06.529, 1410 MHz, 1215 MHz, 41, 79.98 W, 88 %
2026/10/05 01:59:06.779, 1410 MHz, 1215 MHz, 46, 187.43 W, 37 %
2026/10/05 01:59:07.029, 1410 MHz, 1215 MHz, 47, 187.98 W, 96 %
2026/10/05 01:59:07.279, 1410 MHz, 1215 MHz, 47, 188.52 W, 96 %
2026/10/05 01:59:07.529, 1410 MHz, 1215 MHz, 48, 188.77 W, 96 %
2026/10/05 01:59:07.779, 1410 MHz, 1215 MHz, 48, 188.77 W, 96 %
2026/10/05 01:59:08.030, 1410 MHz, 1215 MHz, 48, 188.77 W, 96 %
2026/10/05 01:59:08.280, 1410 MHz, 1215 MHz, 48, 191.43 W, 96 %
2026/10/05 01:59:08.530, 1410 MHz, 1215 MHz, 48, 191.43 W, 96 %
2026/10/05 01:59:08.780, 1410 MHz, 1215 MHz, 48, 191.68 W, 96 %
2026/10/05 01:59:09.030, 1410 MHz, 1215 MHz, 49, 191.68 W, 96 %
2026/10/05 01:59:09.280, 1410 MHz, 1215 MHz, 49, 191.68 W, 96 %
2026/10/05 01:59:09.530, 1410 MHz, 1215 MHz, 49, 191.92 W, 96 %
2026/10/05 01:59:09.780, 1410 MHz, 1215 MHz, 49, 191.92 W, 96 %
2026/10/05 01:59:10.030, 1410 MHz, 1215 MHz, 49, 191.92 W, 96 %
2026/10/05 01:59:10.280, 1410 MHz, 1215 MHz, 49, 191.92 W, 96 %
2026/10/05 01:59:10.531, 1410 MHz, 1215 MHz, 49, 192.22 W, 96 %
2026/10/05 01:59:10.781, 1410 MHz, 1215 MHz, 49, 192.22 W, 96 %
2026/10/05 01:59:11.031, 1410 MHz, 1215 MHz, 49, 191.92 W, 96 %
2026/10/05 01:59:11.281, 1410 MHz, 1215 MHz, 49, 192.47 W, 96 %
2026/10/05 01:59:11.531, 1410 MHz, 1215 MHz, 49, 192.22 W, 96 %
2026/10/05 01:59:11.781, 1410 MHz, 1215 MHz, 43, 81.27 W, 51 %
2026/10/05 01:59:12.031, 1410 MHz, 1215 MHz, 46, 136.57 W, 18 %
2026/10/05 01:59:12.281, 1410 MHz, 1215 MHz, 47, 136.57 W, 94 %
2026/10/05 01:59:12.531, 1410 MHz, 1215 MHz, 47, 136.57 W, 94 %
2026/10/05 01:59:12.782, 1410 MHz, 1215 MHz, 47, 136.82 W, 94 %
2026/10/05 01:59:13.032, 1410 MHz, 1215 MHz, 47, 136.57 W, 94 %
2026/10/05 01:59:13.282, 1410 MHz, 1215 MHz, 47, 136.82 W, 94 %
2026/10/05 01:59:13.532, 1410 MHz, 1215 MHz, 47, 136.57 W, 94 %
2026/10/05 01:59:13.782, 1410 MHz, 1215 MHz, 47, 136.82 W, 94 %
2026/10/05 01:59:14.032, 1410 MHz, 1215 MHz, 47, 136.82 W, 94 %
2026/10/05 01:59:14.282, 1410 MHz, 1215 MHz, 47, 136.57 W, 94 %
2026/10/05 01:59:14.532, 1410 MHz, 1215 MHz, 47, 136.82 W, 94 %
2026/10/05 01:59:14.782, 1410 MHz, 1215 MHz, 47, 136.57 W, 94 %
2026/10/05 01:59:15.033, 1410 MHz, 1215 MHz, 47, 136.57 W, 94 %
2026/10/05 01:59:15.283, 1410 MHz, 1215 MHz, 47, 136.82 W, 94 %
2026/10/05 01:59:15.533, 1410 MHz, 1215 MHz, 47, 136.82 W, 94 %
2026/10/05 01:59:15.783, 1410 MHz, 1215 MHz, 47, 136.82 W, 94 %
2026/10/05 01:59:16.034, 1410 MHz, 1215 MHz, 47, 136.82 W, 94 %
2026/10/05 01:59:16.284, 1410 MHz, 1215 MHz, 47, 136.82 W, 94 %
2026/10/05 01:59:16.534, 1410 MHz, 1215 MHz, 47, 136.82 W, 94 %
2026/10/05 01:59:16.784, 1410 MHz, 1215 MHz, 47, 136.82 W, 94 %
2026/10/05 01:59:17.035, 1410 MHz, 1215 MHz, 43, 84.48 W, 66 %
2026/10/05 01:59:17.285, 1410 MHz, 1215 MHz, 46, 132.09 W, 3 %
2026/10/05 01:59:17.535, 1410 MHz, 1215 MHz, 46, 132.09 W, 94 %
2026/10/05 01:59:17.785, 1410 MHz, 1215 MHz, 46, 132.33 W, 98 %
2026/10/05 01:59:18.035, 1410 MHz, 1215 MHz, 46, 132.33 W, 98 %
2026/10/05 01:59:18.286, 1410 MHz, 1215 MHz, 46, 132.33 W, 98 %
2026/10/05 01:59:18.536, 1410 MHz, 1215 MHz, 46, 132.33 W, 98 %
2026/10/05 01:59:18.786, 1410 MHz, 1215 MHz, 46, 132.09 W, 98 %
2026/10/05 01:59:19.036, 1410 MHz, 1215 MHz, 46, 132.33 W, 98 %
2026/10/05 01:59:19.286, 1410 MHz, 1215 MHz, 46, 132.33 W, 98 %
2026/10/05 01:59:19.536, 1410 MHz, 1215 MHz, 46, 132.33 W, 98 %
2026/10/05 01:59:19.786, 1410 MHz, 1215 MHz, 46, 132.33 W, 98 %
2026/10/05 01:59:20.036, 1410 MHz, 1215 MHz, 46, 132.33 W, 98 %
2026/10/05 01:59:20.287, 1410 MHz, 1215 MHz, 46, 132.33 W, 98 %
2026/10/05 01:59:20.537, 1410 MHz, 1215 MHz, 46, 132.33 W, 98 %
2026/10/05 01:59:20.787, 1410 MHz, 1215 MHz, 47, 132.33 W, 98 %
2026/10/05 01:59:21.037, 1410 MHz, 1215 MHz, 47, 132.33 W, 98 %
2026/10/05 01:59:21.287, 1410 MHz, 1215 MHz, 47, 132.33 W, 98 %
2026/10/05 01:59:21.537, 1410 MHz, 1215 MHz, 47, 132.63 W, 98 %
2026/10/05 01:59:21.787, 1410 MHz, 1215 MHz, 47, 132.63 W, 98 %
2026/10/05 01:59:22.037, 1410 MHz, 1215 MHz, 47, 132.63 W, 98 %
2026/10/05 01:59:22.287, 1410 MHz, 1215 MHz, 43, 82.60 W, 91 %
2026/10/05 01:59:22.537, 1410 MHz, 1215 MHz, 44, 107.18 W, 3 %
2026/10/05 01:59:22.788, 1410 MHz, 1215 MHz, 44, 107.42 W, 97 %
2026/10/05 01:59:23.038, 1410 MHz, 1215 MHz, 44, 107.42 W, 97 %
2026/10/05 01:59:23.288, 1410 MHz, 1215 MHz, 44, 107.67 W, 97 %
2026/10/05 01:59:23.538, 1410 MHz, 1215 MHz, 44, 107.67 W, 97 %
2026/10/05 01:59:23.788, 1410 MHz, 1215 MHz, 44, 107.42 W, 97 %
2026/10/05 01:59:24.038, 1410 MHz, 1215 MHz, 44, 107.42 W, 97 %
2026/10/05 01:59:24.288, 1410 MHz, 1215 MHz, 44, 107.42 W, 97 %
2026/10/05 01:59:24.538, 1410 MHz, 1215 MHz, 44, 107.42 W, 97 %
2026/10/05 01:59:24.788, 1410 MHz, 1215 MHz, 44, 107.42 W, 97 %
2026/10/05 01:59:25.038, 1410 MHz, 1215 MHz, 44, 107.42 W, 97 %
2026/10/05 01:59:25.289, 1410 MHz, 1215 MHz, 44, 107.42 W, 97 %
2026/10/05 01:59:25.539, 1410 MHz, 1215 MHz, 44, 107.42 W, 97 %
2026/10/05 01:59:25.789, 1410 MHz, 1215 MHz, 44, 107.42 W, 97 %
2026/10/05 01:59:26.039, 1410 MHz, 1215 MHz, 44, 107.42 W, 97 %
2026/10/05 01:59:26.289, 1410 MHz, 1215 MHz, 44, 107.42 W, 97 %
2026/10/05 01:59:26.539, 1410 MHz, 1215 MHz, 44, 107.42 W, 97 %
2026/10/05 01:59:26.789, 1410 MHz, 1215 MHz, 44, 107.42 W, 97 %
2026/10/05 01:59:27.039, 1410 MHz, 1215 MHz, 44, 107.42 W, 97 %
2026/10/05 01:59:27.289, 1410 MHz, 1215 MHz, 44, 107.42 W, 97 %
2026/10/05 01:59:27.539, 1410 MHz, 1215 MHz, 42, 78.66 W, 97 %
2026/10/05 01:59:27.790, 1410 MHz, 1215 MHz, 44, 108.21 W, 58 %
2026/10/05 01:59:28.040, 1410 MHz, 1215 MHz, 44, 108.21 W, 99 %
2026/10/05 01:59:28.290, 1410 MHz, 1215 MHz, 44, 108.46 W, 99 %
2026/10/05 01:59:28.540, 1410 MHz, 1215 MHz, 44, 108.46 W, 99 %
2026/10/05 01:59:28.790, 1410 MHz, 1215 MHz, 44, 108.46 W, 99 %
2026/10/05 01:59:29.040, 1410 MHz, 1215 MHz, 44, 108.46 W, 99 %
2026/10/05 01:59:29.290, 1410 MHz, 1215 MHz, 44, 108.46 W, 99 %
2026/10/05 01:59:29.540, 1410 MHz, 1215 MHz, 44, 108.46 W, 99 %
2026/10/05 01:59:29.790, 1410 MHz, 1215 MHz, 44, 108.46 W, 99 %
2026/10/05 01:59:30.040, 1410 MHz, 1215 MHz, 44, 108.46 W, 99 %
2026/10/05 01:59:30.291, 1410 MHz, 1215 MHz, 44, 108.46 W, 99 %
2026/10/05 01:59:30.541, 1410 MHz, 1215 MHz, 44, 108.46 W, 99 %
2026/10/05 01:59:30.791, 1410 MHz, 1215 MHz, 44, 108.46 W, 99 %
2026/10/05 01:59:31.041, 1410 MHz, 1215 MHz, 44, 108.46 W, 99 %
2026/10/05 01:59:31.292, 1410 MHz, 1215 MHz, 44, 108.46 W, 99 %
2026/10/05 01:59:31.542, 1410 MHz, 1215 MHz, 44, 108.46 W, 99 %
2026/10/05 01:59:31.792, 1410 MHz, 1215 MHz, 44, 108.46 W, 99 %
2026/10/05 01:59:32.043, 1410 MHz, 1215 MHz, 44, 108.46 W, 99 %
2026/10/05 01:59:32.293, 1410 MHz, 1215 MHz, 44, 108.46 W, 99 %
2026/10/05 01:59:32.543, 1410 MHz, 1215 MHz, 44, 108.46 W, 99 %
2026/10/05 01:59:32.793, 1410 MHz, 1215 MHz, 42, 80.48 W, 32 %
2026/10/05 01:59:33.043, 1410 MHz, 1215 MHz, 45, 134.21 W, 30 %
2026/10/05 01:59:33.293, 1410 MHz, 1215 MHz, 46, 134.99 W, 94 %
2026/10/05 01:59:33.543, 1410 MHz, 1215 MHz, 46, 135.24 W, 94 %
2026/10/05 01:59:33.793, 1410 MHz, 1215 MHz, 46, 135.24 W, 94 %
2026/10/05 01:59:34.043, 1410 MHz, 1215 MHz, 46, 135.24 W, 94 %
2026/10/05 01:59:34.293, 1410 MHz, 1215 MHz, 47, 135.49 W, 94 %
2026/10/05 01:59:34.543, 1410 MHz, 1215 MHz, 47, 135.49 W, 94 %
2026/10/05 01:59:34.794, 1410 MHz, 1215 MHz, 47, 135.49 W, 94 %
2026/10/05 01:59:35.045, 1410 MHz, 1215 MHz, 47, 135.49 W, 94 %
2026/10/05 01:59:35.295, 1410 MHz, 1215 MHz, 47, 135.49 W, 94 %
2026/10/05 01:59:35.545, 1410 MHz, 1215 MHz, 47, 135.49 W, 93 %
2026/10/05 01:59:35.795, 1410 MHz, 1215 MHz, 47, 135.49 W, 94 %
2026/10/05 01:59:36.046, 1410 MHz, 1215 MHz, 47, 135.49 W, 94 %
2026/10/05 01:59:36.296, 1410 MHz, 1215 MHz, 47, 135.49 W, 94 %
2026/10/05 01:59:36.546, 1410 MHz, 1215 MHz, 47, 135.49 W, 94 %
2026/10/05 01:59:36.796, 1410 MHz, 1215 MHz, 47, 135.49 W, 94 %
2026/10/05 01:59:37.046, 1410 MHz, 1215 MHz, 47, 135.49 W, 94 %
2026/10/05 01:59:37.297, 1410 MHz, 1215 MHz, 47, 135.49 W, 99 %
2026/10/05 01:59:37.547, 1410 MHz, 1215 MHz, 47, 135.78 W, 94 %
2026/10/05 01:59:37.797, 1410 MHz, 1215 MHz, 47, 135.78 W, 94 %
2026/10/05 01:59:38.047, 1410 MHz, 1215 MHz, 47, 135.78 W, 94 %
2026/10/05 01:59:38.298, 1410 MHz, 1215 MHz, 47, 135.78 W, 94 %
2026/10/05 01:59:38.548, 1410 MHz, 1215 MHz, 47, 135.78 W, 94 %
2026/10/05 01:59:38.798, 1410 MHz, 1215 MHz, 47, 135.49 W, 94 %
2026/10/05 01:59:39.048, 1410 MHz, 1215 MHz, 47, 135.49 W, 94 %
2026/10/05 01:59:39.298, 1410 MHz, 1215 MHz, 47, 135.49 W, 94 %
2026/10/05 01:59:39.549, 1410 MHz, 1215 MHz, 47, 147.66 W, 94 %
2026/10/05 01:59:39.799, 1410 MHz, 1215 MHz, 47, 152.40 W, 95 %
2026/10/05 01:59:40.049, 1410 MHz, 1215 MHz, 48, 152.40 W, 96 %
2026/10/05 01:59:40.299, 1410 MHz, 1215 MHz, 48, 154.52 W, 96 %
2026/10/05 01:59:40.549, 1410 MHz, 1215 MHz, 48, 154.76 W, 96 %
2026/10/05 01:59:40.799, 1410 MHz, 1215 MHz, 48, 154.52 W, 96 %
2026/10/05 01:59:41.049, 1410 MHz, 1215 MHz, 48, 154.22 W, 96 %
2026/10/05 01:59:41.299, 1410 MHz, 1215 MHz, 48, 154.52 W, 96 %
2026/10/05 01:59:41.549, 1410 MHz, 1215 MHz, 48, 154.22 W, 96 %
2026/10/05 01:59:41.799, 1410 MHz, 1215 MHz, 48, 154.22 W, 96 %
2026/10/05 01:59:42.050, 1410 MHz, 1215 MHz, 48, 154.76 W, 96 %
2026/10/05 01:59:42.300, 1410 MHz, 1215 MHz, 48, 137.90 W, 95 %
2026/10/05 01:59:42.550, 1410 MHz, 1215 MHz, 48, 137.90 W, 94 %
2026/10/05 01:59:42.800, 1410 MHz, 1215 MHz, 48, 137.61 W, 94 %
2026/10/05 01:59:43.050, 1410 MHz, 1215 MHz, 48, 137.61 W, 94 %
2026/10/05 01:59:43.300, 1410 MHz, 1215 MHz, 48, 137.90 W, 94 %
2026/10/05 01:59:43.550, 1410 MHz, 1215 MHz, 48, 137.61 W, 94 %
2026/10/05 01:59:43.800, 1410 MHz, 1215 MHz, 48, 137.61 W, 94 %
2026/10/05 01:59:44.051, 1410 MHz, 1215 MHz, 47, 133.91 W, 95 %
2026/10/05 01:59:44.301, 1410 MHz, 1215 MHz, 43, 79.20 W, 23 %
2026/10/05 01:59:44.551, 1410 MHz, 1215 MHz, 43, 78.36 W, 0 %
2026/10/05 01:59:44.802, 1410 MHz, 1215 MHz, 43, 78.36 W, 0 %
2026/10/05 01:59:45.052, 1410 MHz, 1215 MHz, 42, 77.57 W, 0 %
2026/10/05 01:59:45.302, 1410 MHz, 1215 MHz, 42, 83.39 W, 0 %
2026/10/05 01:59:45.552, 1410 MHz, 1215 MHz, 42, 84.18 W, 13 %
2026/10/05 01:59:45.802, 1410 MHz, 1215 MHz, 42, 79.44 W, 73 %
2026/10/05 01:59:46.053, 1410 MHz, 1215 MHz, 42, 78.11 W, 4 %
2026/10/05 01:59:46.303, 1410 MHz, 1215 MHz, 42, 78.36 W, 4 %
2026/10/05 01:59:46.554, 1410 MHz, 1215 MHz, 42, 77.87 W, 4 %
2026/10/05 01:59:46.804, 1410 MHz, 1215 MHz, 42, 78.11 W, 4 %
2026/10/05 01:59:47.055, 1410 MHz, 1215 MHz, 42, 77.87 W, 4 %
2026/10/05 01:59:47.305, 1410 MHz, 1215 MHz, 42, 78.36 W, 4 %
2026/10/05 01:59:47.555, 1095 MHz, 1215 MHz, 41, 64.64 W, 4 %
2026/10/05 01:59:47.806, 1095 MHz, 1215 MHz, 41, 61.24 W, 5 %
2026/10/05 01:59:48.056, 1095 MHz, 1215 MHz, 41, 72.58 W, 25 %
2026/10/05 01:59:48.306, 1095 MHz, 1215 MHz, 41, 72.58 W, 39 %
2026/10/05 01:59:48.556, 1095 MHz, 1215 MHz, 41, 72.83 W, 39 %
2026/10/05 01:59:48.806, 1095 MHz, 1215 MHz, 41, 72.83 W, 39 %
2026/10/05 01:59:49.056, 1095 MHz, 1215 MHz, 41, 72.58 W, 39 %
2026/10/05 01:59:49.306, 1095 MHz, 1215 MHz, 41, 72.04 W, 38 %
2026/10/05 01:59:49.556, 1095 MHz, 1215 MHz, 41, 72.58 W, 39 %
2026/10/05 01:59:49.806, 1095 MHz, 1215 MHz, 41, 72.58 W, 39 %
2026/10/05 01:59:50.057, 1095 MHz, 1215 MHz, 41, 72.58 W, 39 %
2026/10/05 01:59:50.307, 1095 MHz, 1215 MHz, 41, 72.58 W, 39 %
2026/10/05 01:59:50.557, 1095 MHz, 1215 MHz, 41, 72.58 W, 39 %
2026/10/05 01:59:50.807, 1095 MHz, 1215 MHz, 40, 61.24 W, 39 %
2026/10/05 01:59:51.057, 1095 MHz, 1215 MHz, 40, 60.94 W, 2 %
2026/10/05 01:59:51.308, 1095 MHz, 1215 MHz, 40, 60.69 W, 1 %
2026/10/05 01:59:51.558, 1095 MHz, 1215 MHz, 40, 60.69 W, 1 %
2026/10/05 01:59:51.808, 1095 MHz, 1215 MHz, 40, 60.69 W, 2 %
2026/10/05 01:59:52.059, 1095 MHz, 1215 MHz, 40, 60.45 W, 1 %
2026/10/05 01:59:52.309, 1095 MHz, 1215 MHz, 40, 60.69 W, 1 %
2026/10/05 01:59:52.559, 1095 MHz, 1215 MHz, 40, 63.61 W, 2 %
2026/10/05 01:59:52.809, 1095 MHz, 1215 MHz, 40, 63.85 W, 14 %
2026/10/05 01:59:53.060, 1260 MHz, 1215 MHz, 43, 106.39 W, 46 %
2026/10/05 01:59:53.310, 1410 MHz, 1215 MHz, 45, 133.91 W, 94 %
2026/10/05 01:59:53.560, 1410 MHz, 1215 MHz, 45, 134.45 W, 94 %
2026/10/05 01:59:53.810, 1410 MHz, 1215 MHz, 46, 134.70 W, 94 %
2026/10/05 01:59:54.060, 1410 MHz, 1215 MHz, 46, 134.70 W, 94 %
2026/10/05 01:59:54.311, 1410 MHz, 1215 MHz, 46, 134.99 W, 94 %
2026/10/05 01:59:54.561, 1410 MHz, 1215 MHz, 46, 134.99 W, 94 %
2026/10/05 01:59:54.811, 1410 MHz, 1215 MHz, 46, 134.99 W, 94 %
2026/10/05 01:59:55.061, 1410 MHz, 1215 MHz, 46, 134.99 W, 94 %
2026/10/05 01:59:55.312, 1410 MHz, 1215 MHz, 46, 135.24 W, 94 %
2026/10/05 01:59:55.562, 1410 MHz, 1215 MHz, 46, 135.24 W, 94 %
2026/10/05 01:59:55.812, 1410 MHz, 1215 MHz, 46, 135.24 W, 94 %
2026/10/05 01:59:56.062, 1410 MHz, 1215 MHz, 46, 135.24 W, 94 %
2026/10/05 01:59:56.312, 1410 MHz, 1215 MHz, 46, 135.24 W, 94 %
2026/10/05 01:59:56.562, 1410 MHz, 1215 MHz, 46, 135.24 W, 94 %
2026/10/05 01:59:56.812, 1410 MHz, 1215 MHz, 46, 135.49 W, 94 %
2026/10/05 01:59:57.062, 1410 MHz, 1215 MHz, 47, 134.99 W, 96 %
2026/10/05 01:59:57.313, 1410 MHz, 1215 MHz, 47, 135.24 W, 97 %
2026/10/05 01:59:57.563, 1410 MHz, 1215 MHz, 47, 135.24 W, 94 %
2026/10/05 01:59:57.813, 1410 MHz, 1215 MHz, 47, 135.49 W, 94 %
2026/10/05 01:59:58.063, 1410 MHz, 1215 MHz, 47, 135.49 W, 94 %
2026/10/05 01:59:58.313, 1410 MHz, 1215 MHz, 47, 135.49 W, 94 %
2026/10/05 01:59:58.563, 1410 MHz, 1215 MHz, 47, 135.49 W, 94 %
2026/10/05 01:59:58.813, 1410 MHz, 1215 MHz, 47, 135.49 W, 94 %
2026/10/05 01:59:59.066, 1410 MHz, 1215 MHz, 47, 135.49 W, 94 %
2026/10/05 01:59:59.317, 1410 MHz, 1215 MHz, 46, 123.91 W, 94 %
2026/10/05 01:59:59.567, 1410 MHz, 1215 MHz, 45, 116.52 W, 94 %
2026/10/05 01:59:59.817, 1410 MHz, 1215 MHz, 45, 116.40 W, 62 %
2026/10/05 02:00:00.067, 1410 MHz, 1215 MHz, 45, 116.65 W, 62 %
2026/10/05 02:00:00.317, 1410 MHz, 1215 MHz, 45, 116.40 W, 62 %
2026/10/05 02:00:00.568, 1410 MHz, 1215 MHz, 45, 116.65 W, 62 %
2026/10/05 02:00:00.818, 1410 MHz, 1215 MHz, 45, 116.40 W, 62 %
2026/10/05 02:00:01.068, 1410 MHz, 1215 MHz, 45, 116.65 W, 62 %
2026/10/05 02:00:01.318, 1410 MHz, 1215 MHz, 45, 116.40 W, 62 %
2026/10/05 02:00:01.568, 1410 MHz, 1215 MHz, 45, 116.40 W, 62 %
2026/10/05 02:00:01.818, 1410 MHz, 1215 MHz, 45, 116.40 W, 62 %
2026/10/05 02:00:02.068, 1410 MHz, 1215 MHz, 46, 135.24 W, 62 %
2026/10/05 02:00:02.318, 1410 MHz, 1215 MHz, 47, 135.49 W, 94 %
2026/10/05 02:00:02.569, 1410 MHz, 1215 MHz, 47, 135.24 W, 94 %
2026/10/05 02:00:02.819, 1410 MHz, 1215 MHz, 47, 135.49 W, 94 %
2026/10/05 02:00:03.069, 1410 MHz, 1215 MHz, 47, 135.49 W, 94 %
2026/10/05 02:00:03.319, 1410 MHz, 1215 MHz, 47, 135.49 W, 94 %
2026/10/05 02:00:03.569, 1410 MHz, 1215 MHz, 47, 135.49 W, 94 %
2026/10/05 02:00:03.819, 1410 MHz, 1215 MHz, 47, 129.72 W, 94 %
2026/10/05 02:00:04.070, 1410 MHz, 1215 MHz, 43, 78.11 W, 75 %
2026/10/05 02:00:04.320, 1410 MHz, 1215 MHz, 42, 77.57 W, 2 %
2026/10/05 02:00:04.570, 1410 MHz, 1215 MHz, 42, 77.57 W, 0 %
2026/10/05 02:00:04.821, 1410 MHz, 1215 MHz, 42, 77.32 W, 0 %
2026/10/05 02:00:05.071, 1410 MHz, 1215 MHz, 42, 83.39 W, 0 %
2026/10/05 02:00:05.321, 1410 MHz, 1215 MHz, 44, 107.18 W, 1 %
2026/10/05 02:00:05.571, 1410 MHz, 1215 MHz, 44, 107.42 W, 85 %
2026/10/05 02:00:05.822, 1410 MHz, 1215 MHz, 44, 107.42 W, 97 %
2026/10/05 02:00:06.072, 1410 MHz, 1215 MHz, 44, 107.42 W, 97 %
2026/10/05 02:00:06.322, 1410 MHz, 1215 MHz, 44, 107.42 W, 97 %
2026/10/05 02:00:06.572, 1410 MHz, 1215 MHz, 44, 107.42 W, 97 %
2026/10/05 02:00:06.822, 1410 MHz, 1215 MHz, 44, 107.42 W, 97 %
2026/10/05 02:00:07.072, 1410 MHz, 1215 MHz, 44, 107.42 W, 97 %
2026/10/05 02:00:07.322, 1410 MHz, 1215 MHz, 44, 107.42 W, 97 %
2026/10/05 02:00:07.572, 1410 MHz, 1215 MHz, 44, 107.42 W, 97 %
2026/10/05 02:00:07.822, 1410 MHz, 1215 MHz, 44, 107.42 W, 97 %
2026/10/05 02:00:08.072, 1410 MHz, 1215 MHz, 44, 107.42 W, 97 %
2026/10/05 02:00:08.323, 1410 MHz, 1215 MHz, 44, 107.42 W, 97 %
2026/10/05 02:00:08.573, 1410 MHz, 1215 MHz, 44, 107.42 W, 97 %
2026/10/05 02:00:08.823, 1410 MHz, 1215 MHz, 44, 107.42 W, 97 %
2026/10/05 02:00:09.073, 1410 MHz, 1215 MHz, 44, 107.42 W, 97 %
2026/10/05 02:00:09.323, 1410 MHz, 1215 MHz, 44, 107.42 W, 97 %
2026/10/05 02:00:09.573, 1410 MHz, 1215 MHz, 44, 107.42 W, 99 %
2026/10/05 02:00:09.823, 1410 MHz, 1215 MHz, 44, 107.42 W, 97 %
2026/10/05 02:00:10.073, 1410 MHz, 1215 MHz, 44, 107.42 W, 97 %
2026/10/05 02:00:10.324, 1410 MHz, 1215 MHz, 44, 107.42 W, 97 %
2026/10/05 02:00:10.574, 1410 MHz, 1215 MHz, 44, 107.42 W, 97 %
2026/10/05 02:00:10.824, 1410 MHz, 1215 MHz, 44, 107.42 W, 97 %
2026/10/05 02:00:11.074, 1410 MHz, 1215 MHz, 44, 107.42 W, 97 %
2026/10/05 02:00:11.324, 1410 MHz, 1215 MHz, 44, 107.42 W, 97 %
2026/10/05 02:00:11.574, 1410 MHz, 1215 MHz, 44, 107.42 W, 97 %
2026/10/05 02:00:11.824, 1410 MHz, 1215 MHz, 45, 124.05 W, 97 %
2026/10/05 02:00:12.074, 1410 MHz, 1215 MHz, 45, 124.45 W, 98 %
2026/10/05 02:00:12.324, 1410 MHz, 1215 MHz, 45, 124.15 W, 98 %
2026/10/05 02:00:12.574, 1410 MHz, 1215 MHz, 45, 124.45 W, 98 %
2026/10/05 02:00:12.824, 1410 MHz, 1215 MHz, 45, 124.69 W, 98 %
2026/10/05 02:00:13.075, 1410 MHz, 1215 MHz, 45, 124.69 W, 98 %
2026/10/05 02:00:13.325, 1410 MHz, 1215 MHz, 45, 124.94 W, 98 %
2026/10/05 02:00:13.575, 1410 MHz, 1215 MHz, 45, 124.45 W, 98 %
2026/10/05 02:00:13.825, 1410 MHz, 1215 MHz, 45, 124.94 W, 98 %
2026/10/05 02:00:14.075, 1410 MHz, 1215 MHz, 45, 124.60 W, 98 %
2026/10/05 02:00:14.325, 1410 MHz, 1215 MHz, 45, 124.69 W, 98 %
2026/10/05 02:00:14.575, 1410 MHz, 1215 MHz, 45, 107.97 W, 98 %
2026/10/05 02:00:14.826, 1410 MHz, 1215 MHz, 44, 107.67 W, 97 %
2026/10/05 02:00:15.076, 1410 MHz, 1215 MHz, 44, 107.67 W, 97 %
2026/10/05 02:00:15.326, 1410 MHz, 1215 MHz, 44, 107.67 W, 97 %
2026/10/05 02:00:15.576, 1410 MHz, 1215 MHz, 44, 107.67 W, 97 %
2026/10/05 02:00:15.827, 1410 MHz, 1215 MHz, 44, 107.67 W, 97 %
2026/10/05 02:00:16.077, 1410 MHz, 1215 MHz, 44, 107.67 W, 97 %
2026/10/05 02:00:16.327, 1410 MHz, 1215 MHz, 43, 79.69 W, 97 %
2026/10/05 02:00:16.577, 1410 MHz, 1215 MHz, 42, 77.87 W, 45 %
2026/10/05 02:00:16.828, 1410 MHz, 1215 MHz, 42, 77.32 W, 0 %
2026/10/05 02:00:17.078, 1410 MHz, 1215 MHz, 42, 77.32 W, 0 %
2026/10/05 02:00:17.328, 1410 MHz, 1215 MHz, 41, 77.32 W, 0 %
2026/10/05 02:00:17.578, 1410 MHz, 1215 MHz, 41, 77.57 W, 0 %
2026/10/05 02:00:17.828, 1410 MHz, 1215 MHz, 48, 188.52 W, 95 %
2026/10/05 02:00:18.078, 1410 MHz, 1215 MHz, 48, 188.79 W, 95 %
2026/10/05 02:00:18.328, 1410 MHz, 1215 MHz, 49, 191.92 W, 95 %
2026/10/05 02:00:18.579, 1410 MHz, 1215 MHz, 49, 192.22 W, 95 %
2026/10/05 02:00:18.829, 1410 MHz, 1215 MHz, 50, 192.22 W, 95 %
2026/10/05 02:00:19.079, 1410 MHz, 1215 MHz, 50, 192.71 W, 95 %
2026/10/05 02:00:19.329, 1410 MHz, 1215 MHz, 50, 193.01 W, 95 %
2026/10/05 02:00:19.579, 1410 MHz, 1215 MHz, 50, 192.78 W, 95 %
2026/10/05 02:00:19.829, 1410 MHz, 1215 MHz, 50, 193.25 W, 95 %
2026/10/05 02:00:20.079, 1410 MHz, 1215 MHz, 50, 192.48 W, 95 %
2026/10/05 02:00:20.329, 1410 MHz, 1215 MHz, 50, 193.25 W, 95 %
2026/10/05 02:00:20.579, 1410 MHz, 1215 MHz, 50, 193.02 W, 95 %
2026/10/05 02:00:20.829, 1410 MHz, 1215 MHz, 50, 193.25 W, 95 %
2026/10/05 02:00:21.079, 1410 MHz, 1215 MHz, 51, 193.25 W, 95 %
2026/10/05 02:00:21.330, 1410 MHz, 1215 MHz, 51, 193.02 W, 95 %
2026/10/05 02:00:21.580, 1410 MHz, 1215 MHz, 51, 192.78 W, 95 %
2026/10/05 02:00:21.830, 1410 MHz, 1215 MHz, 51, 193.02 W, 99 %
2026/10/05 02:00:22.080, 1410 MHz, 1215 MHz, 51, 193.57 W, 96 %
2026/10/05 02:00:22.330, 1410 MHz, 1215 MHz, 51, 193.57 W, 96 %
2026/10/05 02:00:22.580, 1410 MHz, 1215 MHz, 51, 193.57 W, 96 %
2026/10/05 02:00:22.831, 1410 MHz, 1215 MHz, 51, 193.81 W, 96 %
2026/10/05 02:00:23.081, 1410 MHz, 1215 MHz, 51, 194.04 W, 96 %
2026/10/05 02:00:23.331, 1410 MHz, 1215 MHz, 51, 193.27 W, 96 %
2026/10/05 02:00:23.581, 1410 MHz, 1215 MHz, 51, 193.81 W, 96 %
2026/10/05 02:00:23.831, 1410 MHz, 1215 MHz, 51, 193.81 W, 96 %
2026/10/05 02:00:24.081, 1410 MHz, 1215 MHz, 51, 193.57 W, 96 %
2026/10/05 02:00:24.332, 1410 MHz, 1215 MHz, 51, 203.81 W, 96 %
2026/10/05 02:00:24.582, 1410 MHz, 1215 MHz, 51, 204.10 W, 98 %
2026/10/05 02:00:24.832, 1410 MHz, 1215 MHz, 51, 204.60 W, 98 %
2026/10/05 02:00:25.082, 1410 MHz, 1215 MHz, 51, 204.35 W, 98 %
2026/10/05 02:00:25.332, 1410 MHz, 1215 MHz, 52, 205.14 W, 98 %
2026/10/05 02:00:25.582, 1410 MHz, 1215 MHz, 52, 204.10 W, 98 %
2026/10/05 02:00:25.832, 1410 MHz, 1215 MHz, 52, 204.60 W, 98 %
2026/10/05 02:00:26.082, 1410 MHz, 1215 MHz, 52, 204.10 W, 98 %
2026/10/05 02:00:26.332, 1410 MHz, 1215 MHz, 52, 204.89 W, 98 %
2026/10/05 02:00:26.582, 1410 MHz, 1215 MHz, 52, 204.89 W, 98 %
2026/10/05 02:00:26.833, 1410 MHz, 1215 MHz, 52, 195.37 W, 96 %
2026/10/05 02:00:27.083, 1410 MHz, 1215 MHz, 52, 194.90 W, 96 %
2026/10/05 02:00:27.333, 1410 MHz, 1215 MHz, 52, 194.60 W, 96 %
2026/10/05 02:00:27.583, 1410 MHz, 1215 MHz, 52, 194.90 W, 96 %
2026/10/05 02:00:27.833, 1410 MHz, 1215 MHz, 52, 194.90 W, 96 %
2026/10/05 02:00:28.083, 1410 MHz, 1215 MHz, 52, 194.90 W, 96 %
2026/10/05 02:00:28.333, 1410 MHz, 1215 MHz, 52, 195.12 W, 96 %
2026/10/05 02:00:28.583, 1410 MHz, 1215 MHz, 52, 194.90 W, 96 %
2026/10/05 02:00:28.834, 1410 MHz, 1215 MHz, 48, 194.60 W, 96 %
2026/10/05 02:00:29.084, 1410 MHz, 1215 MHz, 45, 80.77 W, 0 %
2026/10/05 02:00:29.334, 1410 MHz, 1215 MHz, 45, 80.23 W, 0 %
2026/10/05 02:00:29.585, 1410 MHz, 1215 MHz, 44, 79.98 W, 0 %
2026/10/05 02:00:29.835, 1410 MHz, 1215 MHz, 44, 79.69 W, 0 %
2026/10/05 02:00:30.085, 1410 MHz, 1215 MHz, 47, 123.91 W, 46 %
2026/10/05 02:00:30.335, 1410 MHz, 1215 MHz, 48, 134.99 W, 98 %
2026/10/05 02:00:30.585, 1410 MHz, 1215 MHz, 48, 134.99 W, 98 %
2026/10/05 02:00:30.835, 1410 MHz, 1215 MHz, 48, 135.24 W, 98 %
2026/10/05 02:00:31.085, 1410 MHz, 1215 MHz, 48, 135.24 W, 98 %
2026/10/05 02:00:31.335, 1410 MHz, 1215 MHz, 48, 135.24 W, 98 %
2026/10/05 02:00:31.586, 1410 MHz, 1215 MHz, 48, 135.24 W, 98 %
2026/10/05 02:00:31.836, 1410 MHz, 1215 MHz, 48, 135.24 W, 98 %
2026/10/05 02:00:32.086, 1410 MHz, 1215 MHz, 48, 135.24 W, 98 %
2026/10/05 02:00:32.336, 1410 MHz, 1215 MHz, 48, 135.24 W, 98 %
2026/10/05 02:00:32.586, 1410 MHz, 1215 MHz, 48, 135.24 W, 98 %
2026/10/05 02:00:32.836, 1410 MHz, 1215 MHz, 48, 135.24 W, 98 %
2026/10/05 02:00:33.086, 1410 MHz, 1215 MHz, 48, 135.24 W, 98 %
2026/10/05 02:00:33.336, 1410 MHz, 1215 MHz, 48, 135.24 W, 98 %
2026/10/05 02:00:33.586, 1410 MHz, 1215 MHz, 48, 135.24 W, 98 %
2026/10/05 02:00:33.836, 1410 MHz, 1215 MHz, 48, 135.24 W, 98 %
2026/10/05 02:00:34.086, 1410 MHz, 1215 MHz, 48, 135.24 W, 97 %
2026/10/05 02:00:34.337, 1410 MHz, 1215 MHz, 48, 135.24 W, 98 %
2026/10/05 02:00:34.587, 1410 MHz, 1215 MHz, 48, 135.49 W, 99 %
2026/10/05 02:00:34.837, 1410 MHz, 1215 MHz, 48, 135.49 W, 98 %
2026/10/05 02:00:35.088, 1410 MHz, 1215 MHz, 48, 135.24 W, 98 %
2026/10/05 02:00:35.338, 1410 MHz, 1215 MHz, 48, 135.49 W, 98 %
2026/10/05 02:00:35.588, 1410 MHz, 1215 MHz, 48, 135.49 W, 98 %
2026/10/05 02:00:35.838, 1410 MHz, 1215 MHz, 48, 135.49 W, 98 %
2026/10/05 02:00:36.088, 1410 MHz, 1215 MHz, 48, 135.24 W, 98 %
2026/10/05 02:00:36.338, 1410 MHz, 1215 MHz, 48, 135.49 W, 98 %
2026/10/05 02:00:36.588, 1410 MHz, 1215 MHz, 48, 135.49 W, 98 %
2026/10/05 02:00:36.838, 1410 MHz, 1215 MHz, 49, 153.18 W, 99 %
2026/10/05 02:00:37.088, 1410 MHz, 1215 MHz, 49, 153.18 W, 99 %
2026/10/05 02:00:37.339, 1410 MHz, 1215 MHz, 49, 153.18 W, 99 %
2026/10/05 02:00:37.589, 1410 MHz, 1215 MHz, 49, 153.73 W, 99 %
2026/10/05 02:00:37.839, 1410 MHz, 1215 MHz, 49, 153.18 W, 99 %
2026/10/05 02:00:38.089, 1410 MHz, 1215 MHz, 49, 153.73 W, 99 %
2026/10/05 02:00:38.339, 1410 MHz, 1215 MHz, 49, 153.43 W, 99 %
2026/10/05 02:00:38.590, 1410 MHz, 1215 MHz, 49, 153.43 W, 99 %
2026/10/05 02:00:38.840, 1410 MHz, 1215 MHz, 49, 153.18 W, 99 %
2026/10/05 02:00:39.090, 1410 MHz, 1215 MHz, 49, 153.43 W, 99 %
2026/10/05 02:00:39.340, 1410 MHz, 1215 MHz, 49, 135.78 W, 99 %
2026/10/05 02:00:39.590, 1410 MHz, 1215 MHz, 49, 135.49 W, 98 %
2026/10/05 02:00:39.840, 1410 MHz, 1215 MHz, 48, 135.49 W, 98 %
2026/10/05 02:00:40.091, 1410 MHz, 1215 MHz, 48, 135.49 W, 98 %
2026/10/05 02:00:40.341, 1410 MHz, 1215 MHz, 48, 135.24 W, 98 %
2026/10/05 02:00:40.591, 1410 MHz, 1215 MHz, 48, 135.24 W, 98 %
2026/10/05 02:00:40.841, 1410 MHz, 1215 MHz, 48, 135.24 W, 98 %
2026/10/05 02:00:41.092, 1410 MHz, 1215 MHz, 48, 134.70 W, 98 %
2026/10/05 02:00:41.342, 1410 MHz, 1215 MHz, 44, 79.69 W, 87 %
2026/10/05 02:00:41.592, 1410 MHz, 1215 MHz, 44, 79.69 W, 2 %
2026/10/05 02:00:41.843, 1410 MHz, 1215 MHz, 43, 79.20 W, 0 %
2026/10/05 02:00:42.093, 1410 MHz, 1215 MHz, 43, 79.20 W, 0 %
2026/10/05 02:00:42.344, 1410 MHz, 1215 MHz, 43, 78.66 W, 0 %
2026/10/05 02:00:42.594, 1410 MHz, 1215 MHz, 45, 109.00 W, 1 %
2026/10/05 02:00:42.844, 1410 MHz, 1215 MHz, 45, 109.24 W, 99 %
2026/10/05 02:00:43.094, 1410 MHz, 1215 MHz, 45, 109.24 W, 99 %
2026/10/05 02:00:43.344, 1410 MHz, 1215 MHz, 45, 109.24 W, 99 %
2026/10/05 02:00:43.594, 1410 MHz, 1215 MHz, 45, 109.24 W, 99 %
2026/10/05 02:00:43.844, 1410 MHz, 1215 MHz, 45, 109.24 W, 99 %
2026/10/05 02:00:44.094, 1410 MHz, 1215 MHz, 45, 109.24 W, 99 %
2026/10/05 02:00:44.344, 1410 MHz, 1215 MHz, 45, 109.24 W, 99 %
2026/10/05 02:00:44.594, 1410 MHz, 1215 MHz, 45, 109.24 W, 99 %
2026/10/05 02:00:44.844, 1410 MHz, 1215 MHz, 45, 109.24 W, 99 %
2026/10/05 02:00:45.095, 1410 MHz, 1215 MHz, 45, 109.24 W, 99 %
2026/10/05 02:00:45.345, 1410 MHz, 1215 MHz, 45, 109.24 W, 99 %
2026/10/05 02:00:45.595, 1410 MHz, 1215 MHz, 45, 109.24 W, 99 %
2026/10/05 02:00:45.845, 1410 MHz, 1215 MHz, 45, 109.24 W, 99 %
2026/10/05 02:00:46.095, 1410 MHz, 1215 MHz, 45, 109.24 W, 99 %
2026/10/05 02:00:46.345, 1410 MHz, 1215 MHz, 45, 108.76 W, 99 %
2026/10/05 02:00:46.595, 1410 MHz, 1215 MHz, 45, 109.24 W, 99 %
2026/10/05 02:00:46.845, 1410 MHz, 1215 MHz, 45, 109.24 W, 99 %
2026/10/05 02:00:47.095, 1410 MHz, 1215 MHz, 45, 109.24 W, 99 %
2026/10/05 02:00:47.345, 1410 MHz, 1215 MHz, 45, 109.24 W, 99 %
2026/10/05 02:00:47.596, 1410 MHz, 1215 MHz, 45, 109.24 W, 99 %
2026/10/05 02:00:47.846, 1410 MHz, 1215 MHz, 45, 109.24 W, 99 %
2026/10/05 02:00:48.096, 1410 MHz, 1215 MHz, 45, 109.24 W, 99 %
2026/10/05 02:00:48.346, 1410 MHz, 1215 MHz, 45, 109.24 W, 99 %
2026/10/05 02:00:48.596, 1410 MHz, 1215 MHz, 45, 109.24 W, 99 %
2026/10/05 02:00:48.846, 1410 MHz, 1215 MHz, 45, 109.24 W, 99 %
2026/10/05 02:00:49.096, 1410 MHz, 1215 MHz, 44, 97.90 W, 87 %
2026/10/05 02:00:49.346, 1410 MHz, 1215 MHz, 44, 97.65 W, 30 %
2026/10/05 02:00:49.597, 1410 MHz, 1215 MHz, 44, 97.11 W, 30 %
2026/10/05 02:00:49.847, 1410 MHz, 1215 MHz, 43, 97.65 W, 30 %
2026/10/05 02:00:50.097, 1410 MHz, 1215 MHz, 43, 97.11 W, 30 %
2026/10/05 02:00:50.347, 1410 MHz, 1215 MHz, 43, 97.40 W, 30 %
2026/10/05 02:00:50.597, 1410 MHz, 1215 MHz, 43, 97.40 W, 30 %
2026/10/05 02:00:50.847, 1140 MHz, 1215 MHz, 43, 77.87 W, 30 %
2026/10/05 02:00:51.097, 1140 MHz, 1215 MHz, 42, 75.50 W, 38 %
2026/10/05 02:00:51.347, 1140 MHz, 1215 MHz, 42, 75.20 W, 38 %
2026/10/05 02:00:51.597, 1125 MHz, 1215 MHz, 42, 74.71 W, 38 %
2026/10/05 02:00:51.847, 1410 MHz, 1215 MHz, 44, 108.76 W, 99 %
2026/10/05 02:00:52.098, 1410 MHz, 1215 MHz, 44, 108.76 W, 99 %
2026/10/05 02:00:52.348, 1410 MHz, 1215 MHz, 45, 109.00 W, 99 %
2026/10/05 02:00:52.598, 1410 MHz, 1215 MHz, 45, 108.76 W, 99 %
2026/10/05 02:00:52.848, 1410 MHz, 1215 MHz, 45, 109.00 W, 99 %
2026/10/05 02:00:53.098, 1410 MHz, 1215 MHz, 45, 109.00 W, 99 %
2026/10/05 02:00:53.348, 1410 MHz, 1215 MHz, 45, 109.00 W, 99 %
2026/10/05 02:00:53.598, 1410 MHz, 1215 MHz, 45, 110.87 W, 99 %
2026/10/05 02:00:53.849, 1410 MHz, 1215 MHz, 42, 77.87 W, 1 %
2026/10/05 02:00:54.099, 1410 MHz, 1215 MHz, 42, 77.57 W, 0 %
2026/10/05 02:00:54.349, 1410 MHz, 1215 MHz, 42, 77.57 W, 0 %
2026/10/05 02:00:54.599, 1410 MHz, 1215 MHz, 42, 77.32 W, 0 %
2026/10/05 02:00:54.850, 1410 MHz, 1215 MHz, 44, 106.63 W, 14 %
2026/10/05 02:00:55.100, 1410 MHz, 1215 MHz, 44, 107.42 W, 97 %
2026/10/05 02:00:55.351, 1410 MHz, 1215 MHz, 44, 107.67 W, 97 %
2026/10/05 02:00:55.601, 1410 MHz, 1215 MHz, 44, 107.67 W, 97 %
2026/10/05 02:00:55.851, 1410 MHz, 1215 MHz, 44, 107.67 W, 97 %
2026/10/05 02:00:56.101, 1410 MHz, 1215 MHz, 44, 107.67 W, 97 %
2026/10/05 02:00:56.352, 1410 MHz, 1215 MHz, 44, 107.67 W, 97 %
2026/10/05 02:00:56.602, 1410 MHz, 1215 MHz, 44, 107.67 W, 97 %
2026/10/05 02:00:56.852, 1410 MHz, 1215 MHz, 44, 107.67 W, 97 %
2026/10/05 02:00:57.102, 1410 MHz, 1215 MHz, 44, 107.67 W, 97 %
2026/10/05 02:00:57.352, 1410 MHz, 1215 MHz, 44, 107.67 W, 97 %
2026/10/05 02:00:57.602, 1410 MHz, 1215 MHz, 45, 107.67 W, 97 %
2026/10/05 02:00:57.852, 1410 MHz, 1215 MHz, 44, 107.67 W, 97 %
2026/10/05 02:00:58.102, 1410 MHz, 1215 MHz, 45, 107.67 W, 97 %
2026/10/05 02:00:58.352, 1410 MHz, 1215 MHz, 44, 107.67 W, 97 %
2026/10/05 02:00:58.602, 1410 MHz, 1215 MHz, 44, 107.67 W, 97 %
2026/10/05 02:00:58.852, 1410 MHz, 1215 MHz, 45, 107.67 W, 97 %
2026/10/05 02:00:59.103, 1410 MHz, 1215 MHz, 44, 107.67 W, 99 %
2026/10/05 02:00:59.353, 1410 MHz, 1215 MHz, 44, 107.67 W, 97 %
2026/10/05 02:00:59.603, 1410 MHz, 1215 MHz, 44, 107.67 W, 97 %
2026/10/05 02:00:59.853, 1410 MHz, 1215 MHz, 44, 107.97 W, 97 %
2026/10/05 02:01:00.103, 1410 MHz, 1215 MHz, 44, 107.97 W, 97 %
2026/10/05 02:01:00.353, 1410 MHz, 1215 MHz, 44, 107.84 W, 97 %
2026/10/05 02:01:00.603, 1410 MHz, 1215 MHz, 44, 107.97 W, 97 %
2026/10/05 02:01:00.853, 1410 MHz, 1215 MHz, 45, 107.97 W, 97 %
2026/10/05 02:01:01.103, 1410 MHz, 1215 MHz, 44, 107.67 W, 97 %
2026/10/05 02:01:01.353, 1410 MHz, 1215 MHz, 44, 107.97 W, 97 %
2026/10/05 02:01:01.604, 1410 MHz, 1215 MHz, 44, 107.67 W, 80 %
2026/10/05 02:01:01.854, 1410 MHz, 1215 MHz, 44, 107.97 W, 65 %
2026/10/05 02:01:02.104, 1410 MHz, 1215 MHz, 44, 107.67 W, 65 %
2026/10/05 02:01:02.354, 1410 MHz, 1215 MHz, 44, 107.97 W, 65 %
2026/10/05 02:01:02.604, 1410 MHz, 1215 MHz, 44, 107.97 W, 65 %
2026/10/05 02:01:02.854, 1410 MHz, 1215 MHz, 44, 107.67 W, 65 %
2026/10/05 02:01:03.104, 1410 MHz, 1215 MHz, 44, 107.97 W, 65 %
2026/10/05 02:01:03.354, 1410 MHz, 1215 MHz, 44, 107.67 W, 65 %
2026/10/05 02:01:03.605, 1410 MHz, 1215 MHz, 44, 107.67 W, 65 %
2026/10/05 02:01:03.855, 1410 MHz, 1215 MHz, 44, 107.67 W, 65 %
2026/10/05 02:01:04.105, 1410 MHz, 1215 MHz, 44, 107.67 W, 84 %
2026/10/05 02:01:04.355, 1410 MHz, 1215 MHz, 44, 107.67 W, 97 %
2026/10/05 02:01:04.605, 1410 MHz, 1215 MHz, 44, 107.67 W, 97 %
2026/10/05 02:01:04.855, 1410 MHz, 1215 MHz, 44, 107.67 W, 97 %
2026/10/05 02:01:05.105, 1410 MHz, 1215 MHz, 44, 107.67 W, 97 %
2026/10/05 02:01:05.355, 1410 MHz, 1215 MHz, 44, 107.67 W, 97 %
2026/10/05 02:01:05.605, 1410 MHz, 1215 MHz, 44, 107.67 W, 97 %
2026/10/05 02:01:05.855, 1410 MHz, 1215 MHz, 44, 97.90 W, 97 %
2026/10/05 02:01:06.106, 1410 MHz, 1215 MHz, 42, 78.36 W, 17 %
2026/10/05 02:01:06.356, 1410 MHz, 1215 MHz, 42, 78.11 W, 0 %
2026/10/05 02:01:06.607, 1410 MHz, 1215 MHz, 42, 77.87 W, 0 %
2026/10/05 02:01:06.857, 1410 MHz, 1215 MHz, 42, 77.57 W, 0 %
2026/10/05 02:01:07.108, 1410 MHz, 1215 MHz, 42, 77.57 W, 0 %
2026/10/05 02:01:07.358, 1410 MHz, 1215 MHz, 46, 159.00 W, 47 %
2026/10/05 02:01:07.608, 1410 MHz, 1215 MHz, 47, 160.03 W, 88 %
2026/10/05 02:01:07.858, 1410 MHz, 1215 MHz, 47, 160.28 W, 88 %
2026/10/05 02:01:08.108, 1410 MHz, 1215 MHz, 47, 160.28 W, 88 %
2026/10/05 02:01:08.358, 1410 MHz, 1215 MHz, 48, 160.58 W, 88 %
2026/10/05 02:01:08.608, 1410 MHz, 1215 MHz, 48, 160.28 W, 88 %
2026/10/05 02:01:08.858, 1410 MHz, 1215 MHz, 48, 160.58 W, 88 %
2026/10/05 02:01:09.108, 1410 MHz, 1215 MHz, 48, 160.58 W, 88 %
2026/10/05 02:01:09.358, 1410 MHz, 1215 MHz, 48, 160.82 W, 88 %
2026/10/05 02:01:09.608, 1410 MHz, 1215 MHz, 48, 160.82 W, 88 %
2026/10/05 02:01:09.859, 1410 MHz, 1215 MHz, 48, 160.82 W, 88 %
2026/10/05 02:01:10.109, 1410 MHz, 1215 MHz, 48, 162.94 W, 88 %
2026/10/05 02:01:10.359, 1410 MHz, 1215 MHz, 48, 162.94 W, 88 %
2026/10/05 02:01:10.609, 1410 MHz, 1215 MHz, 48, 162.94 W, 88 %
2026/10/05 02:01:10.859, 1410 MHz, 1215 MHz, 48, 162.94 W, 88 %
2026/10/05 02:01:11.109, 1410 MHz, 1215 MHz, 48, 163.48 W, 88 %
2026/10/05 02:01:11.359, 1410 MHz, 1215 MHz, 48, 162.15 W, 92 %
2026/10/05 02:01:11.609, 1410 MHz, 1215 MHz, 49, 162.94 W, 95 %
2026/10/05 02:01:11.860, 1410 MHz, 1215 MHz, 49, 163.18 W, 89 %
2026/10/05 02:01:12.110, 1410 MHz, 1215 MHz, 49, 163.18 W, 89 %
2026/10/05 02:01:12.360, 1410 MHz, 1215 MHz, 49, 163.18 W, 89 %
2026/10/05 02:01:12.610, 1410 MHz, 1215 MHz, 49, 163.48 W, 89 %
2026/10/05 02:01:12.860, 1410 MHz, 1215 MHz, 49, 163.48 W, 89 %
2026/10/05 02:01:13.110, 1410 MHz, 1215 MHz, 49, 163.48 W, 89 %
2026/10/05 02:01:13.361, 1410 MHz, 1215 MHz, 49, 163.48 W, 89 %
2026/10/05 02:01:13.611, 1410 MHz, 1215 MHz, 49, 162.94 W, 89 %
2026/10/05 02:01:13.861, 1410 MHz, 1215 MHz, 49, 180.09 W, 88 %
2026/10/05 02:01:14.111, 1410 MHz, 1215 MHz, 50, 180.34 W, 92 %
2026/10/05 02:01:14.361, 1410 MHz, 1215 MHz, 50, 180.34 W, 93 %
2026/10/05 02:01:14.611, 1410 MHz, 1215 MHz, 50, 180.34 W, 93 %
2026/10/05 02:01:14.861, 1410 MHz, 1215 MHz, 50, 180.59 W, 93 %
2026/10/05 02:01:15.111, 1410 MHz, 1215 MHz, 50, 180.59 W, 93 %
2026/10/05 02:01:15.361, 1410 MHz, 1215 MHz, 50, 180.59 W, 93 %
2026/10/05 02:01:15.611, 1410 MHz, 1215 MHz, 50, 180.59 W, 93 %
2026/10/05 02:01:15.861, 1410 MHz, 1215 MHz, 50, 180.88 W, 93 %
2026/10/05 02:01:16.111, 1410 MHz, 1215 MHz, 50, 180.88 W, 93 %
2026/10/05 02:01:16.362, 1410 MHz, 1215 MHz, 50, 167.13 W, 93 %
2026/10/05 02:01:16.612, 1410 MHz, 1215 MHz, 50, 164.27 W, 93 %
2026/10/05 02:01:16.862, 1410 MHz, 1215 MHz, 50, 163.97 W, 89 %
2026/10/05 02:01:17.112, 1410 MHz, 1215 MHz, 50, 163.97 W, 89 %
2026/10/05 02:01:17.362, 1410 MHz, 1215 MHz, 50, 163.97 W, 89 %
2026/10/05 02:01:17.612, 1410 MHz, 1215 MHz, 50, 164.27 W, 89 %
2026/10/05 02:01:17.862, 1410 MHz, 1215 MHz, 50, 163.97 W, 89 %
2026/10/05 02:01:18.112, 1410 MHz, 1215 MHz, 50, 163.97 W, 89 %
2026/10/05 02:01:18.362, 1410 MHz, 1215 MHz, 46, 86.06 W, 89 %
2026/10/05 02:01:18.613, 1410 MHz, 1215 MHz, 45, 79.98 W, 76 %
2026/10/05 02:01:18.863, 1410 MHz, 1215 MHz, 44, 79.44 W, 0 %
2026/10/05 02:01:19.114, 1410 MHz, 1215 MHz, 44, 79.20 W, 0 %
2026/10/05 02:01:19.364, 1410 MHz, 1215 MHz, 43, 79.20 W, 0 %
2026/10/05 02:01:19.614, 1410 MHz, 1215 MHz, 44, 83.39 W, 0 %
2026/10/05 02:01:19.864, 1410 MHz, 1215 MHz, 45, 110.33 W, 82 %
2026/10/05 02:01:20.114, 1410 MHz, 1215 MHz, 46, 110.58 W, 99 %
2026/10/05 02:01:20.364, 1410 MHz, 1215 MHz, 46, 110.58 W, 99 %
2026/10/05 02:01:20.614, 1410 MHz, 1215 MHz, 46, 110.45 W, 99 %
2026/10/05 02:01:20.865, 1410 MHz, 1215 MHz, 46, 110.58 W, 99 %
2026/10/05 02:01:21.115, 1410 MHz, 1215 MHz, 46, 110.58 W, 99 %
2026/10/05 02:01:21.365, 1410 MHz, 1215 MHz, 46, 110.58 W, 99 %
2026/10/05 02:01:21.615, 1410 MHz, 1215 MHz, 46, 110.58 W, 99 %
2026/10/05 02:01:21.865, 1410 MHz, 1215 MHz, 46, 110.58 W, 99 %
2026/10/05 02:01:22.115, 1410 MHz, 1215 MHz, 46, 110.58 W, 99 %
2026/10/05 02:01:22.365, 1410 MHz, 1215 MHz, 46, 110.58 W, 99 %
2026/10/05 02:01:22.615, 1410 MHz, 1215 MHz, 46, 110.33 W, 99 %
2026/10/05 02:01:22.865, 1410 MHz, 1215 MHz, 46, 110.33 W, 99 %
2026/10/05 02:01:23.115, 1410 MHz, 1215 MHz, 46, 110.33 W, 99 %
2026/10/05 02:01:23.366, 1410 MHz, 1215 MHz, 46, 110.33 W, 99 %
2026/10/05 02:01:23.616, 1410 MHz, 1215 MHz, 45, 111.78 W, 99 %
2026/10/05 02:01:23.866, 1410 MHz, 1215 MHz, 45, 110.20 W, 100 %
2026/10/05 02:01:24.116, 1410 MHz, 1215 MHz, 45, 110.58 W, 99 %
2026/10/05 02:01:24.366, 1410 MHz, 1215 MHz, 45, 110.33 W, 99 %
2026/10/05 02:01:24.616, 1410 MHz, 1215 MHz, 45, 110.33 W, 99 %
2026/10/05 02:01:24.866, 1410 MHz, 1215 MHz, 45, 110.33 W, 99 %
2026/10/05 02:01:25.117, 1410 MHz, 1215 MHz, 45, 110.20 W, 99 %
2026/10/05 02:01:25.367, 1410 MHz, 1215 MHz, 45, 110.20 W, 99 %
2026/10/05 02:01:25.617, 1410 MHz, 1215 MHz, 45, 110.20 W, 99 %
2026/10/05 02:01:25.867, 1410 MHz, 1215 MHz, 45, 110.20 W, 99 %
2026/10/05 02:01:26.117, 1410 MHz, 1215 MHz, 45, 110.58 W, 99 %
2026/10/05 02:01:26.367, 1410 MHz, 1215 MHz, 46, 128.39 W, 99 %
2026/10/05 02:01:26.617, 1410 MHz, 1215 MHz, 46, 128.14 W, 99 %
2026/10/05 02:01:26.867, 1410 MHz, 1215 MHz, 46, 128.64 W, 99 %
2026/10/05 02:01:27.117, 1410 MHz, 1215 MHz, 46, 128.39 W, 99 %
2026/10/05 02:01:27.367, 1410 MHz, 1215 MHz, 46, 128.64 W, 99 %
2026/10/05 02:01:27.618, 1410 MHz, 1215 MHz, 46, 128.64 W, 99 %
2026/10/05 02:01:27.868, 1410 MHz, 1215 MHz, 46, 128.64 W, 99 %
2026/10/05 02:01:28.118, 1410 MHz, 1215 MHz, 46, 128.39 W, 99 %
2026/10/05 02:01:28.368, 1410 MHz, 1215 MHz, 46, 128.64 W, 99 %
2026/10/05 02:01:28.618, 1410 MHz, 1215 MHz, 46, 128.64 W, 99 %
2026/10/05 02:01:28.868, 1410 MHz, 1215 MHz, 46, 110.87 W, 99 %
2026/10/05 02:01:29.118, 1410 MHz, 1215 MHz, 46, 110.45 W, 99 %
2026/10/05 02:01:29.368, 1410 MHz, 1215 MHz, 46, 110.58 W, 99 %
2026/10/05 02:01:29.618, 1410 MHz, 1215 MHz, 46, 110.58 W, 99 %
2026/10/05 02:01:29.868, 1410 MHz, 1215 MHz, 45, 110.58 W, 99 %
2026/10/05 02:01:30.118, 1410 MHz, 1215 MHz, 45, 110.58 W, 99 %
2026/10/05 02:01:30.369, 1410 MHz, 1215 MHz, 45, 110.58 W, 99 %
2026/10/05 02:01:30.619, 1410 MHz, 1215 MHz, 45, 110.58 W, 99 %
2026/10/05 02:01:30.869, 1410 MHz, 1215 MHz, 43, 80.48 W, 52 %
2026/10/05 02:01:31.119, 1410 MHz, 1215 MHz, 43, 80.23 W, 0 %
2026/10/05 02:01:31.370, 1410 MHz, 1215 MHz, 42, 78.11 W, 0 %
2026/10/05 02:01:31.620, 1410 MHz, 1215 MHz, 42, 78.11 W, 0 %
2026/10/05 02:01:31.870, 1410 MHz, 1215 MHz, 42, 80.77 W, 0 %
2026/10/05 02:01:32.120, 1410 MHz, 1215 MHz, 47, 187.19 W, 16 %
2026/10/05 02:01:32.370, 1410 MHz, 1215 MHz, 49, 191.45 W, 95 %
2026/10/05 02:01:32.620, 1410 MHz, 1215 MHz, 50, 192.47 W, 95 %
2026/10/05 02:01:32.871, 1410 MHz, 1215 MHz, 50, 192.48 W, 95 %
2026/10/05 02:01:33.121, 1410 MHz, 1215 MHz, 50, 192.24 W, 95 %
2026/10/05 02:01:33.371, 1410 MHz, 1215 MHz, 51, 192.78 W, 95 %
2026/10/05 02:01:33.621, 1410 MHz, 1215 MHz, 51, 193.25 W, 95 %
2026/10/05 02:01:33.871, 1410 MHz, 1215 MHz, 51, 193.27 W, 95 %
2026/10/05 02:01:34.121, 1410 MHz, 1215 MHz, 51, 193.27 W, 95 %
2026/10/05 02:01:34.371, 1410 MHz, 1215 MHz, 51, 193.02 W, 95 %
2026/10/05 02:01:34.621, 1410 MHz, 1215 MHz, 51, 193.02 W, 95 %
2026/10/05 02:01:34.871, 1410 MHz, 1215 MHz, 51, 193.81 W, 95 %
2026/10/05 02:01:35.121, 1410 MHz, 1215 MHz, 51, 193.81 W, 95 %
2026/10/05 02:01:35.371, 1410 MHz, 1215 MHz, 51, 193.57 W, 95 %
2026/10/05 02:01:35.621, 1410 MHz, 1215 MHz, 51, 193.81 W, 95 %
2026/10/05 02:01:35.872, 1410 MHz, 1215 MHz, 51, 193.02 W, 95 %
2026/10/05 02:01:36.122, 1410 MHz, 1215 MHz, 51, 192.78 W, 95 %
2026/10/05 02:01:36.372, 1410 MHz, 1215 MHz, 52, 193.27 W, 99 %
2026/10/05 02:01:36.622, 1410 MHz, 1215 MHz, 52, 194.06 W, 95 %
2026/10/05 02:01:36.872, 1410 MHz, 1215 MHz, 52, 193.81 W, 95 %
2026/10/05 02:01:37.122, 1410 MHz, 1215 MHz, 52, 193.81 W, 96 %
2026/10/05 02:01:37.372, 1410 MHz, 1215 MHz, 52, 194.06 W, 95 %
2026/10/05 02:01:37.622, 1410 MHz, 1215 MHz, 52, 193.57 W, 96 %
2026/10/05 02:01:37.872, 1410 MHz, 1215 MHz, 52, 194.06 W, 95 %
2026/10/05 02:01:38.122, 1410 MHz, 1215 MHz, 52, 193.81 W, 95 %
2026/10/05 02:01:38.373, 1410 MHz, 1215 MHz, 52, 194.35 W, 95 %
2026/10/05 02:01:38.623, 1410 MHz, 1215 MHz, 50, 147.36 W, 95 %
2026/10/05 02:01:38.873, 1410 MHz, 1215 MHz, 49, 151.06 W, 72 %
2026/10/05 02:01:39.123, 1410 MHz, 1215 MHz, 49, 147.36 W, 72 %
2026/10/05 02:01:39.373, 1410 MHz, 1215 MHz, 49, 149.73 W, 71 %
2026/10/05 02:01:39.623, 1410 MHz, 1215 MHz, 49, 150.82 W, 71 %
2026/10/05 02:01:39.873, 1410 MHz, 1215 MHz, 49, 150.27 W, 73 %
2026/10/05 02:01:40.123, 1410 MHz, 1215 MHz, 49, 148.45 W, 71 %
2026/10/05 02:01:40.373, 1410 MHz, 1215 MHz, 49, 149.73 W, 72 %
2026/10/05 02:01:40.623, 1410 MHz, 1215 MHz, 49, 148.94 W, 72 %
2026/10/05 02:01:40.873, 1410 MHz, 1215 MHz, 49, 150.82 W, 72 %
2026/10/05 02:01:41.123, 1410 MHz, 1215 MHz, 49, 151.06 W, 72 %
2026/10/05 02:01:41.374, 1410 MHz, 1215 MHz, 51, 193.81 W, 86 %
2026/10/05 02:01:41.624, 1410 MHz, 1215 MHz, 51, 194.06 W, 96 %
2026/10/05 02:01:41.874, 1410 MHz, 1215 MHz, 52, 194.35 W, 96 %
2026/10/05 02:01:42.124, 1410 MHz, 1215 MHz, 52, 194.06 W, 96 %
2026/10/05 02:01:42.374, 1410 MHz, 1215 MHz, 52, 194.35 W, 96 %
2026/10/05 02:01:42.624, 1410 MHz, 1215 MHz, 52, 194.60 W, 96 %
2026/10/05 02:01:42.875, 1410 MHz, 1215 MHz, 52, 194.35 W, 96 %
2026/10/05 02:01:43.125, 1410 MHz, 1215 MHz, 52, 139.19 W, 96 %
2026/10/05 02:01:43.375, 1410 MHz, 1215 MHz, 46, 80.77 W, 20 %
2026/10/05 02:01:43.625, 1410 MHz, 1215 MHz, 45, 80.23 W, 0 %
2026/10/05 02:01:43.875, 1410 MHz, 1215 MHz, 44, 79.98 W, 0 %
2026/10/05 02:01:44.125, 1410 MHz, 1215 MHz, 44, 79.69 W, 0 %
2026/10/05 02:01:44.376, 1410 MHz, 1215 MHz, 47, 162.15 W, 0 %
2026/10/05 02:01:44.626, 1410 MHz, 1215 MHz, 49, 163.48 W, 60 %
2026/10/05 02:01:44.876, 1410 MHz, 1215 MHz, 49, 163.97 W, 88 %
2026/10/05 02:01:45.126, 1410 MHz, 1215 MHz, 49, 163.97 W, 88 %
2026/10/05 02:01:45.376, 1410 MHz, 1215 MHz, 50, 164.27 W, 88 %
2026/10/05 02:01:45.626, 1410 MHz, 1215 MHz, 50, 164.27 W, 88 %
2026/10/05 02:01:45.876, 1410 MHz, 1215 MHz, 50, 164.27 W, 88 %
2026/10/05 02:01:46.126, 1410 MHz, 1215 MHz, 50, 164.27 W, 88 %
2026/10/05 02:01:46.376, 1410 MHz, 1215 MHz, 50, 164.52 W, 88 %
2026/10/05 02:01:46.626, 1410 MHz, 1215 MHz, 50, 164.52 W, 88 %
2026/10/05 02:01:46.876, 1410 MHz, 1215 MHz, 50, 164.52 W, 88 %
2026/10/05 02:01:47.127, 1410 MHz, 1215 MHz, 50, 164.52 W, 88 %
2026/10/05 02:01:47.377, 1410 MHz, 1215 MHz, 50, 164.52 W, 88 %
2026/10/05 02:01:47.627, 1410 MHz, 1215 MHz, 50, 164.52 W, 88 %
2026/10/05 02:01:47.877, 1410 MHz, 1215 MHz, 50, 164.52 W, 88 %
2026/10/05 02:01:48.127, 1410 MHz, 1215 MHz, 50, 164.52 W, 88 %
2026/10/05 02:01:48.377, 1410 MHz, 1215 MHz, 50, 164.76 W, 88 %
2026/10/05 02:01:48.628, 1410 MHz, 1215 MHz, 50, 163.73 W, 92 %
2026/10/05 02:01:48.878, 1410 MHz, 1215 MHz, 50, 164.27 W, 89 %
2026/10/05 02:01:49.128, 1410 MHz, 1215 MHz, 50, 164.52 W, 89 %
2026/10/05 02:01:49.378, 1410 MHz, 1215 MHz, 50, 164.52 W, 89 %
2026/10/05 02:01:49.628, 1410 MHz, 1215 MHz, 50, 164.76 W, 89 %
2026/10/05 02:01:49.878, 1410 MHz, 1215 MHz, 50, 164.52 W, 89 %
2026/10/05 02:01:50.128, 1410 MHz, 1215 MHz, 50, 164.76 W, 89 %
2026/10/05 02:01:50.378, 1410 MHz, 1215 MHz, 50, 164.52 W, 89 %
2026/10/05 02:01:50.629, 1410 MHz, 1215 MHz, 50, 164.76 W, 89 %
2026/10/05 02:01:50.879, 1410 MHz, 1215 MHz, 50, 164.76 W, 88 %
2026/10/05 02:01:51.129, 1410 MHz, 1215 MHz, 48, 134.70 W, 68 %
2026/10/05 02:01:51.379, 1410 MHz, 1215 MHz, 48, 134.21 W, 66 %
2026/10/05 02:01:51.629, 1410 MHz, 1215 MHz, 48, 133.91 W, 66 %
2026/10/05 02:01:51.879, 1410 MHz, 1215 MHz, 48, 134.21 W, 66 %
2026/10/05 02:01:52.129, 1410 MHz, 1215 MHz, 48, 133.91 W, 66 %
2026/10/05 02:01:52.379, 1410 MHz, 1215 MHz, 48, 134.21 W, 66 %
2026/10/05 02:01:52.629, 1410 MHz, 1215 MHz, 48, 134.21 W, 66 %
2026/10/05 02:01:52.879, 1410 MHz, 1215 MHz, 48, 133.66 W, 66 %
2026/10/05 02:01:53.130, 1410 MHz, 1215 MHz, 48, 133.91 W, 66 %
2026/10/05 02:01:53.380, 1410 MHz, 1215 MHz, 48, 133.66 W, 66 %
2026/10/05 02:01:53.630, 1410 MHz, 1215 MHz, 49, 161.85 W, 66 %
2026/10/05 02:01:53.880, 1410 MHz, 1215 MHz, 50, 164.27 W, 89 %
2026/10/05 02:01:54.130, 1410 MHz, 1215 MHz, 50, 164.52 W, 89 %
2026/10/05 02:01:54.380, 1410 MHz, 1215 MHz, 50, 164.52 W, 89 %
2026/10/05 02:01:54.630, 1410 MHz, 1215 MHz, 50, 164.76 W, 89 %
2026/10/05 02:01:54.880, 1410 MHz, 1215 MHz, 50, 164.52 W, 89 %
2026/10/05 02:01:55.130, 1410 MHz, 1215 MHz, 50, 164.52 W, 89 %
2026/10/05 02:01:55.380, 1410 MHz, 1215 MHz, 50, 164.76 W, 89 %
2026/10/05 02:01:55.631, 1410 MHz, 1215 MHz, 46, 86.55 W, 89 %
2026/10/05 02:01:55.881, 1410 MHz, 1215 MHz, 45, 79.98 W, 3 %
2026/10/05 02:01:56.132, 1410 MHz, 1215 MHz, 44, 79.69 W, 0 %
2026/10/05 02:01:56.382, 1410 MHz, 1215 MHz, 44, 79.44 W, 0 %
2026/10/05 02:01:56.632, 1410 MHz, 1215 MHz, 44, 79.20 W, 0 %
2026/10/05 02:01:56.882, 1410 MHz, 1215 MHz, 47, 134.45 W, 1 %
2026/10/05 02:01:57.132, 1410 MHz, 1215 MHz, 48, 134.99 W, 84 %
2026/10/05 02:01:57.382, 1410 MHz, 1215 MHz, 48, 135.24 W, 98 %
2026/10/05 02:01:57.633, 1410 MHz, 1215 MHz, 48, 135.24 W, 98 %
2026/10/05 02:01:57.883, 1410 MHz, 1215 MHz, 48, 135.24 W, 98 %
2026/10/05 02:01:58.133, 1410 MHz, 1215 MHz, 48, 135.24 W, 98 %
2026/10/05 02:01:58.383, 1410 MHz, 1215 MHz, 49, 135.24 W, 98 %
2026/10/05 02:01:58.633, 1410 MHz, 1215 MHz, 49, 135.49 W, 98 %
2026/10/05 02:01:58.884, 1410 MHz, 1215 MHz, 49, 135.24 W, 98 %
2026/10/05 02:01:59.134, 1410 MHz, 1215 MHz, 49, 135.24 W, 98 %
2026/10/05 02:01:59.384, 1410 MHz, 1215 MHz, 49, 135.24 W, 98 %
2026/10/05 02:01:59.634, 1410 MHz, 1215 MHz, 49, 135.49 W, 98 %
2026/10/05 02:01:59.885, 1410 MHz, 1215 MHz, 49, 135.49 W, 98 %
2026/10/05 02:02:00.135, 1410 MHz, 1215 MHz, 49, 135.49 W, 98 %
2026/10/05 02:02:00.385, 1410 MHz, 1215 MHz, 49, 135.24 W, 98 %
2026/10/05 02:02:00.635, 1410 MHz, 1215 MHz, 49, 135.24 W, 98 %
2026/10/05 02:02:00.885, 1410 MHz, 1215 MHz, 49, 135.24 W, 97 %
2026/10/05 02:02:01.136, 1410 MHz, 1215 MHz, 49, 135.49 W, 99 %
2026/10/05 02:02:01.386, 1410 MHz, 1215 MHz, 49, 135.49 W, 98 %
2026/10/05 02:02:01.636, 1410 MHz, 1215 MHz, 49, 135.49 W, 98 %
2026/10/05 02:02:01.887, 1410 MHz, 1215 MHz, 49, 135.49 W, 98 %
2026/10/05 02:02:02.137, 1410 MHz, 1215 MHz, 49, 135.49 W, 98 %
2026/10/05 02:02:02.387, 1410 MHz, 1215 MHz, 49, 135.49 W, 98 %
2026/10/05 02:02:02.637, 1410 MHz, 1215 MHz, 49, 135.49 W, 98 %
2026/10/05 02:02:02.887, 1410 MHz, 1215 MHz, 49, 135.49 W, 98 %
2026/10/05 02:02:03.138, 1410 MHz, 1215 MHz, 49, 135.49 W, 98 %
2026/10/05 02:02:03.388, 1410 MHz, 1215 MHz, 46, 99.66 W, 98 %
2026/10/05 02:02:03.638, 1410 MHz, 1215 MHz, 45, 99.78 W, 81 %
2026/10/05 02:02:03.888, 1410 MHz, 1215 MHz, 45, 99.23 W, 30 %
2026/10/05 02:02:04.138, 1410 MHz, 1215 MHz, 45, 98.98 W, 30 %
2026/10/05 02:02:04.388, 1410 MHz, 1215 MHz, 45, 98.98 W, 30 %
2026/10/05 02:02:04.638, 1410 MHz, 1215 MHz, 45, 99.23 W, 30 %
2026/10/05 02:02:04.888, 1410 MHz, 1215 MHz, 44, 99.12 W, 30 %
2026/10/05 02:02:05.138, 1410 MHz, 1215 MHz, 44, 98.57 W, 30 %
2026/10/05 02:02:05.388, 1140 MHz, 1215 MHz, 43, 76.29 W, 30 %
2026/10/05 02:02:05.638, 1125 MHz, 1215 MHz, 43, 75.20 W, 38 %
2026/10/05 02:02:05.889, 1125 MHz, 1215 MHz, 43, 82.35 W, 38 %
2026/10/05 02:02:06.139, 1410 MHz, 1215 MHz, 46, 134.21 W, 57 %
2026/10/05 02:02:06.389, 1410 MHz, 1215 MHz, 47, 134.99 W, 98 %
2026/10/05 02:02:06.639, 1410 MHz, 1215 MHz, 48, 134.99 W, 98 %
2026/10/05 02:02:06.889, 1410 MHz, 1215 MHz, 48, 134.99 W, 98 %
2026/10/05 02:02:07.139, 1410 MHz, 1215 MHz, 48, 134.99 W, 98 %
2026/10/05 02:02:07.389, 1410 MHz, 1215 MHz, 48, 135.24 W, 98 %
2026/10/05 02:02:07.639, 1410 MHz, 1215 MHz, 48, 135.24 W, 98 %
2026/10/05 02:02:07.889, 1410 MHz, 1215 MHz, 46, 135.78 W, 98 %
2026/10/05 02:02:08.140, 1410 MHz, 1215 MHz, 44, 80.77 W, 46 %
2026/10/05 02:02:08.390, 1410 MHz, 1215 MHz, 43, 79.20 W, 0 %
2026/10/05 02:02:08.641, 1410 MHz, 1215 MHz, 43, 79.20 W, 0 %
2026/10/05 02:02:08.891, 1410 MHz, 1215 MHz, 43, 79.98 W, 0 %
2026/10/05 02:02:09.141, 1410 MHz, 1215 MHz, 43, 80.48 W, 0 %
2026/10/05 02:02:09.391, 1410 MHz, 1215 MHz, 47, 135.49 W, 19 %
2026/10/05 02:02:09.641, 1410 MHz, 1215 MHz, 47, 136.28 W, 94 %
2026/10/05 02:02:09.891, 1410 MHz, 1215 MHz, 48, 136.03 W, 94 %
2026/10/05 02:02:10.141, 1410 MHz, 1215 MHz, 48, 136.03 W, 94 %
2026/10/05 02:02:10.391, 1410 MHz, 1215 MHz, 48, 136.03 W, 94 %
2026/10/05 02:02:10.642, 1410 MHz, 1215 MHz, 48, 136.28 W, 94 %
2026/10/05 02:02:10.892, 1410 MHz, 1215 MHz, 48, 136.28 W, 94 %
2026/10/05 02:02:11.142, 1410 MHz, 1215 MHz, 48, 136.28 W, 94 %
2026/10/05 02:02:11.392, 1410 MHz, 1215 MHz, 48, 136.28 W, 94 %
2026/10/05 02:02:11.643, 1410 MHz, 1215 MHz, 48, 136.28 W, 94 %
2026/10/05 02:02:11.893, 1410 MHz, 1215 MHz, 48, 136.28 W, 94 %
2026/10/05 02:02:12.143, 1410 MHz, 1215 MHz, 48, 137.90 W, 94 %
2026/10/05 02:02:12.393, 1410 MHz, 1215 MHz, 48, 137.90 W, 94 %
2026/10/05 02:02:12.643, 1410 MHz, 1215 MHz, 48, 137.90 W, 94 %
2026/10/05 02:02:12.893, 1410 MHz, 1215 MHz, 48, 138.15 W, 94 %
2026/10/05 02:02:13.144, 1410 MHz, 1215 MHz, 48, 134.21 W, 94 %
2026/10/05 02:02:13.394, 1410 MHz, 1215 MHz, 48, 137.90 W, 94 %
2026/10/05 02:02:13.644, 1410 MHz, 1215 MHz, 48, 137.90 W, 99 %
2026/10/05 02:02:13.894, 1410 MHz, 1215 MHz, 48, 138.15 W, 94 %
2026/10/05 02:02:14.144, 1410 MHz, 1215 MHz, 48, 138.15 W, 94 %
2026/10/05 02:02:14.394, 1410 MHz, 1215 MHz, 48, 138.15 W, 94 %
2026/10/05 02:02:14.644, 1410 MHz, 1215 MHz, 48, 138.15 W, 94 %
2026/10/05 02:02:14.894, 1410 MHz, 1215 MHz, 48, 138.15 W, 94 %
2026/10/05 02:02:15.144, 1410 MHz, 1215 MHz, 48, 138.15 W, 94 %
2026/10/05 02:02:15.395, 1410 MHz, 1215 MHz, 48, 138.15 W, 94 %
2026/10/05 02:02:15.645, 1410 MHz, 1215 MHz, 48, 138.15 W, 94 %
2026/10/05 02:02:15.895, 1410 MHz, 1215 MHz, 47, 118.88 W, 76 %
2026/10/05 02:02:16.145, 1410 MHz, 1215 MHz, 46, 118.88 W, 62 %
2026/10/05 02:02:16.395, 1410 MHz, 1215 MHz, 46, 118.63 W, 62 %
2026/10/05 02:02:16.645, 1410 MHz, 1215 MHz, 46, 118.63 W, 62 %
2026/10/05 02:02:16.895, 1410 MHz, 1215 MHz, 46, 118.88 W, 62 %
2026/10/05 02:02:17.145, 1410 MHz, 1215 MHz, 46, 118.38 W, 62 %
2026/10/05 02:02:17.395, 1410 MHz, 1215 MHz, 46, 118.63 W, 62 %
2026/10/05 02:02:17.646, 1410 MHz, 1215 MHz, 46, 118.63 W, 62 %
2026/10/05 02:02:17.896, 1410 MHz, 1215 MHz, 46, 118.38 W, 62 %
2026/10/05 02:02:18.146, 1410 MHz, 1215 MHz, 46, 118.38 W, 62 %
2026/10/05 02:02:18.396, 1410 MHz, 1215 MHz, 48, 137.61 W, 62 %
2026/10/05 02:02:18.646, 1410 MHz, 1215 MHz, 48, 137.90 W, 82 %
2026/10/05 02:02:18.896, 1410 MHz, 1215 MHz, 48, 137.90 W, 94 %
2026/10/05 02:02:19.146, 1410 MHz, 1215 MHz, 48, 137.90 W, 94 %
2026/10/05 02:02:19.397, 1410 MHz, 1215 MHz, 48, 138.15 W, 94 %
2026/10/05 02:02:19.647, 1410 MHz, 1215 MHz, 48, 138.15 W, 94 %
2026/10/05 02:02:19.897, 1410 MHz, 1215 MHz, 48, 138.15 W, 94 %
2026/10/05 02:02:20.147, 1410 MHz, 1215 MHz, 48, 138.15 W, 94 %
2026/10/05 02:02:20.397, 1410 MHz, 1215 MHz, 45, 82.35 W, 94 %
2026/10/05 02:02:20.648, 1410 MHz, 1215 MHz, 44, 79.44 W, 16 %
2026/10/05 02:02:20.898, 1410 MHz, 1215 MHz, 43, 79.20 W, 0 %
2026/10/05 02:02:21.149, 1410 MHz, 1215 MHz, 43, 78.90 W, 0 %
2026/10/05 02:02:21.399, 1410 MHz, 1215 MHz, 43, 78.36 W, 0 %
2026/10/05 02:02:21.649, 1410 MHz, 1215 MHz, 44, 107.84 W, 0 %
2026/10/05 02:02:21.899, 1410 MHz, 1215 MHz, 45, 109.12 W, 99 %
2026/10/05 02:02:22.149, 1410 MHz, 1215 MHz, 45, 109.12 W, 99 %
2026/10/05 02:02:22.399, 1410 MHz, 1215 MHz, 45, 109.12 W, 99 %
2026/10/05 02:02:22.649, 1410 MHz, 1215 MHz, 45, 109.42 W, 99 %
2026/10/05 02:02:22.900, 1410 MHz, 1215 MHz, 45, 109.12 W, 99 %
2026/10/05 02:02:23.150, 1410 MHz, 1215 MHz, 45, 109.12 W, 99 %
2026/10/05 02:02:23.400, 1410 MHz, 1215 MHz, 45, 109.12 W, 99 %
2026/10/05 02:02:23.650, 1410 MHz, 1215 MHz, 45, 109.12 W, 99 %
2026/10/05 02:02:23.900, 1410 MHz, 1215 MHz, 45, 109.12 W, 99 %
2026/10/05 02:02:24.150, 1410 MHz, 1215 MHz, 45, 109.12 W, 99 %
2026/10/05 02:02:24.400, 1410 MHz, 1215 MHz, 45, 109.12 W, 99 %
2026/10/05 02:02:24.651, 1410 MHz, 1215 MHz, 45, 109.24 W, 99 %
2026/10/05 02:02:24.901, 1410 MHz, 1215 MHz, 45, 109.12 W, 99 %
2026/10/05 02:02:25.151, 1410 MHz, 1215 MHz, 45, 109.12 W, 99 %
2026/10/05 02:02:25.401, 1410 MHz, 1215 MHz, 45, 109.42 W, 99 %
2026/10/05 02:02:25.651, 1410 MHz, 1215 MHz, 45, 109.12 W, 99 %
2026/10/05 02:02:25.901, 1410 MHz, 1215 MHz, 45, 109.12 W, 99 %
2026/10/05 02:02:26.151, 1410 MHz, 1215 MHz, 45, 109.12 W, 99 %
2026/10/05 02:02:26.402, 1410 MHz, 1215 MHz, 45, 109.12 W, 99 %
2026/10/05 02:02:26.652, 1410 MHz, 1215 MHz, 45, 109.12 W, 99 %
2026/10/05 02:02:26.902, 1410 MHz, 1215 MHz, 45, 109.24 W, 99 %
2026/10/05 02:02:27.152, 1410 MHz, 1215 MHz, 45, 109.12 W, 99 %
2026/10/05 02:02:27.402, 1410 MHz, 1215 MHz, 45, 109.12 W, 99 %
2026/10/05 02:02:27.652, 1410 MHz, 1215 MHz, 45, 109.12 W, 99 %
2026/10/05 02:02:27.902, 1410 MHz, 1215 MHz, 45, 109.12 W, 99 %
2026/10/05 02:02:28.153, 1410 MHz, 1215 MHz, 45, 109.12 W, 99 %
2026/10/05 02:02:28.403, 1410 MHz, 1215 MHz, 46, 127.06 W, 99 %
2026/10/05 02:02:28.653, 1410 MHz, 1215 MHz, 46, 126.81 W, 99 %
2026/10/05 02:02:28.903, 1410 MHz, 1215 MHz, 46, 127.06 W, 99 %
2026/10/05 02:02:29.153, 1410 MHz, 1215 MHz, 46, 127.36 W, 99 %
2026/10/05 02:02:29.403, 1410 MHz, 1215 MHz, 46, 127.36 W, 99 %
2026/10/05 02:02:29.654, 1410 MHz, 1215 MHz, 46, 126.81 W, 99 %
2026/10/05 02:02:29.904, 1410 MHz, 1215 MHz, 46, 127.06 W, 99 %
2026/10/05 02:02:30.154, 1410 MHz, 1215 MHz, 46, 127.36 W, 99 %
2026/10/05 02:02:30.404, 1410 MHz, 1215 MHz, 46, 127.06 W, 99 %
2026/10/05 02:02:30.654, 1410 MHz, 1215 MHz, 46, 127.06 W, 99 %
2026/10/05 02:02:30.904, 1410 MHz, 1215 MHz, 46, 109.42 W, 99 %
2026/10/05 02:02:31.154, 1410 MHz, 1215 MHz, 45, 109.42 W, 99 %
2026/10/05 02:02:31.404, 1410 MHz, 1215 MHz, 45, 109.42 W, 99 %
2026/10/05 02:02:31.654, 1410 MHz, 1215 MHz, 45, 109.12 W, 99 %
2026/10/05 02:02:31.904, 1410 MHz, 1215 MHz, 45, 109.12 W, 99 %
2026/10/05 02:02:32.154, 1410 MHz, 1215 MHz, 45, 109.42 W, 99 %
2026/10/05 02:02:32.405, 1410 MHz, 1215 MHz, 45, 109.42 W, 99 %
2026/10/05 02:02:32.655, 1410 MHz, 1215 MHz, 45, 109.12 W, 99 %
2026/10/05 02:02:32.905, 1410 MHz, 1215 MHz, 43, 79.44 W, 1 %
2026/10/05 02:02:33.156, 1410 MHz, 1215 MHz, 43, 78.36 W, 0 %
2026/10/05 02:02:33.406, 1410 MHz, 1215 MHz, 42, 78.11 W, 0 %
2026/10/05 02:02:33.656, 1410 MHz, 1215 MHz, 42, 77.87 W, 0 %
2026/10/05 02:02:33.906, 1410 MHz, 1215 MHz, 42, 84.18 W, 2 %
2026/10/05 02:02:34.157, 1410 MHz, 1215 MHz, 42, 84.72 W, 59 %
2026/10/05 02:02:34.407, 1410 MHz, 1215 MHz, 42, 78.36 W, 30 %
2026/10/05 02:02:34.657, 1410 MHz, 1215 MHz, 42, 77.87 W, 4 %
2026/10/05 02:02:34.908, 1410 MHz, 1215 MHz, 42, 78.66 W, 4 %
2026/10/05 02:02:35.158, 1410 MHz, 1215 MHz, 42, 77.87 W, 4 %
2026/10/05 02:02:35.408, 1410 MHz, 1215 MHz, 42, 78.66 W, 4 %
2026/10/05 02:02:35.659, 1410 MHz, 1215 MHz, 42, 77.57 W, 4 %
2026/10/05 02:02:35.909, 1095 MHz, 1215 MHz, 42, 77.57 W, 4 %
2026/10/05 02:02:36.159, 1095 MHz, 1215 MHz, 41, 61.48 W, 4 %
2026/10/05 02:02:36.410, 1095 MHz, 1215 MHz, 41, 61.24 W, 5 %
2026/10/05 02:02:36.660, 1095 MHz, 1215 MHz, 41, 72.83 W, 5 %
2026/10/05 02:02:36.910, 1095 MHz, 1215 MHz, 41, 72.83 W, 39 %
2026/10/05 02:02:37.160, 1095 MHz, 1215 MHz, 41, 72.83 W, 39 %
2026/10/05 02:02:37.410, 1095 MHz, 1215 MHz, 41, 72.83 W, 39 %
2026/10/05 02:02:37.660, 1095 MHz, 1215 MHz, 41, 72.83 W, 39 %
2026/10/05 02:02:37.910, 1095 MHz, 1215 MHz, 41, 73.08 W, 39 %
2026/10/05 02:02:38.160, 1095 MHz, 1215 MHz, 41, 72.83 W, 39 %
2026/10/05 02:02:38.410, 1095 MHz, 1215 MHz, 41, 72.83 W, 39 %
2026/10/05 02:02:38.661, 1095 MHz, 1215 MHz, 41, 72.83 W, 39 %
2026/10/05 02:02:38.911, 1095 MHz, 1215 MHz, 41, 72.58 W, 39 %
2026/10/05 02:02:39.161, 1095 MHz, 1215 MHz, 41, 72.83 W, 39 %
2026/10/05 02:02:39.412, 1095 MHz, 1215 MHz, 41, 61.24 W, 32 %
2026/10/05 02:02:39.662, 1095 MHz, 1215 MHz, 41, 61.24 W, 1 %
2026/10/05 02:02:39.912, 1095 MHz, 1215 MHz, 40, 61.24 W, 2 %
2026/10/05 02:02:40.163, 1095 MHz, 1215 MHz, 40, 60.94 W, 1 %
2026/10/05 02:02:40.413, 1095 MHz, 1215 MHz, 40, 60.94 W, 1 %
2026/10/05 02:02:40.664, 1095 MHz, 1215 MHz, 40, 60.94 W, 2 %
2026/10/05 02:02:40.914, 1095 MHz, 1215 MHz, 40, 60.94 W, 1 %
2026/10/05 02:02:41.164, 1095 MHz, 1215 MHz, 40, 61.73 W, 1 %
2026/10/05 02:02:41.414, 1095 MHz, 1215 MHz, 42, 109.91 W, 22 %
2026/10/05 02:02:41.664, 1410 MHz, 1215 MHz, 47, 187.51 W, 90 %
2026/10/05 02:02:41.914, 1410 MHz, 1215 MHz, 48, 188.55 W, 95 %
2026/10/05 02:02:42.165, 1410 MHz, 1215 MHz, 49, 189.88 W, 95 %
2026/10/05 02:02:42.415, 1410 MHz, 1215 MHz, 49, 191.99 W, 96 %
2026/10/05 02:02:42.665, 1410 MHz, 1215 MHz, 49, 192.24 W, 95 %
2026/10/05 02:02:42.915, 1410 MHz, 1215 MHz, 50, 192.24 W, 95 %
2026/10/05 02:02:43.165, 1410 MHz, 1215 MHz, 50, 192.78 W, 95 %
2026/10/05 02:02:43.415, 1410 MHz, 1215 MHz, 50, 192.48 W, 95 %
2026/10/05 02:02:43.665, 1410 MHz, 1215 MHz, 50, 192.78 W, 95 %
2026/10/05 02:02:43.915, 1410 MHz, 1215 MHz, 50, 193.02 W, 95 %
2026/10/05 02:02:44.165, 1410 MHz, 1215 MHz, 50, 192.78 W, 95 %
2026/10/05 02:02:44.415, 1410 MHz, 1215 MHz, 50, 193.02 W, 95 %
2026/10/05 02:02:44.665, 1410 MHz, 1215 MHz, 51, 193.27 W, 95 %
2026/10/05 02:02:44.915, 1410 MHz, 1215 MHz, 51, 193.27 W, 95 %
2026/10/05 02:02:45.166, 1410 MHz, 1215 MHz, 51, 193.81 W, 95 %
2026/10/05 02:02:45.416, 1410 MHz, 1215 MHz, 51, 193.02 W, 95 %
2026/10/05 02:02:45.666, 1410 MHz, 1215 MHz, 51, 193.57 W, 99 %
2026/10/05 02:02:45.916, 1410 MHz, 1215 MHz, 51, 193.57 W, 96 %
2026/10/05 02:02:46.166, 1410 MHz, 1215 MHz, 51, 193.27 W, 96 %
2026/10/05 02:02:46.416, 1410 MHz, 1215 MHz, 51, 193.81 W, 96 %
2026/10/05 02:02:46.666, 1410 MHz, 1215 MHz, 51, 193.57 W, 96 %
2026/10/05 02:02:46.916, 1410 MHz, 1215 MHz, 51, 193.81 W, 96 %
2026/10/05 02:02:47.166, 1410 MHz, 1215 MHz, 51, 194.06 W, 96 %
2026/10/05 02:02:47.417, 1410 MHz, 1215 MHz, 51, 193.81 W, 96 %
2026/10/05 02:02:47.667, 1410 MHz, 1215 MHz, 51, 193.81 W, 96 %
2026/10/05 02:02:47.917, 1410 MHz, 1215 MHz, 51, 194.35 W, 96 %
2026/10/05 02:02:48.167, 1410 MHz, 1215 MHz, 49, 150.82 W, 86 %
2026/10/05 02:02:48.417, 1410 MHz, 1215 MHz, 47, 126.81 W, 67 %
2026/10/05 02:02:48.667, 1410 MHz, 1215 MHz, 48, 150.27 W, 62 %
2026/10/05 02:02:48.917, 1410 MHz, 1215 MHz, 47, 149.73 W, 73 %
2026/10/05 02:02:49.167, 1410 MHz, 1215 MHz, 48, 149.48 W, 62 %
2026/10/05 02:02:49.417, 1410 MHz, 1215 MHz, 48, 150.27 W, 70 %
2026/10/05 02:02:49.667, 1410 MHz, 1215 MHz, 48, 150.27 W, 73 %
2026/10/05 02:02:49.917, 1410 MHz, 1215 MHz, 48, 149.48 W, 73 %
2026/10/05 02:02:50.168, 1410 MHz, 1215 MHz, 48, 150.82 W, 73 %
2026/10/05 02:02:50.418, 1410 MHz, 1215 MHz, 48, 150.52 W, 73 %
2026/10/05 02:02:50.668, 1410 MHz, 1215 MHz, 51, 193.27 W, 85 %
2026/10/05 02:02:50.918, 1410 MHz, 1215 MHz, 51, 193.81 W, 96 %
2026/10/05 02:02:51.168, 1410 MHz, 1215 MHz, 51, 194.06 W, 96 %
2026/10/05 02:02:51.418, 1410 MHz, 1215 MHz, 51, 194.06 W, 96 %
2026/10/05 02:02:51.668, 1410 MHz, 1215 MHz, 51, 194.35 W, 96 %
2026/10/05 02:02:51.918, 1410 MHz, 1215 MHz, 52, 194.60 W, 96 %
2026/10/05 02:02:52.168, 1410 MHz, 1215 MHz, 52, 194.35 W, 96 %
2026/10/05 02:02:52.419, 1410 MHz, 1215 MHz, 52, 194.60 W, 96 %
2026/10/05 02:02:52.669, 1410 MHz, 1215 MHz, 46, 82.06 W, 29 %
2026/10/05 02:02:52.919, 1410 MHz, 1215 MHz, 45, 80.23 W, 0 %
2026/10/05 02:02:53.169, 1410 MHz, 1215 MHz, 44, 79.98 W, 0 %
2026/10/05 02:02:53.420, 1410 MHz, 1215 MHz, 44, 79.98 W, 0 %
2026/10/05 02:02:53.670, 1410 MHz, 1215 MHz, 44, 83.64 W, 0 %
2026/10/05 02:02:53.920, 1410 MHz, 1215 MHz, 47, 134.45 W, 39 %
2026/10/05 02:02:54.170, 1410 MHz, 1215 MHz, 48, 134.99 W, 98 %
2026/10/05 02:02:54.420, 1410 MHz, 1215 MHz, 48, 134.99 W, 98 %
2026/10/05 02:02:54.670, 1410 MHz, 1215 MHz, 48, 135.24 W, 98 %
2026/10/05 02:02:54.920, 1410 MHz, 1215 MHz, 48, 135.24 W, 98 %
2026/10/05 02:02:55.170, 1410 MHz, 1215 MHz, 48, 135.24 W, 98 %
2026/10/05 02:02:55.420, 1410 MHz, 1215 MHz, 48, 135.24 W, 98 %
2026/10/05 02:02:55.670, 1410 MHz, 1215 MHz, 48, 135.49 W, 98 %
2026/10/05 02:02:55.920, 1410 MHz, 1215 MHz, 48, 135.24 W, 98 %
2026/10/05 02:02:56.171, 1410 MHz, 1215 MHz, 48, 135.24 W, 98 %
2026/10/05 02:02:56.421, 1410 MHz, 1215 MHz, 48, 135.24 W, 98 %
2026/10/05 02:02:56.671, 1410 MHz, 1215 MHz, 48, 135.24 W, 98 %
2026/10/05 02:02:56.921, 1410 MHz, 1215 MHz, 48, 135.24 W, 98 %
2026/10/05 02:02:57.171, 1410 MHz, 1215 MHz, 48, 135.24 W, 98 %
2026/10/05 02:02:57.421, 1410 MHz, 1215 MHz, 48, 135.24 W, 98 %
2026/10/05 02:02:57.671, 1410 MHz, 1215 MHz, 48, 135.78 W, 98 %
2026/10/05 02:02:57.921, 1410 MHz, 1215 MHz, 48, 135.24 W, 98 %
2026/10/05 02:02:58.172, 1410 MHz, 1215 MHz, 48, 135.49 W, 99 %
2026/10/05 02:02:58.422, 1410 MHz, 1215 MHz, 48, 135.49 W, 98 %
2026/10/05 02:02:58.672, 1410 MHz, 1215 MHz, 48, 135.49 W, 98 %
2026/10/05 02:02:58.922, 1410 MHz, 1215 MHz, 48, 135.49 W, 98 %
2026/10/05 02:02:59.173, 1410 MHz, 1215 MHz, 48, 135.49 W, 98 %
2026/10/05 02:02:59.423, 1410 MHz, 1215 MHz, 48, 135.49 W, 98 %
2026/10/05 02:02:59.673, 1410 MHz, 1215 MHz, 48, 135.49 W, 98 %
2026/10/05 02:02:59.924, 1410 MHz, 1215 MHz, 48, 135.49 W, 98 %
2026/10/05 02:03:00.174, 1410 MHz, 1215 MHz, 48, 135.49 W, 98 %
2026/10/05 02:03:00.424, 1410 MHz, 1215 MHz, 49, 153.18 W, 98 %
2026/10/05 02:03:00.674, 1410 MHz, 1215 MHz, 49, 153.73 W, 99 %
2026/10/05 02:03:00.924, 1410 MHz, 1215 MHz, 49, 153.73 W, 99 %
2026/10/05 02:03:01.174, 1410 MHz, 1215 MHz, 49, 153.43 W, 99 %
2026/10/05 02:03:01.424, 1410 MHz, 1215 MHz, 49, 153.43 W, 99 %
2026/10/05 02:03:01.674, 1410 MHz, 1215 MHz, 49, 153.43 W, 99 %
2026/10/05 02:03:01.924, 1410 MHz, 1215 MHz, 49, 153.73 W, 99 %
2026/10/05 02:03:02.175, 1410 MHz, 1215 MHz, 49, 153.43 W, 99 %
2026/10/05 02:03:02.425, 1410 MHz, 1215 MHz, 49, 153.43 W, 99 %
2026/10/05 02:03:02.675, 1410 MHz, 1215 MHz, 49, 153.43 W, 99 %
2026/10/05 02:03:02.925, 1410 MHz, 1215 MHz, 49, 143.42 W, 99 %
2026/10/05 02:03:03.175, 1410 MHz, 1215 MHz, 49, 135.78 W, 98 %
2026/10/05 02:03:03.425, 1410 MHz, 1215 MHz, 49, 135.78 W, 98 %
2026/10/05 02:03:03.675, 1410 MHz, 1215 MHz, 49, 135.78 W, 98 %
2026/10/05 02:03:03.926, 1410 MHz, 1215 MHz, 49, 135.49 W, 98 %
2026/10/05 02:03:04.176, 1410 MHz, 1215 MHz, 49, 135.78 W, 98 %
2026/10/05 02:03:04.426, 1410 MHz, 1215 MHz, 49, 135.78 W, 98 %
2026/10/05 02:03:04.676, 1410 MHz, 1215 MHz, 49, 135.49 W, 98 %
2026/10/05 02:03:04.926, 1410 MHz, 1215 MHz, 46, 80.77 W, 95 %
2026/10/05 02:03:05.176, 1410 MHz, 1215 MHz, 44, 79.44 W, 2 %
2026/10/05 02:03:05.427, 1410 MHz, 1215 MHz, 44, 79.20 W, 0 %
2026/10/05 02:03:05.677, 1410 MHz, 1215 MHz, 43, 79.20 W, 0 %
2026/10/05 02:03:05.927, 1410 MHz, 1215 MHz, 43, 78.90 W, 0 %
2026/10/05 02:03:06.177, 1410 MHz, 1215 MHz, 45, 108.88 W, 0 %
2026/10/05 02:03:06.427, 1410 MHz, 1215 MHz, 45, 109.12 W, 66 %
2026/10/05 02:03:06.677, 1410 MHz, 1215 MHz, 46, 109.42 W, 97 %
2026/10/05 02:03:06.928, 1410 MHz, 1215 MHz, 46, 109.42 W, 97 %
2026/10/05 02:03:07.178, 1410 MHz, 1215 MHz, 46, 109.42 W, 97 %
2026/10/05 02:03:07.428, 1410 MHz, 1215 MHz, 46, 109.42 W, 97 %
2026/10/05 02:03:07.678, 1410 MHz, 1215 MHz, 46, 109.42 W, 97 %
2026/10/05 02:03:07.928, 1410 MHz, 1215 MHz, 46, 109.42 W, 97 %
2026/10/05 02:03:08.178, 1410 MHz, 1215 MHz, 46, 109.42 W, 97 %
2026/10/05 02:03:08.428, 1410 MHz, 1215 MHz, 46, 109.42 W, 97 %
2026/10/05 02:03:08.678, 1410 MHz, 1215 MHz, 46, 109.42 W, 97 %
2026/10/05 02:03:08.928, 1410 MHz, 1215 MHz, 46, 109.42 W, 97 %
2026/10/05 02:03:09.178, 1410 MHz, 1215 MHz, 46, 109.42 W, 97 %
2026/10/05 02:03:09.428, 1410 MHz, 1215 MHz, 46, 109.42 W, 97 %
2026/10/05 02:03:09.679, 1410 MHz, 1215 MHz, 46, 109.42 W, 97 %
2026/10/05 02:03:09.929, 1410 MHz, 1215 MHz, 46, 109.42 W, 97 %
2026/10/05 02:03:10.179, 1410 MHz, 1215 MHz, 46, 110.45 W, 97 %
2026/10/05 02:03:10.429, 1410 MHz, 1215 MHz, 46, 109.42 W, 98 %
2026/10/05 02:03:10.679, 1410 MHz, 1215 MHz, 46, 109.42 W, 97 %
2026/10/05 02:03:10.929, 1410 MHz, 1215 MHz, 46, 109.42 W, 97 %
2026/10/05 02:03:11.179, 1410 MHz, 1215 MHz, 46, 109.42 W, 97 %
2026/10/05 02:03:11.430, 1410 MHz, 1215 MHz, 46, 109.42 W, 97 %
2026/10/05 02:03:11.680, 1410 MHz, 1215 MHz, 45, 109.42 W, 97 %
2026/10/05 02:03:11.930, 1410 MHz, 1215 MHz, 45, 109.42 W, 97 %
2026/10/05 02:03:12.180, 1410 MHz, 1215 MHz, 45, 109.42 W, 97 %
2026/10/05 02:03:12.430, 1410 MHz, 1215 MHz, 45, 109.42 W, 97 %
2026/10/05 02:03:12.680, 1410 MHz, 1215 MHz, 46, 109.42 W, 97 %
2026/10/05 02:03:12.930, 1410 MHz, 1215 MHz, 46, 126.81 W, 98 %
2026/10/05 02:03:13.180, 1410 MHz, 1215 MHz, 46, 126.81 W, 98 %
2026/10/05 02:03:13.430, 1410 MHz, 1215 MHz, 46, 126.81 W, 98 %
2026/10/05 02:03:13.680, 1410 MHz, 1215 MHz, 46, 127.06 W, 98 %
2026/10/05 02:03:13.930, 1410 MHz, 1215 MHz, 46, 127.06 W, 98 %
2026/10/05 02:03:14.181, 1410 MHz, 1215 MHz, 46, 126.57 W, 98 %
2026/10/05 02:03:14.431, 1410 MHz, 1215 MHz, 46, 126.81 W, 98 %
2026/10/05 02:03:14.681, 1410 MHz, 1215 MHz, 46, 127.36 W, 98 %
2026/10/05 02:03:14.931, 1410 MHz, 1215 MHz, 46, 126.57 W, 98 %
2026/10/05 02:03:15.182, 1410 MHz, 1215 MHz, 46, 126.81 W, 98 %
2026/10/05 02:03:15.432, 1410 MHz, 1215 MHz, 46, 109.91 W, 98 %
2026/10/05 02:03:15.682, 1410 MHz, 1215 MHz, 46, 109.66 W, 97 %
2026/10/05 02:03:15.932, 1410 MHz, 1215 MHz, 46, 109.66 W, 97 %
2026/10/05 02:03:16.182, 1410 MHz, 1215 MHz, 46, 109.66 W, 97 %
2026/10/05 02:03:16.432, 1410 MHz, 1215 MHz, 46, 109.66 W, 97 %
2026/10/05 02:03:16.682, 1410 MHz, 1215 MHz, 46, 109.42 W, 97 %
2026/10/05 02:03:16.932, 1410 MHz, 1215 MHz, 46, 109.42 W, 97 %
2026/10/05 02:03:17.182, 1410 MHz, 1215 MHz, 45, 110.74 W, 97 %
2026/10/05 02:03:17.433, 1410 MHz, 1215 MHz, 44, 86.31 W, 64 %
2026/10/05 02:03:17.683, 1410 MHz, 1215 MHz, 43, 78.11 W, 0 %
2026/10/05 02:03:17.933, 1410 MHz, 1215 MHz, 43, 78.11 W, 0 %
2026/10/05 02:03:18.183, 1410 MHz, 1215 MHz, 43, 77.87 W, 0 %
2026/10/05 02:03:18.433, 1410 MHz, 1215 MHz, 43, 81.56 W, 0 %
2026/10/05 02:03:18.684, 1410 MHz, 1215 MHz, 45, 108.63 W, 4 %
2026/10/05 02:03:18.934, 1410 MHz, 1215 MHz, 45, 108.88 W, 4 %
2026/10/05 02:03:19.184, 1410 MHz, 1215 MHz, 45, 109.12 W, 99 %
2026/10/05 02:03:19.434, 1410 MHz, 1215 MHz, 45, 108.88 W, 99 %
2026/10/05 02:03:19.684, 1410 MHz, 1215 MHz, 45, 109.12 W, 99 %
2026/10/05 02:03:19.934, 1410 MHz, 1215 MHz, 45, 109.12 W, 99 %
2026/10/05 02:03:20.185, 1410 MHz, 1215 MHz, 45, 109.12 W, 99 %
2026/10/05 02:03:20.435, 1410 MHz, 1215 MHz, 45, 109.12 W, 99 %
2026/10/05 02:03:20.685, 1410 MHz, 1215 MHz, 45, 109.12 W, 99 %
2026/10/05 02:03:20.935, 1410 MHz, 1215 MHz, 45, 109.12 W, 99 %
2026/10/05 02:03:21.185, 1410 MHz, 1215 MHz, 45, 109.12 W, 99 %
2026/10/05 02:03:21.435, 1410 MHz, 1215 MHz, 45, 109.12 W, 99 %
2026/10/05 02:03:21.685, 1410 MHz, 1215 MHz, 45, 109.12 W, 99 %
2026/10/05 02:03:21.935, 1410 MHz, 1215 MHz, 45, 109.12 W, 99 %
2026/10/05 02:03:22.185, 1410 MHz, 1215 MHz, 45, 109.12 W, 99 %
2026/10/05 02:03:22.435, 1410 MHz, 1215 MHz, 45, 109.42 W, 99 %
2026/10/05 02:03:22.686, 1410 MHz, 1215 MHz, 45, 109.12 W, 99 %
2026/10/05 02:03:22.936, 1410 MHz, 1215 MHz, 45, 109.42 W, 100 %
2026/10/05 02:03:23.186, 1410 MHz, 1215 MHz, 45, 109.12 W, 99 %
2026/10/05 02:03:23.436, 1410 MHz, 1215 MHz, 45, 109.12 W, 99 %
2026/10/05 02:03:23.686, 1410 MHz, 1215 MHz, 45, 109.12 W, 99 %
2026/10/05 02:03:23.936, 1410 MHz, 1215 MHz, 45, 109.12 W, 99 %
2026/10/05 02:03:24.186, 1410 MHz, 1215 MHz, 45, 109.12 W, 99 %
2026/10/05 02:03:24.436, 1410 MHz, 1215 MHz, 45, 109.12 W, 99 %
2026/10/05 02:03:24.687, 1410 MHz, 1215 MHz, 45, 109.12 W, 99 %
2026/10/05 02:03:24.937, 1410 MHz, 1215 MHz, 45, 109.12 W, 99 %
2026/10/05 02:03:25.187, 1410 MHz, 1215 MHz, 44, 98.08 W, 99 %
2026/10/05 02:03:25.437, 1410 MHz, 1215 MHz, 44, 97.29 W, 72 %
2026/10/05 02:03:25.687, 1410 MHz, 1215 MHz, 44, 97.29 W, 30 %
2026/10/05 02:03:25.937, 1410 MHz, 1215 MHz, 43, 97.65 W, 31 %
2026/10/05 02:03:26.187, 1410 MHz, 1215 MHz, 43, 97.29 W, 30 %
2026/10/05 02:03:26.438, 1410 MHz, 1215 MHz, 43, 97.00 W, 30 %
2026/10/05 02:03:26.688, 1410 MHz, 1215 MHz, 43, 97.29 W, 30 %
2026/10/05 02:03:26.938, 1410 MHz, 1215 MHz, 43, 97.54 W, 30 %
2026/10/05 02:03:27.188, 1140 MHz, 1215 MHz, 43, 78.02 W, 37 %
2026/10/05 02:03:27.438, 1125 MHz, 1215 MHz, 42, 74.95 W, 38 %
2026/10/05 02:03:27.688, 1125 MHz, 1215 MHz, 42, 74.71 W, 38 %
2026/10/05 02:03:27.938, 1410 MHz, 1215 MHz, 44, 108.63 W, 99 %
2026/10/05 02:03:28.189, 1410 MHz, 1215 MHz, 44, 108.63 W, 99 %
2026/10/05 02:03:28.439, 1410 MHz, 1215 MHz, 45, 108.88 W, 99 %
2026/10/05 02:03:28.689, 1410 MHz, 1215 MHz, 45, 109.12 W, 99 %
2026/10/05 02:03:28.939, 1410 MHz, 1215 MHz, 45, 108.88 W, 99 %
2026/10/05 02:03:29.189, 1410 MHz, 1215 MHz, 45, 108.88 W, 99 %
2026/10/05 02:03:29.439, 1410 MHz, 1215 MHz, 45, 108.88 W, 99 %
2026/10/05 02:03:29.690, 1410 MHz, 1215 MHz, 44, 107.84 W, 99 %
2026/10/05 02:03:29.940, 1410 MHz, 1215 MHz, 42, 77.87 W, 30 %
2026/10/05 02:03:30.190, 1410 MHz, 1215 MHz, 42, 77.87 W, 0 %
2026/10/05 02:03:30.441, 1410 MHz, 1215 MHz, 42, 77.57 W, 0 %
2026/10/05 02:03:30.691, 1410 MHz, 1215 MHz, 42, 77.57 W, 0 %
2026/10/05 02:03:30.941, 1410 MHz, 1215 MHz, 45, 128.64 W, 0 %
2026/10/05 02:03:31.191, 1410 MHz, 1215 MHz, 46, 134.99 W, 35 %
2026/10/05 02:03:31.441, 1410 MHz, 1215 MHz, 47, 135.24 W, 94 %
2026/10/05 02:03:31.692, 1410 MHz, 1215 MHz, 47, 135.49 W, 94 %
2026/10/05 02:03:31.942, 1410 MHz, 1215 MHz, 47, 135.49 W, 94 %
2026/10/05 02:03:32.192, 1410 MHz, 1215 MHz, 47, 135.49 W, 94 %
2026/10/05 02:03:32.442, 1410 MHz, 1215 MHz, 47, 135.49 W, 94 %
2026/10/05 02:03:32.692, 1410 MHz, 1215 MHz, 47, 135.78 W, 94 %
2026/10/05 02:03:32.942, 1410 MHz, 1215 MHz, 47, 135.78 W, 94 %
2026/10/05 02:03:33.192, 1410 MHz, 1215 MHz, 47, 135.78 W, 94 %
2026/10/05 02:03:33.442, 1410 MHz, 1215 MHz, 47, 135.78 W, 94 %
2026/10/05 02:03:33.692, 1410 MHz, 1215 MHz, 47, 135.78 W, 94 %
2026/10/05 02:03:33.942, 1410 MHz, 1215 MHz, 47, 135.78 W, 94 %
2026/10/05 02:03:34.192, 1410 MHz, 1215 MHz, 47, 135.78 W, 94 %
2026/10/05 02:03:34.442, 1410 MHz, 1215 MHz, 47, 135.78 W, 94 %
2026/10/05 02:03:34.693, 1410 MHz, 1215 MHz, 47, 136.03 W, 94 %
2026/10/05 02:03:34.943, 1410 MHz, 1215 MHz, 47, 136.03 W, 94 %
2026/10/05 02:03:35.193, 1410 MHz, 1215 MHz, 47, 135.78 W, 95 %
2026/10/05 02:03:35.443, 1410 MHz, 1215 MHz, 47, 136.03 W, 98 %
2026/10/05 02:03:35.693, 1410 MHz, 1215 MHz, 48, 136.03 W, 94 %
2026/10/05 02:03:35.943, 1410 MHz, 1215 MHz, 48, 136.03 W, 94 %
2026/10/05 02:03:36.193, 1410 MHz, 1215 MHz, 48, 136.03 W, 94 %
2026/10/05 02:03:36.443, 1410 MHz, 1215 MHz, 48, 136.03 W, 94 %
2026/10/05 02:03:36.693, 1410 MHz, 1215 MHz, 48, 136.03 W, 94 %
2026/10/05 02:03:36.943, 1410 MHz, 1215 MHz, 48, 136.03 W, 94 %
2026/10/05 02:03:37.193, 1410 MHz, 1215 MHz, 48, 136.03 W, 94 %
2026/10/05 02:03:37.444, 1410 MHz, 1215 MHz, 48, 146.33 W, 94 %
2026/10/05 02:03:37.694, 1410 MHz, 1215 MHz, 48, 152.40 W, 94 %
2026/10/05 02:03:37.944, 1410 MHz, 1215 MHz, 48, 152.64 W, 96 %
2026/10/05 02:03:38.194, 1410 MHz, 1215 MHz, 48, 153.18 W, 96 %
2026/10/05 02:03:38.444, 1410 MHz, 1215 MHz, 48, 152.94 W, 96 %
2026/10/05 02:03:38.694, 1410 MHz, 1215 MHz, 48, 154.76 W, 96 %
2026/10/05 02:03:38.944, 1410 MHz, 1215 MHz, 49, 155.00 W, 96 %
2026/10/05 02:03:39.195, 1410 MHz, 1215 MHz, 49, 154.76 W, 96 %
2026/10/05 02:03:39.445, 1410 MHz, 1215 MHz, 49, 154.76 W, 96 %
2026/10/05 02:03:39.695, 1410 MHz, 1215 MHz, 49, 155.00 W, 96 %
2026/10/05 02:03:39.945, 1410 MHz, 1215 MHz, 49, 155.00 W, 96 %
2026/10/05 02:03:40.195, 1410 MHz, 1215 MHz, 48, 140.51 W, 96 %
2026/10/05 02:03:40.445, 1410 MHz, 1215 MHz, 48, 138.15 W, 94 %
2026/10/05 02:03:40.695, 1410 MHz, 1215 MHz, 48, 138.15 W, 94 %
2026/10/05 02:03:40.945, 1410 MHz, 1215 MHz, 48, 138.15 W, 94 %
2026/10/05 02:03:41.195, 1410 MHz, 1215 MHz, 48, 138.15 W, 94 %
2026/10/05 02:03:41.445, 1410 MHz, 1215 MHz, 48, 138.15 W, 94 %
2026/10/05 02:03:41.695, 1410 MHz, 1215 MHz, 48, 137.90 W, 94 %
2026/10/05 02:03:41.946, 1410 MHz, 1215 MHz, 48, 137.90 W, 94 %
2026/10/05 02:03:42.196, 1410 MHz, 1215 MHz, 44, 83.84 W, 88 %
2026/10/05 02:03:42.446, 1410 MHz, 1215 MHz, 44, 79.69 W, 2 %
2026/10/05 02:03:42.696, 1410 MHz, 1215 MHz, 43, 79.98 W, 0 %
2026/10/05 02:03:42.946, 1410 MHz, 1215 MHz, 43, 78.36 W, 0 %
2026/10/05 02:03:43.197, 1410 MHz, 1215 MHz, 43, 78.36 W, 0 %
2026/10/05 02:03:43.447, 1410 MHz, 1215 MHz, 46, 119.42 W, 1 %
2026/10/05 02:03:43.697, 1410 MHz, 1215 MHz, 49, 190.66 W, 70 %
2026/10/05 02:03:43.947, 1410 MHz, 1215 MHz, 50, 192.48 W, 95 %
2026/10/05 02:03:44.197, 1410 MHz, 1215 MHz, 50, 192.78 W, 95 %
2026/10/05 02:03:44.447, 1410 MHz, 1215 MHz, 51, 193.27 W, 95 %
2026/10/05 02:03:44.697, 1410 MHz, 1215 MHz, 51, 193.27 W, 95 %
2026/10/05 02:03:44.947, 1410 MHz, 1215 MHz, 51, 193.57 W, 95 %
2026/10/05 02:03:45.197, 1410 MHz, 1215 MHz, 51, 193.81 W, 95 %
2026/10/05 02:03:45.447, 1410 MHz, 1215 MHz, 51, 194.06 W, 95 %
2026/10/05 02:03:45.697, 1410 MHz, 1215 MHz, 51, 193.81 W, 95 %
2026/10/05 02:03:45.948, 1410 MHz, 1215 MHz, 51, 194.06 W, 95 %
2026/10/05 02:03:46.198, 1410 MHz, 1215 MHz, 51, 194.06 W, 96 %
2026/10/05 02:03:46.448, 1410 MHz, 1215 MHz, 51, 193.81 W, 95 %
2026/10/05 02:03:46.698, 1410 MHz, 1215 MHz, 52, 194.35 W, 95 %
2026/10/05 02:03:46.948, 1410 MHz, 1215 MHz, 52, 194.35 W, 95 %
2026/10/05 02:03:47.198, 1410 MHz, 1215 MHz, 52, 194.35 W, 95 %
2026/10/05 02:03:47.449, 1410 MHz, 1215 MHz, 52, 193.27 W, 95 %
2026/10/05 02:03:47.699, 1410 MHz, 1215 MHz, 52, 194.35 W, 98 %
2026/10/05 02:03:47.949, 1410 MHz, 1215 MHz, 52, 194.35 W, 96 %
2026/10/05 02:03:48.199, 1410 MHz, 1215 MHz, 52, 194.60 W, 96 %
2026/10/05 02:03:48.450, 1410 MHz, 1215 MHz, 52, 194.35 W, 96 %
2026/10/05 02:03:48.700, 1410 MHz, 1215 MHz, 52, 194.60 W, 96 %
2026/10/05 02:03:48.950, 1410 MHz, 1215 MHz, 52, 194.90 W, 96 %
2026/10/05 02:03:49.201, 1410 MHz, 1215 MHz, 52, 195.14 W, 96 %
2026/10/05 02:03:49.451, 1410 MHz, 1215 MHz, 52, 194.60 W, 96 %
2026/10/05 02:03:49.701, 1410 MHz, 1215 MHz, 52, 194.35 W, 96 %
2026/10/05 02:03:49.951, 1410 MHz, 1215 MHz, 52, 204.89 W, 96 %
2026/10/05 02:03:50.201, 1410 MHz, 1215 MHz, 52, 205.14 W, 98 %
2026/10/05 02:03:50.451, 1410 MHz, 1215 MHz, 52, 205.68 W, 97 %
2026/10/05 02:03:50.701, 1410 MHz, 1215 MHz, 52, 205.68 W, 98 %
2026/10/05 02:03:50.951, 1410 MHz, 1215 MHz, 52, 205.14 W, 98 %
2026/10/05 02:03:51.201, 1410 MHz, 1215 MHz, 52, 204.89 W, 98 %
2026/10/05 02:03:51.451, 1410 MHz, 1215 MHz, 53, 205.68 W, 98 %
2026/10/05 02:03:51.702, 1410 MHz, 1215 MHz, 52, 205.43 W, 98 %
2026/10/05 02:03:51.952, 1410 MHz, 1215 MHz, 53, 206.22 W, 98 %
2026/10/05 02:03:52.202, 1410 MHz, 1215 MHz, 53, 205.93 W, 98 %
2026/10/05 02:03:52.452, 1410 MHz, 1215 MHz, 53, 206.22 W, 98 %
2026/10/05 02:03:52.702, 1410 MHz, 1215 MHz, 53, 195.68 W, 97 %
2026/10/05 02:03:52.952, 1410 MHz, 1215 MHz, 53, 195.68 W, 96 %
2026/10/05 02:03:53.203, 1410 MHz, 1215 MHz, 53, 195.68 W, 96 %
2026/10/05 02:03:53.453, 1410 MHz, 1215 MHz, 53, 195.68 W, 96 %
2026/10/05 02:03:53.703, 1410 MHz, 1215 MHz, 53, 195.68 W, 96 %
2026/10/05 02:03:53.953, 1410 MHz, 1215 MHz, 53, 195.68 W, 96 %
2026/10/05 02:03:54.203, 1410 MHz, 1215 MHz, 53, 195.68 W, 96 %
2026/10/05 02:03:54.454, 1410 MHz, 1215 MHz, 50, 89.11 W, 96 %
2026/10/05 02:03:54.704, 1410 MHz, 1215 MHz, 47, 81.56 W, 61 %
2026/10/05 02:03:54.954, 1410 MHz, 1215 MHz, 46, 80.77 W, 0 %
2026/10/05 02:03:55.205, 1410 MHz, 1215 MHz, 45, 80.48 W, 0 %
2026/10/05 02:03:55.455, 1410 MHz, 1215 MHz, 45, 80.23 W, 0 %
2026/10/05 02:03:55.705, 1410 MHz, 1215 MHz, 45, 80.48 W, 0 %
2026/10/05 02:03:55.955, 1410 MHz, 1215 MHz, 47, 110.20 W, 97 %
2026/10/05 02:03:56.205, 1410 MHz, 1215 MHz, 47, 110.20 W, 97 %
2026/10/05 02:03:56.455, 1410 MHz, 1215 MHz, 47, 110.20 W, 97 %
2026/10/05 02:03:56.705, 1410 MHz, 1215 MHz, 47, 110.20 W, 97 %
2026/10/05 02:03:56.955, 1410 MHz, 1215 MHz, 47, 110.20 W, 97 %
2026/10/05 02:03:57.205, 1410 MHz, 1215 MHz, 47, 110.20 W, 97 %
2026/10/05 02:03:57.456, 1410 MHz, 1215 MHz, 47, 110.20 W, 97 %
2026/10/05 02:03:57.706, 1410 MHz, 1215 MHz, 47, 110.20 W, 97 %
2026/10/05 02:03:57.956, 1410 MHz, 1215 MHz, 47, 110.20 W, 97 %
2026/10/05 02:03:58.206, 1410 MHz, 1215 MHz, 46, 110.20 W, 97 %
2026/10/05 02:03:58.456, 1410 MHz, 1215 MHz, 46, 110.20 W, 97 %
2026/10/05 02:03:58.706, 1410 MHz, 1215 MHz, 46, 110.20 W, 97 %
2026/10/05 02:03:58.956, 1410 MHz, 1215 MHz, 46, 109.91 W, 97 %
2026/10/05 02:03:59.206, 1410 MHz, 1215 MHz, 46, 109.91 W, 97 %
2026/10/05 02:03:59.456, 1410 MHz, 1215 MHz, 46, 109.91 W, 97 %
2026/10/05 02:03:59.706, 1410 MHz, 1215 MHz, 46, 109.66 W, 97 %
2026/10/05 02:03:59.957, 1410 MHz, 1215 MHz, 46, 110.20 W, 99 %
2026/10/05 02:04:00.207, 1410 MHz, 1215 MHz, 46, 110.20 W, 97 %
2026/10/05 02:04:00.457, 1410 MHz, 1215 MHz, 46, 109.91 W, 97 %
2026/10/05 02:04:00.707, 1410 MHz, 1215 MHz, 46, 109.91 W, 97 %
2026/10/05 02:04:00.958, 1410 MHz, 1215 MHz, 46, 109.91 W, 97 %
2026/10/05 02:04:01.208, 1410 MHz, 1215 MHz, 46, 109.91 W, 97 %
2026/10/05 02:04:01.458, 1410 MHz, 1215 MHz, 46, 109.91 W, 97 %
2026/10/05 02:04:01.708, 1410 MHz, 1215 MHz, 46, 109.91 W, 97 %
2026/10/05 02:04:01.959, 1410 MHz, 1215 MHz, 46, 109.91 W, 97 %
2026/10/05 02:04:02.209, 1410 MHz, 1215 MHz, 46, 109.91 W, 97 %
2026/10/05 02:04:02.459, 1410 MHz, 1215 MHz, 46, 110.20 W, 83 %
2026/10/05 02:04:02.709, 1410 MHz, 1215 MHz, 46, 109.91 W, 65 %
2026/10/05 02:04:02.959, 1410 MHz, 1215 MHz, 45, 110.20 W, 65 %
2026/10/05 02:04:03.209, 1410 MHz, 1215 MHz, 45, 110.20 W, 65 %
2026/10/05 02:04:03.459, 1410 MHz, 1215 MHz, 45, 109.91 W, 65 %
2026/10/05 02:04:03.709, 1410 MHz, 1215 MHz, 45, 109.91 W, 65 %
2026/10/05 02:04:03.960, 1410 MHz, 1215 MHz, 45, 109.91 W, 65 %
2026/10/05 02:04:04.210, 1410 MHz, 1215 MHz, 45, 109.91 W, 65 %
2026/10/05 02:04:04.460, 1410 MHz, 1215 MHz, 45, 109.91 W, 65 %
2026/10/05 02:04:04.710, 1410 MHz, 1215 MHz, 45, 109.91 W, 65 %
2026/10/05 02:04:04.960, 1410 MHz, 1215 MHz, 46, 109.66 W, 80 %
2026/10/05 02:04:05.210, 1410 MHz, 1215 MHz, 46, 109.66 W, 97 %
2026/10/05 02:04:05.461, 1410 MHz, 1215 MHz, 46, 109.66 W, 97 %
2026/10/05 02:04:05.711, 1410 MHz, 1215 MHz, 46, 109.66 W, 97 %
2026/10/05 02:04:05.961, 1410 MHz, 1215 MHz, 46, 109.66 W, 97 %
2026/10/05 02:04:06.211, 1410 MHz, 1215 MHz, 46, 109.66 W, 97 %
2026/10/05 02:04:06.461, 1410 MHz, 1215 MHz, 46, 109.66 W, 97 %
2026/10/05 02:04:06.711, 1410 MHz, 1215 MHz, 46, 109.66 W, 97 %
2026/10/05 02:04:06.961, 1410 MHz, 1215 MHz, 44, 95.17 W, 97 %
2026/10/05 02:04:07.212, 1410 MHz, 1215 MHz, 43, 78.57 W, 0 %
2026/10/05 02:04:07.462, 1410 MHz, 1215 MHz, 43, 78.66 W, 0 %
2026/10/05 02:04:07.712, 1410 MHz, 1215 MHz, 43, 78.11 W, 0 %
2026/10/05 02:04:07.963, 1410 MHz, 1215 MHz, 43, 78.11 W, 0 %
2026/10/05 02:04:08.213, 1410 MHz, 1215 MHz, 46, 154.76 W, 35 %
2026/10/05 02:04:08.463, 1410 MHz, 1215 MHz, 48, 160.64 W, 88 %
2026/10/05 02:04:08.713, 1410 MHz, 1215 MHz, 48, 160.64 W, 88 %
2026/10/05 02:04:08.963, 1410 MHz, 1215 MHz, 48, 160.88 W, 88 %
2026/10/05 02:04:09.214, 1410 MHz, 1215 MHz, 49, 161.37 W, 88 %
2026/10/05 02:04:09.464, 1410 MHz, 1215 MHz, 49, 161.18 W, 88 %
2026/10/05 02:04:09.714, 1410 MHz, 1215 MHz, 49, 161.37 W, 88 %
2026/10/05 02:04:09.964, 1410 MHz, 1215 MHz, 49, 161.37 W, 88 %
2026/10/05 02:04:10.214, 1410 MHz, 1215 MHz, 49, 161.43 W, 88 %
2026/10/05 02:04:10.465, 1410 MHz, 1215 MHz, 49, 163.29 W, 88 %
2026/10/05 02:04:10.715, 1410 MHz, 1215 MHz, 49, 163.54 W, 88 %
2026/10/05 02:04:10.965, 1410 MHz, 1215 MHz, 49, 163.54 W, 88 %
2026/10/05 02:04:11.215, 1410 MHz, 1215 MHz, 49, 163.54 W, 88 %
2026/10/05 02:04:11.466, 1410 MHz, 1215 MHz, 49, 163.54 W, 88 %
2026/10/05 02:04:11.716, 1410 MHz, 1215 MHz, 49, 163.78 W, 88 %
2026/10/05 02:04:11.966, 1410 MHz, 1215 MHz, 49, 164.08 W, 88 %
2026/10/05 02:04:12.216, 1410 MHz, 1215 MHz, 49, 164.08 W, 88 %
2026/10/05 02:04:12.466, 1410 MHz, 1215 MHz, 49, 163.97 W, 90 %
2026/10/05 02:04:12.716, 1410 MHz, 1215 MHz, 49, 163.97 W, 96 %
2026/10/05 02:04:12.966, 1410 MHz, 1215 MHz, 49, 163.78 W, 89 %
2026/10/05 02:04:13.216, 1410 MHz, 1215 MHz, 50, 163.78 W, 89 %
2026/10/05 02:04:13.466, 1410 MHz, 1215 MHz, 50, 164.08 W, 89 %
2026/10/05 02:04:13.717, 1410 MHz, 1215 MHz, 50, 163.78 W, 89 %
2026/10/05 02:04:13.967, 1410 MHz, 1215 MHz, 50, 163.78 W, 89 %
2026/10/05 02:04:14.217, 1410 MHz, 1215 MHz, 50, 163.97 W, 89 %
2026/10/05 02:04:14.467, 1410 MHz, 1215 MHz, 50, 163.78 W, 89 %
2026/10/05 02:04:14.717, 1410 MHz, 1215 MHz, 50, 175.65 W, 89 %
2026/10/05 02:04:14.967, 1410 MHz, 1215 MHz, 50, 180.67 W, 92 %
2026/10/05 02:04:15.217, 1410 MHz, 1215 MHz, 50, 180.92 W, 93 %
2026/10/05 02:04:15.467, 1410 MHz, 1215 MHz, 51, 181.16 W, 93 %
2026/10/05 02:04:15.717, 1410 MHz, 1215 MHz, 51, 180.92 W, 93 %
2026/10/05 02:04:15.968, 1410 MHz, 1215 MHz, 51, 180.92 W, 93 %
2026/10/05 02:04:16.218, 1410 MHz, 1215 MHz, 51, 181.16 W, 93 %
2026/10/05 02:04:16.468, 1410 MHz, 1215 MHz, 51, 181.16 W, 93 %
2026/10/05 02:04:16.718, 1410 MHz, 1215 MHz, 51, 181.46 W, 93 %
2026/10/05 02:04:16.968, 1410 MHz, 1215 MHz, 51, 180.92 W, 93 %
2026/10/05 02:04:17.218, 1410 MHz, 1215 MHz, 51, 181.46 W, 93 %
2026/10/05 02:04:17.468, 1410 MHz, 1215 MHz, 50, 164.87 W, 93 %
2026/10/05 02:04:17.718, 1410 MHz, 1215 MHz, 50, 164.57 W, 89 %
2026/10/05 02:04:17.968, 1410 MHz, 1215 MHz, 50, 164.57 W, 89 %
2026/10/05 02:04:18.218, 1410 MHz, 1215 MHz, 50, 164.76 W, 89 %
2026/10/05 02:04:18.468, 1410 MHz, 1215 MHz, 50, 164.57 W, 89 %
2026/10/05 02:04:18.719, 1410 MHz, 1215 MHz, 50, 164.57 W, 89 %
2026/10/05 02:04:18.969, 1410 MHz, 1215 MHz, 50, 164.57 W, 89 %
2026/10/05 02:04:19.219, 1410 MHz, 1215 MHz, 50, 164.57 W, 89 %
2026/10/05 02:04:19.469, 1410 MHz, 1215 MHz, 45, 81.02 W, 86 %
2026/10/05 02:04:19.719, 1410 MHz, 1215 MHz, 45, 80.48 W, 4 %
2026/10/05 02:04:19.970, 1410 MHz, 1215 MHz, 44, 80.77 W, 0 %
2026/10/05 02:04:20.220, 1410 MHz, 1215 MHz, 44, 79.69 W, 0 %
2026/10/05 02:04:20.470, 1410 MHz, 1215 MHz, 44, 85.66 W, 0 %
2026/10/05 02:04:20.720, 1410 MHz, 1215 MHz, 48, 134.45 W, 1 %
2026/10/05 02:04:20.970, 1410 MHz, 1215 MHz, 48, 135.24 W, 98 %
2026/10/05 02:04:21.220, 1410 MHz, 1215 MHz, 48, 135.24 W, 98 %
2026/10/05 02:04:21.471, 1410 MHz, 1215 MHz, 48, 135.49 W, 98 %
2026/10/05 02:04:21.721, 1410 MHz, 1215 MHz, 48, 135.49 W, 98 %
2026/10/05 02:04:21.971, 1410 MHz, 1215 MHz, 49, 135.49 W, 98 %
2026/10/05 02:04:22.221, 1410 MHz, 1215 MHz, 49, 135.49 W, 98 %
2026/10/05 02:04:22.471, 1410 MHz, 1215 MHz, 49, 135.49 W, 98 %
2026/10/05 02:04:22.721, 1410 MHz, 1215 MHz, 49, 135.49 W, 98 %
2026/10/05 02:04:22.971, 1410 MHz, 1215 MHz, 49, 135.49 W, 98 %
2026/10/05 02:04:23.221, 1410 MHz, 1215 MHz, 49, 135.49 W, 98 %
2026/10/05 02:04:23.471, 1410 MHz, 1215 MHz, 49, 135.49 W, 98 %
2026/10/05 02:04:23.721, 1410 MHz, 1215 MHz, 49, 135.49 W, 98 %
2026/10/05 02:04:23.972, 1410 MHz, 1215 MHz, 49, 135.49 W, 98 %
2026/10/05 02:04:24.222, 1410 MHz, 1215 MHz, 49, 135.78 W, 98 %
2026/10/05 02:04:24.472, 1410 MHz, 1215 MHz, 49, 135.78 W, 98 %
2026/10/05 02:04:24.722, 1410 MHz, 1215 MHz, 49, 135.49 W, 97 %
2026/10/05 02:04:24.972, 1410 MHz, 1215 MHz, 49, 135.78 W, 98 %
2026/10/05 02:04:25.223, 1410 MHz, 1215 MHz, 49, 135.78 W, 98 %
2026/10/05 02:04:25.473, 1410 MHz, 1215 MHz, 49, 135.78 W, 98 %
2026/10/05 02:04:25.723, 1410 MHz, 1215 MHz, 49, 135.78 W, 98 %
2026/10/05 02:04:25.973, 1410 MHz, 1215 MHz, 49, 135.78 W, 98 %
2026/10/05 02:04:26.223, 1410 MHz, 1215 MHz, 49, 135.78 W, 98 %
2026/10/05 02:04:26.474, 1410 MHz, 1215 MHz, 49, 135.78 W, 98 %
2026/10/05 02:04:26.724, 1410 MHz, 1215 MHz, 49, 135.78 W, 98 %
2026/10/05 02:04:26.974, 1410 MHz, 1215 MHz, 49, 135.78 W, 98 %
2026/10/05 02:04:27.224, 1410 MHz, 1215 MHz, 46, 100.20 W, 94 %
2026/10/05 02:04:27.474, 1410 MHz, 1215 MHz, 45, 99.36 W, 30 %
2026/10/05 02:04:27.724, 1410 MHz, 1215 MHz, 45, 99.36 W, 30 %
2026/10/05 02:04:27.974, 1410 MHz, 1215 MHz, 45, 99.12 W, 30 %
2026/10/05 02:04:28.224, 1410 MHz, 1215 MHz, 45, 99.12 W, 30 %
2026/10/05 02:04:28.474, 1410 MHz, 1215 MHz, 45, 99.12 W, 30 %
2026/10/05 02:04:28.725, 1410 MHz, 1215 MHz, 45, 98.87 W, 30 %
2026/10/05 02:04:28.975, 1140 MHz, 1215 MHz, 44, 76.53 W, 30 %
2026/10/05 02:04:29.225, 1140 MHz, 1215 MHz, 44, 76.53 W, 38 %
2026/10/05 02:04:29.475, 1125 MHz, 1215 MHz, 43, 75.50 W, 38 %
2026/10/05 02:04:29.725, 1125 MHz, 1215 MHz, 44, 75.50 W, 38 %
2026/10/05 02:04:29.975, 1410 MHz, 1215 MHz, 47, 132.87 W, 98 %
2026/10/05 02:04:30.225, 1410 MHz, 1215 MHz, 47, 133.42 W, 98 %
2026/10/05 02:04:30.475, 1410 MHz, 1215 MHz, 48, 133.66 W, 98 %
2026/10/05 02:04:30.725, 1410 MHz, 1215 MHz, 48, 133.66 W, 98 %
2026/10/05 02:04:30.976, 1410 MHz, 1215 MHz, 48, 133.66 W, 98 %
2026/10/05 02:04:31.226, 1410 MHz, 1215 MHz, 48, 133.91 W, 98 %
2026/10/05 02:04:31.476, 1410 MHz, 1215 MHz, 48, 133.91 W, 98 %
2026/10/05 02:04:31.726, 1410 MHz, 1215 MHz, 45, 82.06 W, 98 %
2026/10/05 02:04:31.976, 1410 MHz, 1215 MHz, 44, 78.66 W, 2 %
2026/10/05 02:04:32.227, 1410 MHz, 1215 MHz, 43, 78.66 W, 0 %
2026/10/05 02:04:32.477, 1410 MHz, 1215 MHz, 43, 78.36 W, 0 %
2026/10/05 02:04:32.727, 1410 MHz, 1215 MHz, 43, 78.36 W, 0 %
2026/10/05 02:04:32.977, 1410 MHz, 1215 MHz, 46, 158.81 W, 3 %
2026/10/05 02:04:33.227, 1410 MHz, 1215 MHz, 48, 160.39 W, 88 %
2026/10/05 02:04:33.477, 1410 MHz, 1215 MHz, 48, 160.82 W, 88 %
2026/10/05 02:04:33.728, 1410 MHz, 1215 MHz, 49, 160.88 W, 88 %
2026/10/05 02:04:33.978, 1410 MHz, 1215 MHz, 49, 161.37 W, 88 %
2026/10/05 02:04:34.228, 1410 MHz, 1215 MHz, 49, 162.45 W, 88 %
2026/10/05 02:04:34.478, 1410 MHz, 1215 MHz, 49, 163.29 W, 88 %
2026/10/05 02:04:34.728, 1410 MHz, 1215 MHz, 49, 163.29 W, 88 %
2026/10/05 02:04:34.978, 1410 MHz, 1215 MHz, 49, 163.54 W, 88 %
2026/10/05 02:04:35.228, 1410 MHz, 1215 MHz, 49, 163.54 W, 88 %
2026/10/05 02:04:35.478, 1410 MHz, 1215 MHz, 49, 163.54 W, 88 %
2026/10/05 02:04:35.728, 1410 MHz, 1215 MHz, 49, 163.73 W, 88 %
2026/10/05 02:04:35.978, 1410 MHz, 1215 MHz, 49, 163.54 W, 88 %
2026/10/05 02:04:36.229, 1410 MHz, 1215 MHz, 49, 162.75 W, 88 %
2026/10/05 02:04:36.479, 1410 MHz, 1215 MHz, 50, 163.78 W, 88 %
2026/10/05 02:04:36.729, 1410 MHz, 1215 MHz, 50, 163.78 W, 88 %
2026/10/05 02:04:36.979, 1410 MHz, 1215 MHz, 50, 163.54 W, 89 %
2026/10/05 02:04:37.229, 1410 MHz, 1215 MHz, 50, 163.78 W, 97 %
2026/10/05 02:04:37.479, 1410 MHz, 1215 MHz, 50, 164.08 W, 90 %
2026/10/05 02:04:37.729, 1410 MHz, 1215 MHz, 50, 164.08 W, 89 %
2026/10/05 02:04:37.979, 1410 MHz, 1215 MHz, 50, 164.08 W, 89 %
2026/10/05 02:04:38.230, 1410 MHz, 1215 MHz, 50, 163.78 W, 89 %
2026/10/05 02:04:38.480, 1410 MHz, 1215 MHz, 50, 164.08 W, 89 %
2026/10/05 02:04:38.730, 1410 MHz, 1215 MHz, 50, 163.78 W, 89 %
2026/10/05 02:04:38.980, 1410 MHz, 1215 MHz, 50, 164.08 W, 89 %
2026/10/05 02:04:39.231, 1410 MHz, 1215 MHz, 50, 163.97 W, 89 %
2026/10/05 02:04:39.481, 1410 MHz, 1215 MHz, 49, 163.97 W, 89 %
2026/10/05 02:04:39.731, 1410 MHz, 1215 MHz, 48, 134.21 W, 79 %
2026/10/05 02:04:39.981, 1410 MHz, 1215 MHz, 48, 133.91 W, 65 %
2026/10/05 02:04:40.231, 1410 MHz, 1215 MHz, 48, 133.66 W, 66 %
2026/10/05 02:04:40.481, 1410 MHz, 1215 MHz, 47, 133.66 W, 66 %
2026/10/05 02:04:40.731, 1410 MHz, 1215 MHz, 47, 133.66 W, 66 %
2026/10/05 02:04:40.981, 1410 MHz, 1215 MHz, 47, 133.66 W, 66 %
2026/10/05 02:04:41.231, 1410 MHz, 1215 MHz, 47, 133.42 W, 66 %
2026/10/05 02:04:41.482, 1410 MHz, 1215 MHz, 47, 133.42 W, 66 %
2026/10/05 02:04:41.732, 1410 MHz, 1215 MHz, 47, 133.42 W, 66 %
2026/10/05 02:04:41.982, 1410 MHz, 1215 MHz, 47, 133.66 W, 66 %
2026/10/05 02:04:42.232, 1410 MHz, 1215 MHz, 49, 162.94 W, 77 %
2026/10/05 02:04:42.482, 1410 MHz, 1215 MHz, 49, 163.78 W, 89 %
2026/10/05 02:04:42.732, 1410 MHz, 1215 MHz, 49, 163.78 W, 89 %
2026/10/05 02:04:42.982, 1410 MHz, 1215 MHz, 50, 163.78 W, 89 %
2026/10/05 02:04:43.233, 1410 MHz, 1215 MHz, 50, 164.08 W, 89 %
2026/10/05 02:04:43.483, 1410 MHz, 1215 MHz, 50, 164.08 W, 89 %
2026/10/05 02:04:43.733, 1410 MHz, 1215 MHz, 50, 164.08 W, 89 %
2026/10/05 02:04:43.983, 1410 MHz, 1215 MHz, 50, 164.08 W, 90 %
2026/10/05 02:04:44.233, 1410 MHz, 1215 MHz, 46, 87.53 W, 32 %
2026/10/05 02:04:44.483, 1410 MHz, 1215 MHz, 45, 80.23 W, 0 %
2026/10/05 02:04:44.734, 1410 MHz, 1215 MHz, 44, 79.44 W, 0 %
2026/10/05 02:04:44.984, 1410 MHz, 1215 MHz, 44, 79.44 W, 0 %
2026/10/05 02:04:45.234, 1410 MHz, 1215 MHz, 44, 81.56 W, 0 %
2026/10/05 02:04:45.484, 1410 MHz, 1215 MHz, 46, 109.42 W, 44 %
2026/10/05 02:04:45.734, 1410 MHz, 1215 MHz, 46, 109.66 W, 99 %
2026/10/05 02:04:45.984, 1410 MHz, 1215 MHz, 46, 109.66 W, 99 %
2026/10/05 02:04:46.235, 1410 MHz, 1215 MHz, 46, 109.66 W, 99 %
2026/10/05 02:04:46.485, 1410 MHz, 1215 MHz, 46, 109.66 W, 99 %
2026/10/05 02:04:46.735, 1410 MHz, 1215 MHz, 46, 109.66 W, 99 %
2026/10/05 02:04:46.985, 1410 MHz, 1215 MHz, 46, 109.66 W, 99 %
2026/10/05 02:04:47.235, 1410 MHz, 1215 MHz, 46, 109.66 W, 99 %
2026/10/05 02:04:47.485, 1410 MHz, 1215 MHz, 46, 109.66 W, 99 %
2026/10/05 02:04:47.735, 1410 MHz, 1215 MHz, 46, 109.66 W, 99 %
2026/10/05 02:04:47.985, 1410 MHz, 1215 MHz, 46, 109.66 W, 99 %
2026/10/05 02:04:48.235, 1410 MHz, 1215 MHz, 46, 109.66 W, 99 %
2026/10/05 02:04:48.485, 1410 MHz, 1215 MHz, 46, 109.42 W, 99 %
2026/10/05 02:04:48.736, 1410 MHz, 1215 MHz, 46, 109.66 W, 99 %
2026/10/05 02:04:48.986, 1410 MHz, 1215 MHz, 46, 109.66 W, 99 %
2026/10/05 02:04:49.236, 1410 MHz, 1215 MHz, 46, 109.66 W, 99 %
2026/10/05 02:04:49.486, 1410 MHz, 1215 MHz, 46, 109.66 W, 99 %
2026/10/05 02:04:49.736, 1410 MHz, 1215 MHz, 46, 109.66 W, 100 %
2026/10/05 02:04:49.986, 1410 MHz, 1215 MHz, 46, 109.66 W, 99 %
2026/10/05 02:04:50.236, 1410 MHz, 1215 MHz, 46, 109.42 W, 99 %
2026/10/05 02:04:50.487, 1410 MHz, 1215 MHz, 46, 109.42 W, 99 %
2026/10/05 02:04:50.737, 1410 MHz, 1215 MHz, 46, 109.66 W, 99 %
2026/10/05 02:04:50.987, 1410 MHz, 1215 MHz, 46, 109.66 W, 99 %
2026/10/05 02:04:51.238, 1410 MHz, 1215 MHz, 46, 109.42 W, 99 %
2026/10/05 02:04:51.488, 1410 MHz, 1215 MHz, 46, 109.66 W, 99 %
2026/10/05 02:04:51.738, 1410 MHz, 1215 MHz, 46, 109.42 W, 99 %
2026/10/05 02:04:51.988, 1410 MHz, 1215 MHz, 45, 100.99 W, 99 %
2026/10/05 02:04:52.238, 1410 MHz, 1215 MHz, 44, 97.79 W, 30 %
2026/10/05 02:04:52.488, 1410 MHz, 1215 MHz, 44, 98.33 W, 30 %
2026/10/05 02:04:52.738, 1410 MHz, 1215 MHz, 44, 97.79 W, 30 %
2026/10/05 02:04:52.989, 1410 MHz, 1215 MHz, 44, 97.54 W, 30 %
2026/10/05 02:04:53.239, 1410 MHz, 1215 MHz, 44, 97.54 W, 31 %
2026/10/05 02:04:53.489, 1410 MHz, 1215 MHz, 44, 97.79 W, 30 %
2026/10/05 02:04:53.739, 1410 MHz, 1215 MHz, 44, 97.54 W, 30 %
2026/10/05 02:04:53.989, 1140 MHz, 1215 MHz, 43, 76.29 W, 30 %
2026/10/05 02:04:54.239, 1140 MHz, 1215 MHz, 43, 75.99 W, 38 %
2026/10/05 02:04:54.489, 1125 MHz, 1215 MHz, 43, 75.74 W, 38 %
2026/10/05 02:04:54.740, 1410 MHz, 1215 MHz, 44, 108.33 W, 87 %
2026/10/05 02:04:54.990, 1410 MHz, 1215 MHz, 45, 108.88 W, 99 %
2026/10/05 02:04:55.240, 1410 MHz, 1215 MHz, 45, 109.12 W, 99 %
2026/10/05 02:04:55.490, 1410 MHz, 1215 MHz, 45, 109.12 W, 99 %
2026/10/05 02:04:55.740, 1410 MHz, 1215 MHz, 45, 109.12 W, 99 %
2026/10/05 02:04:55.991, 1410 MHz, 1215 MHz, 45, 109.12 W, 99 %
2026/10/05 02:04:56.241, 1410 MHz, 1215 MHz, 45, 109.12 W, 99 %
2026/10/05 02:04:56.491, 1410 MHz, 1215 MHz, 44, 107.54 W, 94 %
2026/10/05 02:04:56.741, 1410 MHz, 1215 MHz, 43, 78.90 W, 2 %
2026/10/05 02:04:56.991, 1410 MHz, 1215 MHz, 43, 78.11 W, 0 %
2026/10/05 02:04:57.242, 1410 MHz, 1215 MHz, 42, 78.11 W, 0 %
2026/10/05 02:04:57.492, 1410 MHz, 1215 MHz, 42, 78.11 W, 0 %
2026/10/05 02:04:57.742, 1410 MHz, 1215 MHz, 45, 107.84 W, 1 %
2026/10/05 02:04:57.992, 1410 MHz, 1215 MHz, 46, 135.24 W, 66 %
2026/10/05 02:04:58.242, 1410 MHz, 1215 MHz, 47, 135.78 W, 94 %
2026/10/05 02:04:58.493, 1410 MHz, 1215 MHz, 47, 135.78 W, 94 %
2026/10/05 02:04:58.743, 1410 MHz, 1215 MHz, 47, 136.03 W, 94 %
2026/10/05 02:04:58.993, 1410 MHz, 1215 MHz, 47, 136.03 W, 94 %
2026/10/05 02:04:59.243, 1410 MHz, 1215 MHz, 48, 136.03 W, 94 %
2026/10/05 02:04:59.493, 1410 MHz, 1215 MHz, 48, 136.03 W, 94 %
2026/10/05 02:04:59.743, 1410 MHz, 1215 MHz, 48, 136.28 W, 94 %
2026/10/05 02:04:59.993, 1410 MHz, 1215 MHz, 48, 136.28 W, 94 %
2026/10/05 02:05:00.243, 1410 MHz, 1215 MHz, 48, 136.03 W, 94 %
2026/10/05 02:05:00.493, 1410 MHz, 1215 MHz, 48, 136.28 W, 94 %
2026/10/05 02:05:00.744, 1410 MHz, 1215 MHz, 48, 136.28 W, 94 %
2026/10/05 02:05:00.994, 1410 MHz, 1215 MHz, 48, 136.28 W, 94 %
2026/10/05 02:05:01.244, 1410 MHz, 1215 MHz, 48, 136.03 W, 94 %
2026/10/05 02:05:01.494, 1410 MHz, 1215 MHz, 48, 136.28 W, 94 %
2026/10/05 02:05:01.744, 1410 MHz, 1215 MHz, 48, 136.57 W, 94 %
2026/10/05 02:05:01.994, 1410 MHz, 1215 MHz, 48, 135.78 W, 94 %
2026/10/05 02:05:02.244, 1410 MHz, 1215 MHz, 48, 136.28 W, 96 %
2026/10/05 02:05:02.495, 1410 MHz, 1215 MHz, 48, 136.28 W, 94 %
2026/10/05 02:05:02.745, 1410 MHz, 1215 MHz, 48, 136.28 W, 94 %
2026/10/05 02:05:02.995, 1410 MHz, 1215 MHz, 48, 136.28 W, 94 %
2026/10/05 02:05:03.245, 1410 MHz, 1215 MHz, 48, 136.28 W, 94 %
2026/10/05 02:05:03.496, 1410 MHz, 1215 MHz, 48, 136.28 W, 94 %
2026/10/05 02:05:03.746, 1410 MHz, 1215 MHz, 48, 136.57 W, 94 %
2026/10/05 02:05:03.996, 1410 MHz, 1215 MHz, 48, 136.28 W, 94 %
2026/10/05 02:05:04.246, 1410 MHz, 1215 MHz, 48, 136.28 W, 94 %
2026/10/05 02:05:04.496, 1410 MHz, 1215 MHz, 48, 152.76 W, 94 %
2026/10/05 02:05:04.746, 1410 MHz, 1215 MHz, 49, 152.94 W, 96 %
2026/10/05 02:05:04.996, 1410 MHz, 1215 MHz, 48, 153.18 W, 96 %
2026/10/05 02:05:05.246, 1410 MHz, 1215 MHz, 49, 153.43 W, 96 %
2026/10/05 02:05:05.496, 1410 MHz, 1215 MHz, 49, 153.18 W, 96 %
2026/10/05 02:05:05.746, 1410 MHz, 1215 MHz, 49, 152.94 W, 96 %
2026/10/05 02:05:05.996, 1410 MHz, 1215 MHz, 49, 153.43 W, 96 %
2026/10/05 02:05:06.246, 1410 MHz, 1215 MHz, 49, 155.00 W, 96 %
2026/10/05 02:05:06.497, 1410 MHz, 1215 MHz, 49, 155.30 W, 96 %
2026/10/05 02:05:06.747, 1410 MHz, 1215 MHz, 49, 155.30 W, 96 %
2026/10/05 02:05:06.997, 1410 MHz, 1215 MHz, 49, 155.00 W, 96 %
2026/10/05 02:05:07.247, 1410 MHz, 1215 MHz, 49, 138.69 W, 94 %
2026/10/05 02:05:07.497, 1410 MHz, 1215 MHz, 49, 138.40 W, 94 %
2026/10/05 02:05:07.747, 1410 MHz, 1215 MHz, 48, 138.40 W, 94 %
2026/10/05 02:05:07.997, 1410 MHz, 1215 MHz, 48, 138.40 W, 94 %
2026/10/05 02:05:08.247, 1410 MHz, 1215 MHz, 48, 138.40 W, 94 %
2026/10/05 02:05:08.497, 1410 MHz, 1215 MHz, 48, 138.40 W, 94 %
2026/10/05 02:05:08.747, 1410 MHz, 1215 MHz, 48, 138.15 W, 94 %
2026/10/05 02:05:08.998, 1410 MHz, 1215 MHz, 45, 82.50 W, 94 %
2026/10/05 02:05:09.248, 1410 MHz, 1215 MHz, 44, 80.48 W, 2 %
2026/10/05 02:05:09.499, 1410 MHz, 1215 MHz, 43, 79.98 W, 0 %
2026/10/05 02:05:09.749, 1410 MHz, 1215 MHz, 43, 78.66 W, 0 %
2026/10/05 02:05:09.999, 1410 MHz, 1215 MHz, 43, 78.66 W, 0 %
2026/10/05 02:05:10.249, 1410 MHz, 1215 MHz, 47, 159.06 W, 3 %
2026/10/05 02:05:10.499, 1410 MHz, 1215 MHz, 48, 160.58 W, 88 %
2026/10/05 02:05:10.749, 1410 MHz, 1215 MHz, 48, 160.82 W, 88 %
2026/10/05 02:05:10.999, 1410 MHz, 1215 MHz, 49, 160.64 W, 88 %
2026/10/05 02:05:11.249, 1410 MHz, 1215 MHz, 49, 160.88 W, 88 %
2026/10/05 02:05:11.499, 1410 MHz, 1215 MHz, 49, 162.75 W, 88 %
2026/10/05 02:05:11.750, 1410 MHz, 1215 MHz, 49, 162.99 W, 88 %
2026/10/05 02:05:12.000, 1410 MHz, 1215 MHz, 49, 163.29 W, 88 %
2026/10/05 02:05:12.250, 1410 MHz, 1215 MHz, 49, 163.29 W, 88 %
2026/10/05 02:05:12.500, 1410 MHz, 1215 MHz, 49, 163.29 W, 88 %
2026/10/05 02:05:12.750, 1410 MHz, 1215 MHz, 49, 163.54 W, 88 %
2026/10/05 02:05:13.000, 1410 MHz, 1215 MHz, 49, 163.29 W, 88 %
2026/10/05 02:05:13.250, 1410 MHz, 1215 MHz, 49, 163.54 W, 88 %
2026/10/05 02:05:13.500, 1410 MHz, 1215 MHz, 49, 163.73 W, 88 %
2026/10/05 02:05:13.750, 1410 MHz, 1215 MHz, 49, 163.73 W, 88 %
2026/10/05 02:05:14.000, 1410 MHz, 1215 MHz, 49, 163.54 W, 88 %
2026/10/05 02:05:14.250, 1410 MHz, 1215 MHz, 49, 162.75 W, 89 %
2026/10/05 02:05:14.501, 1410 MHz, 1215 MHz, 49, 160.39 W, 96 %
2026/10/05 02:05:14.751, 1410 MHz, 1215 MHz, 50, 163.54 W, 90 %
2026/10/05 02:05:15.001, 1410 MHz, 1215 MHz, 50, 163.54 W, 89 %
2026/10/05 02:05:15.251, 1410 MHz, 1215 MHz, 50, 163.73 W, 89 %
2026/10/05 02:05:15.501, 1410 MHz, 1215 MHz, 50, 163.78 W, 89 %
2026/10/05 02:05:15.751, 1410 MHz, 1215 MHz, 50, 163.54 W, 89 %
2026/10/05 02:05:16.001, 1410 MHz, 1215 MHz, 50, 163.78 W, 89 %
2026/10/05 02:05:16.251, 1410 MHz, 1215 MHz, 50, 163.54 W, 89 %
2026/10/05 02:05:16.501, 1410 MHz, 1215 MHz, 50, 163.97 W, 89 %
2026/10/05 02:05:16.751, 1410 MHz, 1215 MHz, 48, 134.70 W, 88 %
2026/10/05 02:05:17.002, 1410 MHz, 1215 MHz, 48, 134.21 W, 79 %
2026/10/05 02:05:17.252, 1410 MHz, 1215 MHz, 48, 133.66 W, 66 %
2026/10/05 02:05:17.502, 1410 MHz, 1215 MHz, 48, 133.66 W, 66 %
2026/10/05 02:05:17.752, 1410 MHz, 1215 MHz, 47, 133.42 W, 66 %
2026/10/05 02:05:18.002, 1410 MHz, 1215 MHz, 47, 133.42 W, 66 %
2026/10/05 02:05:18.252, 1410 MHz, 1215 MHz, 47, 133.66 W, 66 %
2026/10/05 02:05:18.502, 1410 MHz, 1215 MHz, 47, 133.12 W, 66 %
2026/10/05 02:05:18.752, 1410 MHz, 1215 MHz, 47, 133.42 W, 66 %
2026/10/05 02:05:19.003, 1410 MHz, 1215 MHz, 47, 133.66 W, 66 %
2026/10/05 02:05:19.253, 1410 MHz, 1215 MHz, 47, 133.42 W, 66 %
2026/10/05 02:05:19.503, 1410 MHz, 1215 MHz, 49, 163.18 W, 76 %
2026/10/05 02:05:19.753, 1410 MHz, 1215 MHz, 49, 163.54 W, 89 %
2026/10/05 02:05:20.003, 1410 MHz, 1215 MHz, 49, 163.78 W, 89 %
2026/10/05 02:05:20.253, 1410 MHz, 1215 MHz, 50, 163.78 W, 89 %
2026/10/05 02:05:20.503, 1410 MHz, 1215 MHz, 50, 163.97 W, 89 %
2026/10/05 02:05:20.753, 1410 MHz, 1215 MHz, 50, 163.78 W, 88 %
2026/10/05 02:05:21.003, 1410 MHz, 1215 MHz, 50, 163.78 W, 89 %
2026/10/05 02:05:21.253, 1410 MHz, 1215 MHz, 47, 104.39 W, 90 %
2026/10/05 02:05:21.504, 1410 MHz, 1215 MHz, 45, 79.98 W, 31 %
2026/10/05 02:05:21.754, 1410 MHz, 1215 MHz, 44, 79.69 W, 0 %
2026/10/05 02:05:22.005, 1410 MHz, 1215 MHz, 44, 79.69 W, 0 %
2026/10/05 02:05:22.255, 1410 MHz, 1215 MHz, 44, 79.20 W, 0 %
2026/10/05 02:05:22.505, 1410 MHz, 1215 MHz, 44, 79.44 W, 0 %
2026/10/05 02:05:22.755, 1410 MHz, 1215 MHz, 44, 85.42 W, 7 %
2026/10/05 02:05:23.005, 1410 MHz, 1215 MHz, 43, 78.66 W, 19 %
2026/10/05 02:05:23.256, 1410 MHz, 1215 MHz, 43, 78.66 W, 4 %
2026/10/05 02:05:23.506, 1410 MHz, 1215 MHz, 43, 78.36 W, 4 %
2026/10/05 02:05:23.756, 1410 MHz, 1215 MHz, 43, 78.66 W, 4 %
2026/10/05 02:05:24.007, 1410 MHz, 1215 MHz, 43, 78.36 W, 4 %
2026/10/05 02:05:24.257, 1410 MHz, 1215 MHz, 43, 78.66 W, 4 %
2026/10/05 02:05:24.507, 1410 MHz, 1215 MHz, 43, 78.11 W, 4 %
2026/10/05 02:05:24.757, 1095 MHz, 1215 MHz, 42, 62.03 W, 4 %
2026/10/05 02:05:25.008, 1095 MHz, 1215 MHz, 42, 61.48 W, 4 %
2026/10/05 02:05:25.258, 1095 MHz, 1215 MHz, 42, 73.37 W, 12 %
2026/10/05 02:05:25.508, 1095 MHz, 1215 MHz, 42, 73.37 W, 39 %
2026/10/05 02:05:25.758, 1095 MHz, 1215 MHz, 42, 73.37 W, 39 %
2026/10/05 02:05:26.009, 1095 MHz, 1215 MHz, 42, 73.37 W, 38 %
2026/10/05 02:05:26.259, 1095 MHz, 1215 MHz, 42, 73.37 W, 39 %
2026/10/05 02:05:26.509, 1095 MHz, 1215 MHz, 42, 73.62 W, 39 %
2026/10/05 02:05:26.759, 1095 MHz, 1215 MHz, 42, 73.08 W, 39 %
2026/10/05 02:05:27.009, 1095 MHz, 1215 MHz, 42, 73.37 W, 39 %
2026/10/05 02:05:27.259, 1095 MHz, 1215 MHz, 42, 73.37 W, 39 %
2026/10/05 02:05:27.509, 1095 MHz, 1215 MHz, 42, 73.37 W, 39 %
2026/10/05 02:05:27.760, 1095 MHz, 1215 MHz, 42, 73.08 W, 39 %
2026/10/05 02:05:28.010, 1095 MHz, 1215 MHz, 41, 61.48 W, 1 %
2026/10/05 02:05:28.260, 1095 MHz, 1215 MHz, 41, 61.24 W, 2 %
2026/10/05 02:05:28.510, 1095 MHz, 1215 MHz, 41, 61.48 W, 1 %
2026/10/05 02:05:28.761, 1095 MHz, 1215 MHz, 41, 61.48 W, 1 %
2026/10/05 02:05:29.011, 1095 MHz, 1215 MHz, 41, 61.73 W, 2 %
2026/10/05 02:05:29.261, 1095 MHz, 1215 MHz, 41, 61.24 W, 1 %
2026/10/05 02:05:29.512, 1095 MHz, 1215 MHz, 41, 61.24 W, 1 %
2026/10/05 02:05:29.762, 1095 MHz, 1215 MHz, 41, 64.15 W, 2 %
2026/10/05 02:05:30.012, 1095 MHz, 1215 MHz, 43, 61.24 W, 10 %
2026/10/05 02:05:30.262, 1410 MHz, 1215 MHz, 46, 113.11 W, 96 %
2026/10/05 02:05:30.512, 1410 MHz, 1215 MHz, 48, 188.79 W, 95 %
2026/10/05 02:05:30.762, 1410 MHz, 1215 MHz, 49, 189.34 W, 96 %
2026/10/05 02:05:31.013, 1410 MHz, 1215 MHz, 49, 191.99 W, 95 %
2026/10/05 02:05:31.263, 1410 MHz, 1215 MHz, 50, 192.48 W, 95 %
2026/10/05 02:05:31.513, 1410 MHz, 1215 MHz, 50, 192.48 W, 95 %
2026/10/05 02:05:31.763, 1410 MHz, 1215 MHz, 50, 192.78 W, 96 %
2026/10/05 02:05:32.013, 1410 MHz, 1215 MHz, 50, 193.27 W, 95 %
2026/10/05 02:05:32.263, 1410 MHz, 1215 MHz, 50, 193.27 W, 96 %
2026/10/05 02:05:32.513, 1410 MHz, 1215 MHz, 51, 193.27 W, 96 %
2026/10/05 02:05:32.763, 1410 MHz, 1215 MHz, 51, 193.02 W, 95 %
2026/10/05 02:05:33.013, 1410 MHz, 1215 MHz, 51, 193.27 W, 96 %
2026/10/05 02:05:33.263, 1410 MHz, 1215 MHz, 51, 193.57 W, 95 %
2026/10/05 02:05:33.513, 1410 MHz, 1215 MHz, 51, 193.57 W, 95 %
2026/10/05 02:05:33.763, 1410 MHz, 1215 MHz, 51, 193.81 W, 96 %
2026/10/05 02:05:34.014, 1410 MHz, 1215 MHz, 51, 193.81 W, 95 %
2026/10/05 02:05:34.264, 1410 MHz, 1215 MHz, 51, 192.78 W, 99 %
2026/10/05 02:05:34.514, 1410 MHz, 1215 MHz, 51, 194.06 W, 96 %
2026/10/05 02:05:34.764, 1410 MHz, 1215 MHz, 51, 193.81 W, 96 %
2026/10/05 02:05:35.014, 1410 MHz, 1215 MHz, 51, 193.81 W, 96 %
2026/10/05 02:05:35.264, 1410 MHz, 1215 MHz, 51, 194.06 W, 96 %
2026/10/05 02:05:35.514, 1410 MHz, 1215 MHz, 52, 194.06 W, 96 %
2026/10/05 02:05:35.764, 1410 MHz, 1215 MHz, 52, 194.06 W, 96 %
2026/10/05 02:05:36.014, 1410 MHz, 1215 MHz, 52, 194.06 W, 96 %
2026/10/05 02:05:36.265, 1410 MHz, 1215 MHz, 52, 194.06 W, 96 %
2026/10/05 02:05:36.515, 1410 MHz, 1215 MHz, 51, 194.35 W, 95 %
2026/10/05 02:05:36.765, 1410 MHz, 1215 MHz, 49, 149.31 W, 82 %
2026/10/05 02:05:37.015, 1410 MHz, 1215 MHz, 49, 151.06 W, 73 %
2026/10/05 02:05:37.265, 1410 MHz, 1215 MHz, 49, 151.13 W, 73 %
2026/10/05 02:05:37.515, 1410 MHz, 1215 MHz, 49, 150.03 W, 73 %
2026/10/05 02:05:37.765, 1410 MHz, 1215 MHz, 49, 151.85 W, 73 %
2026/10/05 02:05:38.015, 1410 MHz, 1215 MHz, 49, 148.70 W, 73 %
2026/10/05 02:05:38.265, 1410 MHz, 1215 MHz, 49, 150.82 W, 73 %
2026/10/05 02:05:38.515, 1410 MHz, 1215 MHz, 49, 150.03 W, 73 %
2026/10/05 02:05:38.765, 1410 MHz, 1215 MHz, 49, 150.82 W, 73 %
2026/10/05 02:05:39.016, 1410 MHz, 1215 MHz, 49, 150.27 W, 73 %
2026/10/05 02:05:39.266, 1410 MHz, 1215 MHz, 51, 193.27 W, 88 %
2026/10/05 02:05:39.516, 1410 MHz, 1215 MHz, 51, 193.81 W, 96 %
2026/10/05 02:05:39.766, 1410 MHz, 1215 MHz, 52, 194.35 W, 96 %
2026/10/05 02:05:40.016, 1410 MHz, 1215 MHz, 52, 194.35 W, 96 %
2026/10/05 02:05:40.266, 1410 MHz, 1215 MHz, 52, 194.60 W, 96 %
2026/10/05 02:05:40.516, 1410 MHz, 1215 MHz, 52, 194.60 W, 96 %
2026/10/05 02:05:40.766, 1410 MHz, 1215 MHz, 52, 194.60 W, 96 %
2026/10/05 02:05:41.016, 1410 MHz, 1215 MHz, 52, 188.55 W, 96 %
2026/10/05 02:05:41.267, 1410 MHz, 1215 MHz, 48, 83.64 W, 96 %
2026/10/05 02:05:41.517, 1410 MHz, 1215 MHz, 45, 80.23 W, 16 %
2026/10/05 02:05:41.767, 1410 MHz, 1215 MHz, 45, 79.89 W, 0 %
2026/10/05 02:05:42.018, 1410 MHz, 1215 MHz, 44, 79.69 W, 0 %
2026/10/05 02:05:42.268, 1410 MHz, 1215 MHz, 44, 82.85 W, 0 %
2026/10/05 02:05:42.518, 1410 MHz, 1215 MHz, 46, 109.66 W, 0 %
2026/10/05 02:05:42.768, 1410 MHz, 1215 MHz, 46, 109.66 W, 53 %
2026/10/05 02:05:43.018, 1410 MHz, 1215 MHz, 46, 109.91 W, 97 %
2026/10/05 02:05:43.268, 1410 MHz, 1215 MHz, 46, 109.91 W, 97 %
2026/10/05 02:05:43.518, 1410 MHz, 1215 MHz, 46, 109.91 W, 97 %
2026/10/05 02:05:43.768, 1410 MHz, 1215 MHz, 46, 109.91 W, 97 %
2026/10/05 02:05:44.019, 1410 MHz, 1215 MHz, 46, 109.66 W, 97 %
2026/10/05 02:05:44.269, 1410 MHz, 1215 MHz, 46, 109.66 W, 97 %
2026/10/05 02:05:44.519, 1410 MHz, 1215 MHz, 46, 109.66 W, 97 %
2026/10/05 02:05:44.770, 1410 MHz, 1215 MHz, 46, 109.91 W, 97 %
2026/10/05 02:05:45.020, 1410 MHz, 1215 MHz, 46, 109.66 W, 97 %
2026/10/05 02:05:45.270, 1410 MHz, 1215 MHz, 46, 109.91 W, 97 %
2026/10/05 02:05:45.520, 1410 MHz, 1215 MHz, 46, 109.66 W, 97 %
2026/10/05 02:05:45.771, 1410 MHz, 1215 MHz, 46, 109.66 W, 97 %
2026/10/05 02:05:46.021, 1410 MHz, 1215 MHz, 46, 109.66 W, 97 %
2026/10/05 02:05:46.271, 1410 MHz, 1215 MHz, 46, 109.66 W, 97 %
2026/10/05 02:05:46.521, 1410 MHz, 1215 MHz, 46, 109.66 W, 97 %
2026/10/05 02:05:46.771, 1410 MHz, 1215 MHz, 46, 109.66 W, 98 %
2026/10/05 02:05:47.021, 1410 MHz, 1215 MHz, 46, 109.66 W, 97 %
2026/10/05 02:05:47.272, 1410 MHz, 1215 MHz, 46, 109.66 W, 97 %
2026/10/05 02:05:47.522, 1410 MHz, 1215 MHz, 46, 109.66 W, 97 %
2026/10/05 02:05:47.772, 1410 MHz, 1215 MHz, 46, 109.66 W, 97 %
2026/10/05 02:05:48.022, 1410 MHz, 1215 MHz, 46, 109.66 W, 97 %
2026/10/05 02:05:48.273, 1410 MHz, 1215 MHz, 46, 109.66 W, 97 %
2026/10/05 02:05:48.523, 1410 MHz, 1215 MHz, 46, 109.66 W, 97 %
2026/10/05 02:05:48.773, 1410 MHz, 1215 MHz, 46, 109.66 W, 97 %
2026/10/05 02:05:49.023, 1410 MHz, 1215 MHz, 45, 109.91 W, 97 %
2026/10/05 02:05:49.274, 1410 MHz, 1215 MHz, 45, 109.66 W, 69 %
2026/10/05 02:05:49.524, 1410 MHz, 1215 MHz, 45, 109.91 W, 65 %
2026/10/05 02:05:49.774, 1410 MHz, 1215 MHz, 45, 109.91 W, 65 %
2026/10/05 02:05:50.024, 1410 MHz, 1215 MHz, 45, 109.66 W, 65 %
2026/10/05 02:05:50.274, 1410 MHz, 1215 MHz, 45, 109.66 W, 65 %
2026/10/05 02:05:50.524, 1410 MHz, 1215 MHz, 45, 109.42 W, 65 %
2026/10/05 02:05:50.774, 1410 MHz, 1215 MHz, 45, 109.66 W, 65 %
2026/10/05 02:05:51.024, 1410 MHz, 1215 MHz, 45, 109.66 W, 65 %
2026/10/05 02:05:51.274, 1410 MHz, 1215 MHz, 45, 109.42 W, 65 %
2026/10/05 02:05:51.524, 1410 MHz, 1215 MHz, 45, 109.66 W, 65 %
2026/10/05 02:05:51.775, 1410 MHz, 1215 MHz, 45, 109.42 W, 65 %
2026/10/05 02:05:52.025, 1410 MHz, 1215 MHz, 45, 109.42 W, 97 %
2026/10/05 02:05:52.275, 1410 MHz, 1215 MHz, 45, 109.42 W, 97 %
2026/10/05 02:05:52.525, 1410 MHz, 1215 MHz, 46, 109.42 W, 97 %
2026/10/05 02:05:52.775, 1410 MHz, 1215 MHz, 45, 109.66 W, 97 %
2026/10/05 02:05:53.025, 1410 MHz, 1215 MHz, 45, 109.42 W, 97 %
2026/10/05 02:05:53.275, 1410 MHz, 1215 MHz, 45, 109.42 W, 97 %
2026/10/05 02:05:53.525, 1410 MHz, 1215 MHz, 44, 89.36 W, 97 %
2026/10/05 02:05:53.776, 1410 MHz, 1215 MHz, 43, 79.20 W, 81 %
2026/10/05 02:05:54.026, 1410 MHz, 1215 MHz, 43, 78.36 W, 0 %
2026/10/05 02:05:54.277, 1410 MHz, 1215 MHz, 43, 78.11 W, 0 %
2026/10/05 02:05:54.527, 1410 MHz, 1215 MHz, 43, 78.11 W, 0 %
2026/10/05 02:05:54.777, 1410 MHz, 1215 MHz, 43, 80.48 W, 0 %
2026/10/05 02:05:55.027, 1410 MHz, 1215 MHz, 46, 132.33 W, 80 %
2026/10/05 02:05:55.277, 1410 MHz, 1215 MHz, 47, 132.63 W, 98 %
2026/10/05 02:05:55.527, 1410 MHz, 1215 MHz, 47, 132.87 W, 98 %
2026/10/05 02:05:55.777, 1410 MHz, 1215 MHz, 47, 133.12 W, 98 %
2026/10/05 02:05:56.027, 1410 MHz, 1215 MHz, 47, 133.12 W, 98 %
2026/10/05 02:05:56.277, 1410 MHz, 1215 MHz, 47, 133.12 W, 98 %
2026/10/05 02:05:56.527, 1410 MHz, 1215 MHz, 47, 133.12 W, 98 %
2026/10/05 02:05:56.778, 1410 MHz, 1215 MHz, 47, 133.12 W, 98 %
2026/10/05 02:05:57.028, 1410 MHz, 1215 MHz, 48, 133.12 W, 98 %
2026/10/05 02:05:57.278, 1410 MHz, 1215 MHz, 48, 133.12 W, 98 %
2026/10/05 02:05:57.528, 1410 MHz, 1215 MHz, 48, 133.12 W, 98 %
2026/10/05 02:05:57.778, 1410 MHz, 1215 MHz, 48, 133.12 W, 98 %
2026/10/05 02:05:58.028, 1410 MHz, 1215 MHz, 48, 133.12 W, 98 %
2026/10/05 02:05:58.278, 1410 MHz, 1215 MHz, 48, 133.42 W, 98 %
2026/10/05 02:05:58.528, 1410 MHz, 1215 MHz, 48, 133.42 W, 98 %
2026/10/05 02:05:58.778, 1410 MHz, 1215 MHz, 48, 134.21 W, 98 %
2026/10/05 02:05:59.028, 1410 MHz, 1215 MHz, 48, 133.42 W, 99 %
2026/10/05 02:05:59.279, 1410 MHz, 1215 MHz, 48, 133.66 W, 98 %
2026/10/05 02:05:59.529, 1410 MHz, 1215 MHz, 48, 133.66 W, 98 %
2026/10/05 02:05:59.779, 1410 MHz, 1215 MHz, 48, 133.66 W, 98 %
2026/10/05 02:06:00.029, 1410 MHz, 1215 MHz, 48, 133.66 W, 98 %
2026/10/05 02:06:00.279, 1410 MHz, 1215 MHz, 48, 133.66 W, 98 %
2026/10/05 02:06:00.529, 1410 MHz, 1215 MHz, 48, 133.66 W, 98 %
2026/10/05 02:06:00.779, 1410 MHz, 1215 MHz, 48, 133.66 W, 98 %
2026/10/05 02:06:01.029, 1410 MHz, 1215 MHz, 48, 133.66 W, 98 %
2026/10/05 02:06:01.279, 1410 MHz, 1215 MHz, 48, 133.66 W, 98 %
2026/10/05 02:06:01.529, 1410 MHz, 1215 MHz, 48, 150.89 W, 98 %
2026/10/05 02:06:01.779, 1410 MHz, 1215 MHz, 48, 151.06 W, 99 %
2026/10/05 02:06:02.030, 1410 MHz, 1215 MHz, 49, 152.94 W, 99 %
2026/10/05 02:06:02.280, 1410 MHz, 1215 MHz, 49, 153.18 W, 99 %
2026/10/05 02:06:02.530, 1410 MHz, 1215 MHz, 49, 153.43 W, 99 %
2026/10/05 02:06:02.780, 1410 MHz, 1215 MHz, 49, 153.43 W, 99 %
2026/10/05 02:06:03.030, 1410 MHz, 1215 MHz, 49, 152.76 W, 99 %
2026/10/05 02:06:03.280, 1410 MHz, 1215 MHz, 49, 153.18 W, 99 %
2026/10/05 02:06:03.530, 1410 MHz, 1215 MHz, 49, 153.43 W, 99 %
2026/10/05 02:06:03.780, 1410 MHz, 1215 MHz, 49, 153.43 W, 99 %
2026/10/05 02:06:04.030, 1410 MHz, 1215 MHz, 49, 138.40 W, 99 %
2026/10/05 02:06:04.281, 1410 MHz, 1215 MHz, 48, 135.49 W, 98 %
2026/10/05 02:06:04.531, 1410 MHz, 1215 MHz, 48, 135.49 W, 98 %
2026/10/05 02:06:04.781, 1410 MHz, 1215 MHz, 48, 135.24 W, 98 %
2026/10/05 02:06:05.031, 1410 MHz, 1215 MHz, 48, 135.49 W, 98 %
2026/10/05 02:06:05.281, 1410 MHz, 1215 MHz, 48, 135.49 W, 98 %
2026/10/05 02:06:05.532, 1410 MHz, 1215 MHz, 48, 135.49 W, 98 %
2026/10/05 02:06:05.782, 1410 MHz, 1215 MHz, 48, 135.49 W, 98 %
2026/10/05 02:06:06.033, 1410 MHz, 1215 MHz, 45, 83.64 W, 98 %
2026/10/05 02:06:06.283, 1410 MHz, 1215 MHz, 44, 79.44 W, 2 %
2026/10/05 02:06:06.534, 1410 MHz, 1215 MHz, 43, 79.44 W, 0 %
2026/10/05 02:06:06.784, 1410 MHz, 1215 MHz, 43, 78.66 W, 0 %
2026/10/05 02:06:07.034, 1410 MHz, 1215 MHz, 43, 78.66 W, 0 %
2026/10/05 02:06:07.284, 1410 MHz, 1215 MHz, 46, 132.33 W, 14 %
2026/10/05 02:06:07.534, 1410 MHz, 1215 MHz, 47, 133.12 W, 98 %
2026/10/05 02:06:07.784, 1410 MHz, 1215 MHz, 47, 133.42 W, 98 %
2026/10/05 02:06:08.034, 1410 MHz, 1215 MHz, 48, 133.42 W, 98 %
2026/10/05 02:06:08.285, 1410 MHz, 1215 MHz, 48, 133.66 W, 98 %
2026/10/05 02:06:08.535, 1410 MHz, 1215 MHz, 48, 133.66 W, 98 %
2026/10/05 02:06:08.785, 1410 MHz, 1215 MHz, 48, 133.66 W, 98 %
2026/10/05 02:06:09.035, 1410 MHz, 1215 MHz, 48, 133.66 W, 98 %
2026/10/05 02:06:09.285, 1410 MHz, 1215 MHz, 48, 133.66 W, 98 %
2026/10/05 02:06:09.535, 1410 MHz, 1215 MHz, 48, 133.66 W, 98 %
2026/10/05 02:06:09.785, 1410 MHz, 1215 MHz, 48, 133.66 W, 98 %
2026/10/05 02:06:10.035, 1410 MHz, 1215 MHz, 48, 133.66 W, 98 %
2026/10/05 02:06:10.285, 1410 MHz, 1215 MHz, 48, 133.66 W, 98 %
2026/10/05 02:06:10.536, 1410 MHz, 1215 MHz, 48, 133.66 W, 98 %
2026/10/05 02:06:10.786, 1410 MHz, 1215 MHz, 48, 133.66 W, 98 %
2026/10/05 02:06:11.036, 1410 MHz, 1215 MHz, 48, 133.66 W, 98 %
2026/10/05 02:06:11.286, 1410 MHz, 1215 MHz, 48, 133.66 W, 97 %
2026/10/05 02:06:11.537, 1410 MHz, 1215 MHz, 48, 133.66 W, 99 %
2026/10/05 02:06:11.787, 1410 MHz, 1215 MHz, 48, 133.91 W, 98 %
2026/10/05 02:06:12.037, 1410 MHz, 1215 MHz, 48, 133.91 W, 98 %
2026/10/05 02:06:12.287, 1410 MHz, 1215 MHz, 48, 133.91 W, 98 %
2026/10/05 02:06:12.537, 1410 MHz, 1215 MHz, 48, 133.91 W, 98 %
2026/10/05 02:06:12.787, 1410 MHz, 1215 MHz, 48, 133.91 W, 98 %
2026/10/05 02:06:13.037, 1410 MHz, 1215 MHz, 48, 133.91 W, 98 %
2026/10/05 02:06:13.287, 1410 MHz, 1215 MHz, 48, 133.91 W, 98 %
2026/10/05 02:06:13.537, 1410 MHz, 1215 MHz, 48, 133.91 W, 98 %
2026/10/05 02:06:13.787, 1410 MHz, 1215 MHz, 46, 133.91 W, 98 %
2026/10/05 02:06:14.037, 1410 MHz, 1215 MHz, 45, 98.87 W, 63 %
2026/10/05 02:06:14.288, 1410 MHz, 1215 MHz, 45, 98.33 W, 30 %
2026/10/05 02:06:14.538, 1410 MHz, 1215 MHz, 44, 98.57 W, 30 %
2026/10/05 02:06:14.788, 1410 MHz, 1215 MHz, 44, 98.33 W, 30 %
2026/10/05 02:06:15.038, 1410 MHz, 1215 MHz, 44, 98.08 W, 30 %
2026/10/05 02:06:15.288, 1410 MHz, 1215 MHz, 44, 97.79 W, 30 %
2026/10/05 02:06:15.538, 1410 MHz, 1215 MHz, 44, 98.08 W, 30 %
2026/10/05 02:06:15.788, 1140 MHz, 1215 MHz, 43, 76.29 W, 30 %
2026/10/05 02:06:16.038, 1140 MHz, 1215 MHz, 43, 75.99 W, 37 %
2026/10/05 02:06:16.288, 1125 MHz, 1215 MHz, 43, 75.20 W, 38 %
2026/10/05 02:06:16.539, 1410 MHz, 1215 MHz, 45, 90.54 W, 73 %
2026/10/05 02:06:16.789, 1410 MHz, 1215 MHz, 47, 133.12 W, 98 %
2026/10/05 02:06:17.039, 1410 MHz, 1215 MHz, 47, 133.12 W, 98 %
2026/10/05 02:06:17.289, 1410 MHz, 1215 MHz, 47, 133.42 W, 98 %
2026/10/05 02:06:17.540, 1410 MHz, 1215 MHz, 47, 133.42 W, 98 %
2026/10/05 02:06:17.790, 1410 MHz, 1215 MHz, 48, 133.66 W, 98 %
2026/10/05 02:06:18.040, 1410 MHz, 1215 MHz, 48, 133.66 W, 98 %
2026/10/05 02:06:18.290, 1410 MHz, 1215 MHz, 48, 134.45 W, 98 %
2026/10/05 02:06:18.541, 1410 MHz, 1215 MHz, 44, 79.44 W, 19 %
2026/10/05 02:06:18.791, 1410 MHz, 1215 MHz, 43, 78.66 W, 0 %
2026/10/05 02:06:19.041, 1410 MHz, 1215 MHz, 43, 78.66 W, 0 %
2026/10/05 02:06:19.291, 1410 MHz, 1215 MHz, 43, 78.36 W, 0 %
2026/10/05 02:06:19.542, 1410 MHz, 1215 MHz, 43, 80.48 W, 0 %
2026/10/05 02:06:19.792, 1410 MHz, 1215 MHz, 48, 188.79 W, 45 %
2026/10/05 02:06:20.042, 1410 MHz, 1215 MHz, 49, 191.99 W, 95 %
2026/10/05 02:06:20.292, 1410 MHz, 1215 MHz, 50, 193.02 W, 95 %
2026/10/05 02:06:20.542, 1410 MHz, 1215 MHz, 50, 193.81 W, 95 %
2026/10/05 02:06:20.792, 1410 MHz, 1215 MHz, 51, 193.57 W, 95 %
2026/10/05 02:06:21.042, 1410 MHz, 1215 MHz, 51, 193.81 W, 95 %
2026/10/05 02:06:21.292, 1410 MHz, 1215 MHz, 51, 193.81 W, 96 %
2026/10/05 02:06:21.542, 1410 MHz, 1215 MHz, 51, 194.06 W, 95 %
2026/10/05 02:06:21.792, 1410 MHz, 1215 MHz, 51, 194.06 W, 95 %
2026/10/05 02:06:22.042, 1410 MHz, 1215 MHz, 51, 194.06 W, 96 %
2026/10/05 02:06:22.293, 1410 MHz, 1215 MHz, 51, 193.81 W, 95 %
2026/10/05 02:06:22.543, 1410 MHz, 1215 MHz, 52, 194.35 W, 95 %
2026/10/05 02:06:22.793, 1410 MHz, 1215 MHz, 52, 194.06 W, 95 %
2026/10/05 02:06:23.043, 1410 MHz, 1215 MHz, 52, 194.60 W, 95 %
2026/10/05 02:06:23.293, 1410 MHz, 1215 MHz, 52, 194.35 W, 95 %
2026/10/05 02:06:23.543, 1410 MHz, 1215 MHz, 52, 193.81 W, 95 %
2026/10/05 02:06:23.793, 1410 MHz, 1215 MHz, 52, 193.57 W, 96 %
2026/10/05 02:06:24.043, 1410 MHz, 1215 MHz, 52, 194.35 W, 98 %
2026/10/05 02:06:24.293, 1410 MHz, 1215 MHz, 52, 194.90 W, 96 %
2026/10/05 02:06:24.543, 1410 MHz, 1215 MHz, 52, 194.90 W, 96 %
2026/10/05 02:06:24.793, 1410 MHz, 1215 MHz, 52, 194.60 W, 96 %
2026/10/05 02:06:25.044, 1410 MHz, 1215 MHz, 52, 194.90 W, 96 %
2026/10/05 02:06:25.294, 1410 MHz, 1215 MHz, 52, 195.14 W, 96 %
2026/10/05 02:06:25.544, 1410 MHz, 1215 MHz, 52, 195.14 W, 96 %
2026/10/05 02:06:25.794, 1410 MHz, 1215 MHz, 52, 194.90 W, 96 %
2026/10/05 02:06:26.044, 1410 MHz, 1215 MHz, 52, 195.39 W, 96 %
2026/10/05 02:06:26.294, 1410 MHz, 1215 MHz, 52, 205.68 W, 97 %
2026/10/05 02:06:26.544, 1410 MHz, 1215 MHz, 52, 204.89 W, 98 %
2026/10/05 02:06:26.794, 1410 MHz, 1215 MHz, 52, 205.43 W, 98 %
2026/10/05 02:06:27.044, 1410 MHz, 1215 MHz, 52, 205.93 W, 98 %
2026/10/05 02:06:27.295, 1410 MHz, 1215 MHz, 53, 205.68 W, 98 %
2026/10/05 02:06:27.545, 1410 MHz, 1215 MHz, 53, 205.14 W, 98 %
2026/10/05 02:06:27.795, 1410 MHz, 1215 MHz, 53, 205.68 W, 98 %
2026/10/05 02:06:28.045, 1410 MHz, 1215 MHz, 53, 206.47 W, 98 %
2026/10/05 02:06:28.295, 1410 MHz, 1215 MHz, 53, 205.68 W, 98 %
2026/10/05 02:06:28.545, 1410 MHz, 1215 MHz, 53, 206.22 W, 98 %
2026/10/05 02:06:28.795, 1410 MHz, 1215 MHz, 53, 196.18 W, 98 %
2026/10/05 02:06:29.045, 1410 MHz, 1215 MHz, 53, 195.93 W, 96 %
2026/10/05 02:06:29.295, 1410 MHz, 1215 MHz, 53, 195.68 W, 96 %
2026/10/05 02:06:29.546, 1410 MHz, 1215 MHz, 53, 195.68 W, 96 %
2026/10/05 02:06:29.796, 1410 MHz, 1215 MHz, 53, 195.93 W, 96 %
2026/10/05 02:06:30.046, 1410 MHz, 1215 MHz, 53, 195.68 W, 96 %
2026/10/05 02:06:30.296, 1410 MHz, 1215 MHz, 53, 195.93 W, 96 %
2026/10/05 02:06:30.547, 1410 MHz, 1215 MHz, 53, 195.93 W, 96 %
2026/10/05 02:06:30.797, 1410 MHz, 1215 MHz, 48, 87.24 W, 84 %
2026/10/05 02:06:31.047, 1410 MHz, 1215 MHz, 46, 81.81 W, 4 %
2026/10/05 02:06:31.297, 1410 MHz, 1215 MHz, 46, 80.48 W, 0 %
2026/10/05 02:06:31.548, 1410 MHz, 1215 MHz, 45, 80.23 W, 0 %
2026/10/05 02:06:31.798, 1410 MHz, 1215 MHz, 45, 83.05 W, 0 %
2026/10/05 02:06:32.048, 1410 MHz, 1215 MHz, 46, 109.66 W, 0 %
2026/10/05 02:06:32.298, 1410 MHz, 1215 MHz, 47, 110.20 W, 88 %
2026/10/05 02:06:32.548, 1410 MHz, 1215 MHz, 47, 110.45 W, 97 %
2026/10/05 02:06:32.798, 1410 MHz, 1215 MHz, 47, 110.45 W, 97 %
2026/10/05 02:06:33.048, 1410 MHz, 1215 MHz, 47, 110.45 W, 97 %
2026/10/05 02:06:33.298, 1410 MHz, 1215 MHz, 47, 110.20 W, 97 %
2026/10/05 02:06:33.548, 1410 MHz, 1215 MHz, 47, 110.20 W, 97 %
2026/10/05 02:06:33.799, 1410 MHz, 1215 MHz, 47, 110.20 W, 97 %
2026/10/05 02:06:34.049, 1410 MHz, 1215 MHz, 47, 110.20 W, 97 %
2026/10/05 02:06:34.299, 1410 MHz, 1215 MHz, 47, 110.20 W, 97 %
2026/10/05 02:06:34.549, 1410 MHz, 1215 MHz, 47, 110.20 W, 97 %
2026/10/05 02:06:34.800, 1410 MHz, 1215 MHz, 47, 110.20 W, 97 %
2026/10/05 02:06:35.050, 1410 MHz, 1215 MHz, 47, 110.20 W, 97 %
2026/10/05 02:06:35.300, 1410 MHz, 1215 MHz, 47, 110.20 W, 97 %
2026/10/05 02:06:35.551, 1410 MHz, 1215 MHz, 47, 110.20 W, 97 %
2026/10/05 02:06:35.801, 1410 MHz, 1215 MHz, 46, 110.20 W, 97 %
2026/10/05 02:06:36.051, 1410 MHz, 1215 MHz, 46, 110.20 W, 97 %
2026/10/05 02:06:36.301, 1410 MHz, 1215 MHz, 46, 110.20 W, 99 %
2026/10/05 02:06:36.551, 1410 MHz, 1215 MHz, 46, 110.20 W, 98 %
2026/10/05 02:06:36.801, 1410 MHz, 1215 MHz, 46, 110.20 W, 97 %
2026/10/05 02:06:37.052, 1410 MHz, 1215 MHz, 46, 109.91 W, 97 %
2026/10/05 02:06:37.302, 1410 MHz, 1215 MHz, 46, 109.91 W, 97 %
2026/10/05 02:06:37.552, 1410 MHz, 1215 MHz, 46, 110.20 W, 97 %
2026/10/05 02:06:37.802, 1410 MHz, 1215 MHz, 46, 109.91 W, 97 %
2026/10/05 02:06:38.052, 1410 MHz, 1215 MHz, 46, 109.91 W, 97 %
2026/10/05 02:06:38.303, 1410 MHz, 1215 MHz, 46, 109.91 W, 97 %
2026/10/05 02:06:38.553, 1410 MHz, 1215 MHz, 46, 109.91 W, 97 %
2026/10/05 02:06:38.803, 1410 MHz, 1215 MHz, 47, 127.36 W, 97 %
2026/10/05 02:06:39.053, 1410 MHz, 1215 MHz, 47, 127.36 W, 98 %
2026/10/05 02:06:39.303, 1410 MHz, 1215 MHz, 47, 127.60 W, 98 %
2026/10/05 02:06:39.553, 1410 MHz, 1215 MHz, 47, 127.60 W, 98 %
2026/10/05 02:06:39.803, 1410 MHz, 1215 MHz, 47, 127.60 W, 98 %
2026/10/05 02:06:40.054, 1410 MHz, 1215 MHz, 47, 127.85 W, 98 %
2026/10/05 02:06:40.304, 1410 MHz, 1215 MHz, 47, 127.85 W, 98 %
2026/10/05 02:06:40.554, 1410 MHz, 1215 MHz, 47, 127.36 W, 98 %
2026/10/05 02:06:40.804, 1410 MHz, 1215 MHz, 47, 127.60 W, 98 %
2026/10/05 02:06:41.054, 1410 MHz, 1215 MHz, 47, 127.60 W, 98 %
2026/10/05 02:06:41.304, 1410 MHz, 1215 MHz, 46, 110.20 W, 98 %
2026/10/05 02:06:41.554, 1410 MHz, 1215 MHz, 46, 110.20 W, 97 %
2026/10/05 02:06:41.804, 1410 MHz, 1215 MHz, 46, 109.91 W, 97 %
2026/10/05 02:06:42.054, 1410 MHz, 1215 MHz, 46, 109.91 W, 97 %
2026/10/05 02:06:42.304, 1410 MHz, 1215 MHz, 46, 109.91 W, 97 %
2026/10/05 02:06:42.555, 1410 MHz, 1215 MHz, 46, 109.91 W, 97 %
2026/10/05 02:06:42.805, 1410 MHz, 1215 MHz, 46, 109.66 W, 97 %
2026/10/05 02:06:43.055, 1410 MHz, 1215 MHz, 46, 109.66 W, 97 %
2026/10/05 02:06:43.305, 1410 MHz, 1215 MHz, 44, 79.69 W, 49 %
2026/10/05 02:06:43.556, 1410 MHz, 1215 MHz, 43, 78.90 W, 0 %
2026/10/05 02:06:43.806, 1410 MHz, 1215 MHz, 43, 78.27 W, 0 %
2026/10/05 02:06:44.056, 1410 MHz, 1215 MHz, 43, 78.27 W, 0 %
2026/10/05 02:06:44.306, 1410 MHz, 1215 MHz, 43, 83.05 W, 0 %
2026/10/05 02:06:44.557, 1410 MHz, 1215 MHz, 45, 108.88 W, 21 %
2026/10/05 02:06:44.807, 1410 MHz, 1215 MHz, 45, 109.42 W, 99 %
2026/10/05 02:06:45.057, 1410 MHz, 1215 MHz, 45, 109.42 W, 99 %
2026/10/05 02:06:45.307, 1410 MHz, 1215 MHz, 46, 109.42 W, 99 %
2026/10/05 02:06:45.557, 1410 MHz, 1215 MHz, 46, 109.42 W, 99 %
2026/10/05 02:06:45.807, 1410 MHz, 1215 MHz, 46, 109.42 W, 99 %
2026/10/05 02:06:46.058, 1410 MHz, 1215 MHz, 46, 109.42 W, 99 %
2026/10/05 02:06:46.308, 1410 MHz, 1215 MHz, 46, 109.42 W, 99 %
2026/10/05 02:06:46.558, 1410 MHz, 1215 MHz, 46, 109.42 W, 99 %
2026/10/05 02:06:46.808, 1410 MHz, 1215 MHz, 46, 109.42 W, 99 %
2026/10/05 02:06:47.058, 1410 MHz, 1215 MHz, 46, 109.42 W, 99 %
2026/10/05 02:06:47.309, 1410 MHz, 1215 MHz, 46, 109.42 W, 99 %
2026/10/05 02:06:47.559, 1410 MHz, 1215 MHz, 46, 109.42 W, 99 %
2026/10/05 02:06:47.809, 1410 MHz, 1215 MHz, 46, 109.42 W, 99 %
2026/10/05 02:06:48.060, 1410 MHz, 1215 MHz, 46, 109.42 W, 99 %
2026/10/05 02:06:48.310, 1410 MHz, 1215 MHz, 46, 109.42 W, 99 %
2026/10/05 02:06:48.560, 1410 MHz, 1215 MHz, 46, 109.42 W, 99 %
2026/10/05 02:06:48.810, 1410 MHz, 1215 MHz, 46, 109.42 W, 100 %
2026/10/05 02:06:49.060, 1410 MHz, 1215 MHz, 46, 109.42 W, 99 %
2026/10/05 02:06:49.311, 1410 MHz, 1215 MHz, 45, 109.42 W, 99 %
2026/10/05 02:06:49.561, 1410 MHz, 1215 MHz, 46, 109.42 W, 99 %
2026/10/05 02:06:49.811, 1410 MHz, 1215 MHz, 45, 109.42 W, 99 %
2026/10/05 02:06:50.061, 1410 MHz, 1215 MHz, 45, 109.42 W, 99 %
2026/10/05 02:06:50.312, 1410 MHz, 1215 MHz, 45, 109.42 W, 99 %
2026/10/05 02:06:50.562, 1410 MHz, 1215 MHz, 45, 109.42 W, 99 %
2026/10/05 02:06:50.812, 1410 MHz, 1215 MHz, 45, 109.42 W, 99 %
2026/10/05 02:06:51.062, 1410 MHz, 1215 MHz, 46, 127.06 W, 99 %
2026/10/05 02:06:51.313, 1410 MHz, 1215 MHz, 46, 127.06 W, 99 %
2026/10/05 02:06:51.563, 1410 MHz, 1215 MHz, 46, 127.06 W, 99 %
2026/10/05 02:06:51.813, 1410 MHz, 1215 MHz, 46, 127.06 W, 99 %
2026/10/05 02:06:52.063, 1410 MHz, 1215 MHz, 46, 127.06 W, 99 %
2026/10/05 02:06:52.313, 1410 MHz, 1215 MHz, 46, 127.36 W, 99 %
2026/10/05 02:06:52.563, 1410 MHz, 1215 MHz, 46, 127.60 W, 99 %
2026/10/05 02:06:52.813, 1410 MHz, 1215 MHz, 46, 127.36 W, 99 %
2026/10/05 02:06:53.063, 1410 MHz, 1215 MHz, 46, 127.06 W, 99 %
2026/10/05 02:06:53.314, 1410 MHz, 1215 MHz, 46, 127.06 W, 99 %
2026/10/05 02:06:53.564, 1410 MHz, 1215 MHz, 46, 115.73 W, 99 %
2026/10/05 02:06:53.814, 1410 MHz, 1215 MHz, 46, 109.66 W, 99 %
2026/10/05 02:06:54.064, 1410 MHz, 1215 MHz, 46, 109.42 W, 99 %
2026/10/05 02:06:54.314, 1410 MHz, 1215 MHz, 46, 109.42 W, 99 %
2026/10/05 02:06:54.564, 1410 MHz, 1215 MHz, 46, 109.42 W, 99 %
2026/10/05 02:06:54.814, 1410 MHz, 1215 MHz, 45, 109.42 W, 99 %
2026/10/05 02:06:55.064, 1410 MHz, 1215 MHz, 45, 109.42 W, 99 %
2026/10/05 02:06:55.314, 1410 MHz, 1215 MHz, 45, 109.42 W, 99 %
2026/10/05 02:06:55.564, 1410 MHz, 1215 MHz, 44, 108.33 W, 98 %
2026/10/05 02:06:55.815, 1410 MHz, 1215 MHz, 43, 78.90 W, 16 %
2026/10/05 02:06:56.065, 1410 MHz, 1215 MHz, 43, 78.36 W, 0 %
2026/10/05 02:06:56.315, 1410 MHz, 1215 MHz, 42, 78.36 W, 0 %
2026/10/05 02:06:56.566, 1410 MHz, 1215 MHz, 42, 78.02 W, 0 %
2026/10/05 02:06:56.816, 1410 MHz, 1215 MHz, 45, 78.36 W, 0 %
2026/10/05 02:06:57.066, 1410 MHz, 1215 MHz, 47, 135.49 W, 50 %
2026/10/05 02:06:57.316, 1410 MHz, 1215 MHz, 47, 135.78 W, 94 %
2026/10/05 02:06:57.567, 1410 MHz, 1215 MHz, 47, 136.03 W, 94 %
2026/10/05 02:06:57.817, 1410 MHz, 1215 MHz, 47, 136.03 W, 94 %
2026/10/05 02:06:58.067, 1410 MHz, 1215 MHz, 47, 136.03 W, 94 %
2026/10/05 02:06:58.317, 1410 MHz, 1215 MHz, 48, 136.28 W, 94 %
2026/10/05 02:06:58.567, 1410 MHz, 1215 MHz, 48, 136.28 W, 94 %
2026/10/05 02:06:58.817, 1410 MHz, 1215 MHz, 48, 136.28 W, 94 %
2026/10/05 02:06:59.067, 1410 MHz, 1215 MHz, 48, 136.28 W, 94 %
2026/10/05 02:06:59.317, 1410 MHz, 1215 MHz, 48, 136.28 W, 94 %
2026/10/05 02:06:59.568, 1410 MHz, 1215 MHz, 48, 136.28 W, 94 %
2026/10/05 02:06:59.818, 1410 MHz, 1215 MHz, 48, 136.28 W, 94 %
2026/10/05 02:07:00.068, 1410 MHz, 1215 MHz, 48, 136.28 W, 94 %
2026/10/05 02:07:00.318, 1410 MHz, 1215 MHz, 48, 136.28 W, 94 %
2026/10/05 02:07:00.569, 1410 MHz, 1215 MHz, 48, 136.57 W, 94 %
2026/10/05 02:07:00.819, 1410 MHz, 1215 MHz, 48, 137.61 W, 93 %
2026/10/05 02:07:01.069, 1410 MHz, 1215 MHz, 48, 136.03 W, 96 %
2026/10/05 02:07:01.319, 1410 MHz, 1215 MHz, 48, 136.57 W, 94 %
2026/10/05 02:07:01.569, 1410 MHz, 1215 MHz, 48, 136.57 W, 94 %
2026/10/05 02:07:01.819, 1410 MHz, 1215 MHz, 48, 136.57 W, 94 %
2026/10/05 02:07:02.069, 1410 MHz, 1215 MHz, 48, 136.57 W, 94 %
2026/10/05 02:07:02.320, 1410 MHz, 1215 MHz, 48, 136.57 W, 94 %
2026/10/05 02:07:02.570, 1410 MHz, 1215 MHz, 48, 136.57 W, 94 %
2026/10/05 02:07:02.820, 1410 MHz, 1215 MHz, 48, 136.57 W, 94 %
2026/10/05 02:07:03.070, 1410 MHz, 1215 MHz, 48, 136.57 W, 94 %
2026/10/05 02:07:03.320, 1410 MHz, 1215 MHz, 48, 136.57 W, 94 %
2026/10/05 02:07:03.570, 1410 MHz, 1215 MHz, 46, 117.59 W, 65 %
2026/10/05 02:07:03.821, 1410 MHz, 1215 MHz, 46, 117.59 W, 62 %
2026/10/05 02:07:04.071, 1410 MHz, 1215 MHz, 46, 117.59 W, 62 %
2026/10/05 02:07:04.321, 1410 MHz, 1215 MHz, 46, 117.30 W, 62 %
2026/10/05 02:07:04.571, 1410 MHz, 1215 MHz, 46, 117.30 W, 62 %
2026/10/05 02:07:04.821, 1410 MHz, 1215 MHz, 46, 117.30 W, 62 %
2026/10/05 02:07:05.071, 1410 MHz, 1215 MHz, 46, 117.05 W, 62 %
2026/10/05 02:07:05.321, 1410 MHz, 1215 MHz, 46, 117.30 W, 62 %
2026/10/05 02:07:05.571, 1410 MHz, 1215 MHz, 46, 117.30 W, 62 %
2026/10/05 02:07:05.821, 1410 MHz, 1215 MHz, 46, 117.05 W, 62 %
2026/10/05 02:07:06.072, 1410 MHz, 1215 MHz, 47, 136.03 W, 62 %
2026/10/05 02:07:06.323, 1410 MHz, 1215 MHz, 48, 136.57 W, 94 %
2026/10/05 02:07:06.573, 1410 MHz, 1215 MHz, 48, 136.57 W, 94 %
2026/10/05 02:07:06.823, 1410 MHz, 1215 MHz, 48, 136.57 W, 94 %
2026/10/05 02:07:07.073, 1410 MHz, 1215 MHz, 48, 136.57 W, 94 %
2026/10/05 02:07:07.323, 1410 MHz, 1215 MHz, 48, 136.57 W, 94 %
2026/10/05 02:07:07.573, 1410 MHz, 1215 MHz, 48, 136.57 W, 94 %
2026/10/05 02:07:07.823, 1410 MHz, 1215 MHz, 48, 138.15 W, 94 %
2026/10/05 02:07:08.073, 1410 MHz, 1215 MHz, 44, 80.23 W, 77 %
2026/10/05 02:07:08.324, 1410 MHz, 1215 MHz, 43, 78.66 W, 0 %
2026/10/05 02:07:08.574, 1410 MHz, 1215 MHz, 43, 78.36 W, 0 %
2026/10/05 02:07:08.825, 1410 MHz, 1215 MHz, 43, 78.36 W, 0 %
2026/10/05 02:07:09.075, 1410 MHz, 1215 MHz, 43, 78.81 W, 1 %
2026/10/05 02:07:09.325, 1410 MHz, 1215 MHz, 47, 160.28 W, 75 %
2026/10/05 02:07:09.575, 1410 MHz, 1215 MHz, 48, 161.07 W, 88 %
2026/10/05 02:07:09.825, 1410 MHz, 1215 MHz, 48, 161.18 W, 88 %
2026/10/05 02:07:10.076, 1410 MHz, 1215 MHz, 48, 161.37 W, 88 %
2026/10/05 02:07:10.326, 1410 MHz, 1215 MHz, 49, 161.18 W, 88 %
2026/10/05 02:07:10.576, 1410 MHz, 1215 MHz, 49, 163.54 W, 88 %
2026/10/05 02:07:10.826, 1410 MHz, 1215 MHz, 49, 163.54 W, 88 %
2026/10/05 02:07:11.076, 1410 MHz, 1215 MHz, 49, 163.54 W, 88 %
2026/10/05 02:07:11.326, 1410 MHz, 1215 MHz, 49, 163.78 W, 88 %
2026/10/05 02:07:11.576, 1410 MHz, 1215 MHz, 49, 163.78 W, 88 %
2026/10/05 02:07:11.826, 1410 MHz, 1215 MHz, 49, 163.78 W, 88 %
2026/10/05 02:07:12.077, 1410 MHz, 1215 MHz, 49, 163.78 W, 88 %
2026/10/05 02:07:12.327, 1410 MHz, 1215 MHz, 49, 163.78 W, 88 %
2026/10/05 02:07:12.577, 1410 MHz, 1215 MHz, 49, 163.78 W, 88 %
2026/10/05 02:07:12.827, 1410 MHz, 1215 MHz, 49, 163.78 W, 88 %
2026/10/05 02:07:13.077, 1410 MHz, 1215 MHz, 49, 164.32 W, 88 %
2026/10/05 02:07:13.327, 1410 MHz, 1215 MHz, 49, 163.54 W, 89 %
2026/10/05 02:07:13.578, 1410 MHz, 1215 MHz, 49, 164.08 W, 95 %
2026/10/05 02:07:13.828, 1410 MHz, 1215 MHz, 49, 164.08 W, 91 %
2026/10/05 02:07:14.078, 1410 MHz, 1215 MHz, 49, 164.08 W, 89 %
2026/10/05 02:07:14.328, 1410 MHz, 1215 MHz, 50, 164.32 W, 89 %
2026/10/05 02:07:14.578, 1410 MHz, 1215 MHz, 50, 164.32 W, 89 %
2026/10/05 02:07:14.828, 1410 MHz, 1215 MHz, 50, 164.08 W, 89 %
2026/10/05 02:07:15.078, 1410 MHz, 1215 MHz, 50, 164.08 W, 89 %
2026/10/05 02:07:15.328, 1410 MHz, 1215 MHz, 50, 164.32 W, 89 %
2026/10/05 02:07:15.579, 1410 MHz, 1215 MHz, 50, 164.08 W, 89 %
2026/10/05 02:07:15.829, 1410 MHz, 1215 MHz, 50, 179.59 W, 89 %
2026/10/05 02:07:16.079, 1410 MHz, 1215 MHz, 50, 180.92 W, 93 %
2026/10/05 02:07:16.329, 1410 MHz, 1215 MHz, 50, 180.67 W, 93 %
2026/10/05 02:07:16.579, 1410 MHz, 1215 MHz, 50, 181.46 W, 93 %
2026/10/05 02:07:16.829, 1410 MHz, 1215 MHz, 51, 181.16 W, 93 %
2026/10/05 02:07:17.079, 1410 MHz, 1215 MHz, 51, 180.92 W, 93 %
2026/10/05 02:07:17.329, 1410 MHz, 1215 MHz, 51, 181.46 W, 93 %
2026/10/05 02:07:17.579, 1410 MHz, 1215 MHz, 51, 181.71 W, 93 %
2026/10/05 02:07:17.830, 1410 MHz, 1215 MHz, 51, 181.16 W, 93 %
2026/10/05 02:07:18.080, 1410 MHz, 1215 MHz, 51, 181.16 W, 93 %
2026/10/05 02:07:18.330, 1410 MHz, 1215 MHz, 51, 181.71 W, 93 %
2026/10/05 02:07:18.580, 1410 MHz, 1215 MHz, 50, 164.87 W, 92 %
2026/10/05 02:07:18.830, 1410 MHz, 1215 MHz, 50, 164.87 W, 89 %
2026/10/05 02:07:19.080, 1410 MHz, 1215 MHz, 50, 165.11 W, 89 %
2026/10/05 02:07:19.330, 1410 MHz, 1215 MHz, 50, 164.87 W, 89 %
2026/10/05 02:07:19.581, 1410 MHz, 1215 MHz, 50, 165.11 W, 89 %
2026/10/05 02:07:19.831, 1410 MHz, 1215 MHz, 50, 164.87 W, 89 %
2026/10/05 02:07:20.081, 1410 MHz, 1215 MHz, 50, 164.87 W, 89 %
2026/10/05 02:07:20.331, 1410 MHz, 1215 MHz, 47, 165.11 W, 89 %
2026/10/05 02:07:20.581, 1410 MHz, 1215 MHz, 45, 80.93 W, 48 %
2026/10/05 02:07:20.832, 1410 MHz, 1215 MHz, 44, 80.14 W, 1 %
2026/10/05 02:07:21.082, 1410 MHz, 1215 MHz, 44, 79.89 W, 0 %
2026/10/05 02:07:21.332, 1410 MHz, 1215 MHz, 44, 79.69 W, 0 %
2026/10/05 02:07:21.583, 1410 MHz, 1215 MHz, 44, 85.96 W, 0 %
2026/10/05 02:07:21.833, 1410 MHz, 1215 MHz, 48, 162.75 W, 11 %
2026/10/05 02:07:22.083, 1410 MHz, 1215 MHz, 49, 163.29 W, 88 %
2026/10/05 02:07:22.333, 1410 MHz, 1215 MHz, 49, 163.54 W, 88 %
2026/10/05 02:07:22.583, 1410 MHz, 1215 MHz, 49, 163.78 W, 88 %
2026/10/05 02:07:22.834, 1410 MHz, 1215 MHz, 50, 163.78 W, 88 %
2026/10/05 02:07:23.084, 1410 MHz, 1215 MHz, 50, 163.78 W, 88 %
2026/10/05 02:07:23.334, 1410 MHz, 1215 MHz, 50, 163.78 W, 88 %
2026/10/05 02:07:23.584, 1410 MHz, 1215 MHz, 50, 163.78 W, 88 %
2026/10/05 02:07:23.834, 1410 MHz, 1215 MHz, 50, 163.78 W, 88 %
2026/10/05 02:07:24.084, 1410 MHz, 1215 MHz, 50, 164.08 W, 88 %
2026/10/05 02:07:24.335, 1410 MHz, 1215 MHz, 50, 164.08 W, 88 %
2026/10/05 02:07:24.585, 1410 MHz, 1215 MHz, 50, 164.08 W, 88 %
2026/10/05 02:07:24.835, 1410 MHz, 1215 MHz, 50, 164.08 W, 88 %
2026/10/05 02:07:25.085, 1410 MHz, 1215 MHz, 50, 164.08 W, 88 %
2026/10/05 02:07:25.335, 1410 MHz, 1215 MHz, 50, 164.08 W, 88 %
2026/10/05 02:07:25.585, 1410 MHz, 1215 MHz, 50, 164.57 W, 88 %
2026/10/05 02:07:25.835, 1410 MHz, 1215 MHz, 50, 162.75 W, 89 %
2026/10/05 02:07:26.085, 1410 MHz, 1215 MHz, 50, 164.08 W, 98 %
2026/10/05 02:07:26.335, 1410 MHz, 1215 MHz, 50, 164.32 W, 89 %
2026/10/05 02:07:26.586, 1410 MHz, 1215 MHz, 50, 164.32 W, 89 %
2026/10/05 02:07:26.836, 1410 MHz, 1215 MHz, 50, 164.32 W, 89 %
2026/10/05 02:07:27.086, 1410 MHz, 1215 MHz, 50, 164.08 W, 89 %
2026/10/05 02:07:27.336, 1410 MHz, 1215 MHz, 50, 164.32 W, 89 %
2026/10/05 02:07:27.587, 1410 MHz, 1215 MHz, 50, 164.32 W, 89 %
2026/10/05 02:07:27.837, 1410 MHz, 1215 MHz, 50, 164.32 W, 89 %
2026/10/05 02:07:28.087, 1410 MHz, 1215 MHz, 50, 164.32 W, 89 %
2026/10/05 02:07:28.337, 1410 MHz, 1215 MHz, 51, 180.92 W, 90 %
2026/10/05 02:07:28.587, 1410 MHz, 1215 MHz, 51, 180.92 W, 93 %
2026/10/05 02:07:28.837, 1410 MHz, 1215 MHz, 51, 181.46 W, 93 %
2026/10/05 02:07:29.087, 1410 MHz, 1215 MHz, 51, 181.16 W, 93 %
2026/10/05 02:07:29.337, 1410 MHz, 1215 MHz, 51, 181.46 W, 93 %
2026/10/05 02:07:29.587, 1410 MHz, 1215 MHz, 51, 181.16 W, 93 %
2026/10/05 02:07:29.837, 1410 MHz, 1215 MHz, 51, 181.46 W, 93 %
2026/10/05 02:07:30.088, 1410 MHz, 1215 MHz, 51, 181.46 W, 93 %
2026/10/05 02:07:30.338, 1410 MHz, 1215 MHz, 51, 181.46 W, 93 %
2026/10/05 02:07:30.588, 1410 MHz, 1215 MHz, 51, 181.46 W, 93 %
2026/10/05 02:07:30.838, 1410 MHz, 1215 MHz, 51, 165.11 W, 93 %
2026/10/05 02:07:31.088, 1410 MHz, 1215 MHz, 51, 165.11 W, 90 %
2026/10/05 02:07:31.338, 1410 MHz, 1215 MHz, 51, 164.87 W, 89 %
2026/10/05 02:07:31.588, 1410 MHz, 1215 MHz, 51, 165.11 W, 89 %
2026/10/05 02:07:31.838, 1410 MHz, 1215 MHz, 51, 164.87 W, 89 %
2026/10/05 02:07:32.088, 1410 MHz, 1215 MHz, 51, 164.87 W, 89 %
2026/10/05 02:07:32.338, 1410 MHz, 1215 MHz, 51, 164.87 W, 89 %
2026/10/05 02:07:32.589, 1410 MHz, 1215 MHz, 51, 164.87 W, 89 %
2026/10/05 02:07:32.839, 1410 MHz, 1215 MHz, 46, 81.02 W, 89 %
2026/10/05 02:07:33.089, 1410 MHz, 1215 MHz, 45, 80.38 W, 23 %
2026/10/05 02:07:33.340, 1410 MHz, 1215 MHz, 45, 79.89 W, 0 %
2026/10/05 02:07:33.590, 1410 MHz, 1215 MHz, 45, 79.69 W, 0 %
2026/10/05 02:07:33.840, 1410 MHz, 1215 MHz, 44, 84.08 W, 0 %
2026/10/05 02:07:34.090, 1410 MHz, 1215 MHz, 46, 109.91 W, 46 %
2026/10/05 02:07:34.340, 1410 MHz, 1215 MHz, 46, 110.20 W, 97 %
2026/10/05 02:07:34.590, 1410 MHz, 1215 MHz, 46, 110.20 W, 97 %
2026/10/05 02:07:34.841, 1410 MHz, 1215 MHz, 47, 109.91 W, 97 %
2026/10/05 02:07:35.091, 1410 MHz, 1215 MHz, 46, 110.20 W, 97 %
2026/10/05 02:07:35.342, 1410 MHz, 1215 MHz, 46, 110.20 W, 97 %
2026/10/05 02:07:35.592, 1410 MHz, 1215 MHz, 46, 110.20 W, 97 %
2026/10/05 02:07:35.842, 1410 MHz, 1215 MHz, 46, 110.20 W, 97 %
2026/10/05 02:07:36.092, 1410 MHz, 1215 MHz, 46, 110.20 W, 97 %
2026/10/05 02:07:36.343, 1410 MHz, 1215 MHz, 46, 109.91 W, 97 %
2026/10/05 02:07:36.593, 1410 MHz, 1215 MHz, 46, 109.91 W, 97 %
2026/10/05 02:07:36.843, 1410 MHz, 1215 MHz, 46, 109.91 W, 97 %
2026/10/05 02:07:37.093, 1410 MHz, 1215 MHz, 46, 109.91 W, 97 %
2026/10/05 02:07:37.343, 1410 MHz, 1215 MHz, 46, 109.91 W, 97 %
2026/10/05 02:07:37.593, 1410 MHz, 1215 MHz, 46, 109.91 W, 97 %
2026/10/05 02:07:37.843, 1410 MHz, 1215 MHz, 46, 109.91 W, 97 %
2026/10/05 02:07:38.093, 1410 MHz, 1215 MHz, 46, 109.66 W, 98 %
2026/10/05 02:07:38.343, 1410 MHz, 1215 MHz, 46, 109.66 W, 99 %
2026/10/05 02:07:38.594, 1410 MHz, 1215 MHz, 46, 109.91 W, 97 %
2026/10/05 02:07:38.844, 1410 MHz, 1215 MHz, 46, 109.91 W, 97 %
2026/10/05 02:07:39.094, 1410 MHz, 1215 MHz, 46, 109.91 W, 97 %
2026/10/05 02:07:39.344, 1410 MHz, 1215 MHz, 46, 109.91 W, 97 %
2026/10/05 02:07:39.594, 1410 MHz, 1215 MHz, 46, 109.91 W, 97 %
2026/10/05 02:07:39.844, 1410 MHz, 1215 MHz, 46, 109.91 W, 97 %
2026/10/05 02:07:40.094, 1410 MHz, 1215 MHz, 46, 109.91 W, 97 %
2026/10/05 02:07:40.345, 1410 MHz, 1215 MHz, 46, 109.91 W, 97 %
2026/10/05 02:07:40.595, 1410 MHz, 1215 MHz, 46, 127.06 W, 97 %
2026/10/05 02:07:40.845, 1410 MHz, 1215 MHz, 47, 127.06 W, 98 %
2026/10/05 02:07:41.095, 1410 MHz, 1215 MHz, 47, 127.06 W, 98 %
2026/10/05 02:07:41.345, 1410 MHz, 1215 MHz, 47, 127.60 W, 98 %
2026/10/05 02:07:41.595, 1410 MHz, 1215 MHz, 47, 127.60 W, 98 %
2026/10/05 02:07:41.845, 1410 MHz, 1215 MHz, 47, 127.36 W, 98 %
2026/10/05 02:07:42.095, 1410 MHz, 1215 MHz, 47, 127.36 W, 98 %
2026/10/05 02:07:42.345, 1410 MHz, 1215 MHz, 47, 127.60 W, 98 %
2026/10/05 02:07:42.596, 1410 MHz, 1215 MHz, 47, 127.36 W, 98 %
2026/10/05 02:07:42.846, 1410 MHz, 1215 MHz, 47, 127.36 W, 98 %
2026/10/05 02:07:43.096, 1410 MHz, 1215 MHz, 47, 127.36 W, 98 %
2026/10/05 02:07:43.346, 1410 MHz, 1215 MHz, 46, 110.20 W, 97 %
2026/10/05 02:07:43.596, 1410 MHz, 1215 MHz, 46, 109.91 W, 97 %
2026/10/05 02:07:43.846, 1410 MHz, 1215 MHz, 46, 109.91 W, 97 %
2026/10/05 02:07:44.096, 1410 MHz, 1215 MHz, 46, 109.91 W, 97 %
2026/10/05 02:07:44.346, 1410 MHz, 1215 MHz, 46, 109.91 W, 97 %
2026/10/05 02:07:44.596, 1410 MHz, 1215 MHz, 46, 109.91 W, 97 %
2026/10/05 02:07:44.847, 1410 MHz, 1215 MHz, 46, 109.66 W, 97 %
2026/10/05 02:07:45.097, 1410 MHz, 1215 MHz, 44, 83.84 W, 83 %
2026/10/05 02:07:45.347, 1410 MHz, 1215 MHz, 44, 79.20 W, 2 %
2026/10/05 02:07:45.598, 1410 MHz, 1215 MHz, 43, 78.57 W, 0 %
2026/10/05 02:07:45.848, 1410 MHz, 1215 MHz, 43, 78.36 W, 0 %
2026/10/05 02:07:46.098, 1410 MHz, 1215 MHz, 43, 78.02 W, 0 %
2026/10/05 02:07:46.349, 1410 MHz, 1215 MHz, 43, 79.98 W, 1 %
2026/10/05 02:07:46.599, 1410 MHz, 1215 MHz, 43, 80.14 W, 52 %
2026/10/05 02:07:46.849, 1410 MHz, 1215 MHz, 43, 78.02 W, 35 %
2026/10/05 02:07:47.099, 1410 MHz, 1215 MHz, 43, 78.90 W, 4 %
2026/10/05 02:07:47.350, 1410 MHz, 1215 MHz, 43, 78.02 W, 4 %
2026/10/05 02:07:47.600, 1410 MHz, 1215 MHz, 42, 78.81 W, 4 %
2026/10/05 02:07:47.851, 1410 MHz, 1215 MHz, 42, 78.11 W, 4 %
2026/10/05 02:07:48.101, 1410 MHz, 1215 MHz, 42, 77.78 W, 4 %
2026/10/05 02:07:48.351, 1095 MHz, 1215 MHz, 42, 78.11 W, 4 %
2026/10/05 02:07:48.602, 1095 MHz, 1215 MHz, 42, 61.48 W, 5 %
2026/10/05 02:07:48.852, 1095 MHz, 1215 MHz, 42, 61.48 W, 5 %
2026/10/05 02:07:49.102, 1095 MHz, 1215 MHz, 42, 73.08 W, 39 %
2026/10/05 02:07:49.352, 1095 MHz, 1215 MHz, 42, 73.08 W, 39 %
2026/10/05 02:07:49.602, 1095 MHz, 1215 MHz, 42, 72.99 W, 39 %
2026/10/05 02:07:49.853, 1095 MHz, 1215 MHz, 42, 72.83 W, 39 %
2026/10/05 02:07:50.103, 1095 MHz, 1215 MHz, 42, 73.08 W, 39 %
2026/10/05 02:07:50.353, 1095 MHz, 1215 MHz, 42, 73.08 W, 39 %
2026/10/05 02:07:50.603, 1095 MHz, 1215 MHz, 42, 73.08 W, 39 %
2026/10/05 02:07:50.853, 1095 MHz, 1215 MHz, 42, 73.08 W, 39 %
2026/10/05 02:07:51.103, 1095 MHz, 1215 MHz, 42, 73.08 W, 39 %
2026/10/05 02:07:51.353, 1095 MHz, 1215 MHz, 42, 72.99 W, 39 %
2026/10/05 02:07:51.604, 1095 MHz, 1215 MHz, 41, 61.24 W, 35 %
2026/10/05 02:07:51.854, 1095 MHz, 1215 MHz, 41, 61.48 W, 1 %
2026/10/05 02:07:52.104, 1095 MHz, 1215 MHz, 41, 61.24 W, 2 %
2026/10/05 02:07:52.354, 1095 MHz, 1215 MHz, 41, 61.24 W, 1 %
2026/10/05 02:07:52.605, 1095 MHz, 1215 MHz, 41, 61.24 W, 1 %
2026/10/05 02:07:52.855, 1095 MHz, 1215 MHz, 41, 61.24 W, 1 %
2026/10/05 02:07:53.106, 1095 MHz, 1215 MHz, 41, 61.24 W, 1 %
2026/10/05 02:07:53.356, 1095 MHz, 1215 MHz, 41, 61.24 W, 1 %
2026/10/05 02:07:53.606, 1095 MHz, 1215 MHz, 41, 62.52 W, 22 %
2026/10/05 02:07:53.856, 1095 MHz, 1215 MHz, 42, 86.75 W, 1 %
2026/10/05 02:07:54.106, 1410 MHz, 1215 MHz, 45, 131.84 W, 98 %
2026/10/05 02:07:54.356, 1410 MHz, 1215 MHz, 46, 132.09 W, 98 %
2026/10/05 02:07:54.607, 1410 MHz, 1215 MHz, 46, 132.33 W, 98 %
2026/10/05 02:07:54.857, 1410 MHz, 1215 MHz, 46, 132.63 W, 98 %
2026/10/05 02:07:55.107, 1410 MHz, 1215 MHz, 46, 132.63 W, 98 %
2026/10/05 02:07:55.357, 1410 MHz, 1215 MHz, 47, 132.63 W, 98 %
2026/10/05 02:07:55.607, 1410 MHz, 1215 MHz, 47, 132.63 W, 98 %
2026/10/05 02:07:55.857, 1410 MHz, 1215 MHz, 47, 132.87 W, 98 %
2026/10/05 02:07:56.107, 1410 MHz, 1215 MHz, 47, 132.87 W, 98 %
2026/10/05 02:07:56.357, 1410 MHz, 1215 MHz, 47, 132.87 W, 98 %
2026/10/05 02:07:56.607, 1410 MHz, 1215 MHz, 47, 132.87 W, 98 %
2026/10/05 02:07:56.857, 1410 MHz, 1215 MHz, 47, 132.87 W, 98 %
2026/10/05 02:07:57.107, 1410 MHz, 1215 MHz, 47, 133.12 W, 98 %
2026/10/05 02:07:57.357, 1410 MHz, 1215 MHz, 47, 132.87 W, 98 %
2026/10/05 02:07:57.608, 1410 MHz, 1215 MHz, 47, 132.87 W, 98 %
2026/10/05 02:07:57.858, 1410 MHz, 1215 MHz, 47, 133.12 W, 98 %
2026/10/05 02:07:58.108, 1410 MHz, 1215 MHz, 47, 132.33 W, 99 %
2026/10/05 02:07:58.358, 1410 MHz, 1215 MHz, 47, 133.42 W, 98 %
2026/10/05 02:07:58.608, 1410 MHz, 1215 MHz, 47, 133.42 W, 98 %
2026/10/05 02:07:58.859, 1410 MHz, 1215 MHz, 47, 133.42 W, 98 %
2026/10/05 02:07:59.109, 1410 MHz, 1215 MHz, 47, 133.42 W, 98 %
2026/10/05 02:07:59.359, 1410 MHz, 1215 MHz, 47, 133.42 W, 98 %
2026/10/05 02:07:59.609, 1410 MHz, 1215 MHz, 47, 133.42 W, 98 %
2026/10/05 02:07:59.860, 1410 MHz, 1215 MHz, 47, 133.42 W, 98 %
2026/10/05 02:08:00.110, 1410 MHz, 1215 MHz, 47, 133.42 W, 98 %
2026/10/05 02:08:00.360, 1410 MHz, 1215 MHz, 46, 133.42 W, 98 %
2026/10/05 02:08:00.610, 1410 MHz, 1215 MHz, 44, 98.08 W, 78 %
2026/10/05 02:08:00.860, 1410 MHz, 1215 MHz, 44, 98.08 W, 30 %
2026/10/05 02:08:01.111, 1410 MHz, 1215 MHz, 44, 97.54 W, 30 %
2026/10/05 02:08:01.361, 1410 MHz, 1215 MHz, 44, 97.54 W, 30 %
2026/10/05 02:08:01.611, 1410 MHz, 1215 MHz, 43, 97.54 W, 30 %
2026/10/05 02:08:01.861, 1410 MHz, 1215 MHz, 43, 97.54 W, 30 %
2026/10/05 02:08:02.111, 1410 MHz, 1215 MHz, 43, 97.54 W, 30 %
2026/10/05 02:08:02.361, 1140 MHz, 1215 MHz, 43, 75.74 W, 30 %
2026/10/05 02:08:02.611, 1125 MHz, 1215 MHz, 42, 75.50 W, 37 %
2026/10/05 02:08:02.862, 1125 MHz, 1215 MHz, 42, 74.71 W, 38 %
2026/10/05 02:08:03.112, 1410 MHz, 1215 MHz, 46, 132.09 W, 60 %
2026/10/05 02:08:03.362, 1410 MHz, 1215 MHz, 46, 132.63 W, 98 %
2026/10/05 02:08:03.612, 1410 MHz, 1215 MHz, 47, 132.87 W, 98 %
2026/10/05 02:08:03.862, 1410 MHz, 1215 MHz, 47, 132.87 W, 98 %
2026/10/05 02:08:04.112, 1410 MHz, 1215 MHz, 47, 133.12 W, 98 %
2026/10/05 02:08:04.362, 1410 MHz, 1215 MHz, 47, 133.12 W, 98 %
2026/10/05 02:08:04.612, 1410 MHz, 1215 MHz, 47, 133.12 W, 98 %
2026/10/05 02:08:04.862, 1410 MHz, 1215 MHz, 47, 133.42 W, 98 %
2026/10/05 02:08:05.112, 1410 MHz, 1215 MHz, 43, 78.66 W, 43 %
2026/10/05 02:08:05.363, 1410 MHz, 1215 MHz, 43, 78.11 W, 0 %
2026/10/05 02:08:05.613, 1410 MHz, 1215 MHz, 42, 77.87 W, 0 %
2026/10/05 02:08:05.863, 1410 MHz, 1215 MHz, 42, 77.87 W, 0 %
2026/10/05 02:08:06.113, 1410 MHz, 1215 MHz, 42, 79.60 W, 0 %
2026/10/05 02:08:06.363, 1410 MHz, 1215 MHz, 44, 107.30 W, 26 %
2026/10/05 02:08:06.614, 1410 MHz, 1215 MHz, 44, 107.54 W, 97 %
2026/10/05 02:08:06.864, 1410 MHz, 1215 MHz, 44, 107.54 W, 97 %
2026/10/05 02:08:07.114, 1410 MHz, 1215 MHz, 45, 107.84 W, 97 %
2026/10/05 02:08:07.364, 1410 MHz, 1215 MHz, 45, 107.84 W, 97 %
2026/10/05 02:08:07.614, 1410 MHz, 1215 MHz, 45, 107.84 W, 97 %
2026/10/05 02:08:07.864, 1410 MHz, 1215 MHz, 45, 107.84 W, 97 %
2026/10/05 02:08:08.114, 1410 MHz, 1215 MHz, 45, 107.84 W, 97 %
2026/10/05 02:08:08.364, 1410 MHz, 1215 MHz, 45, 107.84 W, 97 %
2026/10/05 02:08:08.614, 1410 MHz, 1215 MHz, 45, 107.84 W, 97 %
2026/10/05 02:08:08.864, 1410 MHz, 1215 MHz, 45, 107.84 W, 97 %
2026/10/05 02:08:09.115, 1410 MHz, 1215 MHz, 45, 107.84 W, 97 %
2026/10/05 02:08:09.365, 1410 MHz, 1215 MHz, 45, 107.84 W, 97 %
2026/10/05 02:08:09.615, 1410 MHz, 1215 MHz, 45, 107.84 W, 97 %
2026/10/05 02:08:09.865, 1410 MHz, 1215 MHz, 45, 107.84 W, 97 %
2026/10/05 02:08:10.115, 1410 MHz, 1215 MHz, 45, 107.84 W, 97 %
2026/10/05 02:08:10.365, 1410 MHz, 1215 MHz, 44, 107.84 W, 97 %
2026/10/05 02:08:10.615, 1410 MHz, 1215 MHz, 45, 107.84 W, 99 %
2026/10/05 02:08:10.865, 1410 MHz, 1215 MHz, 45, 107.84 W, 97 %
2026/10/05 02:08:11.115, 1410 MHz, 1215 MHz, 45, 107.84 W, 97 %
2026/10/05 02:08:11.366, 1410 MHz, 1215 MHz, 45, 107.84 W, 97 %
2026/10/05 02:08:11.616, 1410 MHz, 1215 MHz, 45, 107.84 W, 97 %
2026/10/05 02:08:11.866, 1410 MHz, 1215 MHz, 45, 107.84 W, 97 %
2026/10/05 02:08:12.116, 1410 MHz, 1215 MHz, 45, 107.84 W, 97 %
2026/10/05 02:08:12.366, 1410 MHz, 1215 MHz, 45, 107.84 W, 97 %
2026/10/05 02:08:12.616, 1410 MHz, 1215 MHz, 45, 107.84 W, 97 %
2026/10/05 02:08:12.866, 1410 MHz, 1215 MHz, 44, 108.09 W, 97 %
2026/10/05 02:08:13.117, 1410 MHz, 1215 MHz, 44, 108.09 W, 65 %
2026/10/05 02:08:13.367, 1410 MHz, 1215 MHz, 44, 107.84 W, 65 %
2026/10/05 02:08:13.617, 1410 MHz, 1215 MHz, 44, 108.09 W, 65 %
2026/10/05 02:08:13.867, 1410 MHz, 1215 MHz, 44, 108.09 W, 65 %
2026/10/05 02:08:14.117, 1410 MHz, 1215 MHz, 44, 107.84 W, 65 %
2026/10/05 02:08:14.367, 1410 MHz, 1215 MHz, 44, 108.09 W, 65 %
2026/10/05 02:08:14.617, 1410 MHz, 1215 MHz, 44, 108.09 W, 65 %
2026/10/05 02:08:14.867, 1410 MHz, 1215 MHz, 44, 108.09 W, 65 %
2026/10/05 02:08:15.117, 1410 MHz, 1215 MHz, 44, 108.09 W, 65 %
2026/10/05 02:08:15.367, 1410 MHz, 1215 MHz, 44, 108.09 W, 65 %
2026/10/05 02:08:15.617, 1410 MHz, 1215 MHz, 45, 107.84 W, 87 %
2026/10/05 02:08:15.868, 1410 MHz, 1215 MHz, 45, 107.84 W, 97 %
2026/10/05 02:08:16.118, 1410 MHz, 1215 MHz, 45, 107.84 W, 97 %
2026/10/05 02:08:16.368, 1410 MHz, 1215 MHz, 45, 107.84 W, 97 %
2026/10/05 02:08:16.618, 1410 MHz, 1215 MHz, 45, 107.84 W, 97 %
2026/10/05 02:08:16.868, 1410 MHz, 1215 MHz, 45, 107.84 W, 97 %
2026/10/05 02:08:17.118, 1410 MHz, 1215 MHz, 45, 107.84 W, 97 %
2026/10/05 02:08:17.368, 1410 MHz, 1215 MHz, 43, 106.76 W, 97 %
2026/10/05 02:08:17.618, 1410 MHz, 1215 MHz, 42, 78.36 W, 11 %
2026/10/05 02:08:17.869, 1410 MHz, 1215 MHz, 42, 78.02 W, 0 %
2026/10/05 02:08:18.119, 1410 MHz, 1215 MHz, 42, 77.87 W, 0 %
2026/10/05 02:08:18.369, 1410 MHz, 1215 MHz, 42, 77.87 W, 0 %
2026/10/05 02:08:18.619, 1410 MHz, 1215 MHz, 45, 113.11 W, 0 %
2026/10/05 02:08:18.869, 1410 MHz, 1215 MHz, 46, 134.99 W, 54 %
2026/10/05 02:08:19.120, 1410 MHz, 1215 MHz, 46, 135.49 W, 94 %
2026/10/05 02:08:19.370, 1410 MHz, 1215 MHz, 47, 135.49 W, 94 %
2026/10/05 02:08:19.620, 1410 MHz, 1215 MHz, 47, 135.49 W, 94 %
2026/10/05 02:08:19.870, 1410 MHz, 1215 MHz, 47, 135.49 W, 94 %
2026/10/05 02:08:20.120, 1410 MHz, 1215 MHz, 47, 135.78 W, 94 %
2026/10/05 02:08:20.370, 1410 MHz, 1215 MHz, 47, 135.78 W, 94 %
2026/10/05 02:08:20.620, 1410 MHz, 1215 MHz, 47, 135.78 W, 94 %
2026/10/05 02:08:20.871, 1410 MHz, 1215 MHz, 47, 135.78 W, 94 %
2026/10/05 02:08:21.121, 1410 MHz, 1215 MHz, 47, 135.78 W, 94 %
2026/10/05 02:08:21.371, 1410 MHz, 1215 MHz, 47, 136.03 W, 94 %
2026/10/05 02:08:21.621, 1410 MHz, 1215 MHz, 47, 135.78 W, 94 %
2026/10/05 02:08:21.872, 1410 MHz, 1215 MHz, 47, 135.78 W, 94 %
2026/10/05 02:08:22.122, 1410 MHz, 1215 MHz, 47, 136.03 W, 94 %
2026/10/05 02:08:22.372, 1410 MHz, 1215 MHz, 47, 136.03 W, 94 %
2026/10/05 02:08:22.622, 1410 MHz, 1215 MHz, 47, 136.03 W, 94 %
2026/10/05 02:08:22.872, 1410 MHz, 1215 MHz, 47, 135.49 W, 96 %
2026/10/05 02:08:23.123, 1410 MHz, 1215 MHz, 47, 136.03 W, 94 %
2026/10/05 02:08:23.373, 1410 MHz, 1215 MHz, 47, 136.03 W, 94 %
2026/10/05 02:08:23.623, 1410 MHz, 1215 MHz, 47, 136.03 W, 94 %
2026/10/05 02:08:23.873, 1410 MHz, 1215 MHz, 47, 136.03 W, 94 %
2026/10/05 02:08:24.123, 1410 MHz, 1215 MHz, 47, 136.03 W, 94 %
2026/10/05 02:08:24.373, 1410 MHz, 1215 MHz, 47, 136.03 W, 94 %
2026/10/05 02:08:24.623, 1410 MHz, 1215 MHz, 48, 136.03 W, 94 %
2026/10/05 02:08:24.873, 1410 MHz, 1215 MHz, 48, 136.03 W, 94 %
2026/10/05 02:08:25.123, 1410 MHz, 1215 MHz, 48, 136.03 W, 94 %
2026/10/05 02:08:25.373, 1410 MHz, 1215 MHz, 48, 152.40 W, 96 %
2026/10/05 02:08:25.623, 1410 MHz, 1215 MHz, 48, 152.94 W, 96 %
2026/10/05 02:08:25.874, 1410 MHz, 1215 MHz, 48, 152.64 W, 96 %
2026/10/05 02:08:26.124, 1410 MHz, 1215 MHz, 48, 152.94 W, 96 %
2026/10/05 02:08:26.374, 1410 MHz, 1215 MHz, 48, 153.18 W, 96 %
2026/10/05 02:08:26.624, 1410 MHz, 1215 MHz, 48, 153.18 W, 96 %
2026/10/05 02:08:26.874, 1410 MHz, 1215 MHz, 48, 153.18 W, 96 %
2026/10/05 02:08:27.124, 1410 MHz, 1215 MHz, 48, 153.18 W, 96 %
2026/10/05 02:08:27.374, 1410 MHz, 1215 MHz, 49, 155.30 W, 96 %
2026/10/05 02:08:27.624, 1410 MHz, 1215 MHz, 49, 155.00 W, 96 %
2026/10/05 02:08:27.874, 1410 MHz, 1215 MHz, 48, 138.40 W, 96 %
2026/10/05 02:08:28.125, 1410 MHz, 1215 MHz, 48, 138.15 W, 94 %
2026/10/05 02:08:28.375, 1410 MHz, 1215 MHz, 48, 138.15 W, 94 %
2026/10/05 02:08:28.625, 1410 MHz, 1215 MHz, 48, 137.90 W, 94 %
2026/10/05 02:08:28.875, 1410 MHz, 1215 MHz, 48, 138.15 W, 94 %
2026/10/05 02:08:29.125, 1410 MHz, 1215 MHz, 48, 138.15 W, 94 %
2026/10/05 02:08:29.375, 1410 MHz, 1215 MHz, 48, 138.15 W, 94 %
2026/10/05 02:08:29.625, 1410 MHz, 1215 MHz, 48, 138.69 W, 94 %
2026/10/05 02:08:29.876, 1410 MHz, 1215 MHz, 44, 80.14 W, 72 %
2026/10/05 02:08:30.126, 1410 MHz, 1215 MHz, 43, 79.44 W, 2 %
2026/10/05 02:08:30.377, 1410 MHz, 1215 MHz, 43, 78.27 W, 0 %
2026/10/05 02:08:30.627, 1410 MHz, 1215 MHz, 43, 78.36 W, 0 %
2026/10/05 02:08:30.877, 1410 MHz, 1215 MHz, 43, 81.96 W, 0 %
2026/10/05 02:08:31.127, 1410 MHz, 1215 MHz, 47, 188.01 W, 1 %
2026/10/05 02:08:31.377, 1410 MHz, 1215 MHz, 49, 190.12 W, 95 %
2026/10/05 02:08:31.628, 1410 MHz, 1215 MHz, 50, 193.02 W, 96 %
2026/10/05 02:08:31.878, 1410 MHz, 1215 MHz, 50, 193.27 W, 96 %
2026/10/05 02:08:32.128, 1410 MHz, 1215 MHz, 51, 193.27 W, 96 %
2026/10/05 02:08:32.378, 1410 MHz, 1215 MHz, 51, 193.57 W, 96 %
2026/10/05 02:08:32.628, 1410 MHz, 1215 MHz, 51, 193.81 W, 96 %
2026/10/05 02:08:32.878, 1410 MHz, 1215 MHz, 51, 193.81 W, 96 %
2026/10/05 02:08:33.128, 1410 MHz, 1215 MHz, 51, 193.57 W, 95 %
2026/10/05 02:08:33.378, 1410 MHz, 1215 MHz, 51, 194.06 W, 96 %
2026/10/05 02:08:33.628, 1410 MHz, 1215 MHz, 51, 194.35 W, 96 %
2026/10/05 02:08:33.878, 1410 MHz, 1215 MHz, 51, 193.81 W, 96 %
2026/10/05 02:08:34.129, 1410 MHz, 1215 MHz, 52, 194.35 W, 95 %
2026/10/05 02:08:34.379, 1410 MHz, 1215 MHz, 52, 194.06 W, 96 %
2026/10/05 02:08:34.629, 1410 MHz, 1215 MHz, 52, 194.35 W, 96 %
2026/10/05 02:08:34.879, 1410 MHz, 1215 MHz, 51, 194.35 W, 96 %
2026/10/05 02:08:35.129, 1410 MHz, 1215 MHz, 52, 193.57 W, 95 %
2026/10/05 02:08:35.379, 1410 MHz, 1215 MHz, 52, 192.48 W, 98 %
2026/10/05 02:08:35.629, 1410 MHz, 1215 MHz, 52, 194.35 W, 97 %
2026/10/05 02:08:35.879, 1410 MHz, 1215 MHz, 52, 194.90 W, 96 %
2026/10/05 02:08:36.129, 1410 MHz, 1215 MHz, 52, 195.14 W, 96 %
2026/10/05 02:08:36.380, 1410 MHz, 1215 MHz, 52, 194.35 W, 96 %
2026/10/05 02:08:36.630, 1410 MHz, 1215 MHz, 52, 194.90 W, 96 %
2026/10/05 02:08:36.880, 1410 MHz, 1215 MHz, 52, 194.90 W, 96 %
2026/10/05 02:08:37.130, 1410 MHz, 1215 MHz, 52, 195.68 W, 96 %
2026/10/05 02:08:37.380, 1410 MHz, 1215 MHz, 52, 195.14 W, 96 %
2026/10/05 02:08:37.630, 1410 MHz, 1215 MHz, 51, 153.43 W, 89 %
2026/10/05 02:08:37.881, 1410 MHz, 1215 MHz, 50, 152.40 W, 73 %
2026/10/05 02:08:38.131, 1410 MHz, 1215 MHz, 49, 151.13 W, 73 %
2026/10/05 02:08:38.381, 1410 MHz, 1215 MHz, 49, 151.60 W, 73 %
2026/10/05 02:08:38.631, 1410 MHz, 1215 MHz, 49, 152.10 W, 73 %
2026/10/05 02:08:38.881, 1410 MHz, 1215 MHz, 49, 151.06 W, 73 %
2026/10/05 02:08:39.131, 1410 MHz, 1215 MHz, 49, 151.43 W, 73 %
2026/10/05 02:08:39.381, 1410 MHz, 1215 MHz, 49, 151.92 W, 73 %
2026/10/05 02:08:39.632, 1410 MHz, 1215 MHz, 49, 150.82 W, 72 %
2026/10/05 02:08:39.882, 1410 MHz, 1215 MHz, 49, 151.43 W, 73 %
2026/10/05 02:08:40.132, 1410 MHz, 1215 MHz, 49, 151.60 W, 73 %
2026/10/05 02:08:40.382, 1410 MHz, 1215 MHz, 51, 194.60 W, 96 %
2026/10/05 02:08:40.632, 1410 MHz, 1215 MHz, 52, 194.60 W, 96 %
2026/10/05 02:08:40.882, 1410 MHz, 1215 MHz, 52, 194.90 W, 96 %
2026/10/05 02:08:41.132, 1410 MHz, 1215 MHz, 52, 195.14 W, 96 %
2026/10/05 02:08:41.383, 1410 MHz, 1215 MHz, 52, 194.90 W, 96 %
2026/10/05 02:08:41.633, 1410 MHz, 1215 MHz, 52, 195.14 W, 96 %
2026/10/05 02:08:41.883, 1410 MHz, 1215 MHz, 52, 195.39 W, 96 %
2026/10/05 02:08:42.133, 1410 MHz, 1215 MHz, 51, 196.18 W, 96 %
2026/10/05 02:08:42.383, 1410 MHz, 1215 MHz, 46, 81.17 W, 41 %
2026/10/05 02:08:42.634, 1410 MHz, 1215 MHz, 45, 80.68 W, 0 %
2026/10/05 02:08:42.884, 1410 MHz, 1215 MHz, 45, 80.23 W, 0 %
2026/10/05 02:08:43.134, 1410 MHz, 1215 MHz, 44, 79.89 W, 0 %
2026/10/05 02:08:43.384, 1410 MHz, 1215 MHz, 46, 81.02 W, 0 %
2026/10/05 02:08:43.635, 1410 MHz, 1215 MHz, 46, 110.99 W, 28 %
2026/10/05 02:08:43.885, 1410 MHz, 1215 MHz, 47, 110.99 W, 99 %
2026/10/05 02:08:44.135, 1410 MHz, 1215 MHz, 47, 111.24 W, 99 %
2026/10/05 02:08:44.385, 1410 MHz, 1215 MHz, 47, 110.99 W, 99 %
2026/10/05 02:08:44.635, 1410 MHz, 1215 MHz, 47, 111.24 W, 99 %
2026/10/05 02:08:44.885, 1410 MHz, 1215 MHz, 47, 110.99 W, 99 %
2026/10/05 02:08:45.135, 1410 MHz, 1215 MHz, 46, 110.99 W, 99 %
2026/10/05 02:08:45.385, 1410 MHz, 1215 MHz, 46, 110.99 W, 99 %
2026/10/05 02:08:45.635, 1410 MHz, 1215 MHz, 46, 110.99 W, 99 %
2026/10/05 02:08:45.885, 1410 MHz, 1215 MHz, 46, 110.99 W, 99 %
2026/10/05 02:08:46.135, 1410 MHz, 1215 MHz, 46, 110.99 W, 99 %
2026/10/05 02:08:46.385, 1410 MHz, 1215 MHz, 46, 110.99 W, 99 %
2026/10/05 02:08:46.636, 1410 MHz, 1215 MHz, 46, 110.99 W, 99 %
2026/10/05 02:08:46.886, 1410 MHz, 1215 MHz, 46, 110.99 W, 99 %
2026/10/05 02:08:47.136, 1410 MHz, 1215 MHz, 46, 110.99 W, 99 %
2026/10/05 02:08:47.386, 1410 MHz, 1215 MHz, 46, 110.99 W, 99 %
2026/10/05 02:08:47.636, 1410 MHz, 1215 MHz, 46, 110.99 W, 99 %
2026/10/05 02:08:47.886, 1410 MHz, 1215 MHz, 46, 110.99 W, 100 %
2026/10/05 02:08:48.136, 1410 MHz, 1215 MHz, 46, 110.99 W, 99 %
2026/10/05 02:08:48.386, 1410 MHz, 1215 MHz, 46, 110.99 W, 99 %
2026/10/05 02:08:48.637, 1410 MHz, 1215 MHz, 46, 110.99 W, 99 %
2026/10/05 02:08:48.887, 1410 MHz, 1215 MHz, 46, 110.99 W, 99 %
2026/10/05 02:08:49.137, 1410 MHz, 1215 MHz, 46, 110.99 W, 99 %
2026/10/05 02:08:49.387, 1410 MHz, 1215 MHz, 46, 110.74 W, 99 %
2026/10/05 02:08:49.637, 1410 MHz, 1215 MHz, 46, 110.99 W, 99 %
2026/10/05 02:08:49.887, 1410 MHz, 1215 MHz, 46, 110.74 W, 99 %
2026/10/05 02:08:50.138, 1410 MHz, 1215 MHz, 45, 98.87 W, 99 %
2026/10/05 02:08:50.388, 1410 MHz, 1215 MHz, 44, 98.87 W, 30 %
2026/10/05 02:08:50.638, 1410 MHz, 1215 MHz, 44, 98.87 W, 30 %
2026/10/05 02:08:50.888, 1410 MHz, 1215 MHz, 44, 98.57 W, 30 %
2026/10/05 02:08:51.138, 1410 MHz, 1215 MHz, 44, 98.87 W, 30 %
2026/10/05 02:08:51.388, 1410 MHz, 1215 MHz, 44, 98.87 W, 30 %
2026/10/05 02:08:51.638, 1410 MHz, 1215 MHz, 44, 98.57 W, 30 %
2026/10/05 02:08:51.888, 1140 MHz, 1215 MHz, 44, 98.33 W, 30 %
2026/10/05 02:08:52.138, 1140 MHz, 1215 MHz, 43, 75.99 W, 30 %
2026/10/05 02:08:52.388, 1140 MHz, 1215 MHz, 43, 75.99 W, 38 %
2026/10/05 02:08:52.638, 1125 MHz, 1215 MHz, 43, 78.66 W, 38 %
2026/10/05 02:08:52.889, 1410 MHz, 1215 MHz, 45, 109.12 W, 84 %
2026/10/05 02:08:53.139, 1410 MHz, 1215 MHz, 45, 109.12 W, 99 %
2026/10/05 02:08:53.389, 1410 MHz, 1215 MHz, 45, 109.42 W, 99 %
2026/10/05 02:08:53.640, 1410 MHz, 1215 MHz, 45, 109.42 W, 99 %
2026/10/05 02:08:53.890, 1410 MHz, 1215 MHz, 45, 109.42 W, 99 %
2026/10/05 02:08:54.140, 1410 MHz, 1215 MHz, 45, 109.42 W, 99 %
2026/10/05 02:08:54.391, 1410 MHz, 1215 MHz, 45, 109.42 W, 99 %
2026/10/05 02:08:54.641, 1410 MHz, 1215 MHz, 44, 83.54 W, 98 %
2026/10/05 02:08:54.892, 1410 MHz, 1215 MHz, 43, 78.27 W, 2 %
2026/10/05 02:08:55.142, 1410 MHz, 1215 MHz, 43, 78.02 W, 0 %
2026/10/05 02:08:55.392, 1410 MHz, 1215 MHz, 43, 78.02 W, 0 %
2026/10/05 02:08:55.642, 1410 MHz, 1215 MHz, 43, 79.89 W, 0 %
2026/10/05 02:08:55.892, 1410 MHz, 1215 MHz, 46, 135.24 W, 1 %
2026/10/05 02:08:56.142, 1410 MHz, 1215 MHz, 47, 135.78 W, 74 %
2026/10/05 02:08:56.392, 1410 MHz, 1215 MHz, 47, 136.03 W, 94 %
2026/10/05 02:08:56.642, 1410 MHz, 1215 MHz, 47, 136.03 W, 94 %
2026/10/05 02:08:56.893, 1410 MHz, 1215 MHz, 48, 136.03 W, 94 %
2026/10/05 02:08:57.143, 1410 MHz, 1215 MHz, 48, 136.28 W, 94 %
2026/10/05 02:08:57.393, 1410 MHz, 1215 MHz, 48, 136.28 W, 94 %
2026/10/05 02:08:57.643, 1410 MHz, 1215 MHz, 48, 136.28 W, 94 %
2026/10/05 02:08:57.893, 1410 MHz, 1215 MHz, 48, 136.28 W, 94 %
2026/10/05 02:08:58.143, 1410 MHz, 1215 MHz, 48, 136.28 W, 94 %
2026/10/05 02:08:58.393, 1410 MHz, 1215 MHz, 48, 136.28 W, 94 %
2026/10/05 02:08:58.643, 1410 MHz, 1215 MHz, 48, 136.28 W, 94 %
2026/10/05 02:08:58.893, 1410 MHz, 1215 MHz, 48, 136.57 W, 94 %
2026/10/05 02:08:59.143, 1410 MHz, 1215 MHz, 48, 136.28 W, 94 %
2026/10/05 02:08:59.394, 1410 MHz, 1215 MHz, 48, 136.57 W, 94 %
2026/10/05 02:08:59.644, 1410 MHz, 1215 MHz, 48, 136.57 W, 94 %
2026/10/05 02:08:59.894, 1410 MHz, 1215 MHz, 48, 135.78 W, 94 %
2026/10/05 02:09:00.144, 1410 MHz, 1215 MHz, 48, 136.57 W, 97 %
2026/10/05 02:09:00.394, 1410 MHz, 1215 MHz, 48, 136.57 W, 94 %
2026/10/05 02:09:00.644, 1410 MHz, 1215 MHz, 48, 136.57 W, 94 %
2026/10/05 02:09:00.894, 1410 MHz, 1215 MHz, 48, 136.57 W, 94 %
2026/10/05 02:09:01.144, 1410 MHz, 1215 MHz, 48, 136.57 W, 94 %
2026/10/05 02:09:01.395, 1410 MHz, 1215 MHz, 48, 136.57 W, 94 %
2026/10/05 02:09:01.645, 1410 MHz, 1215 MHz, 48, 136.57 W, 94 %
2026/10/05 02:09:01.895, 1410 MHz, 1215 MHz, 48, 136.57 W, 94 %
2026/10/05 02:09:02.145, 1410 MHz, 1215 MHz, 48, 136.57 W, 94 %
2026/10/05 02:09:02.395, 1410 MHz, 1215 MHz, 47, 122.33 W, 91 %
2026/10/05 02:09:02.646, 1410 MHz, 1215 MHz, 46, 117.84 W, 62 %
2026/10/05 02:09:02.896, 1410 MHz, 1215 MHz, 46, 117.84 W, 62 %
2026/10/05 02:09:03.146, 1410 MHz, 1215 MHz, 46, 117.59 W, 62 %
2026/10/05 02:09:03.396, 1410 MHz, 1215 MHz, 46, 117.30 W, 62 %
2026/10/05 02:09:03.646, 1410 MHz, 1215 MHz, 46, 117.59 W, 62 %
2026/10/05 02:09:03.896, 1410 MHz, 1215 MHz, 46, 117.30 W, 62 %
2026/10/05 02:09:04.146, 1410 MHz, 1215 MHz, 46, 117.30 W, 62 %
2026/10/05 02:09:04.396, 1410 MHz, 1215 MHz, 46, 117.30 W, 62 %
2026/10/05 02:09:04.646, 1410 MHz, 1215 MHz, 46, 117.30 W, 62 %
2026/10/05 02:09:04.896, 1410 MHz, 1215 MHz, 46, 117.30 W, 62 %
2026/10/05 02:09:05.147, 1410 MHz, 1215 MHz, 47, 136.28 W, 66 %
2026/10/05 02:09:05.397, 1410 MHz, 1215 MHz, 48, 136.28 W, 94 %
2026/10/05 02:09:05.647, 1410 MHz, 1215 MHz, 48, 136.57 W, 94 %
2026/10/05 02:09:05.897, 1410 MHz, 1215 MHz, 48, 136.28 W, 94 %
2026/10/05 02:09:06.147, 1410 MHz, 1215 MHz, 48, 136.57 W, 94 %
2026/10/05 02:09:06.397, 1410 MHz, 1215 MHz, 48, 136.57 W, 94 %
2026/10/05 02:09:06.647, 1410 MHz, 1215 MHz, 48, 136.57 W, 94 %
2026/10/05 02:09:06.897, 1410 MHz, 1215 MHz, 46, 132.87 W, 94 %
2026/10/05 02:09:07.148, 1410 MHz, 1215 MHz, 44, 78.81 W, 62 %
2026/10/05 02:09:07.398, 1410 MHz, 1215 MHz, 43, 78.57 W, 0 %
2026/10/05 02:09:07.648, 1410 MHz, 1215 MHz, 43, 78.27 W, 0 %
2026/10/05 02:09:07.899, 1410 MHz, 1215 MHz, 43, 78.11 W, 0 %
2026/10/05 02:09:08.149, 1410 MHz, 1215 MHz, 43, 84.08 W, 0 %
2026/10/05 02:09:08.399, 1410 MHz, 1215 MHz, 45, 108.88 W, 99 %
2026/10/05 02:09:08.649, 1410 MHz, 1215 MHz, 45, 109.12 W, 99 %
2026/10/05 02:09:08.899, 1410 MHz, 1215 MHz, 45, 109.12 W, 99 %
2026/10/05 02:09:09.149, 1410 MHz, 1215 MHz, 45, 109.12 W, 99 %
2026/10/05 02:09:09.399, 1410 MHz, 1215 MHz, 45, 109.12 W, 99 %
2026/10/05 02:09:09.649, 1410 MHz, 1215 MHz, 45, 109.12 W, 99 %
2026/10/05 02:09:09.900, 1410 MHz, 1215 MHz, 45, 109.12 W, 99 %
2026/10/05 02:09:10.150, 1410 MHz, 1215 MHz, 45, 109.12 W, 99 %
2026/10/05 02:09:10.400, 1410 MHz, 1215 MHz, 45, 109.12 W, 99 %
2026/10/05 02:09:10.650, 1410 MHz, 1215 MHz, 45, 109.12 W, 99 %
2026/10/05 02:09:10.900, 1410 MHz, 1215 MHz, 45, 109.12 W, 99 %
2026/10/05 02:09:11.150, 1410 MHz, 1215 MHz, 45, 109.12 W, 99 %
2026/10/05 02:09:11.400, 1410 MHz, 1215 MHz, 45, 109.12 W, 99 %
2026/10/05 02:09:11.650, 1410 MHz, 1215 MHz, 45, 109.12 W, 99 %
2026/10/05 02:09:11.901, 1410 MHz, 1215 MHz, 45, 109.12 W, 99 %
2026/10/05 02:09:12.151, 1410 MHz, 1215 MHz, 45, 109.42 W, 99 %
2026/10/05 02:09:12.401, 1410 MHz, 1215 MHz, 45, 109.42 W, 100 %
2026/10/05 02:09:12.651, 1410 MHz, 1215 MHz, 45, 109.12 W, 99 %
2026/10/05 02:09:12.901, 1410 MHz, 1215 MHz, 45, 109.12 W, 99 %
2026/10/05 02:09:13.151, 1410 MHz, 1215 MHz, 45, 109.42 W, 99 %
2026/10/05 02:09:13.401, 1410 MHz, 1215 MHz, 45, 109.42 W, 99 %
2026/10/05 02:09:13.651, 1410 MHz, 1215 MHz, 45, 109.42 W, 99 %
2026/10/05 02:09:13.902, 1410 MHz, 1215 MHz, 45, 109.42 W, 99 %
2026/10/05 02:09:14.152, 1410 MHz, 1215 MHz, 45, 109.12 W, 99 %
2026/10/05 02:09:14.402, 1410 MHz, 1215 MHz, 45, 109.12 W, 99 %
2026/10/05 02:09:14.652, 1410 MHz, 1215 MHz, 45, 109.12 W, 99 %
2026/10/05 02:09:14.902, 1410 MHz, 1215 MHz, 46, 126.81 W, 99 %
2026/10/05 02:09:15.152, 1410 MHz, 1215 MHz, 46, 127.06 W, 99 %
2026/10/05 02:09:15.403, 1410 MHz, 1215 MHz, 46, 126.81 W, 99 %
2026/10/05 02:09:15.653, 1410 MHz, 1215 MHz, 46, 126.81 W, 99 %
2026/10/05 02:09:15.903, 1410 MHz, 1215 MHz, 46, 127.36 W, 99 %
2026/10/05 02:09:16.153, 1410 MHz, 1215 MHz, 46, 126.81 W, 99 %
2026/10/05 02:09:16.404, 1410 MHz, 1215 MHz, 46, 127.06 W, 99 %
2026/10/05 02:09:16.654, 1410 MHz, 1215 MHz, 46, 127.06 W, 99 %
2026/10/05 02:09:16.904, 1410 MHz, 1215 MHz, 46, 127.06 W, 99 %
2026/10/05 02:09:17.154, 1410 MHz, 1215 MHz, 46, 127.36 W, 99 %
2026/10/05 02:09:17.404, 1410 MHz, 1215 MHz, 46, 109.66 W, 99 %
2026/10/05 02:09:17.654, 1410 MHz, 1215 MHz, 45, 109.42 W, 99 %
2026/10/05 02:09:17.904, 1410 MHz, 1215 MHz, 45, 109.42 W, 99 %
2026/10/05 02:09:18.154, 1410 MHz, 1215 MHz, 45, 109.42 W, 99 %
2026/10/05 02:09:18.404, 1410 MHz, 1215 MHz, 45, 109.42 W, 99 %
2026/10/05 02:09:18.655, 1410 MHz, 1215 MHz, 45, 109.42 W, 99 %
2026/10/05 02:09:18.905, 1410 MHz, 1215 MHz, 45, 109.42 W, 99 %
2026/10/05 02:09:19.155, 1410 MHz, 1215 MHz, 45, 110.20 W, 99 %
2026/10/05 02:09:19.406, 1410 MHz, 1215 MHz, 43, 79.11 W, 31 %
2026/10/05 02:09:19.656, 1410 MHz, 1215 MHz, 43, 78.02 W, 0 %
2026/10/05 02:09:19.906, 1410 MHz, 1215 MHz, 42, 78.02 W, 0 %
2026/10/05 02:09:20.157, 1410 MHz, 1215 MHz, 42, 77.78 W, 0 %
2026/10/05 02:09:20.407, 1410 MHz, 1215 MHz, 42, 80.14 W, 0 %
2026/10/05 02:09:20.657, 1410 MHz, 1215 MHz, 46, 132.33 W, 35 %
2026/10/05 02:09:20.907, 1410 MHz, 1215 MHz, 46, 132.63 W, 98 %
2026/10/05 02:09:21.158, 1410 MHz, 1215 MHz, 47, 132.87 W, 98 %
2026/10/05 02:09:21.408, 1410 MHz, 1215 MHz, 47, 132.87 W, 98 %
2026/10/05 02:09:21.658, 1410 MHz, 1215 MHz, 47, 133.12 W, 98 %
2026/10/05 02:09:21.908, 1410 MHz, 1215 MHz, 47, 133.12 W, 98 %
2026/10/05 02:09:22.158, 1410 MHz, 1215 MHz, 47, 133.12 W, 98 %
2026/10/05 02:09:22.408, 1410 MHz, 1215 MHz, 47, 133.12 W, 98 %
2026/10/05 02:09:22.658, 1410 MHz, 1215 MHz, 47, 133.12 W, 98 %
2026/10/05 02:09:22.909, 1410 MHz, 1215 MHz, 47, 133.12 W, 98 %
2026/10/05 02:09:23.159, 1410 MHz, 1215 MHz, 47, 133.12 W, 98 %
2026/10/05 02:09:23.409, 1410 MHz, 1215 MHz, 47, 133.12 W, 98 %
2026/10/05 02:09:23.659, 1410 MHz, 1215 MHz, 47, 133.12 W, 98 %
2026/10/05 02:09:23.909, 1410 MHz, 1215 MHz, 47, 133.12 W, 98 %
2026/10/05 02:09:24.159, 1410 MHz, 1215 MHz, 47, 133.42 W, 98 %
2026/10/05 02:09:24.409, 1410 MHz, 1215 MHz, 47, 133.42 W, 98 %
2026/10/05 02:09:24.659, 1410 MHz, 1215 MHz, 47, 133.12 W, 98 %
2026/10/05 02:09:24.909, 1410 MHz, 1215 MHz, 47, 131.30 W, 98 %
2026/10/05 02:09:25.160, 1410 MHz, 1215 MHz, 48, 133.42 W, 98 %
2026/10/05 02:09:25.410, 1410 MHz, 1215 MHz, 48, 133.42 W, 98 %
2026/10/05 02:09:25.660, 1410 MHz, 1215 MHz, 48, 133.42 W, 98 %
2026/10/05 02:09:25.910, 1410 MHz, 1215 MHz, 48, 133.66 W, 98 %
2026/10/05 02:09:26.161, 1410 MHz, 1215 MHz, 48, 133.66 W, 98 %
2026/10/05 02:09:26.411, 1410 MHz, 1215 MHz, 48, 133.66 W, 98 %
2026/10/05 02:09:26.661, 1410 MHz, 1215 MHz, 48, 133.66 W, 98 %
2026/10/05 02:09:26.911, 1410 MHz, 1215 MHz, 48, 133.66 W, 98 %
2026/10/05 02:09:27.162, 1410 MHz, 1215 MHz, 48, 150.82 W, 98 %
2026/10/05 02:09:27.412, 1410 MHz, 1215 MHz, 48, 150.89 W, 98 %
2026/10/05 02:09:27.662, 1410 MHz, 1215 MHz, 48, 151.60 W, 99 %
2026/10/05 02:09:27.912, 1410 MHz, 1215 MHz, 48, 151.13 W, 99 %
2026/10/05 02:09:28.162, 1410 MHz, 1215 MHz, 48, 151.13 W, 99 %
2026/10/05 02:09:28.412, 1410 MHz, 1215 MHz, 48, 151.06 W, 99 %
2026/10/05 02:09:28.662, 1410 MHz, 1215 MHz, 48, 151.13 W, 99 %
2026/10/05 02:09:28.912, 1410 MHz, 1215 MHz, 49, 151.13 W, 99 %
2026/10/05 02:09:29.162, 1410 MHz, 1215 MHz, 49, 150.89 W, 99 %
2026/10/05 02:09:29.412, 1410 MHz, 1215 MHz, 49, 151.60 W, 99 %
2026/10/05 02:09:29.662, 1410 MHz, 1215 MHz, 49, 150.89 W, 99 %
2026/10/05 02:09:29.913, 1410 MHz, 1215 MHz, 48, 133.91 W, 99 %
2026/10/05 02:09:30.163, 1410 MHz, 1215 MHz, 48, 133.91 W, 98 %
2026/10/05 02:09:30.413, 1410 MHz, 1215 MHz, 48, 133.91 W, 98 %
2026/10/05 02:09:30.663, 1410 MHz, 1215 MHz, 48, 133.91 W, 98 %
2026/10/05 02:09:30.913, 1410 MHz, 1215 MHz, 48, 133.66 W, 98 %
2026/10/05 02:09:31.163, 1410 MHz, 1215 MHz, 48, 133.66 W, 98 %
2026/10/05 02:09:31.414, 1410 MHz, 1215 MHz, 48, 133.66 W, 98 %
2026/10/05 02:09:31.664, 1410 MHz, 1215 MHz, 45, 113.61 W, 98 %
2026/10/05 02:09:31.914, 1410 MHz, 1215 MHz, 44, 79.20 W, 97 %
2026/10/05 02:09:32.164, 1410 MHz, 1215 MHz, 43, 78.57 W, 0 %
2026/10/05 02:09:32.415, 1410 MHz, 1215 MHz, 43, 78.66 W, 0 %
2026/10/05 02:09:32.665, 1410 MHz, 1215 MHz, 43, 78.27 W, 0 %
2026/10/05 02:09:32.915, 1410 MHz, 1215 MHz, 43, 80.38 W, 0 %
2026/10/05 02:09:33.165, 1410 MHz, 1215 MHz, 47, 160.09 W, 57 %
2026/10/05 02:09:33.415, 1410 MHz, 1215 MHz, 48, 160.64 W, 88 %
2026/10/05 02:09:33.666, 1410 MHz, 1215 MHz, 48, 160.88 W, 88 %
2026/10/05 02:09:33.916, 1410 MHz, 1215 MHz, 48, 161.18 W, 88 %
2026/10/05 02:09:34.166, 1410 MHz, 1215 MHz, 49, 161.18 W, 88 %
2026/10/05 02:09:34.416, 1410 MHz, 1215 MHz, 49, 161.18 W, 88 %
2026/10/05 02:09:34.666, 1410 MHz, 1215 MHz, 49, 161.43 W, 88 %
2026/10/05 02:09:34.917, 1410 MHz, 1215 MHz, 49, 161.18 W, 88 %
2026/10/05 02:09:35.167, 1410 MHz, 1215 MHz, 49, 161.43 W, 88 %
2026/10/05 02:09:35.417, 1410 MHz, 1215 MHz, 49, 161.43 W, 88 %
2026/10/05 02:09:35.667, 1410 MHz, 1215 MHz, 49, 161.43 W, 88 %
2026/10/05 02:09:35.917, 1410 MHz, 1215 MHz, 49, 161.43 W, 88 %
2026/10/05 02:09:36.167, 1410 MHz, 1215 MHz, 49, 161.66 W, 88 %
2026/10/05 02:09:36.417, 1410 MHz, 1215 MHz, 49, 161.43 W, 88 %
2026/10/05 02:09:36.667, 1410 MHz, 1215 MHz, 49, 161.66 W, 88 %
2026/10/05 02:09:36.917, 1410 MHz, 1215 MHz, 49, 162.45 W, 88 %
2026/10/05 02:09:37.167, 1410 MHz, 1215 MHz, 49, 160.64 W, 93 %
2026/10/05 02:09:37.418, 1410 MHz, 1215 MHz, 49, 161.97 W, 94 %
2026/10/05 02:09:37.668, 1410 MHz, 1215 MHz, 49, 163.78 W, 89 %
2026/10/05 02:09:37.918, 1410 MHz, 1215 MHz, 49, 163.54 W, 89 %
2026/10/05 02:09:38.169, 1410 MHz, 1215 MHz, 49, 163.78 W, 89 %
2026/10/05 02:09:38.419, 1410 MHz, 1215 MHz, 49, 163.78 W, 89 %
2026/10/05 02:09:38.669, 1410 MHz, 1215 MHz, 49, 163.78 W, 89 %
2026/10/05 02:09:38.919, 1410 MHz, 1215 MHz, 49, 163.78 W, 89 %
2026/10/05 02:09:39.170, 1410 MHz, 1215 MHz, 49, 163.78 W, 89 %
2026/10/05 02:09:39.420, 1410 MHz, 1215 MHz, 50, 163.54 W, 89 %
2026/10/05 02:09:39.670, 1410 MHz, 1215 MHz, 48, 134.21 W, 88 %
2026/10/05 02:09:39.920, 1410 MHz, 1215 MHz, 48, 133.66 W, 67 %
2026/10/05 02:09:40.170, 1410 MHz, 1215 MHz, 47, 133.66 W, 66 %
2026/10/05 02:09:40.420, 1410 MHz, 1215 MHz, 47, 133.66 W, 66 %
2026/10/05 02:09:40.670, 1410 MHz, 1215 MHz, 47, 133.42 W, 66 %
2026/10/05 02:09:40.920, 1410 MHz, 1215 MHz, 47, 133.42 W, 66 %
2026/10/05 02:09:41.170, 1410 MHz, 1215 MHz, 47, 133.42 W, 66 %
2026/10/05 02:09:41.421, 1410 MHz, 1215 MHz, 47, 133.42 W, 66 %
2026/10/05 02:09:41.671, 1410 MHz, 1215 MHz, 47, 133.42 W, 66 %
2026/10/05 02:09:41.921, 1410 MHz, 1215 MHz, 47, 133.42 W, 66 %
2026/10/05 02:09:42.171, 1410 MHz, 1215 MHz, 49, 155.00 W, 67 %
2026/10/05 02:09:42.421, 1410 MHz, 1215 MHz, 49, 163.54 W, 89 %
2026/10/05 02:09:42.671, 1410 MHz, 1215 MHz, 49, 163.78 W, 89 %
2026/10/05 02:09:42.921, 1410 MHz, 1215 MHz, 49, 163.78 W, 89 %
2026/10/05 02:09:43.171, 1410 MHz, 1215 MHz, 49, 163.78 W, 89 %
2026/10/05 02:09:43.421, 1410 MHz, 1215 MHz, 50, 164.08 W, 89 %
2026/10/05 02:09:43.671, 1410 MHz, 1215 MHz, 50, 164.08 W, 89 %
2026/10/05 02:09:43.921, 1410 MHz, 1215 MHz, 50, 164.08 W, 89 %
2026/10/05 02:09:44.172, 1410 MHz, 1215 MHz, 46, 81.96 W, 70 %
2026/10/05 02:09:44.422, 1410 MHz, 1215 MHz, 45, 80.93 W, 3 %
2026/10/05 02:09:44.672, 1410 MHz, 1215 MHz, 44, 79.98 W, 0 %
2026/10/05 02:09:44.923, 1410 MHz, 1215 MHz, 44, 78.90 W, 0 %
2026/10/05 02:09:45.173, 1410 MHz, 1215 MHz, 44, 78.66 W, 0 %
2026/10/05 02:09:45.423, 1410 MHz, 1215 MHz, 47, 78.66 W, 1 %
2026/10/05 02:09:45.673, 1410 MHz, 1215 MHz, 50, 190.12 W, 86 %
2026/10/05 02:09:45.924, 1410 MHz, 1215 MHz, 51, 192.48 W, 96 %
2026/10/05 02:09:46.174, 1410 MHz, 1215 MHz, 51, 193.02 W, 95 %
2026/10/05 02:09:46.424, 1410 MHz, 1215 MHz, 51, 193.27 W, 95 %
2026/10/05 02:09:46.674, 1410 MHz, 1215 MHz, 51, 193.81 W, 95 %
2026/10/05 02:09:46.924, 1410 MHz, 1215 MHz, 51, 193.81 W, 95 %
2026/10/05 02:09:47.174, 1410 MHz, 1215 MHz, 52, 194.06 W, 95 %
2026/10/05 02:09:47.424, 1410 MHz, 1215 MHz, 52, 193.81 W, 95 %
2026/10/05 02:09:47.674, 1410 MHz, 1215 MHz, 52, 194.35 W, 96 %
2026/10/05 02:09:47.924, 1410 MHz, 1215 MHz, 52, 194.35 W, 95 %
2026/10/05 02:09:48.174, 1410 MHz, 1215 MHz, 52, 193.81 W, 95 %
2026/10/05 02:09:48.425, 1410 MHz, 1215 MHz, 52, 194.60 W, 95 %
2026/10/05 02:09:48.675, 1410 MHz, 1215 MHz, 52, 194.06 W, 95 %
2026/10/05 02:09:48.925, 1410 MHz, 1215 MHz, 52, 194.60 W, 95 %
2026/10/05 02:09:49.175, 1410 MHz, 1215 MHz, 52, 194.60 W, 96 %
2026/10/05 02:09:49.425, 1410 MHz, 1215 MHz, 52, 194.90 W, 95 %
2026/10/05 02:09:49.675, 1410 MHz, 1215 MHz, 52, 192.78 W, 98 %
2026/10/05 02:09:49.926, 1410 MHz, 1215 MHz, 52, 194.90 W, 97 %
2026/10/05 02:09:50.176, 1410 MHz, 1215 MHz, 52, 194.60 W, 96 %
2026/10/05 02:09:50.426, 1410 MHz, 1215 MHz, 52, 194.90 W, 96 %
2026/10/05 02:09:50.676, 1410 MHz, 1215 MHz, 52, 194.90 W, 96 %
2026/10/05 02:09:50.926, 1410 MHz, 1215 MHz, 52, 194.90 W, 96 %
2026/10/05 02:09:51.176, 1410 MHz, 1215 MHz, 53, 194.60 W, 96 %
2026/10/05 02:09:51.426, 1410 MHz, 1215 MHz, 53, 194.90 W, 96 %
2026/10/05 02:09:51.676, 1410 MHz, 1215 MHz, 53, 194.60 W, 96 %
2026/10/05 02:09:51.926, 1410 MHz, 1215 MHz, 52, 194.90 W, 96 %
2026/10/05 02:09:52.176, 1410 MHz, 1215 MHz, 53, 205.43 W, 98 %
2026/10/05 02:09:52.427, 1410 MHz, 1215 MHz, 53, 205.43 W, 97 %
2026/10/05 02:09:52.677, 1410 MHz, 1215 MHz, 53, 205.93 W, 97 %
2026/10/05 02:09:52.927, 1410 MHz, 1215 MHz, 53, 205.43 W, 98 %
2026/10/05 02:09:53.177, 1410 MHz, 1215 MHz, 53, 205.93 W, 98 %
2026/10/05 02:09:53.427, 1410 MHz, 1215 MHz, 53, 205.68 W, 98 %
2026/10/05 02:09:53.677, 1410 MHz, 1215 MHz, 53, 206.22 W, 98 %
2026/10/05 02:09:53.927, 1410 MHz, 1215 MHz, 53, 206.22 W, 97 %
2026/10/05 02:09:54.177, 1410 MHz, 1215 MHz, 53, 205.43 W, 98 %
2026/10/05 02:09:54.427, 1410 MHz, 1215 MHz, 53, 207.01 W, 98 %
2026/10/05 02:09:54.677, 1410 MHz, 1215 MHz, 53, 195.93 W, 97 %
2026/10/05 02:09:54.928, 1410 MHz, 1215 MHz, 53, 195.68 W, 96 %
2026/10/05 02:09:55.178, 1410 MHz, 1215 MHz, 53, 195.93 W, 96 %
2026/10/05 02:09:55.428, 1410 MHz, 1215 MHz, 53, 195.93 W, 96 %
2026/10/05 02:09:55.678, 1410 MHz, 1215 MHz, 53, 195.68 W, 96 %
2026/10/05 02:09:55.928, 1410 MHz, 1215 MHz, 53, 195.93 W, 96 %
2026/10/05 02:09:56.178, 1410 MHz, 1215 MHz, 53, 195.93 W, 96 %
2026/10/05 02:09:56.428, 1410 MHz, 1215 MHz, 53, 196.72 W, 96 %
2026/10/05 02:09:56.678, 1410 MHz, 1215 MHz, 48, 82.50 W, 48 %
2026/10/05 02:09:56.929, 1410 MHz, 1215 MHz, 46, 80.93 W, 0 %
2026/10/05 02:09:57.179, 1410 MHz, 1215 MHz, 46, 80.38 W, 0 %
2026/10/05 02:09:57.429, 1410 MHz, 1215 MHz, 45, 80.14 W, 0 %
